{
  "type": "FeatureCollection",
  "columns": {
    "area_ha": "Number",
    "area_m2": "Float",
    "class": "Short<0, 255>",
    "count": "Long<0, 4294967295>",
    "system:index": "String"
  },
  "features": [
    {
      "type": "Feature",
      "geometry": {
        "geodesic": false,
        "type": "Polygon",
        "coordinates": [
          [
            [
              36.75007827332962,
              -1.265366909210758
            ],
            [
              36.75007827332962,
              -1.2657262353244059
            ],
            [
              36.7498986102728,
              -1.2657262353244059
            ],
            [
              36.7498986102728,
              -1.2659058983812297
            ],
            [
              36.74864096887503,
              -1.2659058983812297
            ],
            [
              36.74864096887503,
              -1.2660855614380535
            ],
            [
              36.74846130581821,
              -1.2660855614380535
            ],
            [
              36.74846130581821,
              -1.2662652244948776
            ],
            [
              36.748281642761384,
              -1.2662652244948776
            ],
            [
              36.748281642761384,
              -1.2664448875517014
            ],
            [
              36.74810197970456,
              -1.2664448875517014
            ],
            [
              36.74810197970456,
              -1.2668042136653492
            ],
            [
              36.74756299053409,
              -1.2668042136653492
            ],
            [
              36.74756299053409,
              -1.266983876722173
            ],
            [
              36.74666467524997,
              -1.266983876722173
            ],
            [
              36.74666467524997,
              -1.2668042136653492
            ],
            [
              36.74648501219315,
              -1.2668042136653492
            ],
            [
              36.74648501219315,
              -1.2666245506085252
            ],
            [
              36.746125686079495,
              -1.2666245506085252
            ],
            [
              36.746125686079495,
              -1.2664448875517014
            ],
            [
              36.74558669690903,
              -1.2664448875517014
            ],
            [
              36.74558669690903,
              -1.2666245506085252
            ],
            [
              36.74522737079538,
              -1.2666245506085252
            ],
            [
              36.74522737079538,
              -1.2664448875517014
            ],
            [
              36.74504770773856,
              -1.2664448875517014
            ],
            [
              36.74504770773856,
              -1.267343202835821
            ],
            [
              36.74486804468173,
              -1.267343202835821
            ],
            [
              36.74486804468173,
              -1.2675228658926447
            ],
            [
              36.744688381624904,
              -1.2675228658926447
            ],
            [
              36.744688381624904,
              -1.2677025289494688
            ],
            [
              36.743790066340786,
              -1.2677025289494688
            ],
            [
              36.743790066340786,
              -1.2680618550631164
            ],
            [
              36.74486804468173,
              -1.2680618550631164
            ],
            [
              36.74486804468173,
              -1.2684211811767643
            ],
            [
              36.74504770773856,
              -1.2684211811767643
            ],
            [
              36.74504770773856,
              -1.2686008442335883
            ],
            [
              36.74486804468173,
              -1.2686008442335883
            ],
            [
              36.74486804468173,
              -1.26913983340406
            ],
            [
              36.744688381624904,
              -1.26913983340406
            ],
            [
              36.744688381624904,
              -1.2693194964608838
            ],
            [
              36.744508718568085,
              -1.2693194964608838
            ],
            [
              36.744508718568085,
              -1.2694991595177079
            ],
            [
              36.74414939245443,
              -1.2694991595177079
            ],
            [
              36.74414939245443,
              -1.2696788225745317
            ],
            [
              36.74396972939761,
              -1.2696788225745317
            ],
            [
              36.74396972939761,
              -1.2698584856313555
            ],
            [
              36.743790066340786,
              -1.2698584856313555
            ],
            [
              36.743790066340786,
              -1.2703974748018272
            ],
            [
              36.74361040328397,
              -1.2703974748018272
            ],
            [
              36.74361040328397,
              -1.2705771378586512
            ],
            [
              36.74343074022714,
              -1.2705771378586512
            ],
            [
              36.74343074022714,
              -1.270756800915475
            ],
            [
              36.74271208799984,
              -1.270756800915475
            ],
            [
              36.74271208799984,
              -1.2712957900859467
            ],
            [
              36.743071414113494,
              -1.2712957900859467
            ],
            [
              36.743071414113494,
              -1.2714754531427708
            ],
            [
              36.74289175105667,
              -1.2714754531427708
            ],
            [
              36.74289175105667,
              -1.2721941053700663
            ],
            [
              36.74271208799984,
              -1.2721941053700663
            ],
            [
              36.74271208799984,
              -1.2723737684268903
            ],
            [
              36.74289175105667,
              -1.2723737684268903
            ],
            [
              36.74289175105667,
              -1.2725534314837141
            ],
            [
              36.74253242494302,
              -1.2725534314837141
            ],
            [
              36.74253242494302,
              -1.2721941053700663
            ],
            [
              36.742352761886195,
              -1.2721941053700663
            ],
            [
              36.742352761886195,
              -1.2725534314837141
            ],
            [
              36.74217309882937,
              -1.2725534314837141
            ],
            [
              36.74217309882937,
              -1.272733094540538
            ],
            [
              36.743251077170314,
              -1.272733094540538
            ],
            [
              36.743251077170314,
              -1.2730924206541858
            ],
            [
              36.74396972939761,
              -1.2730924206541858
            ],
            [
              36.74396972939761,
              -1.2732720837110096
            ],
            [
              36.744508718568085,
              -1.2732720837110096
            ],
            [
              36.744508718568085,
              -1.2730924206541858
            ],
            [
              36.744688381624904,
              -1.2730924206541858
            ],
            [
              36.744688381624904,
              -1.272912757597362
            ],
            [
              36.74486804468173,
              -1.272912757597362
            ],
            [
              36.74486804468173,
              -1.272733094540538
            ],
            [
              36.74522737079538,
              -1.272733094540538
            ],
            [
              36.74522737079538,
              -1.272912757597362
            ],
            [
              36.74558669690903,
              -1.272912757597362
            ],
            [
              36.74558669690903,
              -1.2732720837110096
            ],
            [
              36.74576635996585,
              -1.2732720837110096
            ],
            [
              36.74576635996585,
              -1.2730924206541858
            ],
            [
              36.74648501219315,
              -1.2730924206541858
            ],
            [
              36.74648501219315,
              -1.272912757597362
            ],
            [
              36.74630534913632,
              -1.272912757597362
            ],
            [
              36.74630534913632,
              -1.2720144423132425
            ],
            [
              36.74666467524997,
              -1.2720144423132425
            ],
            [
              36.74666467524997,
              -1.2718347792564184
            ],
            [
              36.74702400136362,
              -1.2718347792564184
            ],
            [
              36.74702400136362,
              -1.2712957900859467
            ],
            [
              36.74666467524997,
              -1.2712957900859467
            ],
            [
              36.74666467524997,
              -1.270936463972299
            ],
            [
              36.74648501219315,
              -1.270936463972299
            ],
            [
              36.74648501219315,
              -1.270756800915475
            ],
            [
              36.74630534913632,
              -1.270756800915475
            ],
            [
              36.74630534913632,
              -1.2700381486881795
            ],
            [
              36.746125686079495,
              -1.2700381486881795
            ],
            [
              36.746125686079495,
              -1.2694991595177079
            ],
            [
              36.745946023022675,
              -1.2694991595177079
            ],
            [
              36.745946023022675,
              -1.26913983340406
            ],
            [
              36.74576635996585,
              -1.26913983340406
            ],
            [
              36.74576635996585,
              -1.268960170347236
            ],
            [
              36.745946023022675,
              -1.268960170347236
            ],
            [
              36.745946023022675,
              -1.2686008442335883
            ],
            [
              36.74630534913632,
              -1.2686008442335883
            ],
            [
              36.74630534913632,
              -1.2684211811767643
            ],
            [
              36.74666467524997,
              -1.2684211811767643
            ],
            [
              36.74666467524997,
              -1.2686008442335883
            ],
            [
              36.74684433830679,
              -1.2686008442335883
            ],
            [
              36.74684433830679,
              -1.2684211811767643
            ],
            [
              36.74702400136362,
              -1.2684211811767643
            ],
            [
              36.74702400136362,
              -1.2682415181199405
            ],
            [
              36.74720366442044,
              -1.2682415181199405
            ],
            [
              36.74720366442044,
              -1.2680618550631164
            ],
            [
              36.747383327477266,
              -1.2680618550631164
            ],
            [
              36.747383327477266,
              -1.2682415181199405
            ],
            [
              36.74774265359091,
              -1.2682415181199405
            ],
            [
              36.74774265359091,
              -1.2684211811767643
            ],
            [
              36.74792231664774,
              -1.2684211811767643
            ],
            [
              36.74792231664774,
              -1.2686008442335883
            ],
            [
              36.748820631931856,
              -1.2686008442335883
            ],
            [
              36.748820631931856,
              -1.2684211811767643
            ],
            [
              36.749539284159155,
              -1.2684211811767643
            ],
            [
              36.749539284159155,
              -1.2682415181199405
            ],
            [
              36.7498986102728,
              -1.2682415181199405
            ],
            [
              36.7498986102728,
              -1.2678821920062926
            ],
            [
              36.749718947215975,
              -1.2678821920062926
            ],
            [
              36.749718947215975,
              -1.2677025289494688
            ],
            [
              36.749539284159155,
              -1.2677025289494688
            ],
            [
              36.749539284159155,
              -1.2675228658926447
            ],
            [
              36.749718947215975,
              -1.2675228658926447
            ],
            [
              36.749718947215975,
              -1.267163539778997
            ],
            [
              36.7498986102728,
              -1.267163539778997
            ],
            [
              36.7498986102728,
              -1.2668042136653492
            ],
            [
              36.75007827332962,
              -1.2668042136653492
            ],
            [
              36.75007827332962,
              -1.2664448875517014
            ],
            [
              36.75025793638645,
              -1.2664448875517014
            ],
            [
              36.75025793638645,
              -1.2666245506085252
            ],
            [
              36.750976588613746,
              -1.2666245506085252
            ],
            [
              36.750976588613746,
              -1.2659058983812297
            ],
            [
              36.75079692555692,
              -1.2659058983812297
            ],
            [
              36.75079692555692,
              -1.2657262353244059
            ],
            [
              36.75061726250009,
              -1.2657262353244059
            ],
            [
              36.75061726250009,
              -1.2655465722675818
            ],
            [
              36.75025793638645,
              -1.2655465722675818
            ],
            [
              36.75025793638645,
              -1.265366909210758
            ],
            [
              36.75007827332962,
              -1.265366909210758
            ]
          ],
          [
            [
              36.74666467524997,
              -1.2680618550631164
            ],
            [
              36.74648501219315,
              -1.2680618550631164
            ],
            [
              36.74648501219315,
              -1.2682415181199405
            ],
            [
              36.74666467524997,
              -1.2682415181199405
            ],
            [
              36.74666467524997,
              -1.2680618550631164
            ]
          ],
          [
            [
              36.74648501219315,
              -1.266983876722173
            ],
            [
              36.745946023022675,
              -1.266983876722173
            ],
            [
              36.745946023022675,
              -1.267343202835821
            ],
            [
              36.74576635996585,
              -1.267343202835821
            ],
            [
              36.74576635996585,
              -1.2677025289494688
            ],
            [
              36.74558669690903,
              -1.2677025289494688
            ],
            [
              36.74558669690903,
              -1.2678821920062926
            ],
            [
              36.74576635996585,
              -1.2678821920062926
            ],
            [
              36.74576635996585,
              -1.2680618550631164
            ],
            [
              36.746125686079495,
              -1.2680618550631164
            ],
            [
              36.746125686079495,
              -1.2682415181199405
            ],
            [
              36.74630534913632,
              -1.2682415181199405
            ],
            [
              36.74630534913632,
              -1.2680618550631164
            ],
            [
              36.74648501219315,
              -1.2680618550631164
            ],
            [
              36.74648501219315,
              -1.2678821920062926
            ],
            [
              36.74666467524997,
              -1.2678821920062926
            ],
            [
              36.74666467524997,
              -1.2677025289494688
            ],
            [
              36.74684433830679,
              -1.2677025289494688
            ],
            [
              36.74684433830679,
              -1.267163539778997
            ],
            [
              36.74648501219315,
              -1.267163539778997
            ],
            [
              36.74648501219315,
              -1.266983876722173
            ]
          ]
        ]
      },
      "id": "+204550-7044",
      "properties": {
        "area_ha": 28.36948696138991,
        "area_m2": 283694.8696138991,
        "class": 0,
        "count": 711
      }
    },
    {
      "type": "Feature",
      "geometry": {
        "geodesic": false,
        "type": "Polygon",
        "coordinates": [
          [
            [
              36.75025793638645,
              -1.2772246709611357
            ],
            [
              36.75025793638645,
              -1.2775839970747835
            ],
            [
              36.7498986102728,
              -1.2775839970747835
            ],
            [
              36.7498986102728,
              -1.2777636601316074
            ],
            [
              36.749718947215975,
              -1.2777636601316074
            ],
            [
              36.749718947215975,
              -1.2779433231884312
            ],
            [
              36.74935962110233,
              -1.2779433231884312
            ],
            [
              36.74935962110233,
              -1.2777636601316074
            ],
            [
              36.74900029498868,
              -1.2777636601316074
            ],
            [
              36.74900029498868,
              -1.2779433231884312
            ],
            [
              36.74864096887503,
              -1.2779433231884312
            ],
            [
              36.74864096887503,
              -1.2781229862452552
            ],
            [
              36.74846130581821,
              -1.2781229862452552
            ],
            [
              36.74846130581821,
              -1.278302649302079
            ],
            [
              36.748281642761384,
              -1.278302649302079
            ],
            [
              36.748281642761384,
              -1.278482312358903
            ],
            [
              36.74774265359091,
              -1.278482312358903
            ],
            [
              36.74774265359091,
              -1.278661975415727
            ],
            [
              36.74756299053409,
              -1.278661975415727
            ],
            [
              36.74756299053409,
              -1.278482312358903
            ],
            [
              36.747383327477266,
              -1.278482312358903
            ],
            [
              36.747383327477266,
              -1.2781229862452552
            ],
            [
              36.74702400136362,
              -1.2781229862452552
            ],
            [
              36.74702400136362,
              -1.278302649302079
            ],
            [
              36.74684433830679,
              -1.278302649302079
            ],
            [
              36.74684433830679,
              -1.2792009645861986
            ],
            [
              36.74666467524997,
              -1.2792009645861986
            ],
            [
              36.74666467524997,
              -1.2793806276430224
            ],
            [
              36.74648501219315,
              -1.2793806276430224
            ],
            [
              36.74648501219315,
              -1.2795602906998464
            ],
            [
              36.74630534913632,
              -1.2795602906998464
            ],
            [
              36.74630534913632,
              -1.2793806276430224
            ],
            [
              36.746125686079495,
              -1.2793806276430224
            ],
            [
              36.746125686079495,
              -1.2792009645861986
            ],
            [
              36.74558669690903,
              -1.2792009645861986
            ],
            [
              36.74558669690903,
              -1.2790213015293748
            ],
            [
              36.7454070338522,
              -1.2790213015293748
            ],
            [
              36.7454070338522,
              -1.278661975415727
            ],
            [
              36.74504770773856,
              -1.278661975415727
            ],
            [
              36.74504770773856,
              -1.2788416384725507
            ],
            [
              36.74486804468173,
              -1.2788416384725507
            ],
            [
              36.74486804468173,
              -1.2790213015293748
            ],
            [
              36.744688381624904,
              -1.2790213015293748
            ],
            [
              36.744688381624904,
              -1.2788416384725507
            ],
            [
              36.74432905551126,
              -1.2788416384725507
            ],
            [
              36.74432905551126,
              -1.2790213015293748
            ],
            [
              36.74414939245443,
              -1.2790213015293748
            ],
            [
              36.74414939245443,
              -1.2792009645861986
            ],
            [
              36.74432905551126,
              -1.2792009645861986
            ],
            [
              36.74432905551126,
              -1.2793806276430224
            ],
            [
              36.744508718568085,
              -1.2793806276430224
            ],
            [
              36.744508718568085,
              -1.2799196168134943
            ],
            [
              36.744688381624904,
              -1.2799196168134943
            ],
            [
              36.744688381624904,
              -1.2797399537566703
            ],
            [
              36.74504770773856,
              -1.2797399537566703
            ],
            [
              36.74504770773856,
              -1.2795602906998464
            ],
            [
              36.74522737079538,
              -1.2795602906998464
            ],
            [
              36.74522737079538,
              -1.2800992798703181
            ],
            [
              36.7454070338522,
              -1.2800992798703181
            ],
            [
              36.7454070338522,
              -1.2806382690407898
            ],
            [
              36.74522737079538,
              -1.2806382690407898
            ],
            [
              36.74522737079538,
              -1.2809975951544377
            ],
            [
              36.74504770773856,
              -1.2809975951544377
            ],
            [
              36.74504770773856,
              -1.2813569212680855
            ],
            [
              36.74486804468173,
              -1.2813569212680855
            ],
            [
              36.74486804468173,
              -1.2815365843249094
            ],
            [
              36.744688381624904,
              -1.2815365843249094
            ],
            [
              36.744688381624904,
              -1.2817162473817332
            ],
            [
              36.744508718568085,
              -1.2817162473817332
            ],
            [
              36.744508718568085,
              -1.282434899609029
            ],
            [
              36.74432905551126,
              -1.282434899609029
            ],
            [
              36.74432905551126,
              -1.2827942257226768
            ],
            [
              36.744688381624904,
              -1.2827942257226768
            ],
            [
              36.744688381624904,
              -1.2831535518363244
            ],
            [
              36.74486804468173,
              -1.2831535518363244
            ],
            [
              36.74486804468173,
              -1.2833332148931484
            ],
            [
              36.74504770773856,
              -1.2833332148931484
            ],
            [
              36.74504770773856,
              -1.2844111932340918
            ],
            [
              36.7454070338522,
              -1.2844111932340918
            ],
            [
              36.7454070338522,
              -1.2845908562909156
            ],
            [
              36.74522737079538,
              -1.2845908562909156
            ],
            [
              36.74522737079538,
              -1.2847705193477397
            ],
            [
              36.74558669690903,
              -1.2847705193477397
            ],
            [
              36.74558669690903,
              -1.2849501824045635
            ],
            [
              36.7454070338522,
              -1.2849501824045635
            ],
            [
              36.7454070338522,
              -1.2853095085182114
            ],
            [
              36.74504770773856,
              -1.2853095085182114
            ],
            [
              36.74504770773856,
              -1.2849501824045635
            ],
            [
              36.74486804468173,
              -1.2849501824045635
            ],
            [
              36.74486804468173,
              -1.2853095085182114
            ],
            [
              36.744688381624904,
              -1.2853095085182114
            ],
            [
              36.744688381624904,
              -1.2851298454613875
            ],
            [
              36.744508718568085,
              -1.2851298454613875
            ],
            [
              36.744508718568085,
              -1.2853095085182114
            ],
            [
              36.74414939245443,
              -1.2853095085182114
            ],
            [
              36.74414939245443,
              -1.2856688346318592
            ],
            [
              36.74361040328397,
              -1.2856688346318592
            ],
            [
              36.74361040328397,
              -1.285848497688683
            ],
            [
              36.74253242494302,
              -1.285848497688683
            ],
            [
              36.74253242494302,
              -1.2860281607455069
            ],
            [
              36.74145444660208,
              -1.2860281607455069
            ],
            [
              36.74145444660208,
              -1.2856688346318592
            ],
            [
              36.74109512048843,
              -1.2856688346318592
            ],
            [
              36.74109512048843,
              -1.285848497688683
            ],
            [
              36.740915457431605,
              -1.285848497688683
            ],
            [
              36.740915457431605,
              -1.2860281607455069
            ],
            [
              36.74109512048843,
              -1.2860281607455069
            ],
            [
              36.74109512048843,
              -1.286207823802331
            ],
            [
              36.74127478354525,
              -1.286207823802331
            ],
            [
              36.74127478354525,
              -1.2863874868591547
            ],
            [
              36.741634109658904,
              -1.2863874868591547
            ],
            [
              36.741634109658904,
              -1.2865671499159788
            ],
            [
              36.74181377271572,
              -1.2865671499159788
            ],
            [
              36.74181377271572,
              -1.2867468129728026
            ],
            [
              36.74217309882937,
              -1.2867468129728026
            ],
            [
              36.74217309882937,
              -1.287465465200098
            ],
            [
              36.74199343577255,
              -1.287465465200098
            ],
            [
              36.74199343577255,
              -1.2881841174273938
            ],
            [
              36.74181377271572,
              -1.2881841174273938
            ],
            [
              36.74181377271572,
              -1.2887231065978655
            ],
            [
              36.74199343577255,
              -1.2887231065978655
            ],
            [
              36.74199343577255,
              -1.2889027696546895
            ],
            [
              36.742352761886195,
              -1.2889027696546895
            ],
            [
              36.742352761886195,
              -1.2887231065978655
            ],
            [
              36.74271208799984,
              -1.2887231065978655
            ],
            [
              36.74271208799984,
              -1.2889027696546895
            ],
            [
              36.743071414113494,
              -1.2889027696546895
            ],
            [
              36.743071414113494,
              -1.2887231065978655
            ],
            [
              36.74343074022714,
              -1.2887231065978655
            ],
            [
              36.74343074022714,
              -1.2889027696546895
            ],
            [
              36.74361040328397,
              -1.2889027696546895
            ],
            [
              36.74361040328397,
              -1.2890824327115133
            ],
            [
              36.743790066340786,
              -1.2890824327115133
            ],
            [
              36.743790066340786,
              -1.2894417588251612
            ],
            [
              36.74414939245443,
              -1.2894417588251612
            ],
            [
              36.74414939245443,
              -1.289621421881985
            ],
            [
              36.74432905551126,
              -1.289621421881985
            ],
            [
              36.74432905551126,
              -1.2898010849388089
            ],
            [
              36.744688381624904,
              -1.2898010849388089
            ],
            [
              36.744688381624904,
              -1.289621421881985
            ],
            [
              36.74486804468173,
              -1.289621421881985
            ],
            [
              36.74486804468173,
              -1.2894417588251612
            ],
            [
              36.74504770773856,
              -1.2894417588251612
            ],
            [
              36.74504770773856,
              -1.2892620957683372
            ],
            [
              36.7454070338522,
              -1.2892620957683372
            ],
            [
              36.7454070338522,
              -1.2890824327115133
            ],
            [
              36.74558669690903,
              -1.2890824327115133
            ],
            [
              36.74558669690903,
              -1.2889027696546895
            ],
            [
              36.7454070338522,
              -1.2889027696546895
            ],
            [
              36.7454070338522,
              -1.2885434435410417
            ],
            [
              36.74522737079538,
              -1.2885434435410417
            ],
            [
              36.74522737079538,
              -1.2883637804842176
            ],
            [
              36.74504770773856,
              -1.2883637804842176
            ],
            [
              36.74504770773856,
              -1.28800445437057
            ],
            [
              36.74522737079538,
              -1.28800445437057
            ],
            [
              36.74522737079538,
              -1.2881841174273938
            ],
            [
              36.7454070338522,
              -1.2881841174273938
            ],
            [
              36.7454070338522,
              -1.28800445437057
            ],
            [
              36.74558669690903,
              -1.28800445437057
            ],
            [
              36.74558669690903,
              -1.2883637804842176
            ],
            [
              36.74630534913632,
              -1.2883637804842176
            ],
            [
              36.74630534913632,
              -1.2887231065978655
            ],
            [
              36.746125686079495,
              -1.2887231065978655
            ],
            [
              36.746125686079495,
              -1.2889027696546895
            ],
            [
              36.74648501219315,
              -1.2889027696546895
            ],
            [
              36.74648501219315,
              -1.2887231065978655
            ],
            [
              36.74684433830679,
              -1.2887231065978655
            ],
            [
              36.74684433830679,
              -1.2885434435410417
            ],
            [
              36.74702400136362,
              -1.2885434435410417
            ],
            [
              36.74702400136362,
              -1.2883637804842176
            ],
            [
              36.74720366442044,
              -1.2883637804842176
            ],
            [
              36.74720366442044,
              -1.28800445437057
            ],
            [
              36.74756299053409,
              -1.28800445437057
            ],
            [
              36.74756299053409,
              -1.287824791313746
            ],
            [
              36.74774265359091,
              -1.287824791313746
            ],
            [
              36.74774265359091,
              -1.2876451282569221
            ],
            [
              36.74792231664774,
              -1.2876451282569221
            ],
            [
              36.74792231664774,
              -1.287465465200098
            ],
            [
              36.748281642761384,
              -1.287465465200098
            ],
            [
              36.748281642761384,
              -1.2871061390864504
            ],
            [
              36.74846130581821,
              -1.2871061390864504
            ],
            [
              36.74846130581821,
              -1.286207823802331
            ],
            [
              36.74864096887503,
              -1.286207823802331
            ],
            [
              36.74864096887503,
              -1.2860281607455069
            ],
            [
              36.7491799580455,
              -1.2860281607455069
            ],
            [
              36.7491799580455,
              -1.285848497688683
            ],
            [
              36.74900029498868,
              -1.285848497688683
            ],
            [
              36.74900029498868,
              -1.2856688346318592
            ],
            [
              36.74864096887503,
              -1.2856688346318592
            ],
            [
              36.74864096887503,
              -1.285848497688683
            ],
            [
              36.74846130581821,
              -1.285848497688683
            ],
            [
              36.74846130581821,
              -1.2856688346318592
            ],
            [
              36.748281642761384,
              -1.2856688346318592
            ],
            [
              36.748281642761384,
              -1.285848497688683
            ],
            [
              36.74792231664774,
              -1.285848497688683
            ],
            [
              36.74792231664774,
              -1.286207823802331
            ],
            [
              36.74702400136362,
              -1.286207823802331
            ],
            [
              36.74702400136362,
              -1.2856688346318592
            ],
            [
              36.74720366442044,
              -1.2856688346318592
            ],
            [
              36.74720366442044,
              -1.2854891715750352
            ],
            [
              36.74702400136362,
              -1.2854891715750352
            ],
            [
              36.74702400136362,
              -1.2853095085182114
            ],
            [
              36.74684433830679,
              -1.2853095085182114
            ],
            [
              36.74684433830679,
              -1.2854891715750352
            ],
            [
              36.74666467524997,
              -1.2854891715750352
            ],
            [
              36.74666467524997,
              -1.2853095085182114
            ],
            [
              36.74648501219315,
              -1.2853095085182114
            ],
            [
              36.74648501219315,
              -1.2851298454613875
            ],
            [
              36.74630534913632,
              -1.2851298454613875
            ],
            [
              36.74630534913632,
              -1.2849501824045635
            ],
            [
              36.74648501219315,
              -1.2849501824045635
            ],
            [
              36.74648501219315,
              -1.2844111932340918
            ],
            [
              36.74666467524997,
              -1.2844111932340918
            ],
            [
              36.74666467524997,
              -1.284231530177268
            ],
            [
              36.74684433830679,
              -1.284231530177268
            ],
            [
              36.74684433830679,
              -1.2835128779499723
            ],
            [
              36.74720366442044,
              -1.2835128779499723
            ],
            [
              36.74720366442044,
              -1.2833332148931484
            ],
            [
              36.747383327477266,
              -1.2833332148931484
            ],
            [
              36.747383327477266,
              -1.2831535518363244
            ],
            [
              36.74756299053409,
              -1.2831535518363244
            ],
            [
              36.74756299053409,
              -1.2829738887795006
            ],
            [
              36.74774265359091,
              -1.2829738887795006
            ],
            [
              36.74774265359091,
              -1.282434899609029
            ],
            [
              36.747383327477266,
              -1.282434899609029
            ],
            [
              36.747383327477266,
              -1.282075573495381
            ],
            [
              36.74720366442044,
              -1.282075573495381
            ],
            [
              36.74720366442044,
              -1.2818959104385572
            ],
            [
              36.747383327477266,
              -1.2818959104385572
            ],
            [
              36.747383327477266,
              -1.2815365843249094
            ],
            [
              36.74756299053409,
              -1.2815365843249094
            ],
            [
              36.74756299053409,
              -1.2813569212680855
            ],
            [
              36.74792231664774,
              -1.2813569212680855
            ],
            [
              36.74792231664774,
              -1.2815365843249094
            ],
            [
              36.74810197970456,
              -1.2815365843249094
            ],
            [
              36.74810197970456,
              -1.2818959104385572
            ],
            [
              36.748281642761384,
              -1.2818959104385572
            ],
            [
              36.748281642761384,
              -1.282434899609029
            ],
            [
              36.74810197970456,
              -1.282434899609029
            ],
            [
              36.74810197970456,
              -1.2826145626658527
            ],
            [
              36.74864096887503,
              -1.2826145626658527
            ],
            [
              36.74864096887503,
              -1.282434899609029
            ],
            [
              36.748820631931856,
              -1.282434899609029
            ],
            [
              36.748820631931856,
              -1.2817162473817332
            ],
            [
              36.74900029498868,
              -1.2817162473817332
            ],
            [
              36.74900029498868,
              -1.2809975951544377
            ],
            [
              36.7491799580455,
              -1.2809975951544377
            ],
            [
              36.7491799580455,
              -1.2806382690407898
            ],
            [
              36.74935962110233,
              -1.2806382690407898
            ],
            [
              36.74935962110233,
              -1.280458605983966
            ],
            [
              36.749539284159155,
              -1.280458605983966
            ],
            [
              36.749539284159155,
              -1.280278942927142
            ],
            [
              36.7498986102728,
              -1.280278942927142
            ],
            [
              36.7498986102728,
              -1.2800992798703181
            ],
            [
              36.75007827332962,
              -1.2800992798703181
            ],
            [
              36.75007827332962,
              -1.2799196168134943
            ],
            [
              36.7498986102728,
              -1.2799196168134943
            ],
            [
              36.7498986102728,
              -1.2797399537566703
            ],
            [
              36.749718947215975,
              -1.2797399537566703
            ],
            [
              36.749718947215975,
              -1.2793806276430224
            ],
            [
              36.749539284159155,
              -1.2793806276430224
            ],
            [
              36.749539284159155,
              -1.2788416384725507
            ],
            [
              36.749718947215975,
              -1.2788416384725507
            ],
            [
              36.749718947215975,
              -1.278661975415727
            ],
            [
              36.7498986102728,
              -1.278661975415727
            ],
            [
              36.7498986102728,
              -1.278482312358903
            ],
            [
              36.75061726250009,
              -1.278482312358903
            ],
            [
              36.75061726250009,
              -1.278661975415727
            ],
            [
              36.75079692555692,
              -1.278661975415727
            ],
            [
              36.75079692555692,
              -1.278482312358903
            ],
            [
              36.750976588613746,
              -1.278482312358903
            ],
            [
              36.750976588613746,
              -1.2781229862452552
            ],
            [
              36.751156251670565,
              -1.2781229862452552
            ],
            [
              36.751156251670565,
              -1.2779433231884312
            ],
            [
              36.75133591472739,
              -1.2779433231884312
            ],
            [
              36.75133591472739,
              -1.2775839970747835
            ],
            [
              36.75151557778422,
              -1.2775839970747835
            ],
            [
              36.75151557778422,
              -1.2774043340179595
            ],
            [
              36.750976588613746,
              -1.2774043340179595
            ],
            [
              36.750976588613746,
              -1.2775839970747835
            ],
            [
              36.75079692555692,
              -1.2775839970747835
            ],
            [
              36.75079692555692,
              -1.2774043340179595
            ],
            [
              36.75043759944327,
              -1.2774043340179595
            ],
            [
              36.75043759944327,
              -1.2772246709611357
            ],
            [
              36.75025793638645,
              -1.2772246709611357
            ]
          ],
          [
            [
              36.74289175105667,
              -1.2872858021432743
            ],
            [
              36.74253242494302,
              -1.2872858021432743
            ],
            [
              36.74253242494302,
              -1.287465465200098
            ],
            [
              36.742352761886195,
              -1.287465465200098
            ],
            [
              36.742352761886195,
              -1.2881841174273938
            ],
            [
              36.74253242494302,
              -1.2881841174273938
            ],
            [
              36.74253242494302,
              -1.2883637804842176
            ],
            [
              36.74271208799984,
              -1.2883637804842176
            ],
            [
              36.74271208799984,
              -1.2885434435410417
            ],
            [
              36.743251077170314,
              -1.2885434435410417
            ],
            [
              36.743251077170314,
              -1.2883637804842176
            ],
            [
              36.74343074022714,
              -1.2883637804842176
            ],
            [
              36.74343074022714,
              -1.2881841174273938
            ],
            [
              36.74361040328397,
              -1.2881841174273938
            ],
            [
              36.74361040328397,
              -1.287824791313746
            ],
            [
              36.74343074022714,
              -1.287824791313746
            ],
            [
              36.74343074022714,
              -1.287465465200098
            ],
            [
              36.74289175105667,
              -1.287465465200098
            ],
            [
              36.74289175105667,
              -1.2872858021432743
            ]
          ],
          [
            [
              36.74720366442044,
              -1.2863874868591547
            ],
            [
              36.74702400136362,
              -1.2863874868591547
            ],
            [
              36.74702400136362,
              -1.2865671499159788
            ],
            [
              36.74720366442044,
              -1.2865671499159788
            ],
            [
              36.74720366442044,
              -1.2863874868591547
            ]
          ],
          [
            [
              36.74756299053409,
              -1.2863874868591547
            ],
            [
              36.747383327477266,
              -1.2863874868591547
            ],
            [
              36.747383327477266,
              -1.2865671499159788
            ],
            [
              36.74756299053409,
              -1.2865671499159788
            ],
            [
              36.74756299053409,
              -1.2863874868591547
            ]
          ],
          [
            [
              36.74432905551126,
              -1.286207823802331
            ],
            [
              36.74396972939761,
              -1.286207823802331
            ],
            [
              36.74396972939761,
              -1.2863874868591547
            ],
            [
              36.74432905551126,
              -1.2863874868591547
            ],
            [
              36.74432905551126,
              -1.286207823802331
            ]
          ],
          [
            [
              36.7454070338522,
              -1.285848497688683
            ],
            [
              36.744688381624904,
              -1.285848497688683
            ],
            [
              36.744688381624904,
              -1.2860281607455069
            ],
            [
              36.744508718568085,
              -1.2860281607455069
            ],
            [
              36.744508718568085,
              -1.286207823802331
            ],
            [
              36.744688381624904,
              -1.286207823802331
            ],
            [
              36.744688381624904,
              -1.2871061390864504
            ],
            [
              36.74486804468173,
              -1.2871061390864504
            ],
            [
              36.74486804468173,
              -1.2872858021432743
            ],
            [
              36.74504770773856,
              -1.2872858021432743
            ],
            [
              36.74504770773856,
              -1.287465465200098
            ],
            [
              36.74486804468173,
              -1.287465465200098
            ],
            [
              36.74486804468173,
              -1.2876451282569221
            ],
            [
              36.74504770773856,
              -1.2876451282569221
            ],
            [
              36.74504770773856,
              -1.287824791313746
            ],
            [
              36.74522737079538,
              -1.287824791313746
            ],
            [
              36.74522737079538,
              -1.2876451282569221
            ],
            [
              36.74558669690903,
              -1.2876451282569221
            ],
            [
              36.74558669690903,
              -1.287465465200098
            ],
            [
              36.74576635996585,
              -1.287465465200098
            ],
            [
              36.74576635996585,
              -1.2876451282569221
            ],
            [
              36.745946023022675,
              -1.2876451282569221
            ],
            [
              36.745946023022675,
              -1.287465465200098
            ],
            [
              36.746125686079495,
              -1.287465465200098
            ],
            [
              36.746125686079495,
              -1.2872858021432743
            ],
            [
              36.74630534913632,
              -1.2872858021432743
            ],
            [
              36.74630534913632,
              -1.2869264760296264
            ],
            [
              36.74648501219315,
              -1.2869264760296264
            ],
            [
              36.74648501219315,
              -1.2865671499159788
            ],
            [
              36.746125686079495,
              -1.2865671499159788
            ],
            [
              36.746125686079495,
              -1.2863874868591547
            ],
            [
              36.74576635996585,
              -1.2863874868591547
            ],
            [
              36.74576635996585,
              -1.286207823802331
            ],
            [
              36.74558669690903,
              -1.286207823802331
            ],
            [
              36.74558669690903,
              -1.2860281607455069
            ],
            [
              36.7454070338522,
              -1.2860281607455069
            ],
            [
              36.7454070338522,
              -1.285848497688683
            ]
          ],
          [
            [
              36.74648501219315,
              -1.285848497688683
            ],
            [
              36.74630534913632,
              -1.285848497688683
            ],
            [
              36.74630534913632,
              -1.2860281607455069
            ],
            [
              36.74648501219315,
              -1.2860281607455069
            ],
            [
              36.74648501219315,
              -1.285848497688683
            ]
          ],
          [
            [
              36.74630534913632,
              -1.2851298454613875
            ],
            [
              36.746125686079495,
              -1.2851298454613875
            ],
            [
              36.746125686079495,
              -1.2853095085182114
            ],
            [
              36.74630534913632,
              -1.2853095085182114
            ],
            [
              36.74630534913632,
              -1.2851298454613875
            ]
          ],
          [
            [
              36.74810197970456,
              -1.2793806276430224
            ],
            [
              36.747383327477266,
              -1.2793806276430224
            ],
            [
              36.747383327477266,
              -1.2795602906998464
            ],
            [
              36.74684433830679,
              -1.2795602906998464
            ],
            [
              36.74684433830679,
              -1.2793806276430224
            ],
            [
              36.74666467524997,
              -1.2793806276430224
            ],
            [
              36.74666467524997,
              -1.2795602906998464
            ],
            [
              36.74648501219315,
              -1.2795602906998464
            ],
            [
              36.74648501219315,
              -1.2797399537566703
            ],
            [
              36.74630534913632,
              -1.2797399537566703
            ],
            [
              36.74630534913632,
              -1.2799196168134943
            ],
            [
              36.746125686079495,
              -1.2799196168134943
            ],
            [
              36.746125686079495,
              -1.280278942927142
            ],
            [
              36.74576635996585,
              -1.280278942927142
            ],
            [
              36.74576635996585,
              -1.280458605983966
            ],
            [
              36.74558669690903,
              -1.280458605983966
            ],
            [
              36.74558669690903,
              -1.2808179320976136
            ],
            [
              36.7454070338522,
              -1.2808179320976136
            ],
            [
              36.7454070338522,
              -1.2818959104385572
            ],
            [
              36.74504770773856,
              -1.2818959104385572
            ],
            [
              36.74504770773856,
              -1.2826145626658527
            ],
            [
              36.74522737079538,
              -1.2826145626658527
            ],
            [
              36.74522737079538,
              -1.2827942257226768
            ],
            [
              36.7454070338522,
              -1.2827942257226768
            ],
            [
              36.7454070338522,
              -1.2829738887795006
            ],
            [
              36.74558669690903,
              -1.2829738887795006
            ],
            [
              36.74558669690903,
              -1.2827942257226768
            ],
            [
              36.745946023022675,
              -1.2827942257226768
            ],
            [
              36.745946023022675,
              -1.2826145626658527
            ],
            [
              36.74630534913632,
              -1.2826145626658527
            ],
            [
              36.74630534913632,
              -1.282434899609029
            ],
            [
              36.74648501219315,
              -1.282434899609029
            ],
            [
              36.74648501219315,
              -1.282075573495381
            ],
            [
              36.74666467524997,
              -1.282075573495381
            ],
            [
              36.74666467524997,
              -1.2817162473817332
            ],
            [
              36.74684433830679,
              -1.2817162473817332
            ],
            [
              36.74684433830679,
              -1.2813569212680855
            ],
            [
              36.74702400136362,
              -1.2813569212680855
            ],
            [
              36.74702400136362,
              -1.2808179320976136
            ],
            [
              36.74720366442044,
              -1.2808179320976136
            ],
            [
              36.74720366442044,
              -1.280278942927142
            ],
            [
              36.747383327477266,
              -1.280278942927142
            ],
            [
              36.747383327477266,
              -1.280458605983966
            ],
            [
              36.74756299053409,
              -1.280458605983966
            ],
            [
              36.74756299053409,
              -1.2806382690407898
            ],
            [
              36.74774265359091,
              -1.2806382690407898
            ],
            [
              36.74774265359091,
              -1.2809975951544377
            ],
            [
              36.74810197970456,
              -1.2809975951544377
            ],
            [
              36.74810197970456,
              -1.2811772582112615
            ],
            [
              36.748281642761384,
              -1.2811772582112615
            ],
            [
              36.748281642761384,
              -1.2809975951544377
            ],
            [
              36.74846130581821,
              -1.2809975951544377
            ],
            [
              36.74846130581821,
              -1.2806382690407898
            ],
            [
              36.74864096887503,
              -1.2806382690407898
            ],
            [
              36.74864096887503,
              -1.280278942927142
            ],
            [
              36.74846130581821,
              -1.280278942927142
            ],
            [
              36.74846130581821,
              -1.2799196168134943
            ],
            [
              36.748281642761384,
              -1.2799196168134943
            ],
            [
              36.748281642761384,
              -1.2795602906998464
            ],
            [
              36.74810197970456,
              -1.2795602906998464
            ],
            [
              36.74810197970456,
              -1.2793806276430224
            ]
          ],
          [
            [
              36.74522737079538,
              -1.2790213015293748
            ],
            [
              36.74486804468173,
              -1.2790213015293748
            ],
            [
              36.74486804468173,
              -1.2793806276430224
            ],
            [
              36.74522737079538,
              -1.2793806276430224
            ],
            [
              36.74522737079538,
              -1.2790213015293748
            ]
          ],
          [
            [
              36.74792231664774,
              -1.278661975415727
            ],
            [
              36.74774265359091,
              -1.278661975415727
            ],
            [
              36.74774265359091,
              -1.2788416384725507
            ],
            [
              36.74792231664774,
              -1.2788416384725507
            ],
            [
              36.74792231664774,
              -1.278661975415727
            ]
          ]
        ]
      },
      "id": "+204551-7110",
      "properties": {
        "area_ha": 42.45423928206231,
        "area_m2": 424542.3928206231,
        "class": 0,
        "count": 1064
      }
    },
    {
      "type": "Feature",
      "geometry": {
        "geodesic": false,
        "type": "Polygon",
        "coordinates": [
          [
            [
              36.755468165034344,
              -1.2677025289494688
            ],
            [
              36.75510883892069,
              -1.2677025289494688
            ],
            [
              36.75510883892069,
              -1.2678821920062926
            ],
            [
              36.75492917586387,
              -1.2678821920062926
            ],
            [
              36.75492917586387,
              -1.2680618550631164
            ],
            [
              36.754749512807045,
              -1.2680618550631164
            ],
            [
              36.754749512807045,
              -1.2682415181199405
            ],
            [
              36.754030860579746,
              -1.2682415181199405
            ],
            [
              36.754030860579746,
              -1.2680618550631164
            ],
            [
              36.75385119752293,
              -1.2680618550631164
            ],
            [
              36.75385119752293,
              -1.2678821920062926
            ],
            [
              36.754030860579746,
              -1.2678821920062926
            ],
            [
              36.754030860579746,
              -1.2675228658926447
            ],
            [
              36.75421052363657,
              -1.2675228658926447
            ],
            [
              36.75421052363657,
              -1.267163539778997
            ],
            [
              36.75456984975022,
              -1.267163539778997
            ],
            [
              36.75456984975022,
              -1.2660855614380535
            ],
            [
              36.7543901866934,
              -1.2660855614380535
            ],
            [
              36.7543901866934,
              -1.2657262353244059
            ],
            [
              36.75421052363657,
              -1.2657262353244059
            ],
            [
              36.75421052363657,
              -1.2655465722675818
            ],
            [
              36.754030860579746,
              -1.2655465722675818
            ],
            [
              36.754030860579746,
              -1.265187246153934
            ],
            [
              36.753312208352455,
              -1.265187246153934
            ],
            [
              36.753312208352455,
              -1.2650075830971101
            ],
            [
              36.75295288223881,
              -1.2650075830971101
            ],
            [
              36.75295288223881,
              -1.2648279200402863
            ],
            [
              36.75277321918198,
              -1.2648279200402863
            ],
            [
              36.75277321918198,
              -1.2644685939266385
            ],
            [
              36.752413893068336,
              -1.2644685939266385
            ],
            [
              36.752413893068336,
              -1.2641092678129906
            ],
            [
              36.75223423001151,
              -1.2641092678129906
            ],
            [
              36.75223423001151,
              -1.2637499416993427
            ],
            [
              36.75205456695468,
              -1.2637499416993427
            ],
            [
              36.75205456695468,
              -1.263390615585695
            ],
            [
              36.752413893068336,
              -1.263390615585695
            ],
            [
              36.752413893068336,
              -1.263570278642519
            ],
            [
              36.753312208352455,
              -1.263570278642519
            ],
            [
              36.753312208352455,
              -1.263390615585695
            ],
            [
              36.7536715344661,
              -1.263390615585695
            ],
            [
              36.7536715344661,
              -1.263210952528871
            ],
            [
              36.75385119752293,
              -1.263210952528871
            ],
            [
              36.75385119752293,
              -1.2628516264152232
            ],
            [
              36.754030860579746,
              -1.2628516264152232
            ],
            [
              36.754030860579746,
              -1.2626719633583994
            ],
            [
              36.75385119752293,
              -1.2626719633583994
            ],
            [
              36.75385119752293,
              -1.2628516264152232
            ],
            [
              36.7536715344661,
              -1.2628516264152232
            ],
            [
              36.7536715344661,
              -1.2624923003015756
            ],
            [
              36.75349187140928,
              -1.2624923003015756
            ],
            [
              36.75349187140928,
              -1.2623126372447515
            ],
            [
              36.75295288223881,
              -1.2623126372447515
            ],
            [
              36.75295288223881,
              -1.2624923003015756
            ],
            [
              36.752593556125156,
              -1.2624923003015756
            ],
            [
              36.752593556125156,
              -1.2626719633583994
            ],
            [
              36.752413893068336,
              -1.2626719633583994
            ],
            [
              36.752413893068336,
              -1.2628516264152232
            ],
            [
              36.75223423001151,
              -1.2628516264152232
            ],
            [
              36.75223423001151,
              -1.263210952528871
            ],
            [
              36.75205456695468,
              -1.263210952528871
            ],
            [
              36.75205456695468,
              -1.263390615585695
            ],
            [
              36.75133591472739,
              -1.263390615585695
            ],
            [
              36.75133591472739,
              -1.263210952528871
            ],
            [
              36.751156251670565,
              -1.263210952528871
            ],
            [
              36.751156251670565,
              -1.2630312894720472
            ],
            [
              36.750976588613746,
              -1.2630312894720472
            ],
            [
              36.750976588613746,
              -1.2628516264152232
            ],
            [
              36.75043759944327,
              -1.2628516264152232
            ],
            [
              36.75043759944327,
              -1.2630312894720472
            ],
            [
              36.75025793638645,
              -1.2630312894720472
            ],
            [
              36.75025793638645,
              -1.263210952528871
            ],
            [
              36.7498986102728,
              -1.263210952528871
            ],
            [
              36.7498986102728,
              -1.263390615585695
            ],
            [
              36.749539284159155,
              -1.263390615585695
            ],
            [
              36.749539284159155,
              -1.263570278642519
            ],
            [
              36.74935962110233,
              -1.263570278642519
            ],
            [
              36.74935962110233,
              -1.2641092678129906
            ],
            [
              36.74864096887503,
              -1.2641092678129906
            ],
            [
              36.74864096887503,
              -1.2644685939266385
            ],
            [
              36.74900029498868,
              -1.2644685939266385
            ],
            [
              36.74900029498868,
              -1.2646482569834623
            ],
            [
              36.74935962110233,
              -1.2646482569834623
            ],
            [
              36.74935962110233,
              -1.2644685939266385
            ],
            [
              36.749539284159155,
              -1.2644685939266385
            ],
            [
              36.749539284159155,
              -1.2642889308698146
            ],
            [
              36.749718947215975,
              -1.2642889308698146
            ],
            [
              36.749718947215975,
              -1.2641092678129906
            ],
            [
              36.7498986102728,
              -1.2641092678129906
            ],
            [
              36.7498986102728,
              -1.2642889308698146
            ],
            [
              36.75007827332962,
              -1.2642889308698146
            ],
            [
              36.75007827332962,
              -1.2641092678129906
            ],
            [
              36.75043759944327,
              -1.2641092678129906
            ],
            [
              36.75043759944327,
              -1.2639296047561668
            ],
            [
              36.75151557778422,
              -1.2639296047561668
            ],
            [
              36.75151557778422,
              -1.2641092678129906
            ],
            [
              36.75169524084104,
              -1.2641092678129906
            ],
            [
              36.75169524084104,
              -1.2644685939266385
            ],
            [
              36.751874903897864,
              -1.2644685939266385
            ],
            [
              36.751874903897864,
              -1.2646482569834623
            ],
            [
              36.75205456695468,
              -1.2646482569834623
            ],
            [
              36.75205456695468,
              -1.2648279200402863
            ],
            [
              36.75223423001151,
              -1.2648279200402863
            ],
            [
              36.75223423001151,
              -1.265187246153934
            ],
            [
              36.752413893068336,
              -1.265187246153934
            ],
            [
              36.752413893068336,
              -1.265366909210758
            ],
            [
              36.75277321918198,
              -1.265366909210758
            ],
            [
              36.75277321918198,
              -1.2655465722675818
            ],
            [
              36.75313254529563,
              -1.2655465722675818
            ],
            [
              36.75313254529563,
              -1.2657262353244059
            ],
            [
              36.753312208352455,
              -1.2657262353244059
            ],
            [
              36.753312208352455,
              -1.2666245506085252
            ],
            [
              36.75313254529563,
              -1.2666245506085252
            ],
            [
              36.75313254529563,
              -1.2668042136653492
            ],
            [
              36.75295288223881,
              -1.2668042136653492
            ],
            [
              36.75295288223881,
              -1.267343202835821
            ],
            [
              36.753312208352455,
              -1.267343202835821
            ],
            [
              36.753312208352455,
              -1.2675228658926447
            ],
            [
              36.75349187140928,
              -1.2675228658926447
            ],
            [
              36.75349187140928,
              -1.2686008442335883
            ],
            [
              36.753312208352455,
              -1.2686008442335883
            ],
            [
              36.753312208352455,
              -1.2687805072904121
            ],
            [
              36.75295288223881,
              -1.2687805072904121
            ],
            [
              36.75295288223881,
              -1.268960170347236
            ],
            [
              36.75277321918198,
              -1.268960170347236
            ],
            [
              36.75277321918198,
              -1.2702178117450034
            ],
            [
              36.75313254529563,
              -1.2702178117450034
            ],
            [
              36.75313254529563,
              -1.2700381486881795
            ],
            [
              36.7536715344661,
              -1.2700381486881795
            ],
            [
              36.7536715344661,
              -1.2698584856313555
            ],
            [
              36.75385119752293,
              -1.2698584856313555
            ],
            [
              36.75385119752293,
              -1.2696788225745317
            ],
            [
              36.754030860579746,
              -1.2696788225745317
            ],
            [
              36.754030860579746,
              -1.2694991595177079
            ],
            [
              36.75421052363657,
              -1.2694991595177079
            ],
            [
              36.75421052363657,
              -1.2693194964608838
            ],
            [
              36.7543901866934,
              -1.2693194964608838
            ],
            [
              36.7543901866934,
              -1.2696788225745317
            ],
            [
              36.754749512807045,
              -1.2696788225745317
            ],
            [
              36.754749512807045,
              -1.2698584856313555
            ],
            [
              36.75492917586387,
              -1.2698584856313555
            ],
            [
              36.75492917586387,
              -1.2696788225745317
            ],
            [
              36.75510883892069,
              -1.2696788225745317
            ],
            [
              36.75510883892069,
              -1.2694991595177079
            ],
            [
              36.75528850197752,
              -1.2694991595177079
            ],
            [
              36.75528850197752,
              -1.2693194964608838
            ],
            [
              36.755468165034344,
              -1.2693194964608838
            ],
            [
              36.755468165034344,
              -1.26913983340406
            ],
            [
              36.75564782809116,
              -1.26913983340406
            ],
            [
              36.75564782809116,
              -1.268960170347236
            ],
            [
              36.75636648031846,
              -1.268960170347236
            ],
            [
              36.75636648031846,
              -1.2677025289494688
            ],
            [
              36.75654614337528,
              -1.2677025289494688
            ],
            [
              36.75654614337528,
              -1.267343202835821
            ],
            [
              36.75672580643211,
              -1.267343202835821
            ],
            [
              36.75672580643211,
              -1.2668042136653492
            ],
            [
              36.75654614337528,
              -1.2668042136653492
            ],
            [
              36.75654614337528,
              -1.2664448875517014
            ],
            [
              36.75600715420481,
              -1.2664448875517014
            ],
            [
              36.75600715420481,
              -1.266983876722173
            ],
            [
              36.75582749114799,
              -1.266983876722173
            ],
            [
              36.75582749114799,
              -1.267163539778997
            ],
            [
              36.75564782809116,
              -1.267163539778997
            ],
            [
              36.75564782809116,
              -1.2675228658926447
            ],
            [
              36.755468165034344,
              -1.2675228658926447
            ],
            [
              36.755468165034344,
              -1.2677025289494688
            ]
          ]
        ]
      },
      "id": "+204568-7027",
      "properties": {
        "area_ha": 18.274600095010488,
        "area_m2": 182746.00095010488,
        "class": 0,
        "count": 458
      }
    },
    {
      "type": "Feature",
      "geometry": {
        "geodesic": false,
        "type": "Polygon",
        "coordinates": [
          [
            [
              36.75528850197752,
              -1.2799196168134943
            ],
            [
              36.75528850197752,
              -1.280458605983966
            ],
            [
              36.75492917586387,
              -1.280458605983966
            ],
            [
              36.75492917586387,
              -1.2806382690407898
            ],
            [
              36.7543901866934,
              -1.2806382690407898
            ],
            [
              36.7543901866934,
              -1.2808179320976136
            ],
            [
              36.754030860579746,
              -1.2808179320976136
            ],
            [
              36.754030860579746,
              -1.2806382690407898
            ],
            [
              36.75385119752293,
              -1.2806382690407898
            ],
            [
              36.75385119752293,
              -1.280278942927142
            ],
            [
              36.7536715344661,
              -1.280278942927142
            ],
            [
              36.7536715344661,
              -1.2797399537566703
            ],
            [
              36.75277321918198,
              -1.2797399537566703
            ],
            [
              36.75277321918198,
              -1.2799196168134943
            ],
            [
              36.752413893068336,
              -1.2799196168134943
            ],
            [
              36.752413893068336,
              -1.2800992798703181
            ],
            [
              36.75223423001151,
              -1.2800992798703181
            ],
            [
              36.75223423001151,
              -1.280278942927142
            ],
            [
              36.75205456695468,
              -1.280278942927142
            ],
            [
              36.75205456695468,
              -1.2811772582112615
            ],
            [
              36.75223423001151,
              -1.2811772582112615
            ],
            [
              36.75223423001151,
              -1.2818959104385572
            ],
            [
              36.75205456695468,
              -1.2818959104385572
            ],
            [
              36.75205456695468,
              -1.2822552365522049
            ],
            [
              36.75169524084104,
              -1.2822552365522049
            ],
            [
              36.75169524084104,
              -1.282434899609029
            ],
            [
              36.75151557778422,
              -1.282434899609029
            ],
            [
              36.75151557778422,
              -1.2833332148931484
            ],
            [
              36.75133591472739,
              -1.2833332148931484
            ],
            [
              36.75133591472739,
              -1.2835128779499723
            ],
            [
              36.751156251670565,
              -1.2835128779499723
            ],
            [
              36.751156251670565,
              -1.2836925410067963
            ],
            [
              36.75133591472739,
              -1.2836925410067963
            ],
            [
              36.75133591472739,
              -1.284051867120444
            ],
            [
              36.751156251670565,
              -1.284051867120444
            ],
            [
              36.751156251670565,
              -1.284231530177268
            ],
            [
              36.75133591472739,
              -1.284231530177268
            ],
            [
              36.75133591472739,
              -1.2847705193477397
            ],
            [
              36.752413893068336,
              -1.2847705193477397
            ],
            [
              36.752413893068336,
              -1.2849501824045635
            ],
            [
              36.75277321918198,
              -1.2849501824045635
            ],
            [
              36.75277321918198,
              -1.2853095085182114
            ],
            [
              36.752593556125156,
              -1.2853095085182114
            ],
            [
              36.752593556125156,
              -1.2854891715750352
            ],
            [
              36.752413893068336,
              -1.2854891715750352
            ],
            [
              36.752413893068336,
              -1.2856688346318592
            ],
            [
              36.75223423001151,
              -1.2856688346318592
            ],
            [
              36.75223423001151,
              -1.2860281607455069
            ],
            [
              36.752593556125156,
              -1.2860281607455069
            ],
            [
              36.752593556125156,
              -1.286207823802331
            ],
            [
              36.75295288223881,
              -1.286207823802331
            ],
            [
              36.75295288223881,
              -1.2867468129728026
            ],
            [
              36.75277321918198,
              -1.2867468129728026
            ],
            [
              36.75277321918198,
              -1.2876451282569221
            ],
            [
              36.752593556125156,
              -1.2876451282569221
            ],
            [
              36.752593556125156,
              -1.287824791313746
            ],
            [
              36.752413893068336,
              -1.287824791313746
            ],
            [
              36.752413893068336,
              -1.28800445437057
            ],
            [
              36.75205456695468,
              -1.28800445437057
            ],
            [
              36.75205456695468,
              -1.287824791313746
            ],
            [
              36.751874903897864,
              -1.287824791313746
            ],
            [
              36.751874903897864,
              -1.287465465200098
            ],
            [
              36.75169524084104,
              -1.287465465200098
            ],
            [
              36.75169524084104,
              -1.2872858021432743
            ],
            [
              36.75151557778422,
              -1.2872858021432743
            ],
            [
              36.75151557778422,
              -1.287465465200098
            ],
            [
              36.75133591472739,
              -1.287465465200098
            ],
            [
              36.75133591472739,
              -1.2876451282569221
            ],
            [
              36.751156251670565,
              -1.2876451282569221
            ],
            [
              36.751156251670565,
              -1.2881841174273938
            ],
            [
              36.75133591472739,
              -1.2881841174273938
            ],
            [
              36.75133591472739,
              -1.2883637804842176
            ],
            [
              36.751156251670565,
              -1.2883637804842176
            ],
            [
              36.751156251670565,
              -1.2887231065978655
            ],
            [
              36.75133591472739,
              -1.2887231065978655
            ],
            [
              36.75133591472739,
              -1.2885434435410417
            ],
            [
              36.75151557778422,
              -1.2885434435410417
            ],
            [
              36.75151557778422,
              -1.2887231065978655
            ],
            [
              36.75223423001151,
              -1.2887231065978655
            ],
            [
              36.75223423001151,
              -1.2889027696546895
            ],
            [
              36.752413893068336,
              -1.2889027696546895
            ],
            [
              36.752413893068336,
              -1.2892620957683372
            ],
            [
              36.75223423001151,
              -1.2892620957683372
            ],
            [
              36.75223423001151,
              -1.2894417588251612
            ],
            [
              36.751874903897864,
              -1.2894417588251612
            ],
            [
              36.751874903897864,
              -1.289621421881985
            ],
            [
              36.75133591472739,
              -1.289621421881985
            ],
            [
              36.75133591472739,
              -1.2898010849388089
            ],
            [
              36.751156251670565,
              -1.2898010849388089
            ],
            [
              36.751156251670565,
              -1.289980747995633
            ],
            [
              36.75133591472739,
              -1.289980747995633
            ],
            [
              36.75133591472739,
              -1.2901604110524567
            ],
            [
              36.75151557778422,
              -1.2901604110524567
            ],
            [
              36.75151557778422,
              -1.2903400741092808
            ],
            [
              36.75169524084104,
              -1.2903400741092808
            ],
            [
              36.75169524084104,
              -1.2906994002229284
            ],
            [
              36.751874903897864,
              -1.2906994002229284
            ],
            [
              36.751874903897864,
              -1.2910587263365763
            ],
            [
              36.75223423001151,
              -1.2910587263365763
            ],
            [
              36.75223423001151,
              -1.2908790632797524
            ],
            [
              36.752413893068336,
              -1.2908790632797524
            ],
            [
              36.752413893068336,
              -1.2901604110524567
            ],
            [
              36.75223423001151,
              -1.2901604110524567
            ],
            [
              36.75223423001151,
              -1.289980747995633
            ],
            [
              36.752413893068336,
              -1.289980747995633
            ],
            [
              36.752413893068336,
              -1.289621421881985
            ],
            [
              36.752593556125156,
              -1.289621421881985
            ],
            [
              36.752593556125156,
              -1.2890824327115133
            ],
            [
              36.75295288223881,
              -1.2890824327115133
            ],
            [
              36.75295288223881,
              -1.2889027696546895
            ],
            [
              36.753312208352455,
              -1.2889027696546895
            ],
            [
              36.753312208352455,
              -1.2885434435410417
            ],
            [
              36.75349187140928,
              -1.2885434435410417
            ],
            [
              36.75349187140928,
              -1.2881841174273938
            ],
            [
              36.7536715344661,
              -1.2881841174273938
            ],
            [
              36.7536715344661,
              -1.28800445437057
            ],
            [
              36.75349187140928,
              -1.28800445437057
            ],
            [
              36.75349187140928,
              -1.287824791313746
            ],
            [
              36.7536715344661,
              -1.287824791313746
            ],
            [
              36.7536715344661,
              -1.2876451282569221
            ],
            [
              36.75385119752293,
              -1.2876451282569221
            ],
            [
              36.75385119752293,
              -1.287824791313746
            ],
            [
              36.754030860579746,
              -1.287824791313746
            ],
            [
              36.754030860579746,
              -1.28800445437057
            ],
            [
              36.75421052363657,
              -1.28800445437057
            ],
            [
              36.75421052363657,
              -1.2881841174273938
            ],
            [
              36.75456984975022,
              -1.2881841174273938
            ],
            [
              36.75456984975022,
              -1.28800445437057
            ],
            [
              36.75492917586387,
              -1.28800445437057
            ],
            [
              36.75492917586387,
              -1.287824791313746
            ],
            [
              36.75510883892069,
              -1.287824791313746
            ],
            [
              36.75510883892069,
              -1.2869264760296264
            ],
            [
              36.75528850197752,
              -1.2869264760296264
            ],
            [
              36.75528850197752,
              -1.2863874868591547
            ],
            [
              36.755468165034344,
              -1.2863874868591547
            ],
            [
              36.755468165034344,
              -1.285848497688683
            ],
            [
              36.75528850197752,
              -1.285848497688683
            ],
            [
              36.75528850197752,
              -1.2851298454613875
            ],
            [
              36.75510883892069,
              -1.2851298454613875
            ],
            [
              36.75510883892069,
              -1.2847705193477397
            ],
            [
              36.75492917586387,
              -1.2847705193477397
            ],
            [
              36.75492917586387,
              -1.2845908562909156
            ],
            [
              36.754749512807045,
              -1.2845908562909156
            ],
            [
              36.754749512807045,
              -1.2853095085182114
            ],
            [
              36.7543901866934,
              -1.2853095085182114
            ],
            [
              36.7543901866934,
              -1.2854891715750352
            ],
            [
              36.75421052363657,
              -1.2854891715750352
            ],
            [
              36.75421052363657,
              -1.2853095085182114
            ],
            [
              36.75385119752293,
              -1.2853095085182114
            ],
            [
              36.75385119752293,
              -1.2851298454613875
            ],
            [
              36.7536715344661,
              -1.2851298454613875
            ],
            [
              36.7536715344661,
              -1.2847705193477397
            ],
            [
              36.75385119752293,
              -1.2847705193477397
            ],
            [
              36.75385119752293,
              -1.2845908562909156
            ],
            [
              36.7536715344661,
              -1.2845908562909156
            ],
            [
              36.7536715344661,
              -1.2833332148931484
            ],
            [
              36.75295288223881,
              -1.2833332148931484
            ],
            [
              36.75295288223881,
              -1.2831535518363244
            ],
            [
              36.752413893068336,
              -1.2831535518363244
            ],
            [
              36.752413893068336,
              -1.2829738887795006
            ],
            [
              36.752593556125156,
              -1.2829738887795006
            ],
            [
              36.752593556125156,
              -1.2826145626658527
            ],
            [
              36.75277321918198,
              -1.2826145626658527
            ],
            [
              36.75277321918198,
              -1.282434899609029
            ],
            [
              36.75295288223881,
              -1.282434899609029
            ],
            [
              36.75295288223881,
              -1.2822552365522049
            ],
            [
              36.753312208352455,
              -1.2822552365522049
            ],
            [
              36.753312208352455,
              -1.282075573495381
            ],
            [
              36.754030860579746,
              -1.282075573495381
            ],
            [
              36.754030860579746,
              -1.2817162473817332
            ],
            [
              36.7543901866934,
              -1.2817162473817332
            ],
            [
              36.7543901866934,
              -1.2815365843249094
            ],
            [
              36.75492917586387,
              -1.2815365843249094
            ],
            [
              36.75492917586387,
              -1.2817162473817332
            ],
            [
              36.75528850197752,
              -1.2817162473817332
            ],
            [
              36.75528850197752,
              -1.2818959104385572
            ],
            [
              36.75564782809116,
              -1.2818959104385572
            ],
            [
              36.75564782809116,
              -1.2817162473817332
            ],
            [
              36.75600715420481,
              -1.2817162473817332
            ],
            [
              36.75600715420481,
              -1.2809975951544377
            ],
            [
              36.756186817261636,
              -1.2809975951544377
            ],
            [
              36.756186817261636,
              -1.2808179320976136
            ],
            [
              36.75654614337528,
              -1.2808179320976136
            ],
            [
              36.75654614337528,
              -1.280278942927142
            ],
            [
              36.75672580643211,
              -1.280278942927142
            ],
            [
              36.75672580643211,
              -1.2797399537566703
            ],
            [
              36.75654614337528,
              -1.2797399537566703
            ],
            [
              36.75654614337528,
              -1.2795602906998464
            ],
            [
              36.757085132545754,
              -1.2795602906998464
            ],
            [
              36.757085132545754,
              -1.2797399537566703
            ],
            [
              36.757624121716226,
              -1.2797399537566703
            ],
            [
              36.757624121716226,
              -1.2795602906998464
            ],
            [
              36.7581631108867,
              -1.2795602906998464
            ],
            [
              36.7581631108867,
              -1.2793806276430224
            ],
            [
              36.758342773943525,
              -1.2793806276430224
            ],
            [
              36.758342773943525,
              -1.278482312358903
            ],
            [
              36.7581631108867,
              -1.278482312358903
            ],
            [
              36.7581631108867,
              -1.2781229862452552
            ],
            [
              36.75798344782987,
              -1.2781229862452552
            ],
            [
              36.75798344782987,
              -1.278302649302079
            ],
            [
              36.757624121716226,
              -1.278302649302079
            ],
            [
              36.757624121716226,
              -1.278482312358903
            ],
            [
              36.75744445865941,
              -1.278482312358903
            ],
            [
              36.75744445865941,
              -1.278661975415727
            ],
            [
              36.757085132545754,
              -1.278661975415727
            ],
            [
              36.757085132545754,
              -1.2788416384725507
            ],
            [
              36.75672580643211,
              -1.2788416384725507
            ],
            [
              36.75672580643211,
              -1.278661975415727
            ],
            [
              36.75636648031846,
              -1.278661975415727
            ],
            [
              36.75636648031846,
              -1.2788416384725507
            ],
            [
              36.75654614337528,
              -1.2788416384725507
            ],
            [
              36.75654614337528,
              -1.2790213015293748
            ],
            [
              36.75600715420481,
              -1.2790213015293748
            ],
            [
              36.75600715420481,
              -1.2792009645861986
            ],
            [
              36.75564782809116,
              -1.2792009645861986
            ],
            [
              36.75564782809116,
              -1.2793806276430224
            ],
            [
              36.75510883892069,
              -1.2793806276430224
            ],
            [
              36.75510883892069,
              -1.2799196168134943
            ],
            [
              36.75528850197752,
              -1.2799196168134943
            ]
          ],
          [
            [
              36.752413893068336,
              -1.2835128779499723
            ],
            [
              36.75223423001151,
              -1.2835128779499723
            ],
            [
              36.75223423001151,
              -1.2838722040636201
            ],
            [
              36.752413893068336,
              -1.2838722040636201
            ],
            [
              36.752413893068336,
              -1.2835128779499723
            ]
          ],
          [
            [
              36.75205456695468,
              -1.2833332148931484
            ],
            [
              36.751874903897864,
              -1.2833332148931484
            ],
            [
              36.751874903897864,
              -1.2835128779499723
            ],
            [
              36.75205456695468,
              -1.2835128779499723
            ],
            [
              36.75205456695468,
              -1.2833332148931484
            ]
          ]
        ]
      },
      "id": "+204594-7115",
      "properties": {
        "area_ha": 32.718492779580686,
        "area_m2": 327184.92779580684,
        "class": 0,
        "count": 820
      }
    },
    {
      "type": "Feature",
      "geometry": {
        "geodesic": false,
        "type": "Polygon",
        "coordinates": [
          [
            [
              36.78493290635346,
              -1.306330086166608
            ],
            [
              36.78493290635346,
              -1.306509749223432
            ],
            [
              36.78421425412616,
              -1.306509749223432
            ],
            [
              36.78421425412616,
              -1.306689412280256
            ],
            [
              36.783854928012516,
              -1.306689412280256
            ],
            [
              36.783854928012516,
              -1.3072284014507276
            ],
            [
              36.78421425412616,
              -1.3072284014507276
            ],
            [
              36.78421425412616,
              -1.3074080645075516
            ],
            [
              36.784573580239815,
              -1.3074080645075516
            ],
            [
              36.784573580239815,
              -1.3079470536780233
            ],
            [
              36.78439391718299,
              -1.3079470536780233
            ],
            [
              36.78439391718299,
              -1.3083063797916712
            ],
            [
              36.78403459106934,
              -1.3083063797916712
            ],
            [
              36.78403459106934,
              -1.3081267167348472
            ],
            [
              36.783854928012516,
              -1.3081267167348472
            ],
            [
              36.783854928012516,
              -1.3079470536780233
            ],
            [
              36.7836752649557,
              -1.3079470536780233
            ],
            [
              36.7836752649557,
              -1.3077673906211993
            ],
            [
              36.78259728661475,
              -1.3077673906211993
            ],
            [
              36.78259728661475,
              -1.3081267167348472
            ],
            [
              36.782417623557926,
              -1.3081267167348472
            ],
            [
              36.782417623557926,
              -1.3083063797916712
            ],
            [
              36.783136275785225,
              -1.3083063797916712
            ],
            [
              36.783136275785225,
              -1.3081267167348472
            ],
            [
              36.783315938842044,
              -1.3081267167348472
            ],
            [
              36.783315938842044,
              -1.3083063797916712
            ],
            [
              36.78349560189887,
              -1.3083063797916712
            ],
            [
              36.78349560189887,
              -1.308486042848495
            ],
            [
              36.7836752649557,
              -1.308486042848495
            ],
            [
              36.7836752649557,
              -1.3086657059053188
            ],
            [
              36.78403459106934,
              -1.3086657059053188
            ],
            [
              36.78403459106934,
              -1.3090250320189667
            ],
            [
              36.78421425412616,
              -1.3090250320189667
            ],
            [
              36.78421425412616,
              -1.3092046950757905
            ],
            [
              36.784573580239815,
              -1.3092046950757905
            ],
            [
              36.784573580239815,
              -1.3086657059053188
            ],
            [
              36.78547189552393,
              -1.3086657059053188
            ],
            [
              36.78547189552393,
              -1.3092046950757905
            ],
            [
              36.78565155858076,
              -1.3092046950757905
            ],
            [
              36.78565155858076,
              -1.3093843581326146
            ],
            [
              36.78583122163758,
              -1.3093843581326146
            ],
            [
              36.78583122163758,
              -1.3097436842462624
            ],
            [
              36.78547189552393,
              -1.3097436842462624
            ],
            [
              36.78547189552393,
              -1.31010301035991
            ],
            [
              36.78565155858076,
              -1.31010301035991
            ],
            [
              36.78565155858076,
              -1.3111809887008536
            ],
            [
              36.78654987386488,
              -1.3111809887008536
            ],
            [
              36.78654987386488,
              -1.3110013256440296
            ],
            [
              36.78708886303535,
              -1.3110013256440296
            ],
            [
              36.78708886303535,
              -1.3113606517576775
            ],
            [
              36.78654987386488,
              -1.3113606517576775
            ],
            [
              36.78654987386488,
              -1.3115403148145013
            ],
            [
              36.78637021080805,
              -1.3115403148145013
            ],
            [
              36.78637021080805,
              -1.3118996409281491
            ],
            [
              36.786190547751225,
              -1.3118996409281491
            ],
            [
              36.786190547751225,
              -1.312258967041797
            ],
            [
              36.786010884694406,
              -1.312258967041797
            ],
            [
              36.786010884694406,
              -1.3124386300986208
            ],
            [
              36.78565155858076,
              -1.3124386300986208
            ],
            [
              36.78565155858076,
              -1.3126182931554449
            ],
            [
              36.784753243296635,
              -1.3126182931554449
            ],
            [
              36.784753243296635,
              -1.3127979562122687
            ],
            [
              36.784573580239815,
              -1.3127979562122687
            ],
            [
              36.784573580239815,
              -1.3129776192690925
            ],
            [
              36.78439391718299,
              -1.3129776192690925
            ],
            [
              36.78439391718299,
              -1.3133369453827404
            ],
            [
              36.78421425412616,
              -1.3133369453827404
            ],
            [
              36.78421425412616,
              -1.3135166084395644
            ],
            [
              36.78403459106934,
              -1.3135166084395644
            ],
            [
              36.78403459106934,
              -1.3136962714963882
            ],
            [
              36.783136275785225,
              -1.3136962714963882
            ],
            [
              36.783136275785225,
              -1.313875934553212
            ],
            [
              36.782417623557926,
              -1.313875934553212
            ],
            [
              36.782417623557926,
              -1.31423526066686
            ],
            [
              36.7822379605011,
              -1.31423526066686
            ],
            [
              36.7822379605011,
              -1.3144149237236837
            ],
            [
              36.78187863438745,
              -1.3144149237236837
            ],
            [
              36.78187863438745,
              -1.3145945867805078
            ],
            [
              36.78151930827381,
              -1.3145945867805078
            ],
            [
              36.78151930827381,
              -1.3147742498373316
            ],
            [
              36.78115998216016,
              -1.3147742498373316
            ],
            [
              36.78115998216016,
              -1.3149539128941556
            ],
            [
              36.78080065604651,
              -1.3149539128941556
            ],
            [
              36.78080065604651,
              -1.3151335759509795
            ],
            [
              36.78026166687604,
              -1.3151335759509795
            ],
            [
              36.78026166687604,
              -1.3153132390078033
            ],
            [
              36.77990234076239,
              -1.3153132390078033
            ],
            [
              36.77990234076239,
              -1.3154929020646273
            ],
            [
              36.77972267770557,
              -1.3154929020646273
            ],
            [
              36.77972267770557,
              -1.3156725651214511
            ],
            [
              36.77900402547827,
              -1.3156725651214511
            ],
            [
              36.77900402547827,
              -1.315852228178275
            ],
            [
              36.77864469936463,
              -1.315852228178275
            ],
            [
              36.77864469936463,
              -1.316031891235099
            ],
            [
              36.7784650363078,
              -1.316031891235099
            ],
            [
              36.7784650363078,
              -1.3162115542919228
            ],
            [
              36.778285373250974,
              -1.3162115542919228
            ],
            [
              36.778285373250974,
              -1.316031891235099
            ],
            [
              36.77792604713733,
              -1.316031891235099
            ],
            [
              36.77792604713733,
              -1.315852228178275
            ],
            [
              36.777387057966855,
              -1.315852228178275
            ],
            [
              36.777387057966855,
              -1.316031891235099
            ],
            [
              36.777207394910036,
              -1.316031891235099
            ],
            [
              36.777207394910036,
              -1.3165708804055707
            ],
            [
              36.77702773185321,
              -1.3165708804055707
            ],
            [
              36.77702773185321,
              -1.3167505434623945
            ],
            [
              36.77684806879638,
              -1.3167505434623945
            ],
            [
              36.77684806879638,
              -1.3165708804055707
            ],
            [
              36.776668405739564,
              -1.3165708804055707
            ],
            [
              36.776668405739564,
              -1.3162115542919228
            ],
            [
              36.77630907962591,
              -1.3162115542919228
            ],
            [
              36.77630907962591,
              -1.316031891235099
            ],
            [
              36.77648874268274,
              -1.316031891235099
            ],
            [
              36.77648874268274,
              -1.3156725651214511
            ],
            [
              36.776668405739564,
              -1.3156725651214511
            ],
            [
              36.776668405739564,
              -1.3153132390078033
            ],
            [
              36.77648874268274,
              -1.3153132390078033
            ],
            [
              36.77648874268274,
              -1.3149539128941556
            ],
            [
              36.77630907962591,
              -1.3149539128941556
            ],
            [
              36.77630907962591,
              -1.3145945867805078
            ],
            [
              36.77612941656909,
              -1.3145945867805078
            ],
            [
              36.77612941656909,
              -1.3144149237236837
            ],
            [
              36.775949753512265,
              -1.3144149237236837
            ],
            [
              36.775949753512265,
              -1.31423526066686
            ],
            [
              36.77559042739862,
              -1.31423526066686
            ],
            [
              36.77559042739862,
              -1.3144149237236837
            ],
            [
              36.77541076434179,
              -1.3144149237236837
            ],
            [
              36.77541076434179,
              -1.3156725651214511
            ],
            [
              36.77559042739862,
              -1.3156725651214511
            ],
            [
              36.77559042739862,
              -1.316031891235099
            ],
            [
              36.775770090455445,
              -1.316031891235099
            ],
            [
              36.775770090455445,
              -1.3162115542919228
            ],
            [
              36.77559042739862,
              -1.3162115542919228
            ],
            [
              36.77559042739862,
              -1.3163912173487469
            ],
            [
              36.77487177517132,
              -1.3163912173487469
            ],
            [
              36.77487177517132,
              -1.3167505434623945
            ],
            [
              36.77505143822815,
              -1.3167505434623945
            ],
            [
              36.77505143822815,
              -1.3169302065192185
            ],
            [
              36.775770090455445,
              -1.3169302065192185
            ],
            [
              36.775770090455445,
              -1.3171098695760424
            ],
            [
              36.777207394910036,
              -1.3171098695760424
            ],
            [
              36.777207394910036,
              -1.3172895326328664
            ],
            [
              36.777387057966855,
              -1.3172895326328664
            ],
            [
              36.777387057966855,
              -1.3171098695760424
            ],
            [
              36.7784650363078,
              -1.3171098695760424
            ],
            [
              36.7784650363078,
              -1.3172895326328664
            ],
            [
              36.77864469936463,
              -1.3172895326328664
            ],
            [
              36.77864469936463,
              -1.3171098695760424
            ],
            [
              36.7784650363078,
              -1.3171098695760424
            ],
            [
              36.7784650363078,
              -1.3167505434623945
            ],
            [
              36.77864469936463,
              -1.3167505434623945
            ],
            [
              36.77864469936463,
              -1.3163912173487469
            ],
            [
              36.778824362421446,
              -1.3163912173487469
            ],
            [
              36.778824362421446,
              -1.3167505434623945
            ],
            [
              36.77900402547827,
              -1.3167505434623945
            ],
            [
              36.77900402547827,
              -1.3169302065192185
            ],
            [
              36.7791836885351,
              -1.3169302065192185
            ],
            [
              36.7791836885351,
              -1.3171098695760424
            ],
            [
              36.77936335159192,
              -1.3171098695760424
            ],
            [
              36.77936335159192,
              -1.3172895326328664
            ],
            [
              36.77972267770557,
              -1.3172895326328664
            ],
            [
              36.77972267770557,
              -1.3171098695760424
            ],
            [
              36.77990234076239,
              -1.3171098695760424
            ],
            [
              36.77990234076239,
              -1.3169302065192185
            ],
            [
              36.78080065604651,
              -1.3169302065192185
            ],
            [
              36.78080065604651,
              -1.3167505434623945
            ],
            [
              36.78115998216016,
              -1.3167505434623945
            ],
            [
              36.78115998216016,
              -1.3165708804055707
            ],
            [
              36.78151930827381,
              -1.3165708804055707
            ],
            [
              36.78151930827381,
              -1.3163912173487469
            ],
            [
              36.781698971330634,
              -1.3163912173487469
            ],
            [
              36.781698971330634,
              -1.3162115542919228
            ],
            [
              36.78187863438745,
              -1.3162115542919228
            ],
            [
              36.78187863438745,
              -1.3156725651214511
            ],
            [
              36.78205829744428,
              -1.3156725651214511
            ],
            [
              36.78205829744428,
              -1.3154929020646273
            ],
            [
              36.78259728661475,
              -1.3154929020646273
            ],
            [
              36.78259728661475,
              -1.3156725651214511
            ],
            [
              36.783136275785225,
              -1.3156725651214511
            ],
            [
              36.783136275785225,
              -1.315852228178275
            ],
            [
              36.78349560189887,
              -1.315852228178275
            ],
            [
              36.78349560189887,
              -1.316031891235099
            ],
            [
              36.78439391718299,
              -1.316031891235099
            ],
            [
              36.78439391718299,
              -1.3156725651214511
            ],
            [
              36.784573580239815,
              -1.3156725651214511
            ],
            [
              36.784573580239815,
              -1.3153132390078033
            ],
            [
              36.784753243296635,
              -1.3153132390078033
            ],
            [
              36.784753243296635,
              -1.3151335759509795
            ],
            [
              36.78529223246711,
              -1.3151335759509795
            ],
            [
              36.78529223246711,
              -1.3154929020646273
            ],
            [
              36.78565155858076,
              -1.3154929020646273
            ],
            [
              36.78565155858076,
              -1.3156725651214511
            ],
            [
              36.786010884694406,
              -1.3156725651214511
            ],
            [
              36.786010884694406,
              -1.3154929020646273
            ],
            [
              36.787448189148996,
              -1.3154929020646273
            ],
            [
              36.787448189148996,
              -1.3153132390078033
            ],
            [
              36.78762785220582,
              -1.3153132390078033
            ],
            [
              36.78762785220582,
              -1.3151335759509795
            ],
            [
              36.78780751526264,
              -1.3151335759509795
            ],
            [
              36.78780751526264,
              -1.3145945867805078
            ],
            [
              36.78798717831947,
              -1.3145945867805078
            ],
            [
              36.78798717831947,
              -1.31423526066686
            ],
            [
              36.78816684137629,
              -1.31423526066686
            ],
            [
              36.78816684137629,
              -1.314055597610036
            ],
            [
              36.788346504433115,
              -1.314055597610036
            ],
            [
              36.788346504433115,
              -1.313875934553212
            ],
            [
              36.78852616748994,
              -1.313875934553212
            ],
            [
              36.78852616748994,
              -1.3135166084395644
            ],
            [
              36.78870583054676,
              -1.3135166084395644
            ],
            [
              36.78870583054676,
              -1.313875934553212
            ],
            [
              36.78888549360359,
              -1.313875934553212
            ],
            [
              36.78888549360359,
              -1.3136962714963882
            ],
            [
              36.78906515666041,
              -1.3136962714963882
            ],
            [
              36.78906515666041,
              -1.3135166084395644
            ],
            [
              36.78924481971723,
              -1.3135166084395644
            ],
            [
              36.78924481971723,
              -1.313875934553212
            ],
            [
              36.789604145830886,
              -1.313875934553212
            ],
            [
              36.789604145830886,
              -1.314055597610036
            ],
            [
              36.79014313500135,
              -1.314055597610036
            ],
            [
              36.79014313500135,
              -1.3136962714963882
            ],
            [
              36.79032279805818,
              -1.3136962714963882
            ],
            [
              36.79032279805818,
              -1.313875934553212
            ],
            [
              36.790502461115004,
              -1.313875934553212
            ],
            [
              36.790502461115004,
              -1.3136962714963882
            ],
            [
              36.79068212417182,
              -1.3136962714963882
            ],
            [
              36.79068212417182,
              -1.313875934553212
            ],
            [
              36.79086178722865,
              -1.313875934553212
            ],
            [
              36.79086178722865,
              -1.31423526066686
            ],
            [
              36.791041450285476,
              -1.31423526066686
            ],
            [
              36.791041450285476,
              -1.3144149237236837
            ],
            [
              36.79086178722865,
              -1.3144149237236837
            ],
            [
              36.79086178722865,
              -1.3145945867805078
            ],
            [
              36.79068212417182,
              -1.3145945867805078
            ],
            [
              36.79068212417182,
              -1.3156725651214511
            ],
            [
              36.79086178722865,
              -1.3156725651214511
            ],
            [
              36.79086178722865,
              -1.315852228178275
            ],
            [
              36.79176010251277,
              -1.315852228178275
            ],
            [
              36.79176010251277,
              -1.316031891235099
            ],
            [
              36.791939765569595,
              -1.316031891235099
            ],
            [
              36.791939765569595,
              -1.315852228178275
            ],
            [
              36.792658417796886,
              -1.315852228178275
            ],
            [
              36.792658417796886,
              -1.3156725651214511
            ],
            [
              36.793377070024185,
              -1.3156725651214511
            ],
            [
              36.793377070024185,
              -1.316031891235099
            ],
            [
              36.79319740696736,
              -1.316031891235099
            ],
            [
              36.79319740696736,
              -1.3163912173487469
            ],
            [
              36.792658417796886,
              -1.3163912173487469
            ],
            [
              36.792658417796886,
              -1.3165708804055707
            ],
            [
              36.79247875474007,
              -1.3165708804055707
            ],
            [
              36.79247875474007,
              -1.3167505434623945
            ],
            [
              36.79229909168324,
              -1.3167505434623945
            ],
            [
              36.79229909168324,
              -1.3169302065192185
            ],
            [
              36.792119428626414,
              -1.3169302065192185
            ],
            [
              36.792119428626414,
              -1.3174691956896902
            ],
            [
              36.79229909168324,
              -1.3174691956896902
            ],
            [
              36.79229909168324,
              -1.317648858746514
            ],
            [
              36.79247875474007,
              -1.317648858746514
            ],
            [
              36.79247875474007,
              -1.317828521803338
            ],
            [
              36.79301774391054,
              -1.317828521803338
            ],
            [
              36.79301774391054,
              -1.318008184860162
            ],
            [
              36.79319740696736,
              -1.318008184860162
            ],
            [
              36.79319740696736,
              -1.317828521803338
            ],
            [
              36.79355673308101,
              -1.317828521803338
            ],
            [
              36.79355673308101,
              -1.318008184860162
            ],
            [
              36.79373639613783,
              -1.318008184860162
            ],
            [
              36.79373639613783,
              -1.3181878479169857
            ],
            [
              36.79391605919466,
              -1.3181878479169857
            ],
            [
              36.79391605919466,
              -1.3183675109738098
            ],
            [
              36.7942753853083,
              -1.3183675109738098
            ],
            [
              36.7942753853083,
              -1.3187268370874576
            ],
            [
              36.79463471142195,
              -1.3187268370874576
            ],
            [
              36.79463471142195,
              -1.3189065001442815
            ],
            [
              36.794814374478776,
              -1.3189065001442815
            ],
            [
              36.794814374478776,
              -1.3190861632011053
            ],
            [
              36.79535336364925,
              -1.3190861632011053
            ],
            [
              36.79535336364925,
              -1.3189065001442815
            ],
            [
              36.795533026706075,
              -1.3189065001442815
            ],
            [
              36.795533026706075,
              -1.3187268370874576
            ],
            [
              36.79589235281972,
              -1.3187268370874576
            ],
            [
              36.79589235281972,
              -1.3185471740306336
            ],
            [
              36.79607201587655,
              -1.3185471740306336
            ],
            [
              36.79607201587655,
              -1.3181878479169857
            ],
            [
              36.796251678933366,
              -1.3181878479169857
            ],
            [
              36.796251678933366,
              -1.317828521803338
            ],
            [
              36.79643134199019,
              -1.317828521803338
            ],
            [
              36.79643134199019,
              -1.317648858746514
            ],
            [
              36.79679066810384,
              -1.317648858746514
            ],
            [
              36.79679066810384,
              -1.317828521803338
            ],
            [
              36.796970331160665,
              -1.317828521803338
            ],
            [
              36.796970331160665,
              -1.318008184860162
            ],
            [
              36.79679066810384,
              -1.318008184860162
            ],
            [
              36.79679066810384,
              -1.3181878479169857
            ],
            [
              36.796970331160665,
              -1.3181878479169857
            ],
            [
              36.796970331160665,
              -1.3185471740306336
            ],
            [
              36.79768898338796,
              -1.3185471740306336
            ],
            [
              36.79768898338796,
              -1.3187268370874576
            ],
            [
              36.798587298672075,
              -1.3187268370874576
            ],
            [
              36.798587298672075,
              -1.3185471740306336
            ],
            [
              36.7987669617289,
              -1.3185471740306336
            ],
            [
              36.7987669617289,
              -1.3183675109738098
            ],
            [
              36.79894662478573,
              -1.3183675109738098
            ],
            [
              36.79894662478573,
              -1.3181878479169857
            ],
            [
              36.799305950899374,
              -1.3181878479169857
            ],
            [
              36.799305950899374,
              -1.317648858746514
            ],
            [
              36.7994856139562,
              -1.317648858746514
            ],
            [
              36.7994856139562,
              -1.3174691956896902
            ],
            [
              36.79966527701302,
              -1.3174691956896902
            ],
            [
              36.79966527701302,
              -1.3172895326328664
            ],
            [
              36.799844940069846,
              -1.3172895326328664
            ],
            [
              36.799844940069846,
              -1.3169302065192185
            ],
            [
              36.79966527701302,
              -1.3169302065192185
            ],
            [
              36.79966527701302,
              -1.3167505434623945
            ],
            [
              36.7994856139562,
              -1.3167505434623945
            ],
            [
              36.7994856139562,
              -1.3165708804055707
            ],
            [
              36.799305950899374,
              -1.3165708804055707
            ],
            [
              36.799305950899374,
              -1.3163912173487469
            ],
            [
              36.79912628784255,
              -1.3163912173487469
            ],
            [
              36.79912628784255,
              -1.3162115542919228
            ],
            [
              36.7987669617289,
              -1.3162115542919228
            ],
            [
              36.7987669617289,
              -1.315852228178275
            ],
            [
              36.79822797255843,
              -1.315852228178275
            ],
            [
              36.79822797255843,
              -1.3156725651214511
            ],
            [
              36.798407635615256,
              -1.3156725651214511
            ],
            [
              36.798407635615256,
              -1.3154929020646273
            ],
            [
              36.7987669617289,
              -1.3154929020646273
            ],
            [
              36.7987669617289,
              -1.3153132390078033
            ],
            [
              36.799305950899374,
              -1.3153132390078033
            ],
            [
              36.799305950899374,
              -1.3151335759509795
            ],
            [
              36.7994856139562,
              -1.3151335759509795
            ],
            [
              36.7994856139562,
              -1.3149539128941556
            ],
            [
              36.79966527701302,
              -1.3149539128941556
            ],
            [
              36.79966527701302,
              -1.3136962714963882
            ],
            [
              36.799844940069846,
              -1.3136962714963882
            ],
            [
              36.799844940069846,
              -1.3135166084395644
            ],
            [
              36.79966527701302,
              -1.3135166084395644
            ],
            [
              36.79966527701302,
              -1.3129776192690925
            ],
            [
              36.7994856139562,
              -1.3129776192690925
            ],
            [
              36.7994856139562,
              -1.3127979562122687
            ],
            [
              36.799305950899374,
              -1.3127979562122687
            ],
            [
              36.799305950899374,
              -1.3124386300986208
            ],
            [
              36.79912628784255,
              -1.3124386300986208
            ],
            [
              36.79912628784255,
              -1.312258967041797
            ],
            [
              36.79894662478573,
              -1.312258967041797
            ],
            [
              36.79894662478573,
              -1.3120793039849732
            ],
            [
              36.7987669617289,
              -1.3120793039849732
            ],
            [
              36.7987669617289,
              -1.3118996409281491
            ],
            [
              36.798587298672075,
              -1.3118996409281491
            ],
            [
              36.798587298672075,
              -1.3117199778713253
            ],
            [
              36.79786864644478,
              -1.3117199778713253
            ],
            [
              36.79786864644478,
              -1.3115403148145013
            ],
            [
              36.79750932033114,
              -1.3115403148145013
            ],
            [
              36.79750932033114,
              -1.3113606517576775
            ],
            [
              36.797149994217484,
              -1.3113606517576775
            ],
            [
              36.797149994217484,
              -1.3111809887008536
            ],
            [
              36.79661100504701,
              -1.3111809887008536
            ],
            [
              36.79661100504701,
              -1.3113606517576775
            ],
            [
              36.79643134199019,
              -1.3113606517576775
            ],
            [
              36.79643134199019,
              -1.312258967041797
            ],
            [
              36.796251678933366,
              -1.312258967041797
            ],
            [
              36.796251678933366,
              -1.3124386300986208
            ],
            [
              36.79607201587655,
              -1.3124386300986208
            ],
            [
              36.79607201587655,
              -1.3126182931554449
            ],
            [
              36.795712689762894,
              -1.3126182931554449
            ],
            [
              36.795712689762894,
              -1.3129776192690925
            ],
            [
              36.79607201587655,
              -1.3129776192690925
            ],
            [
              36.79607201587655,
              -1.3133369453827404
            ],
            [
              36.79589235281972,
              -1.3133369453827404
            ],
            [
              36.79589235281972,
              -1.3135166084395644
            ],
            [
              36.795533026706075,
              -1.3135166084395644
            ],
            [
              36.795533026706075,
              -1.3136962714963882
            ],
            [
              36.79517370059242,
              -1.3136962714963882
            ],
            [
              36.79517370059242,
              -1.3131572823259166
            ],
            [
              36.79535336364925,
              -1.3131572823259166
            ],
            [
              36.79535336364925,
              -1.3129776192690925
            ],
            [
              36.795533026706075,
              -1.3129776192690925
            ],
            [
              36.795533026706075,
              -1.312258967041797
            ],
            [
              36.79535336364925,
              -1.312258967041797
            ],
            [
              36.79535336364925,
              -1.3120793039849732
            ],
            [
              36.79517370059242,
              -1.3120793039849732
            ],
            [
              36.79517370059242,
              -1.3117199778713253
            ],
            [
              36.79535336364925,
              -1.3117199778713253
            ],
            [
              36.79535336364925,
              -1.3115403148145013
            ],
            [
              36.79517370059242,
              -1.3115403148145013
            ],
            [
              36.79517370059242,
              -1.3111809887008536
            ],
            [
              36.7949940375356,
              -1.3111809887008536
            ],
            [
              36.7949940375356,
              -1.3110013256440296
            ],
            [
              36.79445504836513,
              -1.3110013256440296
            ],
            [
              36.79445504836513,
              -1.3108216625872058
            ],
            [
              36.7942753853083,
              -1.3108216625872058
            ],
            [
              36.7942753853083,
              -1.3106419995303817
            ],
            [
              36.79391605919466,
              -1.3106419995303817
            ],
            [
              36.79391605919466,
              -1.310282673416734
            ],
            [
              36.79301774391054,
              -1.310282673416734
            ],
            [
              36.79301774391054,
              -1.31010301035991
            ],
            [
              36.792658417796886,
              -1.31010301035991
            ],
            [
              36.792658417796886,
              -1.3099233473030862
            ],
            [
              36.79229909168324,
              -1.3099233473030862
            ],
            [
              36.79229909168324,
              -1.3097436842462624
            ],
            [
              36.79158043945595,
              -1.3097436842462624
            ],
            [
              36.79158043945595,
              -1.3099233473030862
            ],
            [
              36.79140077639912,
              -1.3099233473030862
            ],
            [
              36.79140077639912,
              -1.31010301035991
            ],
            [
              36.791041450285476,
              -1.31010301035991
            ],
            [
              36.791041450285476,
              -1.310282673416734
            ],
            [
              36.79014313500135,
              -1.310282673416734
            ],
            [
              36.79014313500135,
              -1.310462336473558
            ],
            [
              36.789783808887705,
              -1.310462336473558
            ],
            [
              36.789783808887705,
              -1.3106419995303817
            ],
            [
              36.78924481971723,
              -1.3106419995303817
            ],
            [
              36.78924481971723,
              -1.3108216625872058
            ],
            [
              36.78888549360359,
              -1.3108216625872058
            ],
            [
              36.78888549360359,
              -1.3110013256440296
            ],
            [
              36.78816684137629,
              -1.3110013256440296
            ],
            [
              36.78816684137629,
              -1.3108216625872058
            ],
            [
              36.78780751526264,
              -1.3108216625872058
            ],
            [
              36.78780751526264,
              -1.310462336473558
            ],
            [
              36.78798717831947,
              -1.310462336473558
            ],
            [
              36.78798717831947,
              -1.310282673416734
            ],
            [
              36.78816684137629,
              -1.310282673416734
            ],
            [
              36.78816684137629,
              -1.31010301035991
            ],
            [
              36.78852616748994,
              -1.31010301035991
            ],
            [
              36.78852616748994,
              -1.3097436842462624
            ],
            [
              36.78888549360359,
              -1.3097436842462624
            ],
            [
              36.78888549360359,
              -1.3095640211894384
            ],
            [
              36.78996347194453,
              -1.3095640211894384
            ],
            [
              36.78996347194453,
              -1.3093843581326146
            ],
            [
              36.79032279805818,
              -1.3093843581326146
            ],
            [
              36.79032279805818,
              -1.3092046950757905
            ],
            [
              36.790502461115004,
              -1.3092046950757905
            ],
            [
              36.790502461115004,
              -1.3088453689621429
            ],
            [
              36.789783808887705,
              -1.3088453689621429
            ],
            [
              36.789783808887705,
              -1.3086657059053188
            ],
            [
              36.789604145830886,
              -1.3086657059053188
            ],
            [
              36.789604145830886,
              -1.3090250320189667
            ],
            [
              36.78942448277406,
              -1.3090250320189667
            ],
            [
              36.78942448277406,
              -1.3088453689621429
            ],
            [
              36.78906515666041,
              -1.3088453689621429
            ],
            [
              36.78906515666041,
              -1.308486042848495
            ],
            [
              36.78924481971723,
              -1.308486042848495
            ],
            [
              36.78924481971723,
              -1.3083063797916712
            ],
            [
              36.789604145830886,
              -1.3083063797916712
            ],
            [
              36.789604145830886,
              -1.3081267167348472
            ],
            [
              36.789783808887705,
              -1.3081267167348472
            ],
            [
              36.789783808887705,
              -1.3079470536780233
            ],
            [
              36.789604145830886,
              -1.3079470536780233
            ],
            [
              36.789604145830886,
              -1.3077673906211993
            ],
            [
              36.78942448277406,
              -1.3077673906211993
            ],
            [
              36.78942448277406,
              -1.3074080645075516
            ],
            [
              36.78924481971723,
              -1.3074080645075516
            ],
            [
              36.78924481971723,
              -1.3072284014507276
            ],
            [
              36.78906515666041,
              -1.3072284014507276
            ],
            [
              36.78906515666041,
              -1.3070487383939038
            ],
            [
              36.78870583054676,
              -1.3070487383939038
            ],
            [
              36.78870583054676,
              -1.3068690753370797
            ],
            [
              36.78816684137629,
              -1.3068690753370797
            ],
            [
              36.78816684137629,
              -1.3070487383939038
            ],
            [
              36.78798717831947,
              -1.3070487383939038
            ],
            [
              36.78798717831947,
              -1.3068690753370797
            ],
            [
              36.78780751526264,
              -1.3068690753370797
            ],
            [
              36.78780751526264,
              -1.3070487383939038
            ],
            [
              36.78762785220582,
              -1.3070487383939038
            ],
            [
              36.78762785220582,
              -1.306689412280256
            ],
            [
              36.78726852609217,
              -1.306689412280256
            ],
            [
              36.78726852609217,
              -1.306509749223432
            ],
            [
              36.7867295369217,
              -1.306509749223432
            ],
            [
              36.7867295369217,
              -1.306689412280256
            ],
            [
              36.78654987386488,
              -1.306689412280256
            ],
            [
              36.78654987386488,
              -1.306509749223432
            ],
            [
              36.78637021080805,
              -1.306509749223432
            ],
            [
              36.78637021080805,
              -1.306689412280256
            ],
            [
              36.786190547751225,
              -1.306689412280256
            ],
            [
              36.786190547751225,
              -1.306509749223432
            ],
            [
              36.78565155858076,
              -1.306509749223432
            ],
            [
              36.78565155858076,
              -1.306330086166608
            ],
            [
              36.78493290635346,
              -1.306330086166608
            ]
          ],
          [
            [
              36.79391605919466,
              -1.3156725651214511
            ],
            [
              36.79373639613783,
              -1.3156725651214511
            ],
            [
              36.79373639613783,
              -1.315852228178275
            ],
            [
              36.79391605919466,
              -1.315852228178275
            ],
            [
              36.79391605919466,
              -1.3156725651214511
            ]
          ],
          [
            [
              36.79535336364925,
              -1.3156725651214511
            ],
            [
              36.79463471142195,
              -1.3156725651214511
            ],
            [
              36.79463471142195,
              -1.315852228178275
            ],
            [
              36.79445504836513,
              -1.315852228178275
            ],
            [
              36.79445504836513,
              -1.316031891235099
            ],
            [
              36.795533026706075,
              -1.316031891235099
            ],
            [
              36.795533026706075,
              -1.315852228178275
            ],
            [
              36.79535336364925,
              -1.315852228178275
            ],
            [
              36.79535336364925,
              -1.3156725651214511
            ]
          ],
          [
            [
              36.79768898338796,
              -1.313875934553212
            ],
            [
              36.797149994217484,
              -1.313875934553212
            ],
            [
              36.797149994217484,
              -1.31423526066686
            ],
            [
              36.796970331160665,
              -1.31423526066686
            ],
            [
              36.796970331160665,
              -1.3144149237236837
            ],
            [
              36.79679066810384,
              -1.3144149237236837
            ],
            [
              36.79679066810384,
              -1.3151335759509795
            ],
            [
              36.79643134199019,
              -1.3151335759509795
            ],
            [
              36.79643134199019,
              -1.3153132390078033
            ],
            [
              36.79589235281972,
              -1.3153132390078033
            ],
            [
              36.79589235281972,
              -1.3154929020646273
            ],
            [
              36.795712689762894,
              -1.3154929020646273
            ],
            [
              36.795712689762894,
              -1.3156725651214511
            ],
            [
              36.79643134199019,
              -1.3156725651214511
            ],
            [
              36.79643134199019,
              -1.3154929020646273
            ],
            [
              36.79661100504701,
              -1.3154929020646273
            ],
            [
              36.79661100504701,
              -1.3153132390078033
            ],
            [
              36.796970331160665,
              -1.3153132390078033
            ],
            [
              36.796970331160665,
              -1.3154929020646273
            ],
            [
              36.79768898338796,
              -1.3154929020646273
            ],
            [
              36.79768898338796,
              -1.313875934553212
            ]
          ],
          [
            [
              36.79140077639912,
              -1.3108216625872058
            ],
            [
              36.79086178722865,
              -1.3108216625872058
            ],
            [
              36.79086178722865,
              -1.3110013256440296
            ],
            [
              36.791041450285476,
              -1.3110013256440296
            ],
            [
              36.791041450285476,
              -1.3111809887008536
            ],
            [
              36.79068212417182,
              -1.3111809887008536
            ],
            [
              36.79068212417182,
              -1.3115403148145013
            ],
            [
              36.790502461115004,
              -1.3115403148145013
            ],
            [
              36.790502461115004,
              -1.3120793039849732
            ],
            [
              36.79032279805818,
              -1.3120793039849732
            ],
            [
              36.79032279805818,
              -1.3124386300986208
            ],
            [
              36.790502461115004,
              -1.3124386300986208
            ],
            [
              36.790502461115004,
              -1.3127979562122687
            ],
            [
              36.79086178722865,
              -1.3127979562122687
            ],
            [
              36.79086178722865,
              -1.3129776192690925
            ],
            [
              36.791041450285476,
              -1.3129776192690925
            ],
            [
              36.791041450285476,
              -1.3127979562122687
            ],
            [
              36.79158043945595,
              -1.3127979562122687
            ],
            [
              36.79158043945595,
              -1.3131572823259166
            ],
            [
              36.79176010251277,
              -1.3131572823259166
            ],
            [
              36.79176010251277,
              -1.3133369453827404
            ],
            [
              36.791939765569595,
              -1.3133369453827404
            ],
            [
              36.791939765569595,
              -1.3135166084395644
            ],
            [
              36.792119428626414,
              -1.3135166084395644
            ],
            [
              36.792119428626414,
              -1.3136962714963882
            ],
            [
              36.79229909168324,
              -1.3136962714963882
            ],
            [
              36.79229909168324,
              -1.313875934553212
            ],
            [
              36.79247875474007,
              -1.313875934553212
            ],
            [
              36.79247875474007,
              -1.314055597610036
            ],
            [
              36.79283808085371,
              -1.314055597610036
            ],
            [
              36.79283808085371,
              -1.31423526066686
            ],
            [
              36.79319740696736,
              -1.31423526066686
            ],
            [
              36.79319740696736,
              -1.3144149237236837
            ],
            [
              36.79355673308101,
              -1.3144149237236837
            ],
            [
              36.79355673308101,
              -1.31423526066686
            ],
            [
              36.79391605919466,
              -1.31423526066686
            ],
            [
              36.79391605919466,
              -1.314055597610036
            ],
            [
              36.794095722251484,
              -1.314055597610036
            ],
            [
              36.794095722251484,
              -1.3135166084395644
            ],
            [
              36.79391605919466,
              -1.3135166084395644
            ],
            [
              36.79391605919466,
              -1.3131572823259166
            ],
            [
              36.79373639613783,
              -1.3131572823259166
            ],
            [
              36.79373639613783,
              -1.3129776192690925
            ],
            [
              36.79355673308101,
              -1.3129776192690925
            ],
            [
              36.79355673308101,
              -1.3124386300986208
            ],
            [
              36.793377070024185,
              -1.3124386300986208
            ],
            [
              36.793377070024185,
              -1.312258967041797
            ],
            [
              36.79319740696736,
              -1.312258967041797
            ],
            [
              36.79319740696736,
              -1.3120793039849732
            ],
            [
              36.79176010251277,
              -1.3120793039849732
            ],
            [
              36.79176010251277,
              -1.3118996409281491
            ],
            [
              36.79158043945595,
              -1.3118996409281491
            ],
            [
              36.79158043945595,
              -1.3117199778713253
            ],
            [
              36.79140077639912,
              -1.3117199778713253
            ],
            [
              36.79140077639912,
              -1.3113606517576775
            ],
            [
              36.79158043945595,
              -1.3113606517576775
            ],
            [
              36.79158043945595,
              -1.3111809887008536
            ],
            [
              36.79140077639912,
              -1.3111809887008536
            ],
            [
              36.79140077639912,
              -1.3108216625872058
            ]
          ],
          [
            [
              36.78637021080805,
              -1.3092046950757905
            ],
            [
              36.786190547751225,
              -1.3092046950757905
            ],
            [
              36.786190547751225,
              -1.3093843581326146
            ],
            [
              36.78637021080805,
              -1.3093843581326146
            ],
            [
              36.78637021080805,
              -1.3092046950757905
            ]
          ],
          [
            [
              36.78708886303535,
              -1.3086657059053188
            ],
            [
              36.7867295369217,
              -1.3086657059053188
            ],
            [
              36.7867295369217,
              -1.3088453689621429
            ],
            [
              36.78637021080805,
              -1.3088453689621429
            ],
            [
              36.78637021080805,
              -1.3092046950757905
            ],
            [
              36.7867295369217,
              -1.3092046950757905
            ],
            [
              36.7867295369217,
              -1.3093843581326146
            ],
            [
              36.78708886303535,
              -1.3093843581326146
            ],
            [
              36.78708886303535,
              -1.3092046950757905
            ],
            [
              36.78726852609217,
              -1.3092046950757905
            ],
            [
              36.78726852609217,
              -1.3088453689621429
            ],
            [
              36.78708886303535,
              -1.3088453689621429
            ],
            [
              36.78708886303535,
              -1.3086657059053188
            ]
          ],
          [
            [
              36.78654987386488,
              -1.3079470536780233
            ],
            [
              36.78637021080805,
              -1.3079470536780233
            ],
            [
              36.78637021080805,
              -1.3081267167348472
            ],
            [
              36.78654987386488,
              -1.3081267167348472
            ],
            [
              36.78654987386488,
              -1.3079470536780233
            ]
          ],
          [
            [
              36.7867295369217,
              -1.3075877275643755
            ],
            [
              36.78654987386488,
              -1.3075877275643755
            ],
            [
              36.78654987386488,
              -1.3077673906211993
            ],
            [
              36.7867295369217,
              -1.3077673906211993
            ],
            [
              36.7867295369217,
              -1.3075877275643755
            ]
          ],
          [
            [
              36.78780751526264,
              -1.3072284014507276
            ],
            [
              36.78762785220582,
              -1.3072284014507276
            ],
            [
              36.78762785220582,
              -1.3074080645075516
            ],
            [
              36.78780751526264,
              -1.3074080645075516
            ],
            [
              36.78780751526264,
              -1.3072284014507276
            ]
          ]
        ]
      },
      "id": "+204747-7272",
      "properties": {
        "area_ha": 129.8350443292672,
        "area_m2": 1298350.443292672,
        "class": 0,
        "count": 3254
      }
    },
    {
      "type": "Feature",
      "geometry": {
        "geodesic": false,
        "type": "Polygon",
        "coordinates": [
          [
            [
              36.84691666095771,
              -1.313875934553212
            ],
            [
              36.847635313185,
              -1.313875934553212
            ],
            [
              36.847635313185,
              -1.3136962714963882
            ],
            [
              36.84853362846912,
              -1.3136962714963882
            ],
            [
              36.84853362846912,
              -1.313875934553212
            ],
            [
              36.84871329152595,
              -1.313875934553212
            ],
            [
              36.84871329152595,
              -1.314055597610036
            ],
            [
              36.84889295458277,
              -1.314055597610036
            ],
            [
              36.84889295458277,
              -1.31423526066686
            ],
            [
              36.84925228069642,
              -1.31423526066686
            ],
            [
              36.84925228069642,
              -1.314055597610036
            ],
            [
              36.849611606810065,
              -1.314055597610036
            ],
            [
              36.849611606810065,
              -1.3135166084395644
            ],
            [
              36.850330259037364,
              -1.3135166084395644
            ],
            [
              36.850330259037364,
              -1.3136962714963882
            ],
            [
              36.85050992209418,
              -1.3136962714963882
            ],
            [
              36.85050992209418,
              -1.3135166084395644
            ],
            [
              36.85068958515101,
              -1.3135166084395644
            ],
            [
              36.85068958515101,
              -1.3133369453827404
            ],
            [
              36.850869248207836,
              -1.3133369453827404
            ],
            [
              36.850869248207836,
              -1.3131572823259166
            ],
            [
              36.851048911264655,
              -1.3131572823259166
            ],
            [
              36.851048911264655,
              -1.3129776192690925
            ],
            [
              36.850869248207836,
              -1.3129776192690925
            ],
            [
              36.850869248207836,
              -1.3127979562122687
            ],
            [
              36.85068958515101,
              -1.3127979562122687
            ],
            [
              36.85068958515101,
              -1.3126182931554449
            ],
            [
              36.85050992209418,
              -1.3126182931554449
            ],
            [
              36.85050992209418,
              -1.3124386300986208
            ],
            [
              36.84997093292372,
              -1.3124386300986208
            ],
            [
              36.84997093292372,
              -1.312258967041797
            ],
            [
              36.849611606810065,
              -1.312258967041797
            ],
            [
              36.849611606810065,
              -1.3126182931554449
            ],
            [
              36.849431943753245,
              -1.3126182931554449
            ],
            [
              36.849431943753245,
              -1.3127979562122687
            ],
            [
              36.84907261763959,
              -1.3127979562122687
            ],
            [
              36.84907261763959,
              -1.3126182931554449
            ],
            [
              36.84889295458277,
              -1.3126182931554449
            ],
            [
              36.84889295458277,
              -1.312258967041797
            ],
            [
              36.84871329152595,
              -1.312258967041797
            ],
            [
              36.84871329152595,
              -1.3120793039849732
            ],
            [
              36.84853362846912,
              -1.3120793039849732
            ],
            [
              36.84853362846912,
              -1.3118996409281491
            ],
            [
              36.847275987071356,
              -1.3118996409281491
            ],
            [
              36.847275987071356,
              -1.3117199778713253
            ],
            [
              36.84709632401453,
              -1.3117199778713253
            ],
            [
              36.84709632401453,
              -1.3115403148145013
            ],
            [
              36.84691666095771,
              -1.3115403148145013
            ],
            [
              36.84691666095771,
              -1.3111809887008536
            ],
            [
              36.84619800873041,
              -1.3111809887008536
            ],
            [
              36.84619800873041,
              -1.3110013256440296
            ],
            [
              36.84601834567359,
              -1.3110013256440296
            ],
            [
              36.84601834567359,
              -1.3108216625872058
            ],
            [
              36.845838682616765,
              -1.3108216625872058
            ],
            [
              36.845838682616765,
              -1.3110013256440296
            ],
            [
              36.84565901955994,
              -1.3110013256440296
            ],
            [
              36.84565901955994,
              -1.3108216625872058
            ],
            [
              36.84494036733265,
              -1.3108216625872058
            ],
            [
              36.84494036733265,
              -1.3106419995303817
            ],
            [
              36.844401378162175,
              -1.3106419995303817
            ],
            [
              36.844401378162175,
              -1.3108216625872058
            ],
            [
              36.84404205204853,
              -1.3108216625872058
            ],
            [
              36.84404205204853,
              -1.3110013256440296
            ],
            [
              36.84332339982123,
              -1.3110013256440296
            ],
            [
              36.84332339982123,
              -1.3111809887008536
            ],
            [
              36.843143736764404,
              -1.3111809887008536
            ],
            [
              36.843143736764404,
              -1.3115403148145013
            ],
            [
              36.842964073707584,
              -1.3115403148145013
            ],
            [
              36.842964073707584,
              -1.3124386300986208
            ],
            [
              36.843143736764404,
              -1.3124386300986208
            ],
            [
              36.843143736764404,
              -1.3126182931554449
            ],
            [
              36.84332339982123,
              -1.3126182931554449
            ],
            [
              36.84332339982123,
              -1.3127979562122687
            ],
            [
              36.843682725934876,
              -1.3127979562122687
            ],
            [
              36.843682725934876,
              -1.3126182931554449
            ],
            [
              36.8438623889917,
              -1.3126182931554449
            ],
            [
              36.8438623889917,
              -1.3124386300986208
            ],
            [
              36.84404205204853,
              -1.3124386300986208
            ],
            [
              36.84404205204853,
              -1.312258967041797
            ],
            [
              36.84422171510535,
              -1.312258967041797
            ],
            [
              36.84422171510535,
              -1.3120793039849732
            ],
            [
              36.844581041218994,
              -1.3120793039849732
            ],
            [
              36.844581041218994,
              -1.312258967041797
            ],
            [
              36.84494036733265,
              -1.312258967041797
            ],
            [
              36.84494036733265,
              -1.3124386300986208
            ],
            [
              36.84512003038947,
              -1.3124386300986208
            ],
            [
              36.84512003038947,
              -1.3127979562122687
            ],
            [
              36.84529969344629,
              -1.3127979562122687
            ],
            [
              36.84529969344629,
              -1.3131572823259166
            ],
            [
              36.84547935650312,
              -1.3131572823259166
            ],
            [
              36.84547935650312,
              -1.3133369453827404
            ],
            [
              36.84565901955994,
              -1.3133369453827404
            ],
            [
              36.84565901955994,
              -1.3135166084395644
            ],
            [
              36.845838682616765,
              -1.3135166084395644
            ],
            [
              36.845838682616765,
              -1.3136962714963882
            ],
            [
              36.84691666095771,
              -1.3136962714963882
            ],
            [
              36.84691666095771,
              -1.313875934553212
            ]
          ]
        ]
      },
      "id": "+205077-7296",
      "properties": {
        "area_ha": 17.15706514422557,
        "area_m2": 171570.6514422557,
        "class": 0,
        "count": 430
      }
    },
    {
      "type": "Feature",
      "geometry": {
        "geodesic": false,
        "type": "Polygon",
        "coordinates": [
          [
            [
              36.85140823737831,
              -1.2628516264152232
            ],
            [
              36.85140823737831,
              -1.2630312894720472
            ],
            [
              36.85068958515101,
              -1.2630312894720472
            ],
            [
              36.85068958515101,
              -1.2628516264152232
            ],
            [
              36.849611606810065,
              -1.2628516264152232
            ],
            [
              36.849611606810065,
              -1.2630312894720472
            ],
            [
              36.84925228069642,
              -1.2630312894720472
            ],
            [
              36.84925228069642,
              -1.2641092678129906
            ],
            [
              36.84979126986689,
              -1.2641092678129906
            ],
            [
              36.84979126986689,
              -1.2642889308698146
            ],
            [
              36.84997093292372,
              -1.2642889308698146
            ],
            [
              36.84997093292372,
              -1.2644685939266385
            ],
            [
              36.84979126986689,
              -1.2644685939266385
            ],
            [
              36.84979126986689,
              -1.2646482569834623
            ],
            [
              36.849611606810065,
              -1.2646482569834623
            ],
            [
              36.849611606810065,
              -1.2644685939266385
            ],
            [
              36.84889295458277,
              -1.2644685939266385
            ],
            [
              36.84889295458277,
              -1.2646482569834623
            ],
            [
              36.84871329152595,
              -1.2646482569834623
            ],
            [
              36.84871329152595,
              -1.2648279200402863
            ],
            [
              36.84853362846912,
              -1.2648279200402863
            ],
            [
              36.84853362846912,
              -1.265366909210758
            ],
            [
              36.84871329152595,
              -1.265366909210758
            ],
            [
              36.84871329152595,
              -1.2655465722675818
            ],
            [
              36.84889295458277,
              -1.2655465722675818
            ],
            [
              36.84889295458277,
              -1.2657262353244059
            ],
            [
              36.84907261763959,
              -1.2657262353244059
            ],
            [
              36.84907261763959,
              -1.2660855614380535
            ],
            [
              36.84925228069642,
              -1.2660855614380535
            ],
            [
              36.84925228069642,
              -1.2662652244948776
            ],
            [
              36.849431943753245,
              -1.2662652244948776
            ],
            [
              36.849431943753245,
              -1.2664448875517014
            ],
            [
              36.850330259037364,
              -1.2664448875517014
            ],
            [
              36.850330259037364,
              -1.2662652244948776
            ],
            [
              36.85050992209418,
              -1.2662652244948776
            ],
            [
              36.85050992209418,
              -1.2659058983812297
            ],
            [
              36.850869248207836,
              -1.2659058983812297
            ],
            [
              36.850869248207836,
              -1.2657262353244059
            ],
            [
              36.85122857432148,
              -1.2657262353244059
            ],
            [
              36.85122857432148,
              -1.2659058983812297
            ],
            [
              36.85158790043513,
              -1.2659058983812297
            ],
            [
              36.85158790043513,
              -1.2660855614380535
            ],
            [
              36.851767563491954,
              -1.2660855614380535
            ],
            [
              36.851767563491954,
              -1.2662652244948776
            ],
            [
              36.85230655266243,
              -1.2662652244948776
            ],
            [
              36.85230655266243,
              -1.2664448875517014
            ],
            [
              36.852486215719246,
              -1.2664448875517014
            ],
            [
              36.852486215719246,
              -1.266983876722173
            ],
            [
              36.85266587877607,
              -1.266983876722173
            ],
            [
              36.85266587877607,
              -1.267163539778997
            ],
            [
              36.85302520488972,
              -1.267163539778997
            ],
            [
              36.85302520488972,
              -1.266983876722173
            ],
            [
              36.853204867946545,
              -1.266983876722173
            ],
            [
              36.853204867946545,
              -1.2668042136653492
            ],
            [
              36.85302520488972,
              -1.2668042136653492
            ],
            [
              36.85302520488972,
              -1.2660855614380535
            ],
            [
              36.85374385711702,
              -1.2660855614380535
            ],
            [
              36.85374385711702,
              -1.2659058983812297
            ],
            [
              36.85392352017384,
              -1.2659058983812297
            ],
            [
              36.85392352017384,
              -1.2657262353244059
            ],
            [
              36.85410318323066,
              -1.2657262353244059
            ],
            [
              36.85410318323066,
              -1.2655465722675818
            ],
            [
              36.85446250934431,
              -1.2655465722675818
            ],
            [
              36.85446250934431,
              -1.2657262353244059
            ],
            [
              36.85482183545796,
              -1.2657262353244059
            ],
            [
              36.85482183545796,
              -1.2659058983812297
            ],
            [
              36.85518116157161,
              -1.2659058983812297
            ],
            [
              36.85518116157161,
              -1.2657262353244059
            ],
            [
              36.855360824628434,
              -1.2657262353244059
            ],
            [
              36.855360824628434,
              -1.2646482569834623
            ],
            [
              36.85554048768525,
              -1.2646482569834623
            ],
            [
              36.85554048768525,
              -1.2644685939266385
            ],
            [
              36.855360824628434,
              -1.2644685939266385
            ],
            [
              36.855360824628434,
              -1.2646482569834623
            ],
            [
              36.85446250934431,
              -1.2646482569834623
            ],
            [
              36.85446250934431,
              -1.2648279200402863
            ],
            [
              36.85410318323066,
              -1.2648279200402863
            ],
            [
              36.85410318323066,
              -1.2646482569834623
            ],
            [
              36.85392352017384,
              -1.2646482569834623
            ],
            [
              36.85392352017384,
              -1.2644685939266385
            ],
            [
              36.85374385711702,
              -1.2644685939266385
            ],
            [
              36.85374385711702,
              -1.2642889308698146
            ],
            [
              36.85356419406019,
              -1.2642889308698146
            ],
            [
              36.85356419406019,
              -1.2641092678129906
            ],
            [
              36.85302520488972,
              -1.2641092678129906
            ],
            [
              36.85302520488972,
              -1.2639296047561668
            ],
            [
              36.852486215719246,
              -1.2639296047561668
            ],
            [
              36.852486215719246,
              -1.2637499416993427
            ],
            [
              36.85266587877607,
              -1.2637499416993427
            ],
            [
              36.85266587877607,
              -1.263570278642519
            ],
            [
              36.8528455418329,
              -1.263570278642519
            ],
            [
              36.8528455418329,
              -1.263390615585695
            ],
            [
              36.853204867946545,
              -1.263390615585695
            ],
            [
              36.853204867946545,
              -1.2630312894720472
            ],
            [
              36.85266587877607,
              -1.2630312894720472
            ],
            [
              36.85266587877607,
              -1.2628516264152232
            ],
            [
              36.85140823737831,
              -1.2628516264152232
            ]
          ],
          [
            [
              36.8528455418329,
              -1.2662652244948776
            ],
            [
              36.85266587877607,
              -1.2662652244948776
            ],
            [
              36.85266587877607,
              -1.2664448875517014
            ],
            [
              36.8528455418329,
              -1.2664448875517014
            ],
            [
              36.8528455418329,
              -1.2662652244948776
            ]
          ],
          [
            [
              36.8521268896056,
              -1.2639296047561668
            ],
            [
              36.85158790043513,
              -1.2639296047561668
            ],
            [
              36.85158790043513,
              -1.2642889308698146
            ],
            [
              36.8521268896056,
              -1.2642889308698146
            ],
            [
              36.8521268896056,
              -1.2639296047561668
            ]
          ],
          [
            [
              36.850869248207836,
              -1.263570278642519
            ],
            [
              36.85050992209418,
              -1.263570278642519
            ],
            [
              36.85050992209418,
              -1.2637499416993427
            ],
            [
              36.850869248207836,
              -1.2637499416993427
            ],
            [
              36.850869248207836,
              -1.263570278642519
            ]
          ]
        ]
      },
      "id": "+205120-7030",
      "properties": {
        "area_ha": 19.870647098526476,
        "area_m2": 198706.47098526475,
        "class": 0,
        "count": 498
      }
    },
    {
      "type": "Feature",
      "geometry": {
        "geodesic": false,
        "type": "Polygon",
        "coordinates": [
          [
            [
              36.868296564719756,
              -1.257821060824154
            ],
            [
              36.868296564719756,
              -1.2587193761082736
            ],
            [
              36.86811690166293,
              -1.2587193761082736
            ],
            [
              36.86811690166293,
              -1.2585397130514495
            ],
            [
              36.86739824943563,
              -1.2585397130514495
            ],
            [
              36.86739824943563,
              -1.2583600499946257
            ],
            [
              36.867038923321985,
              -1.2583600499946257
            ],
            [
              36.867038923321985,
              -1.2585397130514495
            ],
            [
              36.86667959720834,
              -1.2585397130514495
            ],
            [
              36.86667959720834,
              -1.2580007238809778
            ],
            [
              36.86649993415151,
              -1.2580007238809778
            ],
            [
              36.86649993415151,
              -1.257821060824154
            ],
            [
              36.86614060803787,
              -1.257821060824154
            ],
            [
              36.86614060803787,
              -1.25764139776733
            ],
            [
              36.86506262969692,
              -1.25764139776733
            ],
            [
              36.86506262969692,
              -1.257821060824154
            ],
            [
              36.864703303583276,
              -1.257821060824154
            ],
            [
              36.864703303583276,
              -1.2581803869378019
            ],
            [
              36.86452364052645,
              -1.2581803869378019
            ],
            [
              36.86452364052645,
              -1.2583600499946257
            ],
            [
              36.864164314412804,
              -1.2583600499946257
            ],
            [
              36.864164314412804,
              -1.2590787022219214
            ],
            [
              36.86398465135598,
              -1.2590787022219214
            ],
            [
              36.86398465135598,
              -1.2585397130514495
            ],
            [
              36.86380498829916,
              -1.2585397130514495
            ],
            [
              36.86380498829916,
              -1.2583600499946257
            ],
            [
              36.86362532524233,
              -1.2583600499946257
            ],
            [
              36.86362532524233,
              -1.2581803869378019
            ],
            [
              36.86290667301503,
              -1.2581803869378019
            ],
            [
              36.86290667301503,
              -1.2580007238809778
            ],
            [
              36.86254734690139,
              -1.2580007238809778
            ],
            [
              36.86254734690139,
              -1.25764139776733
            ],
            [
              36.86164903161727,
              -1.25764139776733
            ],
            [
              36.86164903161727,
              -1.257821060824154
            ],
            [
              36.86146936856044,
              -1.257821060824154
            ],
            [
              36.86146936856044,
              -1.2580007238809778
            ],
            [
              36.86128970550362,
              -1.2580007238809778
            ],
            [
              36.86128970550362,
              -1.2581803869378019
            ],
            [
              36.861110042446796,
              -1.2581803869378019
            ],
            [
              36.861110042446796,
              -1.2583600499946257
            ],
            [
              36.86093037938997,
              -1.2583600499946257
            ],
            [
              36.86093037938997,
              -1.2587193761082736
            ],
            [
              36.86075071633315,
              -1.2587193761082736
            ],
            [
              36.86075071633315,
              -1.2590787022219214
            ],
            [
              36.860571053276324,
              -1.2590787022219214
            ],
            [
              36.860571053276324,
              -1.259438028335569
            ],
            [
              36.860391390219505,
              -1.259438028335569
            ],
            [
              36.860391390219505,
              -1.259797354449217
            ],
            [
              36.86021172716268,
              -1.259797354449217
            ],
            [
              36.86021172716268,
              -1.2599770175060407
            ],
            [
              36.85985240104903,
              -1.2599770175060407
            ],
            [
              36.85985240104903,
              -1.2601566805628648
            ],
            [
              36.859672737992206,
              -1.2601566805628648
            ],
            [
              36.859672737992206,
              -1.2603363436196886
            ],
            [
              36.85931341187856,
              -1.2603363436196886
            ],
            [
              36.85931341187856,
              -1.2605160066765126
            ],
            [
              36.85895408576491,
              -1.2605160066765126
            ],
            [
              36.85895408576491,
              -1.2608753327901603
            ],
            [
              36.85877442270809,
              -1.2608753327901603
            ],
            [
              36.85877442270809,
              -1.2610549958469843
            ],
            [
              36.85859475965126,
              -1.2610549958469843
            ],
            [
              36.85859475965126,
              -1.2612346589038081
            ],
            [
              36.85841509659444,
              -1.2612346589038081
            ],
            [
              36.85841509659444,
              -1.261414321960632
            ],
            [
              36.85805577048079,
              -1.261414321960632
            ],
            [
              36.85805577048079,
              -1.261593985017456
            ],
            [
              36.85715745519667,
              -1.261593985017456
            ],
            [
              36.85715745519667,
              -1.2617736480742798
            ],
            [
              36.856079476855726,
              -1.2617736480742798
            ],
            [
              36.856079476855726,
              -1.2619533111311039
            ],
            [
              36.85589981379891,
              -1.2619533111311039
            ],
            [
              36.85589981379891,
              -1.2621329741879277
            ],
            [
              36.85572015074208,
              -1.2621329741879277
            ],
            [
              36.85572015074208,
              -1.2623126372447515
            ],
            [
              36.85554048768525,
              -1.2623126372447515
            ],
            [
              36.85554048768525,
              -1.2621329741879277
            ],
            [
              36.855360824628434,
              -1.2621329741879277
            ],
            [
              36.855360824628434,
              -1.2619533111311039
            ],
            [
              36.85482183545796,
              -1.2619533111311039
            ],
            [
              36.85482183545796,
              -1.2617736480742798
            ],
            [
              36.854642172401135,
              -1.2617736480742798
            ],
            [
              36.854642172401135,
              -1.2619533111311039
            ],
            [
              36.85482183545796,
              -1.2619533111311039
            ],
            [
              36.85482183545796,
              -1.2621329741879277
            ],
            [
              36.85500149851478,
              -1.2621329741879277
            ],
            [
              36.85500149851478,
              -1.2623126372447515
            ],
            [
              36.85518116157161,
              -1.2623126372447515
            ],
            [
              36.85518116157161,
              -1.2624923003015756
            ],
            [
              36.855360824628434,
              -1.2624923003015756
            ],
            [
              36.855360824628434,
              -1.2630312894720472
            ],
            [
              36.85554048768525,
              -1.2630312894720472
            ],
            [
              36.85554048768525,
              -1.263390615585695
            ],
            [
              36.85572015074208,
              -1.263390615585695
            ],
            [
              36.85572015074208,
              -1.2637499416993427
            ],
            [
              36.856079476855726,
              -1.2637499416993427
            ],
            [
              36.856079476855726,
              -1.263570278642519
            ],
            [
              36.857516781310316,
              -1.263570278642519
            ],
            [
              36.857516781310316,
              -1.263390615585695
            ],
            [
              36.85805577048079,
              -1.263390615585695
            ],
            [
              36.85805577048079,
              -1.263210952528871
            ],
            [
              36.858235433537615,
              -1.263210952528871
            ],
            [
              36.858235433537615,
              -1.2624923003015756
            ],
            [
              36.85841509659444,
              -1.2624923003015756
            ],
            [
              36.85841509659444,
              -1.2623126372447515
            ],
            [
              36.85913374882173,
              -1.2623126372447515
            ],
            [
              36.85913374882173,
              -1.2621329741879277
            ],
            [
              36.86021172716268,
              -1.2621329741879277
            ],
            [
              36.86021172716268,
              -1.2623126372447515
            ],
            [
              36.86003206410585,
              -1.2623126372447515
            ],
            [
              36.86003206410585,
              -1.2626719633583994
            ],
            [
              36.85985240104903,
              -1.2626719633583994
            ],
            [
              36.85985240104903,
              -1.2628516264152232
            ],
            [
              36.859672737992206,
              -1.2628516264152232
            ],
            [
              36.859672737992206,
              -1.2637499416993427
            ],
            [
              36.85985240104903,
              -1.2637499416993427
            ],
            [
              36.85985240104903,
              -1.263570278642519
            ],
            [
              36.86021172716268,
              -1.263570278642519
            ],
            [
              36.86021172716268,
              -1.263390615585695
            ],
            [
              36.86093037938997,
              -1.263390615585695
            ],
            [
              36.86093037938997,
              -1.263210952528871
            ],
            [
              36.86236768384457,
              -1.263210952528871
            ],
            [
              36.86236768384457,
              -1.2630312894720472
            ],
            [
              36.86272700995821,
              -1.2630312894720472
            ],
            [
              36.86272700995821,
              -1.2628516264152232
            ],
            [
              36.86308633607186,
              -1.2628516264152232
            ],
            [
              36.86308633607186,
              -1.2626719633583994
            ],
            [
              36.863445662185505,
              -1.2626719633583994
            ],
            [
              36.863445662185505,
              -1.2624923003015756
            ],
            [
              36.86380498829916,
              -1.2624923003015756
            ],
            [
              36.86380498829916,
              -1.2621329741879277
            ],
            [
              36.863265999128686,
              -1.2621329741879277
            ],
            [
              36.863265999128686,
              -1.2619533111311039
            ],
            [
              36.86308633607186,
              -1.2619533111311039
            ],
            [
              36.86308633607186,
              -1.2617736480742798
            ],
            [
              36.86290667301503,
              -1.2617736480742798
            ],
            [
              36.86290667301503,
              -1.2610549958469843
            ],
            [
              36.86308633607186,
              -1.2610549958469843
            ],
            [
              36.86308633607186,
              -1.2608753327901603
            ],
            [
              36.863445662185505,
              -1.2608753327901603
            ],
            [
              36.863445662185505,
              -1.2606956697333365
            ],
            [
              36.86380498829916,
              -1.2606956697333365
            ],
            [
              36.86380498829916,
              -1.2605160066765126
            ],
            [
              36.86434397746963,
              -1.2605160066765126
            ],
            [
              36.86434397746963,
              -1.2601566805628648
            ],
            [
              36.864164314412804,
              -1.2601566805628648
            ],
            [
              36.864164314412804,
              -1.2590787022219214
            ],
            [
              36.864703303583276,
              -1.2590787022219214
            ],
            [
              36.864703303583276,
              -1.259438028335569
            ],
            [
              36.86506262969692,
              -1.259438028335569
            ],
            [
              36.86506262969692,
              -1.259617691392393
            ],
            [
              36.86542195581057,
              -1.259617691392393
            ],
            [
              36.86542195581057,
              -1.259797354449217
            ],
            [
              36.86578128192422,
              -1.259797354449217
            ],
            [
              36.86578128192422,
              -1.2599770175060407
            ],
            [
              36.86596094498104,
              -1.2599770175060407
            ],
            [
              36.86596094498104,
              -1.2601566805628648
            ],
            [
              36.86578128192422,
              -1.2601566805628648
            ],
            [
              36.86578128192422,
              -1.2603363436196886
            ],
            [
              36.86614060803787,
              -1.2603363436196886
            ],
            [
              36.86614060803787,
              -1.2605160066765126
            ],
            [
              36.86649993415151,
              -1.2605160066765126
            ],
            [
              36.86649993415151,
              -1.2603363436196886
            ],
            [
              36.86667959720834,
              -1.2603363436196886
            ],
            [
              36.86667959720834,
              -1.2601566805628648
            ],
            [
              36.867038923321985,
              -1.2601566805628648
            ],
            [
              36.867038923321985,
              -1.2603363436196886
            ],
            [
              36.86721858637881,
              -1.2603363436196886
            ],
            [
              36.86721858637881,
              -1.2605160066765126
            ],
            [
              36.86757791249246,
              -1.2605160066765126
            ],
            [
              36.86757791249246,
              -1.2606956697333365
            ],
            [
              36.8679372386061,
              -1.2606956697333365
            ],
            [
              36.8679372386061,
              -1.2605160066765126
            ],
            [
              36.868476227776576,
              -1.2605160066765126
            ],
            [
              36.868476227776576,
              -1.2601566805628648
            ],
            [
              36.868296564719756,
              -1.2601566805628648
            ],
            [
              36.868296564719756,
              -1.2599770175060407
            ],
            [
              36.86811690166293,
              -1.2599770175060407
            ],
            [
              36.86811690166293,
              -1.259797354449217
            ],
            [
              36.8679372386061,
              -1.259797354449217
            ],
            [
              36.8679372386061,
              -1.2599770175060407
            ],
            [
              36.867757575549284,
              -1.2599770175060407
            ],
            [
              36.867757575549284,
              -1.259797354449217
            ],
            [
              36.86739824943563,
              -1.259797354449217
            ],
            [
              36.86739824943563,
              -1.259617691392393
            ],
            [
              36.86721858637881,
              -1.259617691392393
            ],
            [
              36.86721858637881,
              -1.2592583652787452
            ],
            [
              36.86757791249246,
              -1.2592583652787452
            ],
            [
              36.86757791249246,
              -1.2590787022219214
            ],
            [
              36.867757575549284,
              -1.2590787022219214
            ],
            [
              36.867757575549284,
              -1.2588990391650974
            ],
            [
              36.8679372386061,
              -1.2588990391650974
            ],
            [
              36.8679372386061,
              -1.2587193761082736
            ],
            [
              36.86811690166293,
              -1.2587193761082736
            ],
            [
              36.86811690166293,
              -1.2590787022219214
            ],
            [
              36.8679372386061,
              -1.2590787022219214
            ],
            [
              36.8679372386061,
              -1.2592583652787452
            ],
            [
              36.86811690166293,
              -1.2592583652787452
            ],
            [
              36.86811690166293,
              -1.259438028335569
            ],
            [
              36.8679372386061,
              -1.259438028335569
            ],
            [
              36.8679372386061,
              -1.259617691392393
            ],
            [
              36.86811690166293,
              -1.259617691392393
            ],
            [
              36.86811690166293,
              -1.259438028335569
            ],
            [
              36.868296564719756,
              -1.259438028335569
            ],
            [
              36.868296564719756,
              -1.259797354449217
            ],
            [
              36.86883555389022,
              -1.259797354449217
            ],
            [
              36.86883555389022,
              -1.259617691392393
            ],
            [
              36.86901521694705,
              -1.259617691392393
            ],
            [
              36.86901521694705,
              -1.259438028335569
            ],
            [
              36.86973386917435,
              -1.259438028335569
            ],
            [
              36.86973386917435,
              -1.259617691392393
            ],
            [
              36.869913532231166,
              -1.259617691392393
            ],
            [
              36.869913532231166,
              -1.259438028335569
            ],
            [
              36.87027285834482,
              -1.259438028335569
            ],
            [
              36.87027285834482,
              -1.2590787022219214
            ],
            [
              36.870632184458465,
              -1.2590787022219214
            ],
            [
              36.870632184458465,
              -1.2588990391650974
            ],
            [
              36.870811847515284,
              -1.2588990391650974
            ],
            [
              36.870811847515284,
              -1.2587193761082736
            ],
            [
              36.87117117362894,
              -1.2587193761082736
            ],
            [
              36.87117117362894,
              -1.2585397130514495
            ],
            [
              36.87171016279941,
              -1.2585397130514495
            ],
            [
              36.87171016279941,
              -1.2583600499946257
            ],
            [
              36.87153049974258,
              -1.2583600499946257
            ],
            [
              36.87153049974258,
              -1.257821060824154
            ],
            [
              36.87224915196988,
              -1.257821060824154
            ],
            [
              36.87224915196988,
              -1.25764139776733
            ],
            [
              36.872967804197174,
              -1.25764139776733
            ],
            [
              36.872967804197174,
              -1.2574617347105062
            ],
            [
              36.87332713031082,
              -1.2574617347105062
            ],
            [
              36.87332713031082,
              -1.25764139776733
            ],
            [
              36.873506793367646,
              -1.25764139776733
            ],
            [
              36.873506793367646,
              -1.2574617347105062
            ],
            [
              36.87386611948129,
              -1.2574617347105062
            ],
            [
              36.87386611948129,
              -1.2572820716536823
            ],
            [
              36.87368645642447,
              -1.2572820716536823
            ],
            [
              36.87368645642447,
              -1.2571024085968583
            ],
            [
              36.873506793367646,
              -1.2571024085968583
            ],
            [
              36.873506793367646,
              -1.2565634194263866
            ],
            [
              36.87332713031082,
              -1.2565634194263866
            ],
            [
              36.87332713031082,
              -1.2567430824832106
            ],
            [
              36.87260847808353,
              -1.2567430824832106
            ],
            [
              36.87260847808353,
              -1.2563837563695628
            ],
            [
              36.87278814114035,
              -1.2563837563695628
            ],
            [
              36.87278814114035,
              -1.2562040933127387
            ],
            [
              36.87260847808353,
              -1.2562040933127387
            ],
            [
              36.87260847808353,
              -1.255665104142267
            ],
            [
              36.8724288150267,
              -1.255665104142267
            ],
            [
              36.8724288150267,
              -1.2553057780286194
            ],
            [
              36.87224915196988,
              -1.2553057780286194
            ],
            [
              36.87224915196988,
              -1.2549464519149716
            ],
            [
              36.872069488913056,
              -1.2549464519149716
            ],
            [
              36.872069488913056,
              -1.2553057780286194
            ],
            [
              36.87188982585623,
              -1.2553057780286194
            ],
            [
              36.87188982585623,
              -1.2554854410854432
            ],
            [
              36.87171016279941,
              -1.2554854410854432
            ],
            [
              36.87171016279941,
              -1.255665104142267
            ],
            [
              36.87153049974258,
              -1.255665104142267
            ],
            [
              36.87153049974258,
              -1.255844767199091
            ],
            [
              36.87171016279941,
              -1.255844767199091
            ],
            [
              36.87171016279941,
              -1.256024430255915
            ],
            [
              36.87117117362894,
              -1.256024430255915
            ],
            [
              36.87117117362894,
              -1.255665104142267
            ],
            [
              36.87099151057211,
              -1.255665104142267
            ],
            [
              36.87099151057211,
              -1.2549464519149716
            ],
            [
              36.87027285834482,
              -1.2549464519149716
            ],
            [
              36.87027285834482,
              -1.2553057780286194
            ],
            [
              36.87009319528799,
              -1.2553057780286194
            ],
            [
              36.87009319528799,
              -1.255665104142267
            ],
            [
              36.86973386917435,
              -1.255665104142267
            ],
            [
              36.86973386917435,
              -1.255844767199091
            ],
            [
              36.869374543060694,
              -1.255844767199091
            ],
            [
              36.869374543060694,
              -1.256024430255915
            ],
            [
              36.869194880003874,
              -1.256024430255915
            ],
            [
              36.869194880003874,
              -1.2562040933127387
            ],
            [
              36.86901521694705,
              -1.2562040933127387
            ],
            [
              36.86901521694705,
              -1.2565634194263866
            ],
            [
              36.86883555389022,
              -1.2565634194263866
            ],
            [
              36.86883555389022,
              -1.2567430824832106
            ],
            [
              36.8686558908334,
              -1.2567430824832106
            ],
            [
              36.8686558908334,
              -1.2569227455400345
            ],
            [
              36.868296564719756,
              -1.2569227455400345
            ],
            [
              36.868296564719756,
              -1.2571024085968583
            ],
            [
              36.8679372386061,
              -1.2571024085968583
            ],
            [
              36.8679372386061,
              -1.2572820716536823
            ],
            [
              36.86757791249246,
              -1.2572820716536823
            ],
            [
              36.86757791249246,
              -1.2571024085968583
            ],
            [
              36.86739824943563,
              -1.2571024085968583
            ],
            [
              36.86739824943563,
              -1.2572820716536823
            ],
            [
              36.86757791249246,
              -1.2572820716536823
            ],
            [
              36.86757791249246,
              -1.2574617347105062
            ],
            [
              36.86811690166293,
              -1.2574617347105062
            ],
            [
              36.86811690166293,
              -1.257821060824154
            ],
            [
              36.868296564719756,
              -1.257821060824154
            ]
          ],
          [
            [
              36.860571053276324,
              -1.2617736480742798
            ],
            [
              36.860391390219505,
              -1.2617736480742798
            ],
            [
              36.860391390219505,
              -1.2621329741879277
            ],
            [
              36.860571053276324,
              -1.2621329741879277
            ],
            [
              36.860571053276324,
              -1.2617736480742798
            ]
          ],
          [
            [
              36.86218802078774,
              -1.2603363436196886
            ],
            [
              36.861828694674095,
              -1.2603363436196886
            ],
            [
              36.861828694674095,
              -1.2612346589038081
            ],
            [
              36.86218802078774,
              -1.2612346589038081
            ],
            [
              36.86218802078774,
              -1.2610549958469843
            ],
            [
              36.86254734690139,
              -1.2610549958469843
            ],
            [
              36.86254734690139,
              -1.2608753327901603
            ],
            [
              36.86236768384457,
              -1.2608753327901603
            ],
            [
              36.86236768384457,
              -1.2605160066765126
            ],
            [
              36.86218802078774,
              -1.2605160066765126
            ],
            [
              36.86218802078774,
              -1.2603363436196886
            ]
          ],
          [
            [
              36.86596094498104,
              -1.259617691392393
            ],
            [
              36.86578128192422,
              -1.259617691392393
            ],
            [
              36.86578128192422,
              -1.259797354449217
            ],
            [
              36.86596094498104,
              -1.259797354449217
            ],
            [
              36.86596094498104,
              -1.259617691392393
            ]
          ]
        ]
      },
      "id": "+205229-6986",
      "properties": {
        "area_ha": 58.694337809143775,
        "area_m2": 586943.3780914377,
        "class": 0,
        "count": 1471
      }
    },
    {
      "type": "Feature",
      "geometry": {
        "geodesic": false,
        "type": "Polygon",
        "coordinates": [
          [
            [
              36.87781870673142,
              -1.3093843581326146
            ],
            [
              36.87781870673142,
              -1.3095640211894384
            ],
            [
              36.877100054504126,
              -1.3095640211894384
            ],
            [
              36.877100054504126,
              -1.3097436842462624
            ],
            [
              36.876561065333654,
              -1.3097436842462624
            ],
            [
              36.876561065333654,
              -1.3099233473030862
            ],
            [
              36.875842413106355,
              -1.3099233473030862
            ],
            [
              36.875842413106355,
              -1.31010301035991
            ],
            [
              36.87548308699271,
              -1.31010301035991
            ],
            [
              36.87548308699271,
              -1.310282673416734
            ],
            [
              36.87530342393588,
              -1.310282673416734
            ],
            [
              36.87530342393588,
              -1.3111809887008536
            ],
            [
              36.874405108651764,
              -1.3111809887008536
            ],
            [
              36.874405108651764,
              -1.3108216625872058
            ],
            [
              36.874225445594945,
              -1.3108216625872058
            ],
            [
              36.874225445594945,
              -1.310282673416734
            ],
            [
              36.87404578253812,
              -1.310282673416734
            ],
            [
              36.87404578253812,
              -1.31010301035991
            ],
            [
              36.87368645642447,
              -1.31010301035991
            ],
            [
              36.87368645642447,
              -1.3099233473030862
            ],
            [
              36.873506793367646,
              -1.3099233473030862
            ],
            [
              36.873506793367646,
              -1.31010301035991
            ],
            [
              36.873147467254,
              -1.31010301035991
            ],
            [
              36.873147467254,
              -1.310282673416734
            ],
            [
              36.87278814114035,
              -1.310282673416734
            ],
            [
              36.87278814114035,
              -1.310462336473558
            ],
            [
              36.87224915196988,
              -1.310462336473558
            ],
            [
              36.87224915196988,
              -1.3106419995303817
            ],
            [
              36.870632184458465,
              -1.3106419995303817
            ],
            [
              36.870632184458465,
              -1.3108216625872058
            ],
            [
              36.87009319528799,
              -1.3108216625872058
            ],
            [
              36.87009319528799,
              -1.3110013256440296
            ],
            [
              36.869194880003874,
              -1.3110013256440296
            ],
            [
              36.869194880003874,
              -1.3111809887008536
            ],
            [
              36.86721858637881,
              -1.3111809887008536
            ],
            [
              36.86721858637881,
              -1.3113606517576775
            ],
            [
              36.86667959720834,
              -1.3113606517576775
            ],
            [
              36.86667959720834,
              -1.3120793039849732
            ],
            [
              36.86685926026516,
              -1.3120793039849732
            ],
            [
              36.86685926026516,
              -1.3124386300986208
            ],
            [
              36.867038923321985,
              -1.3124386300986208
            ],
            [
              36.867038923321985,
              -1.3126182931554449
            ],
            [
              36.86721858637881,
              -1.3126182931554449
            ],
            [
              36.86721858637881,
              -1.3127979562122687
            ],
            [
              36.86739824943563,
              -1.3127979562122687
            ],
            [
              36.86739824943563,
              -1.3129776192690925
            ],
            [
              36.86721858637881,
              -1.3129776192690925
            ],
            [
              36.86721858637881,
              -1.3131572823259166
            ],
            [
              36.867038923321985,
              -1.3131572823259166
            ],
            [
              36.867038923321985,
              -1.3133369453827404
            ],
            [
              36.86685926026516,
              -1.3133369453827404
            ],
            [
              36.86685926026516,
              -1.3135166084395644
            ],
            [
              36.86649993415151,
              -1.3135166084395644
            ],
            [
              36.86649993415151,
              -1.3136962714963882
            ],
            [
              36.86632027109469,
              -1.3136962714963882
            ],
            [
              36.86632027109469,
              -1.313875934553212
            ],
            [
              36.86614060803787,
              -1.313875934553212
            ],
            [
              36.86614060803787,
              -1.314055597610036
            ],
            [
              36.865601618867395,
              -1.314055597610036
            ],
            [
              36.865601618867395,
              -1.3144149237236837
            ],
            [
              36.86542195581057,
              -1.3144149237236837
            ],
            [
              36.86542195581057,
              -1.3147742498373316
            ],
            [
              36.86524229275375,
              -1.3147742498373316
            ],
            [
              36.86524229275375,
              -1.3149539128941556
            ],
            [
              36.86506262969692,
              -1.3149539128941556
            ],
            [
              36.86506262969692,
              -1.3151335759509795
            ],
            [
              36.864882966640096,
              -1.3151335759509795
            ],
            [
              36.864882966640096,
              -1.3156725651214511
            ],
            [
              36.86506262969692,
              -1.3156725651214511
            ],
            [
              36.86506262969692,
              -1.315852228178275
            ],
            [
              36.865601618867395,
              -1.315852228178275
            ],
            [
              36.865601618867395,
              -1.3162115542919228
            ],
            [
              36.86578128192422,
              -1.3162115542919228
            ],
            [
              36.86578128192422,
              -1.3163912173487469
            ],
            [
              36.86596094498104,
              -1.3163912173487469
            ],
            [
              36.86596094498104,
              -1.3165708804055707
            ],
            [
              36.86739824943563,
              -1.3165708804055707
            ],
            [
              36.86739824943563,
              -1.3167505434623945
            ],
            [
              36.86811690166293,
              -1.3167505434623945
            ],
            [
              36.86811690166293,
              -1.3169302065192185
            ],
            [
              36.868296564719756,
              -1.3169302065192185
            ],
            [
              36.868296564719756,
              -1.3167505434623945
            ],
            [
              36.86883555389022,
              -1.3167505434623945
            ],
            [
              36.86883555389022,
              -1.3171098695760424
            ],
            [
              36.86901521694705,
              -1.3171098695760424
            ],
            [
              36.86901521694705,
              -1.3172895326328664
            ],
            [
              36.869194880003874,
              -1.3172895326328664
            ],
            [
              36.869194880003874,
              -1.3174691956896902
            ],
            [
              36.869374543060694,
              -1.3174691956896902
            ],
            [
              36.869374543060694,
              -1.317648858746514
            ],
            [
              36.87045252140164,
              -1.317648858746514
            ],
            [
              36.87045252140164,
              -1.3174691956896902
            ],
            [
              36.870811847515284,
              -1.3174691956896902
            ],
            [
              36.870811847515284,
              -1.3172895326328664
            ],
            [
              36.87099151057211,
              -1.3172895326328664
            ],
            [
              36.87099151057211,
              -1.3174691956896902
            ],
            [
              36.87117117362894,
              -1.3174691956896902
            ],
            [
              36.87117117362894,
              -1.3171098695760424
            ],
            [
              36.87135083668576,
              -1.3171098695760424
            ],
            [
              36.87135083668576,
              -1.3167505434623945
            ],
            [
              36.87117117362894,
              -1.3167505434623945
            ],
            [
              36.87117117362894,
              -1.3165708804055707
            ],
            [
              36.87099151057211,
              -1.3165708804055707
            ],
            [
              36.87099151057211,
              -1.3167505434623945
            ],
            [
              36.870811847515284,
              -1.3167505434623945
            ],
            [
              36.870811847515284,
              -1.3169302065192185
            ],
            [
              36.87009319528799,
              -1.3169302065192185
            ],
            [
              36.87009319528799,
              -1.3167505434623945
            ],
            [
              36.869913532231166,
              -1.3167505434623945
            ],
            [
              36.869913532231166,
              -1.3165708804055707
            ],
            [
              36.86955420611752,
              -1.3165708804055707
            ],
            [
              36.86955420611752,
              -1.3163912173487469
            ],
            [
              36.869374543060694,
              -1.3163912173487469
            ],
            [
              36.869374543060694,
              -1.316031891235099
            ],
            [
              36.869194880003874,
              -1.316031891235099
            ],
            [
              36.869194880003874,
              -1.315852228178275
            ],
            [
              36.869374543060694,
              -1.315852228178275
            ],
            [
              36.869374543060694,
              -1.3156725651214511
            ],
            [
              36.869194880003874,
              -1.3156725651214511
            ],
            [
              36.869194880003874,
              -1.3154929020646273
            ],
            [
              36.869374543060694,
              -1.3154929020646273
            ],
            [
              36.869374543060694,
              -1.3149539128941556
            ],
            [
              36.86955420611752,
              -1.3149539128941556
            ],
            [
              36.86955420611752,
              -1.31423526066686
            ],
            [
              36.86973386917435,
              -1.31423526066686
            ],
            [
              36.86973386917435,
              -1.314055597610036
            ],
            [
              36.869913532231166,
              -1.314055597610036
            ],
            [
              36.869913532231166,
              -1.3136962714963882
            ],
            [
              36.87009319528799,
              -1.3136962714963882
            ],
            [
              36.87009319528799,
              -1.3133369453827404
            ],
            [
              36.87027285834482,
              -1.3133369453827404
            ],
            [
              36.87027285834482,
              -1.3131572823259166
            ],
            [
              36.870632184458465,
              -1.3131572823259166
            ],
            [
              36.870632184458465,
              -1.3129776192690925
            ],
            [
              36.87135083668576,
              -1.3129776192690925
            ],
            [
              36.87135083668576,
              -1.3127979562122687
            ],
            [
              36.87153049974258,
              -1.3127979562122687
            ],
            [
              36.87153049974258,
              -1.3129776192690925
            ],
            [
              36.87171016279941,
              -1.3129776192690925
            ],
            [
              36.87171016279941,
              -1.3127979562122687
            ],
            [
              36.87260847808353,
              -1.3127979562122687
            ],
            [
              36.87260847808353,
              -1.3129776192690925
            ],
            [
              36.87278814114035,
              -1.3129776192690925
            ],
            [
              36.87278814114035,
              -1.3133369453827404
            ],
            [
              36.872967804197174,
              -1.3133369453827404
            ],
            [
              36.872967804197174,
              -1.3136962714963882
            ],
            [
              36.873147467254,
              -1.3136962714963882
            ],
            [
              36.873147467254,
              -1.313875934553212
            ],
            [
              36.87332713031082,
              -1.313875934553212
            ],
            [
              36.87332713031082,
              -1.31423526066686
            ],
            [
              36.873506793367646,
              -1.31423526066686
            ],
            [
              36.873506793367646,
              -1.3145945867805078
            ],
            [
              36.87332713031082,
              -1.3145945867805078
            ],
            [
              36.87332713031082,
              -1.3147742498373316
            ],
            [
              36.87224915196988,
              -1.3147742498373316
            ],
            [
              36.87224915196988,
              -1.3149539128941556
            ],
            [
              36.872069488913056,
              -1.3149539128941556
            ],
            [
              36.872069488913056,
              -1.3151335759509795
            ],
            [
              36.87188982585623,
              -1.3151335759509795
            ],
            [
              36.87188982585623,
              -1.3156725651214511
            ],
            [
              36.87171016279941,
              -1.3156725651214511
            ],
            [
              36.87171016279941,
              -1.315852228178275
            ],
            [
              36.87153049974258,
              -1.315852228178275
            ],
            [
              36.87153049974258,
              -1.3162115542919228
            ],
            [
              36.87135083668576,
              -1.3162115542919228
            ],
            [
              36.87135083668576,
              -1.3165708804055707
            ],
            [
              36.87153049974258,
              -1.3165708804055707
            ],
            [
              36.87153049974258,
              -1.3163912173487469
            ],
            [
              36.87171016279941,
              -1.3163912173487469
            ],
            [
              36.87171016279941,
              -1.3162115542919228
            ],
            [
              36.87188982585623,
              -1.3162115542919228
            ],
            [
              36.87188982585623,
              -1.316031891235099
            ],
            [
              36.872069488913056,
              -1.316031891235099
            ],
            [
              36.872069488913056,
              -1.315852228178275
            ],
            [
              36.87224915196988,
              -1.315852228178275
            ],
            [
              36.87224915196988,
              -1.3156725651214511
            ],
            [
              36.87278814114035,
              -1.3156725651214511
            ],
            [
              36.87278814114035,
              -1.315852228178275
            ],
            [
              36.87332713031082,
              -1.315852228178275
            ],
            [
              36.87332713031082,
              -1.316031891235099
            ],
            [
              36.873506793367646,
              -1.316031891235099
            ],
            [
              36.873506793367646,
              -1.3149539128941556
            ],
            [
              36.87368645642447,
              -1.3149539128941556
            ],
            [
              36.87368645642447,
              -1.3147742498373316
            ],
            [
              36.87386611948129,
              -1.3147742498373316
            ],
            [
              36.87386611948129,
              -1.3149539128941556
            ],
            [
              36.874225445594945,
              -1.3149539128941556
            ],
            [
              36.874225445594945,
              -1.3151335759509795
            ],
            [
              36.874405108651764,
              -1.3151335759509795
            ],
            [
              36.874405108651764,
              -1.3153132390078033
            ],
            [
              36.87458477170859,
              -1.3153132390078033
            ],
            [
              36.87458477170859,
              -1.315852228178275
            ],
            [
              36.874405108651764,
              -1.315852228178275
            ],
            [
              36.874405108651764,
              -1.3171098695760424
            ],
            [
              36.87458477170859,
              -1.3171098695760424
            ],
            [
              36.87458477170859,
              -1.3174691956896902
            ],
            [
              36.87476443476541,
              -1.3174691956896902
            ],
            [
              36.87476443476541,
              -1.3181878479169857
            ],
            [
              36.87458477170859,
              -1.3181878479169857
            ],
            [
              36.87458477170859,
              -1.3185471740306336
            ],
            [
              36.874405108651764,
              -1.3185471740306336
            ],
            [
              36.874405108651764,
              -1.3187268370874576
            ],
            [
              36.874225445594945,
              -1.3187268370874576
            ],
            [
              36.874225445594945,
              -1.3192658262579293
            ],
            [
              36.874405108651764,
              -1.3192658262579293
            ],
            [
              36.874405108651764,
              -1.3194454893147531
            ],
            [
              36.87458477170859,
              -1.3194454893147531
            ],
            [
              36.87458477170859,
              -1.319625152371577
            ],
            [
              36.87476443476541,
              -1.319625152371577
            ],
            [
              36.87476443476541,
              -1.319804815428401
            ],
            [
              36.87494409782224,
              -1.319804815428401
            ],
            [
              36.87494409782224,
              -1.319625152371577
            ],
            [
              36.87512376087906,
              -1.319625152371577
            ],
            [
              36.87512376087906,
              -1.3194454893147531
            ],
            [
              36.87530342393588,
              -1.3194454893147531
            ],
            [
              36.87530342393588,
              -1.3190861632011053
            ],
            [
              36.87548308699271,
              -1.3190861632011053
            ],
            [
              36.87548308699271,
              -1.3189065001442815
            ],
            [
              36.875662750049536,
              -1.3189065001442815
            ],
            [
              36.875662750049536,
              -1.3187268370874576
            ],
            [
              36.875842413106355,
              -1.3187268370874576
            ],
            [
              36.875842413106355,
              -1.3183675109738098
            ],
            [
              36.87602207616318,
              -1.3183675109738098
            ],
            [
              36.87602207616318,
              -1.3181878479169857
            ],
            [
              36.87620173922001,
              -1.3181878479169857
            ],
            [
              36.87620173922001,
              -1.317828521803338
            ],
            [
              36.87638140227683,
              -1.317828521803338
            ],
            [
              36.87638140227683,
              -1.317648858746514
            ],
            [
              36.87620173922001,
              -1.317648858746514
            ],
            [
              36.87620173922001,
              -1.3174691956896902
            ],
            [
              36.87602207616318,
              -1.3174691956896902
            ],
            [
              36.87602207616318,
              -1.3172895326328664
            ],
            [
              36.875662750049536,
              -1.3172895326328664
            ],
            [
              36.875662750049536,
              -1.3169302065192185
            ],
            [
              36.87548308699271,
              -1.3169302065192185
            ],
            [
              36.87548308699271,
              -1.3165708804055707
            ],
            [
              36.875662750049536,
              -1.3165708804055707
            ],
            [
              36.875662750049536,
              -1.3163912173487469
            ],
            [
              36.87602207616318,
              -1.3163912173487469
            ],
            [
              36.87602207616318,
              -1.3162115542919228
            ],
            [
              36.87620173922001,
              -1.3162115542919228
            ],
            [
              36.87620173922001,
              -1.3163912173487469
            ],
            [
              36.87674072839047,
              -1.3163912173487469
            ],
            [
              36.87674072839047,
              -1.3165708804055707
            ],
            [
              36.877279717560945,
              -1.3165708804055707
            ],
            [
              36.877279717560945,
              -1.3163912173487469
            ],
            [
              36.87745938061777,
              -1.3163912173487469
            ],
            [
              36.87745938061777,
              -1.316031891235099
            ],
            [
              36.8776390436746,
              -1.316031891235099
            ],
            [
              36.8776390436746,
              -1.315852228178275
            ],
            [
              36.87781870673142,
              -1.315852228178275
            ],
            [
              36.87781870673142,
              -1.3154929020646273
            ],
            [
              36.877998369788244,
              -1.3154929020646273
            ],
            [
              36.877998369788244,
              -1.3151335759509795
            ],
            [
              36.87817803284507,
              -1.3151335759509795
            ],
            [
              36.87817803284507,
              -1.3147742498373316
            ],
            [
              36.87835769590189,
              -1.3147742498373316
            ],
            [
              36.87835769590189,
              -1.3144149237236837
            ],
            [
              36.8776390436746,
              -1.3144149237236837
            ],
            [
              36.8776390436746,
              -1.31423526066686
            ],
            [
              36.87745938061777,
              -1.31423526066686
            ],
            [
              36.87745938061777,
              -1.3136962714963882
            ],
            [
              36.877279717560945,
              -1.3136962714963882
            ],
            [
              36.877279717560945,
              -1.3135166084395644
            ],
            [
              36.87674072839047,
              -1.3135166084395644
            ],
            [
              36.87674072839047,
              -1.3133369453827404
            ],
            [
              36.876561065333654,
              -1.3133369453827404
            ],
            [
              36.876561065333654,
              -1.3131572823259166
            ],
            [
              36.87638140227683,
              -1.3131572823259166
            ],
            [
              36.87638140227683,
              -1.3126182931554449
            ],
            [
              36.876561065333654,
              -1.3126182931554449
            ],
            [
              36.876561065333654,
              -1.3124386300986208
            ],
            [
              36.875842413106355,
              -1.3124386300986208
            ],
            [
              36.875842413106355,
              -1.312258967041797
            ],
            [
              36.875662750049536,
              -1.312258967041797
            ],
            [
              36.875662750049536,
              -1.3124386300986208
            ],
            [
              36.87530342393588,
              -1.3124386300986208
            ],
            [
              36.87530342393588,
              -1.3126182931554449
            ],
            [
              36.87512376087906,
              -1.3126182931554449
            ],
            [
              36.87512376087906,
              -1.3127979562122687
            ],
            [
              36.874405108651764,
              -1.3127979562122687
            ],
            [
              36.874405108651764,
              -1.3129776192690925
            ],
            [
              36.874225445594945,
              -1.3129776192690925
            ],
            [
              36.874225445594945,
              -1.3127979562122687
            ],
            [
              36.87404578253812,
              -1.3127979562122687
            ],
            [
              36.87404578253812,
              -1.3124386300986208
            ],
            [
              36.874225445594945,
              -1.3124386300986208
            ],
            [
              36.874225445594945,
              -1.312258967041797
            ],
            [
              36.87512376087906,
              -1.312258967041797
            ],
            [
              36.87512376087906,
              -1.3120793039849732
            ],
            [
              36.87530342393588,
              -1.3120793039849732
            ],
            [
              36.87530342393588,
              -1.3118996409281491
            ],
            [
              36.87548308699271,
              -1.3118996409281491
            ],
            [
              36.87548308699271,
              -1.3117199778713253
            ],
            [
              36.875662750049536,
              -1.3117199778713253
            ],
            [
              36.875662750049536,
              -1.3115403148145013
            ],
            [
              36.875842413106355,
              -1.3115403148145013
            ],
            [
              36.875842413106355,
              -1.3113606517576775
            ],
            [
              36.87602207616318,
              -1.3113606517576775
            ],
            [
              36.87602207616318,
              -1.3111809887008536
            ],
            [
              36.87620173922001,
              -1.3111809887008536
            ],
            [
              36.87620173922001,
              -1.3110013256440296
            ],
            [
              36.87638140227683,
              -1.3110013256440296
            ],
            [
              36.87638140227683,
              -1.3108216625872058
            ],
            [
              36.8769203914473,
              -1.3108216625872058
            ],
            [
              36.8769203914473,
              -1.3106419995303817
            ],
            [
              36.877279717560945,
              -1.3106419995303817
            ],
            [
              36.877279717560945,
              -1.310462336473558
            ],
            [
              36.8776390436746,
              -1.310462336473558
            ],
            [
              36.8776390436746,
              -1.310282673416734
            ],
            [
              36.87781870673142,
              -1.310282673416734
            ],
            [
              36.87781870673142,
              -1.31010301035991
            ],
            [
              36.87817803284507,
              -1.31010301035991
            ],
            [
              36.87817803284507,
              -1.3099233473030862
            ],
            [
              36.87835769590189,
              -1.3099233473030862
            ],
            [
              36.87835769590189,
              -1.3095640211894384
            ],
            [
              36.87853735895872,
              -1.3095640211894384
            ],
            [
              36.87853735895872,
              -1.3093843581326146
            ],
            [
              36.87781870673142,
              -1.3093843581326146
            ]
          ],
          [
            [
              36.869374543060694,
              -1.3120793039849732
            ],
            [
              36.86901521694705,
              -1.3120793039849732
            ],
            [
              36.86901521694705,
              -1.312258967041797
            ],
            [
              36.869374543060694,
              -1.312258967041797
            ],
            [
              36.869374543060694,
              -1.3120793039849732
            ]
          ]
        ]
      },
      "id": "+205264-7289",
      "properties": {
        "area_ha": 69.9050241120158,
        "area_m2": 699050.2411201579,
        "class": 0,
        "count": 1752
      }
    },
    {
      "type": "Feature",
      "geometry": {
        "geodesic": false,
        "type": "Polygon",
        "coordinates": [
          [
            [
              36.88195095703837,
              -1.3147742498373316
            ],
            [
              36.88195095703837,
              -1.3149539128941556
            ],
            [
              36.881771293981544,
              -1.3149539128941556
            ],
            [
              36.881771293981544,
              -1.3151335759509795
            ],
            [
              36.881591630924724,
              -1.3151335759509795
            ],
            [
              36.881591630924724,
              -1.3154929020646273
            ],
            [
              36.8814119678679,
              -1.3154929020646273
            ],
            [
              36.8814119678679,
              -1.315852228178275
            ],
            [
              36.88123230481107,
              -1.315852228178275
            ],
            [
              36.88123230481107,
              -1.3162115542919228
            ],
            [
              36.88105264175425,
              -1.3162115542919228
            ],
            [
              36.88105264175425,
              -1.3163912173487469
            ],
            [
              36.8806933156406,
              -1.3163912173487469
            ],
            [
              36.8806933156406,
              -1.3165708804055707
            ],
            [
              36.88033398952695,
              -1.3165708804055707
            ],
            [
              36.88033398952695,
              -1.3167505434623945
            ],
            [
              36.87979500035648,
              -1.3167505434623945
            ],
            [
              36.87979500035648,
              -1.3169302065192185
            ],
            [
              36.87961533729966,
              -1.3169302065192185
            ],
            [
              36.87961533729966,
              -1.3167505434623945
            ],
            [
              36.87925601118601,
              -1.3167505434623945
            ],
            [
              36.87925601118601,
              -1.3165708804055707
            ],
            [
              36.87907634812919,
              -1.3165708804055707
            ],
            [
              36.87907634812919,
              -1.3163912173487469
            ],
            [
              36.87889668507236,
              -1.3163912173487469
            ],
            [
              36.87889668507236,
              -1.3162115542919228
            ],
            [
              36.878717022015536,
              -1.3162115542919228
            ],
            [
              36.878717022015536,
              -1.3163912173487469
            ],
            [
              36.87853735895872,
              -1.3163912173487469
            ],
            [
              36.87853735895872,
              -1.3165708804055707
            ],
            [
              36.87835769590189,
              -1.3165708804055707
            ],
            [
              36.87835769590189,
              -1.3167505434623945
            ],
            [
              36.87817803284507,
              -1.3167505434623945
            ],
            [
              36.87817803284507,
              -1.3171098695760424
            ],
            [
              36.877998369788244,
              -1.3171098695760424
            ],
            [
              36.877998369788244,
              -1.3172895326328664
            ],
            [
              36.87781870673142,
              -1.3172895326328664
            ],
            [
              36.87781870673142,
              -1.317828521803338
            ],
            [
              36.8776390436746,
              -1.317828521803338
            ],
            [
              36.8776390436746,
              -1.3181878479169857
            ],
            [
              36.87745938061777,
              -1.3181878479169857
            ],
            [
              36.87745938061777,
              -1.3185471740306336
            ],
            [
              36.877279717560945,
              -1.3185471740306336
            ],
            [
              36.877279717560945,
              -1.3187268370874576
            ],
            [
              36.877100054504126,
              -1.3187268370874576
            ],
            [
              36.877100054504126,
              -1.3190861632011053
            ],
            [
              36.8769203914473,
              -1.3190861632011053
            ],
            [
              36.8769203914473,
              -1.3192658262579293
            ],
            [
              36.87674072839047,
              -1.3192658262579293
            ],
            [
              36.87674072839047,
              -1.3194454893147531
            ],
            [
              36.876561065333654,
              -1.3194454893147531
            ],
            [
              36.876561065333654,
              -1.3203438045988727
            ],
            [
              36.87674072839047,
              -1.3203438045988727
            ],
            [
              36.87674072839047,
              -1.3205234676556965
            ],
            [
              36.8769203914473,
              -1.3205234676556965
            ],
            [
              36.8769203914473,
              -1.3207031307125205
            ],
            [
              36.877279717560945,
              -1.3207031307125205
            ],
            [
              36.877279717560945,
              -1.3208827937693444
            ],
            [
              36.87853735895872,
              -1.3208827937693444
            ],
            [
              36.87853735895872,
              -1.3207031307125205
            ],
            [
              36.878717022015536,
              -1.3207031307125205
            ],
            [
              36.878717022015536,
              -1.3205234676556965
            ],
            [
              36.87889668507236,
              -1.3205234676556965
            ],
            [
              36.87889668507236,
              -1.3203438045988727
            ],
            [
              36.87925601118601,
              -1.3203438045988727
            ],
            [
              36.87925601118601,
              -1.3201641415420489
            ],
            [
              36.87979500035648,
              -1.3201641415420489
            ],
            [
              36.87979500035648,
              -1.3203438045988727
            ],
            [
              36.87997466341331,
              -1.3203438045988727
            ],
            [
              36.87997466341331,
              -1.3205234676556965
            ],
            [
              36.880154326470134,
              -1.3205234676556965
            ],
            [
              36.880154326470134,
              -1.3208827937693444
            ],
            [
              36.8806933156406,
              -1.3208827937693444
            ],
            [
              36.8806933156406,
              -1.3207031307125205
            ],
            [
              36.880872978697425,
              -1.3207031307125205
            ],
            [
              36.880872978697425,
              -1.3205234676556965
            ],
            [
              36.88105264175425,
              -1.3205234676556965
            ],
            [
              36.88105264175425,
              -1.3203438045988727
            ],
            [
              36.8814119678679,
              -1.3203438045988727
            ],
            [
              36.8814119678679,
              -1.3201641415420489
            ],
            [
              36.881591630924724,
              -1.3201641415420489
            ],
            [
              36.881591630924724,
              -1.3199844784852248
            ],
            [
              36.881771293981544,
              -1.3199844784852248
            ],
            [
              36.881771293981544,
              -1.319804815428401
            ],
            [
              36.88195095703837,
              -1.319804815428401
            ],
            [
              36.88195095703837,
              -1.3194454893147531
            ],
            [
              36.8821306200952,
              -1.3194454893147531
            ],
            [
              36.8821306200952,
              -1.3189065001442815
            ],
            [
              36.882310283152016,
              -1.3189065001442815
            ],
            [
              36.882310283152016,
              -1.3187268370874576
            ],
            [
              36.88248994620884,
              -1.3187268370874576
            ],
            [
              36.88248994620884,
              -1.3185471740306336
            ],
            [
              36.88284927232249,
              -1.3185471740306336
            ],
            [
              36.88284927232249,
              -1.3183675109738098
            ],
            [
              36.883028935379315,
              -1.3183675109738098
            ],
            [
              36.883028935379315,
              -1.3181878479169857
            ],
            [
              36.88338826149296,
              -1.3181878479169857
            ],
            [
              36.88338826149296,
              -1.318008184860162
            ],
            [
              36.88374758760661,
              -1.318008184860162
            ],
            [
              36.88374758760661,
              -1.3171098695760424
            ],
            [
              36.88356792454979,
              -1.3171098695760424
            ],
            [
              36.88356792454979,
              -1.3167505434623945
            ],
            [
              36.88338826149296,
              -1.3167505434623945
            ],
            [
              36.88338826149296,
              -1.3165708804055707
            ],
            [
              36.883208598436134,
              -1.3165708804055707
            ],
            [
              36.883208598436134,
              -1.3162115542919228
            ],
            [
              36.883028935379315,
              -1.3162115542919228
            ],
            [
              36.883028935379315,
              -1.316031891235099
            ],
            [
              36.88284927232249,
              -1.316031891235099
            ],
            [
              36.88284927232249,
              -1.3156725651214511
            ],
            [
              36.88266960926566,
              -1.3156725651214511
            ],
            [
              36.88266960926566,
              -1.3154929020646273
            ],
            [
              36.88248994620884,
              -1.3154929020646273
            ],
            [
              36.88248994620884,
              -1.3151335759509795
            ],
            [
              36.882310283152016,
              -1.3151335759509795
            ],
            [
              36.882310283152016,
              -1.3147742498373316
            ],
            [
              36.88195095703837,
              -1.3147742498373316
            ]
          ]
        ]
      },
      "id": "+205285-7319",
      "properties": {
        "area_ha": 29.76544338232735,
        "area_m2": 297654.4338232735,
        "class": 0,
        "count": 746
      }
    },
    {
      "type": "Feature",
      "geometry": {
        "geodesic": false,
        "type": "Polygon",
        "coordinates": [
          [
            [
              36.88554421817485,
              -1.3135166084395644
            ],
            [
              36.88554421817485,
              -1.3136962714963882
            ],
            [
              36.885364555118024,
              -1.3136962714963882
            ],
            [
              36.885364555118024,
              -1.313875934553212
            ],
            [
              36.8851848920612,
              -1.313875934553212
            ],
            [
              36.8851848920612,
              -1.31423526066686
            ],
            [
              36.885364555118024,
              -1.31423526066686
            ],
            [
              36.885364555118024,
              -1.3144149237236837
            ],
            [
              36.88554421817485,
              -1.3144149237236837
            ],
            [
              36.88554421817485,
              -1.3147742498373316
            ],
            [
              36.88572388123167,
              -1.3147742498373316
            ],
            [
              36.88572388123167,
              -1.3156725651214511
            ],
            [
              36.885903544288496,
              -1.3156725651214511
            ],
            [
              36.885903544288496,
              -1.315852228178275
            ],
            [
              36.88608320734532,
              -1.315852228178275
            ],
            [
              36.88608320734532,
              -1.316031891235099
            ],
            [
              36.88626287040214,
              -1.316031891235099
            ],
            [
              36.88626287040214,
              -1.3163912173487469
            ],
            [
              36.88644253345897,
              -1.3163912173487469
            ],
            [
              36.88644253345897,
              -1.3167505434623945
            ],
            [
              36.88662219651579,
              -1.3167505434623945
            ],
            [
              36.88662219651579,
              -1.3169302065192185
            ],
            [
              36.886801859572614,
              -1.3169302065192185
            ],
            [
              36.886801859572614,
              -1.3174691956896902
            ],
            [
              36.88698152262944,
              -1.3174691956896902
            ],
            [
              36.88698152262944,
              -1.318008184860162
            ],
            [
              36.88716118568626,
              -1.318008184860162
            ],
            [
              36.88716118568626,
              -1.3190861632011053
            ],
            [
              36.88698152262944,
              -1.3190861632011053
            ],
            [
              36.88698152262944,
              -1.3192658262579293
            ],
            [
              36.886801859572614,
              -1.3192658262579293
            ],
            [
              36.886801859572614,
              -1.3194454893147531
            ],
            [
              36.88608320734532,
              -1.3194454893147531
            ],
            [
              36.88608320734532,
              -1.319625152371577
            ],
            [
              36.88572388123167,
              -1.319625152371577
            ],
            [
              36.88572388123167,
              -1.319804815428401
            ],
            [
              36.88500522900438,
              -1.319804815428401
            ],
            [
              36.88500522900438,
              -1.319625152371577
            ],
            [
              36.88482556594755,
              -1.319625152371577
            ],
            [
              36.88482556594755,
              -1.3194454893147531
            ],
            [
              36.884645902890725,
              -1.3194454893147531
            ],
            [
              36.884645902890725,
              -1.319625152371577
            ],
            [
              36.884466239833905,
              -1.319625152371577
            ],
            [
              36.884466239833905,
              -1.319804815428401
            ],
            [
              36.88410691372026,
              -1.319804815428401
            ],
            [
              36.88410691372026,
              -1.3199844784852248
            ],
            [
              36.88392725066343,
              -1.3199844784852248
            ],
            [
              36.88392725066343,
              -1.3201641415420489
            ],
            [
              36.88374758760661,
              -1.3201641415420489
            ],
            [
              36.88374758760661,
              -1.3203438045988727
            ],
            [
              36.88356792454979,
              -1.3203438045988727
            ],
            [
              36.88356792454979,
              -1.3205234676556965
            ],
            [
              36.883208598436134,
              -1.3205234676556965
            ],
            [
              36.883208598436134,
              -1.3207031307125205
            ],
            [
              36.883028935379315,
              -1.3207031307125205
            ],
            [
              36.883028935379315,
              -1.321421782939816
            ],
            [
              36.883208598436134,
              -1.321421782939816
            ],
            [
              36.883208598436134,
              -1.32160144599664
            ],
            [
              36.88356792454979,
              -1.32160144599664
            ],
            [
              36.88356792454979,
              -1.3219607721102877
            ],
            [
              36.88392725066343,
              -1.3219607721102877
            ],
            [
              36.88392725066343,
              -1.3221404351671118
            ],
            [
              36.88374758760661,
              -1.3221404351671118
            ],
            [
              36.88374758760661,
              -1.3224997612807596
            ],
            [
              36.88410691372026,
              -1.3224997612807596
            ],
            [
              36.88410691372026,
              -1.3226794243375835
            ],
            [
              36.884466239833905,
              -1.3226794243375835
            ],
            [
              36.884466239833905,
              -1.3230387504512313
            ],
            [
              36.884645902890725,
              -1.3230387504512313
            ],
            [
              36.884645902890725,
              -1.3232184135080551
            ],
            [
              36.885364555118024,
              -1.3232184135080551
            ],
            [
              36.885364555118024,
              -1.323398076564879
            ],
            [
              36.88554421817485,
              -1.323398076564879
            ],
            [
              36.88554421817485,
              -1.3232184135080551
            ],
            [
              36.88572388123167,
              -1.3232184135080551
            ],
            [
              36.88572388123167,
              -1.3230387504512313
            ],
            [
              36.885903544288496,
              -1.3230387504512313
            ],
            [
              36.885903544288496,
              -1.3228590873944073
            ],
            [
              36.88626287040214,
              -1.3228590873944073
            ],
            [
              36.88626287040214,
              -1.3226794243375835
            ],
            [
              36.88662219651579,
              -1.3226794243375835
            ],
            [
              36.88662219651579,
              -1.3224997612807596
            ],
            [
              36.88698152262944,
              -1.3224997612807596
            ],
            [
              36.88698152262944,
              -1.3223200982239356
            ],
            [
              36.88752051179991,
              -1.3223200982239356
            ],
            [
              36.88752051179991,
              -1.3224997612807596
            ],
            [
              36.88787983791356,
              -1.3224997612807596
            ],
            [
              36.88787983791356,
              -1.3228590873944073
            ],
            [
              36.888059500970385,
              -1.3228590873944073
            ],
            [
              36.888059500970385,
              -1.323398076564879
            ],
            [
              36.888239164027205,
              -1.323398076564879
            ],
            [
              36.888239164027205,
              -1.323577739621703
            ],
            [
              36.88841882708403,
              -1.323577739621703
            ],
            [
              36.88841882708403,
              -1.3237574026785268
            ],
            [
              36.88877815319768,
              -1.3237574026785268
            ],
            [
              36.88877815319768,
              -1.323577739621703
            ],
            [
              36.88931714236815,
              -1.323577739621703
            ],
            [
              36.88931714236815,
              -1.3237574026785268
            ],
            [
              36.8889578162545,
              -1.3237574026785268
            ],
            [
              36.8889578162545,
              -1.3239370657353509
            ],
            [
              36.88913747931132,
              -1.3239370657353509
            ],
            [
              36.88913747931132,
              -1.3241167287921747
            ],
            [
              36.889496805424976,
              -1.3241167287921747
            ],
            [
              36.889496805424976,
              -1.3242963918489985
            ],
            [
              36.88931714236815,
              -1.3242963918489985
            ],
            [
              36.88931714236815,
              -1.3244760549058225
            ],
            [
              36.889676468481795,
              -1.3244760549058225
            ],
            [
              36.889676468481795,
              -1.3246557179626464
            ],
            [
              36.889496805424976,
              -1.3246557179626464
            ],
            [
              36.889496805424976,
              -1.3248353810194702
            ],
            [
              36.88985613153862,
              -1.3248353810194702
            ],
            [
              36.88985613153862,
              -1.3250150440762942
            ],
            [
              36.89003579459545,
              -1.3250150440762942
            ],
            [
              36.89003579459545,
              -1.325374370189942
            ],
            [
              36.89021545765227,
              -1.325374370189942
            ],
            [
              36.89021545765227,
              -1.325554033246766
            ],
            [
              36.890395120709094,
              -1.325554033246766
            ],
            [
              36.890395120709094,
              -1.3250150440762942
            ],
            [
              36.89021545765227,
              -1.3250150440762942
            ],
            [
              36.89021545765227,
              -1.3244760549058225
            ],
            [
              36.89003579459545,
              -1.3244760549058225
            ],
            [
              36.89003579459545,
              -1.3242963918489985
            ],
            [
              36.88985613153862,
              -1.3242963918489985
            ],
            [
              36.88985613153862,
              -1.3241167287921747
            ],
            [
              36.889676468481795,
              -1.3241167287921747
            ],
            [
              36.889676468481795,
              -1.3232184135080551
            ],
            [
              36.889496805424976,
              -1.3232184135080551
            ],
            [
              36.889496805424976,
              -1.3228590873944073
            ],
            [
              36.88931714236815,
              -1.3228590873944073
            ],
            [
              36.88931714236815,
              -1.3224997612807596
            ],
            [
              36.88913747931132,
              -1.3224997612807596
            ],
            [
              36.88913747931132,
              -1.3223200982239356
            ],
            [
              36.8889578162545,
              -1.3223200982239356
            ],
            [
              36.8889578162545,
              -1.3219607721102877
            ],
            [
              36.88877815319768,
              -1.3219607721102877
            ],
            [
              36.88877815319768,
              -1.32160144599664
            ],
            [
              36.88859849014085,
              -1.32160144599664
            ],
            [
              36.88859849014085,
              -1.3212421198829922
            ],
            [
              36.88841882708403,
              -1.3212421198829922
            ],
            [
              36.88841882708403,
              -1.3208827937693444
            ],
            [
              36.888239164027205,
              -1.3208827937693444
            ],
            [
              36.888239164027205,
              -1.3205234676556965
            ],
            [
              36.888059500970385,
              -1.3205234676556965
            ],
            [
              36.888059500970385,
              -1.3199844784852248
            ],
            [
              36.88787983791356,
              -1.3199844784852248
            ],
            [
              36.88787983791356,
              -1.319625152371577
            ],
            [
              36.88770017485673,
              -1.319625152371577
            ],
            [
              36.88770017485673,
              -1.3192658262579293
            ],
            [
              36.88787983791356,
              -1.3192658262579293
            ],
            [
              36.88787983791356,
              -1.3183675109738098
            ],
            [
              36.888059500970385,
              -1.3183675109738098
            ],
            [
              36.888059500970385,
              -1.318008184860162
            ],
            [
              36.88841882708403,
              -1.318008184860162
            ],
            [
              36.88841882708403,
              -1.317828521803338
            ],
            [
              36.88877815319768,
              -1.317828521803338
            ],
            [
              36.88877815319768,
              -1.3169302065192185
            ],
            [
              36.88859849014085,
              -1.3169302065192185
            ],
            [
              36.88859849014085,
              -1.3167505434623945
            ],
            [
              36.88841882708403,
              -1.3167505434623945
            ],
            [
              36.88841882708403,
              -1.3165708804055707
            ],
            [
              36.888239164027205,
              -1.3165708804055707
            ],
            [
              36.888239164027205,
              -1.3162115542919228
            ],
            [
              36.888059500970385,
              -1.3162115542919228
            ],
            [
              36.888059500970385,
              -1.316031891235099
            ],
            [
              36.88787983791356,
              -1.316031891235099
            ],
            [
              36.88787983791356,
              -1.3154929020646273
            ],
            [
              36.88770017485673,
              -1.3154929020646273
            ],
            [
              36.88770017485673,
              -1.3149539128941556
            ],
            [
              36.88734084874309,
              -1.3149539128941556
            ],
            [
              36.88734084874309,
              -1.3147742498373316
            ],
            [
              36.88698152262944,
              -1.3147742498373316
            ],
            [
              36.88698152262944,
              -1.3145945867805078
            ],
            [
              36.886801859572614,
              -1.3145945867805078
            ],
            [
              36.886801859572614,
              -1.3144149237236837
            ],
            [
              36.88662219651579,
              -1.3144149237236837
            ],
            [
              36.88662219651579,
              -1.31423526066686
            ],
            [
              36.88644253345897,
              -1.31423526066686
            ],
            [
              36.88644253345897,
              -1.314055597610036
            ],
            [
              36.88626287040214,
              -1.314055597610036
            ],
            [
              36.88626287040214,
              -1.313875934553212
            ],
            [
              36.88608320734532,
              -1.313875934553212
            ],
            [
              36.88608320734532,
              -1.3136962714963882
            ],
            [
              36.885903544288496,
              -1.3136962714963882
            ],
            [
              36.885903544288496,
              -1.3135166084395644
            ],
            [
              36.88554421817485,
              -1.3135166084395644
            ]
          ],
          [
            [
              36.88985613153862,
              -1.3242963918489985
            ],
            [
              36.889676468481795,
              -1.3242963918489985
            ],
            [
              36.889676468481795,
              -1.3244760549058225
            ],
            [
              36.88985613153862,
              -1.3244760549058225
            ],
            [
              36.88985613153862,
              -1.3242963918489985
            ]
          ],
          [
            [
              36.889496805424976,
              -1.3237574026785268
            ],
            [
              36.88931714236815,
              -1.3237574026785268
            ],
            [
              36.88931714236815,
              -1.3239370657353509
            ],
            [
              36.889496805424976,
              -1.3239370657353509
            ],
            [
              36.889496805424976,
              -1.3237574026785268
            ]
          ],
          [
            [
              36.88644253345897,
              -1.3203438045988727
            ],
            [
              36.88608320734532,
              -1.3203438045988727
            ],
            [
              36.88608320734532,
              -1.3207031307125205
            ],
            [
              36.885903544288496,
              -1.3207031307125205
            ],
            [
              36.885903544288496,
              -1.3208827937693444
            ],
            [
              36.88572388123167,
              -1.3208827937693444
            ],
            [
              36.88572388123167,
              -1.3210624568261682
            ],
            [
              36.885364555118024,
              -1.3210624568261682
            ],
            [
              36.885364555118024,
              -1.3212421198829922
            ],
            [
              36.8851848920612,
              -1.3212421198829922
            ],
            [
              36.8851848920612,
              -1.321421782939816
            ],
            [
              36.88500522900438,
              -1.321421782939816
            ],
            [
              36.88500522900438,
              -1.32160144599664
            ],
            [
              36.884645902890725,
              -1.32160144599664
            ],
            [
              36.884645902890725,
              -1.3221404351671118
            ],
            [
              36.88482556594755,
              -1.3221404351671118
            ],
            [
              36.88482556594755,
              -1.3223200982239356
            ],
            [
              36.885364555118024,
              -1.3223200982239356
            ],
            [
              36.885364555118024,
              -1.3221404351671118
            ],
            [
              36.885903544288496,
              -1.3221404351671118
            ],
            [
              36.885903544288496,
              -1.3219607721102877
            ],
            [
              36.88626287040214,
              -1.3219607721102877
            ],
            [
              36.88626287040214,
              -1.321781109053464
            ],
            [
              36.88644253345897,
              -1.321781109053464
            ],
            [
              36.88644253345897,
              -1.321421782939816
            ],
            [
              36.88662219651579,
              -1.321421782939816
            ],
            [
              36.88662219651579,
              -1.3208827937693444
            ],
            [
              36.88644253345897,
              -1.3208827937693444
            ],
            [
              36.88644253345897,
              -1.3207031307125205
            ],
            [
              36.88662219651579,
              -1.3207031307125205
            ],
            [
              36.88662219651579,
              -1.3205234676556965
            ],
            [
              36.88644253345897,
              -1.3205234676556965
            ],
            [
              36.88644253345897,
              -1.3203438045988727
            ]
          ]
        ]
      },
      "id": "+205305-7312",
      "properties": {
        "area_ha": 30.164426123327193,
        "area_m2": 301644.2612332719,
        "class": 0,
        "count": 756
      }
    },
    {
      "type": "Feature",
      "geometry": {
        "geodesic": false,
        "type": "Polygon",
        "coordinates": [
          [
            [
              36.8927307404478,
              -1.2675228658926447
            ],
            [
              36.8934493926751,
              -1.2675228658926447
            ],
            [
              36.8934493926751,
              -1.2677025289494688
            ],
            [
              36.89362905573192,
              -1.2677025289494688
            ],
            [
              36.89362905573192,
              -1.2678821920062926
            ],
            [
              36.893269729618275,
              -1.2678821920062926
            ],
            [
              36.893269729618275,
              -1.2680618550631164
            ],
            [
              36.8934493926751,
              -1.2680618550631164
            ],
            [
              36.8934493926751,
              -1.2682415181199405
            ],
            [
              36.893269729618275,
              -1.2682415181199405
            ],
            [
              36.893269729618275,
              -1.2684211811767643
            ],
            [
              36.8934493926751,
              -1.2684211811767643
            ],
            [
              36.8934493926751,
              -1.2686008442335883
            ],
            [
              36.893269729618275,
              -1.2686008442335883
            ],
            [
              36.893269729618275,
              -1.2687805072904121
            ],
            [
              36.8934493926751,
              -1.2687805072904121
            ],
            [
              36.8934493926751,
              -1.2686008442335883
            ],
            [
              36.89380871878875,
              -1.2686008442335883
            ],
            [
              36.89380871878875,
              -1.2682415181199405
            ],
            [
              36.893988381845574,
              -1.2682415181199405
            ],
            [
              36.893988381845574,
              -1.2680618550631164
            ],
            [
              36.89416804490239,
              -1.2680618550631164
            ],
            [
              36.89416804490239,
              -1.2678821920062926
            ],
            [
              36.89434770795922,
              -1.2678821920062926
            ],
            [
              36.89434770795922,
              -1.2675228658926447
            ],
            [
              36.893988381845574,
              -1.2675228658926447
            ],
            [
              36.893988381845574,
              -1.2677025289494688
            ],
            [
              36.89362905573192,
              -1.2677025289494688
            ],
            [
              36.89362905573192,
              -1.267343202835821
            ],
            [
              36.89380871878875,
              -1.267343202835821
            ],
            [
              36.89380871878875,
              -1.266983876722173
            ],
            [
              36.893988381845574,
              -1.266983876722173
            ],
            [
              36.893988381845574,
              -1.267163539778997
            ],
            [
              36.89434770795922,
              -1.267163539778997
            ],
            [
              36.89434770795922,
              -1.266983876722173
            ],
            [
              36.89416804490239,
              -1.266983876722173
            ],
            [
              36.89416804490239,
              -1.2668042136653492
            ],
            [
              36.89380871878875,
              -1.2668042136653492
            ],
            [
              36.89380871878875,
              -1.2666245506085252
            ],
            [
              36.893988381845574,
              -1.2666245506085252
            ],
            [
              36.893988381845574,
              -1.2662652244948776
            ],
            [
              36.89416804490239,
              -1.2662652244948776
            ],
            [
              36.89416804490239,
              -1.2660855614380535
            ],
            [
              36.894527371016046,
              -1.2660855614380535
            ],
            [
              36.894527371016046,
              -1.2662652244948776
            ],
            [
              36.894707034072866,
              -1.2662652244948776
            ],
            [
              36.894707034072866,
              -1.2660855614380535
            ],
            [
              36.89506636018651,
              -1.2660855614380535
            ],
            [
              36.89506636018651,
              -1.2659058983812297
            ],
            [
              36.895425686300165,
              -1.2659058983812297
            ],
            [
              36.895425686300165,
              -1.2657262353244059
            ],
            [
              36.895605349356984,
              -1.2657262353244059
            ],
            [
              36.895605349356984,
              -1.2655465722675818
            ],
            [
              36.89596467547064,
              -1.2655465722675818
            ],
            [
              36.89596467547064,
              -1.265366909210758
            ],
            [
              36.896144338527456,
              -1.265366909210758
            ],
            [
              36.896144338527456,
              -1.265187246153934
            ],
            [
              36.897042653811575,
              -1.265187246153934
            ],
            [
              36.897042653811575,
              -1.2650075830971101
            ],
            [
              36.8972223168684,
              -1.2650075830971101
            ],
            [
              36.8972223168684,
              -1.2644685939266385
            ],
            [
              36.897042653811575,
              -1.2644685939266385
            ],
            [
              36.897042653811575,
              -1.2641092678129906
            ],
            [
              36.896862990754755,
              -1.2641092678129906
            ],
            [
              36.896862990754755,
              -1.2628516264152232
            ],
            [
              36.897042653811575,
              -1.2628516264152232
            ],
            [
              36.897042653811575,
              -1.2621329741879277
            ],
            [
              36.8972223168684,
              -1.2621329741879277
            ],
            [
              36.8972223168684,
              -1.2619533111311039
            ],
            [
              36.897042653811575,
              -1.2619533111311039
            ],
            [
              36.897042653811575,
              -1.261593985017456
            ],
            [
              36.89668332769793,
              -1.261593985017456
            ],
            [
              36.89668332769793,
              -1.2619533111311039
            ],
            [
              36.89650366464111,
              -1.2619533111311039
            ],
            [
              36.89650366464111,
              -1.2617736480742798
            ],
            [
              36.896144338527456,
              -1.2617736480742798
            ],
            [
              36.896144338527456,
              -1.261593985017456
            ],
            [
              36.89632400158428,
              -1.261593985017456
            ],
            [
              36.89632400158428,
              -1.2608753327901603
            ],
            [
              36.89650366464111,
              -1.2608753327901603
            ],
            [
              36.89650366464111,
              -1.2603363436196886
            ],
            [
              36.89632400158428,
              -1.2603363436196886
            ],
            [
              36.89632400158428,
              -1.2601566805628648
            ],
            [
              36.89488669712969,
              -1.2601566805628648
            ],
            [
              36.89488669712969,
              -1.2603363436196886
            ],
            [
              36.894527371016046,
              -1.2603363436196886
            ],
            [
              36.894527371016046,
              -1.2610549958469843
            ],
            [
              36.89434770795922,
              -1.2610549958469843
            ],
            [
              36.89434770795922,
              -1.2612346589038081
            ],
            [
              36.894527371016046,
              -1.2612346589038081
            ],
            [
              36.894527371016046,
              -1.2617736480742798
            ],
            [
              36.89506636018651,
              -1.2617736480742798
            ],
            [
              36.89506636018651,
              -1.261593985017456
            ],
            [
              36.895605349356984,
              -1.261593985017456
            ],
            [
              36.895605349356984,
              -1.2617736480742798
            ],
            [
              36.89578501241381,
              -1.2617736480742798
            ],
            [
              36.89578501241381,
              -1.2619533111311039
            ],
            [
              36.89596467547064,
              -1.2619533111311039
            ],
            [
              36.89596467547064,
              -1.263390615585695
            ],
            [
              36.895605349356984,
              -1.263390615585695
            ],
            [
              36.895605349356984,
              -1.263570278642519
            ],
            [
              36.895425686300165,
              -1.263570278642519
            ],
            [
              36.895425686300165,
              -1.2639296047561668
            ],
            [
              36.895605349356984,
              -1.2639296047561668
            ],
            [
              36.895605349356984,
              -1.2648279200402863
            ],
            [
              36.895425686300165,
              -1.2648279200402863
            ],
            [
              36.895425686300165,
              -1.2650075830971101
            ],
            [
              36.89488669712969,
              -1.2650075830971101
            ],
            [
              36.89488669712969,
              -1.2648279200402863
            ],
            [
              36.894527371016046,
              -1.2648279200402863
            ],
            [
              36.894527371016046,
              -1.2650075830971101
            ],
            [
              36.89434770795922,
              -1.2650075830971101
            ],
            [
              36.89434770795922,
              -1.2646482569834623
            ],
            [
              36.89416804490239,
              -1.2646482569834623
            ],
            [
              36.89416804490239,
              -1.2655465722675818
            ],
            [
              36.893988381845574,
              -1.2655465722675818
            ],
            [
              36.893988381845574,
              -1.265366909210758
            ],
            [
              36.89362905573192,
              -1.265366909210758
            ],
            [
              36.89362905573192,
              -1.2648279200402863
            ],
            [
              36.893988381845574,
              -1.2648279200402863
            ],
            [
              36.893988381845574,
              -1.2644685939266385
            ],
            [
              36.89380871878875,
              -1.2644685939266385
            ],
            [
              36.89380871878875,
              -1.2646482569834623
            ],
            [
              36.89362905573192,
              -1.2646482569834623
            ],
            [
              36.89362905573192,
              -1.2644685939266385
            ],
            [
              36.8934493926751,
              -1.2644685939266385
            ],
            [
              36.8934493926751,
              -1.2646482569834623
            ],
            [
              36.893269729618275,
              -1.2646482569834623
            ],
            [
              36.893269729618275,
              -1.2650075830971101
            ],
            [
              36.89309006656145,
              -1.2650075830971101
            ],
            [
              36.89309006656145,
              -1.265187246153934
            ],
            [
              36.89291040350463,
              -1.265187246153934
            ],
            [
              36.89291040350463,
              -1.2659058983812297
            ],
            [
              36.8927307404478,
              -1.2659058983812297
            ],
            [
              36.8927307404478,
              -1.2660855614380535
            ],
            [
              36.89237141433416,
              -1.2660855614380535
            ],
            [
              36.89237141433416,
              -1.2662652244948776
            ],
            [
              36.89219175127733,
              -1.2662652244948776
            ],
            [
              36.89219175127733,
              -1.2664448875517014
            ],
            [
              36.891832425163685,
              -1.2664448875517014
            ],
            [
              36.891832425163685,
              -1.2666245506085252
            ],
            [
              36.89147309905004,
              -1.2666245506085252
            ],
            [
              36.89147309905004,
              -1.2668042136653492
            ],
            [
              36.89129343599321,
              -1.2668042136653492
            ],
            [
              36.89129343599321,
              -1.267163539778997
            ],
            [
              36.89147309905004,
              -1.267163539778997
            ],
            [
              36.89147309905004,
              -1.267343202835821
            ],
            [
              36.89165276210686,
              -1.267343202835821
            ],
            [
              36.89165276210686,
              -1.2675228658926447
            ],
            [
              36.891832425163685,
              -1.2675228658926447
            ],
            [
              36.891832425163685,
              -1.2677025289494688
            ],
            [
              36.89165276210686,
              -1.2677025289494688
            ],
            [
              36.89165276210686,
              -1.268960170347236
            ],
            [
              36.89201208822051,
              -1.268960170347236
            ],
            [
              36.89201208822051,
              -1.26913983340406
            ],
            [
              36.89219175127733,
              -1.26913983340406
            ],
            [
              36.89219175127733,
              -1.2687805072904121
            ],
            [
              36.89237141433416,
              -1.2687805072904121
            ],
            [
              36.89237141433416,
              -1.2678821920062926
            ],
            [
              36.8927307404478,
              -1.2678821920062926
            ],
            [
              36.8927307404478,
              -1.2675228658926447
            ]
          ]
        ]
      },
      "id": "+205363-7015",
      "properties": {
        "area_ha": 19.07262978405993,
        "area_m2": 190726.2978405993,
        "class": 0,
        "count": 478
      }
    },
    {
      "type": "Feature",
      "geometry": {
        "geodesic": false,
        "type": "Polygon",
        "coordinates": [
          [
            [
              36.903510523857236,
              -1.2402140812554114
            ],
            [
              36.903510523857236,
              -1.2403937443122353
            ],
            [
              36.903330860800416,
              -1.2403937443122353
            ],
            [
              36.903330860800416,
              -1.240573407369059
            ],
            [
              36.90297153468676,
              -1.240573407369059
            ],
            [
              36.90297153468676,
              -1.2420107118236503
            ],
            [
              36.90315119774359,
              -1.2420107118236503
            ],
            [
              36.90315119774359,
              -1.242729364050946
            ],
            [
              36.90297153468676,
              -1.242729364050946
            ],
            [
              36.90297153468676,
              -1.2429090271077698
            ],
            [
              36.902791871629944,
              -1.2429090271077698
            ],
            [
              36.902791871629944,
              -1.243088690164594
            ],
            [
              36.90261220857312,
              -1.243088690164594
            ],
            [
              36.90261220857312,
              -1.2434480162782415
            ],
            [
              36.9024325455163,
              -1.2434480162782415
            ],
            [
              36.9024325455163,
              -1.2436276793350656
            ],
            [
              36.90261220857312,
              -1.2436276793350656
            ],
            [
              36.90261220857312,
              -1.2438073423918894
            ],
            [
              36.9024325455163,
              -1.2438073423918894
            ],
            [
              36.9024325455163,
              -1.2439870054487134
            ],
            [
              36.90225288245947,
              -1.2439870054487134
            ],
            [
              36.90225288245947,
              -1.2441666685055373
            ],
            [
              36.902073219402645,
              -1.2441666685055373
            ],
            [
              36.902073219402645,
              -1.2439870054487134
            ],
            [
              36.901713893289,
              -1.2439870054487134
            ],
            [
              36.901713893289,
              -1.244705657676009
            ],
            [
              36.901893556345826,
              -1.244705657676009
            ],
            [
              36.901893556345826,
              -1.244885320732833
            ],
            [
              36.90225288245947,
              -1.244885320732833
            ],
            [
              36.90225288245947,
              -1.2445259946191851
            ],
            [
              36.9024325455163,
              -1.2445259946191851
            ],
            [
              36.9024325455163,
              -1.244346331562361
            ],
            [
              36.90297153468676,
              -1.244346331562361
            ],
            [
              36.90297153468676,
              -1.2441666685055373
            ],
            [
              36.902791871629944,
              -1.2441666685055373
            ],
            [
              36.902791871629944,
              -1.2439870054487134
            ],
            [
              36.90297153468676,
              -1.2439870054487134
            ],
            [
              36.90297153468676,
              -1.2438073423918894
            ],
            [
              36.90315119774359,
              -1.2438073423918894
            ],
            [
              36.90315119774359,
              -1.2439870054487134
            ],
            [
              36.903330860800416,
              -1.2439870054487134
            ],
            [
              36.903330860800416,
              -1.2432683532214177
            ],
            [
              36.90369018691406,
              -1.2432683532214177
            ],
            [
              36.90369018691406,
              -1.243088690164594
            ],
            [
              36.90386984997089,
              -1.243088690164594
            ],
            [
              36.90386984997089,
              -1.2434480162782415
            ],
            [
              36.90369018691406,
              -1.2434480162782415
            ],
            [
              36.90369018691406,
              -1.2436276793350656
            ],
            [
              36.90386984997089,
              -1.2436276793350656
            ],
            [
              36.90386984997089,
              -1.2434480162782415
            ],
            [
              36.90404951302771,
              -1.2434480162782415
            ],
            [
              36.90404951302771,
              -1.2438073423918894
            ],
            [
              36.90386984997089,
              -1.2438073423918894
            ],
            [
              36.90386984997089,
              -1.2439870054487134
            ],
            [
              36.903510523857236,
              -1.2439870054487134
            ],
            [
              36.903510523857236,
              -1.244346331562361
            ],
            [
              36.90369018691406,
              -1.244346331562361
            ],
            [
              36.90369018691406,
              -1.2441666685055373
            ],
            [
              36.90386984997089,
              -1.2441666685055373
            ],
            [
              36.90386984997089,
              -1.244346331562361
            ],
            [
              36.90404951302771,
              -1.244346331562361
            ],
            [
              36.90404951302771,
              -1.2439870054487134
            ],
            [
              36.904229176084534,
              -1.2439870054487134
            ],
            [
              36.904229176084534,
              -1.2441666685055373
            ],
            [
              36.90440883914136,
              -1.2441666685055373
            ],
            [
              36.90440883914136,
              -1.2439870054487134
            ],
            [
              36.90458850219818,
              -1.2439870054487134
            ],
            [
              36.90458850219818,
              -1.2441666685055373
            ],
            [
              36.90476816525501,
              -1.2441666685055373
            ],
            [
              36.90476816525501,
              -1.2439870054487134
            ],
            [
              36.90530715442548,
              -1.2439870054487134
            ],
            [
              36.90530715442548,
              -1.2438073423918894
            ],
            [
              36.90584614359595,
              -1.2438073423918894
            ],
            [
              36.90584614359595,
              -1.2436276793350656
            ],
            [
              36.90602580665277,
              -1.2436276793350656
            ],
            [
              36.90602580665277,
              -1.2434480162782415
            ],
            [
              36.9062054697096,
              -1.2434480162782415
            ],
            [
              36.9062054697096,
              -1.2432683532214177
            ],
            [
              36.906385132766424,
              -1.2432683532214177
            ],
            [
              36.906385132766424,
              -1.243088690164594
            ],
            [
              36.90656479582324,
              -1.243088690164594
            ],
            [
              36.90656479582324,
              -1.2429090271077698
            ],
            [
              36.90674445888007,
              -1.2429090271077698
            ],
            [
              36.90674445888007,
              -1.242729364050946
            ],
            [
              36.90656479582324,
              -1.242729364050946
            ],
            [
              36.90656479582324,
              -1.2429090271077698
            ],
            [
              36.906385132766424,
              -1.2429090271077698
            ],
            [
              36.906385132766424,
              -1.242729364050946
            ],
            [
              36.9062054697096,
              -1.242729364050946
            ],
            [
              36.9062054697096,
              -1.2425497009941222
            ],
            [
              36.90602580665277,
              -1.2425497009941222
            ],
            [
              36.90602580665277,
              -1.2423700379372982
            ],
            [
              36.905666480539125,
              -1.2423700379372982
            ],
            [
              36.905666480539125,
              -1.2420107118236503
            ],
            [
              36.90512749136865,
              -1.2420107118236503
            ],
            [
              36.90512749136865,
              -1.2416513857100027
            ],
            [
              36.90530715442548,
              -1.2416513857100027
            ],
            [
              36.90530715442548,
              -1.2414717226531786
            ],
            [
              36.9054868174823,
              -1.2414717226531786
            ],
            [
              36.9054868174823,
              -1.2412920595963548
            ],
            [
              36.905666480539125,
              -1.2412920595963548
            ],
            [
              36.905666480539125,
              -1.241112396539531
            ],
            [
              36.90530715442548,
              -1.241112396539531
            ],
            [
              36.90530715442548,
              -1.2407530704258831
            ],
            [
              36.904947828311826,
              -1.2407530704258831
            ],
            [
              36.904947828311826,
              -1.240932733482707
            ],
            [
              36.90476816525501,
              -1.240932733482707
            ],
            [
              36.90476816525501,
              -1.2407530704258831
            ],
            [
              36.90440883914136,
              -1.2407530704258831
            ],
            [
              36.90440883914136,
              -1.2402140812554114
            ],
            [
              36.903510523857236,
              -1.2402140812554114
            ]
          ],
          [
            [
              36.90369018691406,
              -1.2429090271077698
            ],
            [
              36.903510523857236,
              -1.2429090271077698
            ],
            [
              36.903510523857236,
              -1.243088690164594
            ],
            [
              36.90369018691406,
              -1.243088690164594
            ],
            [
              36.90369018691406,
              -1.2429090271077698
            ]
          ],
          [
            [
              36.90386984997089,
              -1.2423700379372982
            ],
            [
              36.903510523857236,
              -1.2423700379372982
            ],
            [
              36.903510523857236,
              -1.2425497009941222
            ],
            [
              36.90369018691406,
              -1.2425497009941222
            ],
            [
              36.90369018691406,
              -1.242729364050946
            ],
            [
              36.90386984997089,
              -1.242729364050946
            ],
            [
              36.90386984997089,
              -1.2423700379372982
            ]
          ]
        ]
      },
      "id": "+205408-6904",
      "properties": {
        "area_ha": 12.608791113326681,
        "area_m2": 126087.91113326681,
        "class": 0,
        "count": 316
      }
    },
    {
      "type": "Feature",
      "geometry": {
        "geodesic": false,
        "type": "Polygon",
        "coordinates": [
          [
            [
              36.90440883914136,
              -1.1805659463898752
            ],
            [
              36.90440883914136,
              -1.1812845986171707
            ],
            [
              36.90476816525501,
              -1.1812845986171707
            ],
            [
              36.90476816525501,
              -1.1814642616739948
            ],
            [
              36.90458850219818,
              -1.1814642616739948
            ],
            [
              36.90458850219818,
              -1.1816439247308186
            ],
            [
              36.90440883914136,
              -1.1816439247308186
            ],
            [
              36.90440883914136,
              -1.1825422400149381
            ],
            [
              36.904229176084534,
              -1.1825422400149381
            ],
            [
              36.904229176084534,
              -1.182721903071762
            ],
            [
              36.90404951302771,
              -1.182721903071762
            ],
            [
              36.90404951302771,
              -1.182901566128586
            ],
            [
              36.90369018691406,
              -1.182901566128586
            ],
            [
              36.90369018691406,
              -1.1830812291854098
            ],
            [
              36.903510523857236,
              -1.1830812291854098
            ],
            [
              36.903510523857236,
              -1.1832608922422336
            ],
            [
              36.903330860800416,
              -1.1832608922422336
            ],
            [
              36.903330860800416,
              -1.1834405552990577
            ],
            [
              36.903510523857236,
              -1.1834405552990577
            ],
            [
              36.903510523857236,
              -1.1836202183558815
            ],
            [
              36.903330860800416,
              -1.1836202183558815
            ],
            [
              36.903330860800416,
              -1.1837998814127053
            ],
            [
              36.902791871629944,
              -1.1837998814127053
            ],
            [
              36.902791871629944,
              -1.1839795444695294
            ],
            [
              36.90297153468676,
              -1.1839795444695294
            ],
            [
              36.90297153468676,
              -1.1843388705831772
            ],
            [
              36.90315119774359,
              -1.1843388705831772
            ],
            [
              36.90315119774359,
              -1.184518533640001
            ],
            [
              36.902791871629944,
              -1.184518533640001
            ],
            [
              36.902791871629944,
              -1.1846981966968249
            ],
            [
              36.90297153468676,
              -1.1846981966968249
            ],
            [
              36.90297153468676,
              -1.1850575228104727
            ],
            [
              36.90315119774359,
              -1.1850575228104727
            ],
            [
              36.90315119774359,
              -1.1852371858672965
            ],
            [
              36.90369018691406,
              -1.1852371858672965
            ],
            [
              36.90369018691406,
              -1.1850575228104727
            ],
            [
              36.90386984997089,
              -1.1850575228104727
            ],
            [
              36.90386984997089,
              -1.1852371858672965
            ],
            [
              36.90404951302771,
              -1.1852371858672965
            ],
            [
              36.90404951302771,
              -1.1854168489241206
            ],
            [
              36.904229176084534,
              -1.1854168489241206
            ],
            [
              36.904229176084534,
              -1.1855965119809444
            ],
            [
              36.90458850219818,
              -1.1855965119809444
            ],
            [
              36.90458850219818,
              -1.1854168489241206
            ],
            [
              36.904947828311826,
              -1.1854168489241206
            ],
            [
              36.904947828311826,
              -1.1852371858672965
            ],
            [
              36.90530715442548,
              -1.1852371858672965
            ],
            [
              36.90530715442548,
              -1.1850575228104727
            ],
            [
              36.9054868174823,
              -1.1850575228104727
            ],
            [
              36.9054868174823,
              -1.1852371858672965
            ],
            [
              36.905666480539125,
              -1.1852371858672965
            ],
            [
              36.905666480539125,
              -1.1854168489241206
            ],
            [
              36.90584614359595,
              -1.1854168489241206
            ],
            [
              36.90584614359595,
              -1.1857761750377684
            ],
            [
              36.90602580665277,
              -1.1857761750377684
            ],
            [
              36.90602580665277,
              -1.186674490321888
            ],
            [
              36.9062054697096,
              -1.186674490321888
            ],
            [
              36.9062054697096,
              -1.1868541533787118
            ],
            [
              36.90602580665277,
              -1.1868541533787118
            ],
            [
              36.90602580665277,
              -1.1870338164355356
            ],
            [
              36.906385132766424,
              -1.1870338164355356
            ],
            [
              36.906385132766424,
              -1.1868541533787118
            ],
            [
              36.90656479582324,
              -1.1868541533787118
            ],
            [
              36.90656479582324,
              -1.1872134794923597
            ],
            [
              36.90692412193689,
              -1.1872134794923597
            ],
            [
              36.90692412193689,
              -1.1877524686628314
            ],
            [
              36.907103784993716,
              -1.1877524686628314
            ],
            [
              36.907103784993716,
              -1.1879321317196552
            ],
            [
              36.90728344805054,
              -1.1879321317196552
            ],
            [
              36.90728344805054,
              -1.1881117947764792
            ],
            [
              36.908002100277834,
              -1.1881117947764792
            ],
            [
              36.908002100277834,
              -1.1873931425491835
            ],
            [
              36.907822437221014,
              -1.1873931425491835
            ],
            [
              36.907822437221014,
              -1.1870338164355356
            ],
            [
              36.90764277416419,
              -1.1870338164355356
            ],
            [
              36.90764277416419,
              -1.186674490321888
            ],
            [
              36.907822437221014,
              -1.186674490321888
            ],
            [
              36.907822437221014,
              -1.186494827265064
            ],
            [
              36.90764277416419,
              -1.186494827265064
            ],
            [
              36.90764277416419,
              -1.1863151642082401
            ],
            [
              36.90728344805054,
              -1.1863151642082401
            ],
            [
              36.90728344805054,
              -1.186135501151416
            ],
            [
              36.907103784993716,
              -1.186135501151416
            ],
            [
              36.907103784993716,
              -1.1857761750377684
            ],
            [
              36.90692412193689,
              -1.1857761750377684
            ],
            [
              36.90692412193689,
              -1.184877859753649
            ],
            [
              36.907103784993716,
              -1.184877859753649
            ],
            [
              36.907103784993716,
              -1.184518533640001
            ],
            [
              36.90728344805054,
              -1.184518533640001
            ],
            [
              36.90728344805054,
              -1.1843388705831772
            ],
            [
              36.90692412193689,
              -1.1843388705831772
            ],
            [
              36.90692412193689,
              -1.184518533640001
            ],
            [
              36.90656479582324,
              -1.184518533640001
            ],
            [
              36.90656479582324,
              -1.1843388705831772
            ],
            [
              36.9062054697096,
              -1.1843388705831772
            ],
            [
              36.9062054697096,
              -1.1841592075263532
            ],
            [
              36.905666480539125,
              -1.1841592075263532
            ],
            [
              36.905666480539125,
              -1.1837998814127053
            ],
            [
              36.9054868174823,
              -1.1837998814127053
            ],
            [
              36.9054868174823,
              -1.184518533640001
            ],
            [
              36.90530715442548,
              -1.184518533640001
            ],
            [
              36.90530715442548,
              -1.1846981966968249
            ],
            [
              36.90512749136865,
              -1.1846981966968249
            ],
            [
              36.90512749136865,
              -1.184877859753649
            ],
            [
              36.90476816525501,
              -1.184877859753649
            ],
            [
              36.90476816525501,
              -1.1850575228104727
            ],
            [
              36.90458850219818,
              -1.1850575228104727
            ],
            [
              36.90458850219818,
              -1.184877859753649
            ],
            [
              36.90404951302771,
              -1.184877859753649
            ],
            [
              36.90404951302771,
              -1.1846981966968249
            ],
            [
              36.90369018691406,
              -1.1846981966968249
            ],
            [
              36.90369018691406,
              -1.1843388705831772
            ],
            [
              36.90404951302771,
              -1.1843388705831772
            ],
            [
              36.90404951302771,
              -1.1841592075263532
            ],
            [
              36.90440883914136,
              -1.1841592075263532
            ],
            [
              36.90440883914136,
              -1.1839795444695294
            ],
            [
              36.90512749136865,
              -1.1839795444695294
            ],
            [
              36.90512749136865,
              -1.1837998814127053
            ],
            [
              36.904947828311826,
              -1.1837998814127053
            ],
            [
              36.904947828311826,
              -1.1836202183558815
            ],
            [
              36.90530715442548,
              -1.1836202183558815
            ],
            [
              36.90530715442548,
              -1.1834405552990577
            ],
            [
              36.90512749136865,
              -1.1834405552990577
            ],
            [
              36.90512749136865,
              -1.1832608922422336
            ],
            [
              36.90530715442548,
              -1.1832608922422336
            ],
            [
              36.90530715442548,
              -1.1830812291854098
            ],
            [
              36.904947828311826,
              -1.1830812291854098
            ],
            [
              36.904947828311826,
              -1.182901566128586
            ],
            [
              36.90476816525501,
              -1.182901566128586
            ],
            [
              36.90476816525501,
              -1.182721903071762
            ],
            [
              36.90512749136865,
              -1.182721903071762
            ],
            [
              36.90512749136865,
              -1.1818235877876424
            ],
            [
              36.90530715442548,
              -1.1818235877876424
            ],
            [
              36.90530715442548,
              -1.1821829139012903
            ],
            [
              36.9054868174823,
              -1.1821829139012903
            ],
            [
              36.9054868174823,
              -1.1825422400149381
            ],
            [
              36.90584614359595,
              -1.1825422400149381
            ],
            [
              36.90584614359595,
              -1.1821829139012903
            ],
            [
              36.90602580665277,
              -1.1821829139012903
            ],
            [
              36.90602580665277,
              -1.1820032508444664
            ],
            [
              36.905666480539125,
              -1.1820032508444664
            ],
            [
              36.905666480539125,
              -1.1812845986171707
            ],
            [
              36.90584614359595,
              -1.1812845986171707
            ],
            [
              36.90584614359595,
              -1.181104935560347
            ],
            [
              36.905666480539125,
              -1.181104935560347
            ],
            [
              36.905666480539125,
              -1.1809252725035229
            ],
            [
              36.90476816525501,
              -1.1809252725035229
            ],
            [
              36.90476816525501,
              -1.180745609446699
            ],
            [
              36.90458850219818,
              -1.180745609446699
            ],
            [
              36.90458850219818,
              -1.1805659463898752
            ],
            [
              36.90440883914136,
              -1.1805659463898752
            ]
          ],
          [
            [
              36.90728344805054,
              -1.186494827265064
            ],
            [
              36.90692412193689,
              -1.186494827265064
            ],
            [
              36.90692412193689,
              -1.1868541533787118
            ],
            [
              36.907103784993716,
              -1.1868541533787118
            ],
            [
              36.907103784993716,
              -1.1870338164355356
            ],
            [
              36.90728344805054,
              -1.1870338164355356
            ],
            [
              36.90728344805054,
              -1.186494827265064
            ]
          ],
          [
            [
              36.90764277416419,
              -1.186494827265064
            ],
            [
              36.90746311110736,
              -1.186494827265064
            ],
            [
              36.90746311110736,
              -1.186674490321888
            ],
            [
              36.90764277416419,
              -1.186674490321888
            ],
            [
              36.90764277416419,
              -1.186494827265064
            ]
          ],
          [
            [
              36.905666480539125,
              -1.1820032508444664
            ],
            [
              36.9054868174823,
              -1.1820032508444664
            ],
            [
              36.9054868174823,
              -1.1821829139012903
            ],
            [
              36.905666480539125,
              -1.1821829139012903
            ],
            [
              36.905666480539125,
              -1.1820032508444664
            ]
          ],
          [
            [
              36.90530715442548,
              -1.1814642616739948
            ],
            [
              36.90476816525501,
              -1.1814642616739948
            ],
            [
              36.90476816525501,
              -1.1820032508444664
            ],
            [
              36.904947828311826,
              -1.1820032508444664
            ],
            [
              36.904947828311826,
              -1.1818235877876424
            ],
            [
              36.90512749136865,
              -1.1818235877876424
            ],
            [
              36.90512749136865,
              -1.1816439247308186
            ],
            [
              36.90530715442548,
              -1.1816439247308186
            ],
            [
              36.90530715442548,
              -1.1814642616739948
            ]
          ]
        ]
      },
      "id": "+205409-6572",
      "properties": {
        "area_ha": 13.28739698969998,
        "area_m2": 132873.9698969998,
        "class": 0,
        "count": 333
      }
    },
    {
      "type": "Feature",
      "geometry": {
        "geodesic": false,
        "type": "Polygon",
        "coordinates": [
          [
            [
              36.910697046130196,
              -1.2752483773360728
            ],
            [
              36.910697046130196,
              -1.2754280403928966
            ],
            [
              36.91033772001655,
              -1.2754280403928966
            ],
            [
              36.91033772001655,
              -1.2757873665065445
            ],
            [
              36.91015805695972,
              -1.2757873665065445
            ],
            [
              36.91015805695972,
              -1.2759670295633683
            ],
            [
              36.9099783939029,
              -1.2759670295633683
            ],
            [
              36.9099783939029,
              -1.2756077034497204
            ],
            [
              36.90979873084608,
              -1.2756077034497204
            ],
            [
              36.90979873084608,
              -1.2757873665065445
            ],
            [
              36.90961906778925,
              -1.2757873665065445
            ],
            [
              36.90961906778925,
              -1.2761466926201923
            ],
            [
              36.91051738307337,
              -1.2761466926201923
            ],
            [
              36.91051738307337,
              -1.2763263556770161
            ],
            [
              36.910697046130196,
              -1.2763263556770161
            ],
            [
              36.910697046130196,
              -1.27650601873384
            ],
            [
              36.91195468752796,
              -1.27650601873384
            ],
            [
              36.91195468752796,
              -1.276685681790664
            ],
            [
              36.912134350584786,
              -1.276685681790664
            ],
            [
              36.912134350584786,
              -1.2774043340179595
            ],
            [
              36.91231401364161,
              -1.2774043340179595
            ],
            [
              36.91231401364161,
              -1.2779433231884312
            ],
            [
              36.91249367669843,
              -1.2779433231884312
            ],
            [
              36.91249367669843,
              -1.2781229862452552
            ],
            [
              36.91285300281208,
              -1.2781229862452552
            ],
            [
              36.91285300281208,
              -1.278661975415727
            ],
            [
              36.91267333975526,
              -1.278661975415727
            ],
            [
              36.91267333975526,
              -1.2793806276430224
            ],
            [
              36.91249367669843,
              -1.2793806276430224
            ],
            [
              36.91249367669843,
              -1.2795602906998464
            ],
            [
              36.91231401364161,
              -1.2795602906998464
            ],
            [
              36.91231401364161,
              -1.280278942927142
            ],
            [
              36.91195468752796,
              -1.280278942927142
            ],
            [
              36.91195468752796,
              -1.280458605983966
            ],
            [
              36.91249367669843,
              -1.280458605983966
            ],
            [
              36.91249367669843,
              -1.2806382690407898
            ],
            [
              36.91231401364161,
              -1.2806382690407898
            ],
            [
              36.91231401364161,
              -1.2808179320976136
            ],
            [
              36.91249367669843,
              -1.2808179320976136
            ],
            [
              36.91249367669843,
              -1.2806382690407898
            ],
            [
              36.91267333975526,
              -1.2806382690407898
            ],
            [
              36.91267333975526,
              -1.280458605983966
            ],
            [
              36.91285300281208,
              -1.280458605983966
            ],
            [
              36.91285300281208,
              -1.2808179320976136
            ],
            [
              36.913032665868904,
              -1.2808179320976136
            ],
            [
              36.913032665868904,
              -1.2809975951544377
            ],
            [
              36.91231401364161,
              -1.2809975951544377
            ],
            [
              36.91231401364161,
              -1.2811772582112615
            ],
            [
              36.912134350584786,
              -1.2811772582112615
            ],
            [
              36.912134350584786,
              -1.2813569212680855
            ],
            [
              36.91195468752796,
              -1.2813569212680855
            ],
            [
              36.91195468752796,
              -1.2815365843249094
            ],
            [
              36.911595361414314,
              -1.2815365843249094
            ],
            [
              36.911595361414314,
              -1.282075573495381
            ],
            [
              36.91123603530067,
              -1.282075573495381
            ],
            [
              36.91123603530067,
              -1.282434899609029
            ],
            [
              36.910697046130196,
              -1.282434899609029
            ],
            [
              36.910697046130196,
              -1.282075573495381
            ],
            [
              36.910876709187015,
              -1.282075573495381
            ],
            [
              36.910876709187015,
              -1.2818959104385572
            ],
            [
              36.91105637224384,
              -1.2818959104385572
            ],
            [
              36.91105637224384,
              -1.2817162473817332
            ],
            [
              36.91123603530067,
              -1.2817162473817332
            ],
            [
              36.91123603530067,
              -1.2815365843249094
            ],
            [
              36.91141569835749,
              -1.2815365843249094
            ],
            [
              36.91141569835749,
              -1.280458605983966
            ],
            [
              36.91123603530067,
              -1.280458605983966
            ],
            [
              36.91123603530067,
              -1.280278942927142
            ],
            [
              36.910876709187015,
              -1.280278942927142
            ],
            [
              36.910876709187015,
              -1.2800992798703181
            ],
            [
              36.91051738307337,
              -1.2800992798703181
            ],
            [
              36.91051738307337,
              -1.2799196168134943
            ],
            [
              36.91033772001655,
              -1.2799196168134943
            ],
            [
              36.91033772001655,
              -1.280278942927142
            ],
            [
              36.91015805695972,
              -1.280278942927142
            ],
            [
              36.91015805695972,
              -1.2800992798703181
            ],
            [
              36.9099783939029,
              -1.2800992798703181
            ],
            [
              36.9099783939029,
              -1.2799196168134943
            ],
            [
              36.90979873084608,
              -1.2799196168134943
            ],
            [
              36.90979873084608,
              -1.2800992798703181
            ],
            [
              36.90961906778925,
              -1.2800992798703181
            ],
            [
              36.90961906778925,
              -1.280278942927142
            ],
            [
              36.909439404732424,
              -1.280278942927142
            ],
            [
              36.909439404732424,
              -1.280458605983966
            ],
            [
              36.90961906778925,
              -1.280458605983966
            ],
            [
              36.90961906778925,
              -1.2806382690407898
            ],
            [
              36.9099783939029,
              -1.2806382690407898
            ],
            [
              36.9099783939029,
              -1.280458605983966
            ],
            [
              36.90979873084608,
              -1.280458605983966
            ],
            [
              36.90979873084608,
              -1.280278942927142
            ],
            [
              36.91015805695972,
              -1.280278942927142
            ],
            [
              36.91015805695972,
              -1.280458605983966
            ],
            [
              36.91033772001655,
              -1.280458605983966
            ],
            [
              36.91033772001655,
              -1.2809975951544377
            ],
            [
              36.91015805695972,
              -1.2809975951544377
            ],
            [
              36.91015805695972,
              -1.2811772582112615
            ],
            [
              36.90961906778925,
              -1.2811772582112615
            ],
            [
              36.90961906778925,
              -1.2813569212680855
            ],
            [
              36.909439404732424,
              -1.2813569212680855
            ],
            [
              36.909439404732424,
              -1.2817162473817332
            ],
            [
              36.909259741675605,
              -1.2817162473817332
            ],
            [
              36.909259741675605,
              -1.2815365843249094
            ],
            [
              36.90908007861878,
              -1.2815365843249094
            ],
            [
              36.90908007861878,
              -1.2808179320976136
            ],
            [
              36.909259741675605,
              -1.2808179320976136
            ],
            [
              36.909259741675605,
              -1.280458605983966
            ],
            [
              36.90908007861878,
              -1.280458605983966
            ],
            [
              36.90908007861878,
              -1.2808179320976136
            ],
            [
              36.90872075250513,
              -1.2808179320976136
            ],
            [
              36.90872075250513,
              -1.2806382690407898
            ],
            [
              36.90836142639149,
              -1.2806382690407898
            ],
            [
              36.90836142639149,
              -1.2808179320976136
            ],
            [
              36.90818176333466,
              -1.2808179320976136
            ],
            [
              36.90818176333466,
              -1.2817162473817332
            ],
            [
              36.908002100277834,
              -1.2817162473817332
            ],
            [
              36.908002100277834,
              -1.2818959104385572
            ],
            [
              36.90818176333466,
              -1.2818959104385572
            ],
            [
              36.90818176333466,
              -1.2826145626658527
            ],
            [
              36.90890041556195,
              -1.2826145626658527
            ],
            [
              36.90890041556195,
              -1.2827942257226768
            ],
            [
              36.90908007861878,
              -1.2827942257226768
            ],
            [
              36.90908007861878,
              -1.282434899609029
            ],
            [
              36.909439404732424,
              -1.282434899609029
            ],
            [
              36.909439404732424,
              -1.2827942257226768
            ],
            [
              36.90961906778925,
              -1.2827942257226768
            ],
            [
              36.90961906778925,
              -1.2835128779499723
            ],
            [
              36.9099783939029,
              -1.2835128779499723
            ],
            [
              36.9099783939029,
              -1.2836925410067963
            ],
            [
              36.91015805695972,
              -1.2836925410067963
            ],
            [
              36.91015805695972,
              -1.2838722040636201
            ],
            [
              36.91033772001655,
              -1.2838722040636201
            ],
            [
              36.91033772001655,
              -1.284051867120444
            ],
            [
              36.91015805695972,
              -1.284051867120444
            ],
            [
              36.91015805695972,
              -1.2845908562909156
            ],
            [
              36.9099783939029,
              -1.2845908562909156
            ],
            [
              36.9099783939029,
              -1.2851298454613875
            ],
            [
              36.90979873084608,
              -1.2851298454613875
            ],
            [
              36.90979873084608,
              -1.2860281607455069
            ],
            [
              36.90961906778925,
              -1.2860281607455069
            ],
            [
              36.90961906778925,
              -1.2865671499159788
            ],
            [
              36.909439404732424,
              -1.2865671499159788
            ],
            [
              36.909439404732424,
              -1.2867468129728026
            ],
            [
              36.909259741675605,
              -1.2867468129728026
            ],
            [
              36.909259741675605,
              -1.2871061390864504
            ],
            [
              36.90908007861878,
              -1.2871061390864504
            ],
            [
              36.90908007861878,
              -1.287465465200098
            ],
            [
              36.90890041556195,
              -1.287465465200098
            ],
            [
              36.90890041556195,
              -1.287824791313746
            ],
            [
              36.90872075250513,
              -1.287824791313746
            ],
            [
              36.90872075250513,
              -1.28800445437057
            ],
            [
              36.908541089448306,
              -1.28800445437057
            ],
            [
              36.908541089448306,
              -1.2881841174273938
            ],
            [
              36.90836142639149,
              -1.2881841174273938
            ],
            [
              36.90836142639149,
              -1.2883637804842176
            ],
            [
              36.908002100277834,
              -1.2883637804842176
            ],
            [
              36.908002100277834,
              -1.2887231065978655
            ],
            [
              36.907822437221014,
              -1.2887231065978655
            ],
            [
              36.907822437221014,
              -1.289621421881985
            ],
            [
              36.908002100277834,
              -1.289621421881985
            ],
            [
              36.908002100277834,
              -1.289980747995633
            ],
            [
              36.90818176333466,
              -1.289980747995633
            ],
            [
              36.90818176333466,
              -1.2903400741092808
            ],
            [
              36.908541089448306,
              -1.2903400741092808
            ],
            [
              36.908541089448306,
              -1.2905197371661046
            ],
            [
              36.90872075250513,
              -1.2905197371661046
            ],
            [
              36.90872075250513,
              -1.2908790632797524
            ],
            [
              36.90890041556195,
              -1.2908790632797524
            ],
            [
              36.90890041556195,
              -1.2912383893934
            ],
            [
              36.9099783939029,
              -1.2912383893934
            ],
            [
              36.9099783939029,
              -1.2910587263365763
            ],
            [
              36.91051738307337,
              -1.2910587263365763
            ],
            [
              36.91051738307337,
              -1.2908790632797524
            ],
            [
              36.910697046130196,
              -1.2908790632797524
            ],
            [
              36.910697046130196,
              -1.2905197371661046
            ],
            [
              36.910876709187015,
              -1.2905197371661046
            ],
            [
              36.910876709187015,
              -1.2903400741092808
            ],
            [
              36.91105637224384,
              -1.2903400741092808
            ],
            [
              36.91105637224384,
              -1.2898010849388089
            ],
            [
              36.912134350584786,
              -1.2898010849388089
            ],
            [
              36.912134350584786,
              -1.289980747995633
            ],
            [
              36.91285300281208,
              -1.289980747995633
            ],
            [
              36.91285300281208,
              -1.2901604110524567
            ],
            [
              36.9137513180962,
              -1.2901604110524567
            ],
            [
              36.9137513180962,
              -1.289980747995633
            ],
            [
              36.914469970323495,
              -1.289980747995633
            ],
            [
              36.914469970323495,
              -1.2898010849388089
            ],
            [
              36.91464963338032,
              -1.2898010849388089
            ],
            [
              36.91464963338032,
              -1.289621421881985
            ],
            [
              36.91482929643714,
              -1.289621421881985
            ],
            [
              36.91482929643714,
              -1.2890824327115133
            ],
            [
              36.91464963338032,
              -1.2890824327115133
            ],
            [
              36.91464963338032,
              -1.2887231065978655
            ],
            [
              36.914469970323495,
              -1.2887231065978655
            ],
            [
              36.914469970323495,
              -1.2883637804842176
            ],
            [
              36.914290307266675,
              -1.2883637804842176
            ],
            [
              36.914290307266675,
              -1.2881841174273938
            ],
            [
              36.91411064420985,
              -1.2881841174273938
            ],
            [
              36.91411064420985,
              -1.287465465200098
            ],
            [
              36.914290307266675,
              -1.287465465200098
            ],
            [
              36.914290307266675,
              -1.2871061390864504
            ],
            [
              36.914469970323495,
              -1.2871061390864504
            ],
            [
              36.914469970323495,
              -1.2869264760296264
            ],
            [
              36.91464963338032,
              -1.2869264760296264
            ],
            [
              36.91464963338032,
              -1.2867468129728026
            ],
            [
              36.91500895949397,
              -1.2867468129728026
            ],
            [
              36.91500895949397,
              -1.2865671499159788
            ],
            [
              36.91554794866444,
              -1.2865671499159788
            ],
            [
              36.91554794866444,
              -1.2863874868591547
            ],
            [
              36.915727611721266,
              -1.2863874868591547
            ],
            [
              36.915727611721266,
              -1.286207823802331
            ],
            [
              36.915907274778085,
              -1.286207823802331
            ],
            [
              36.915907274778085,
              -1.2860281607455069
            ],
            [
              36.91608693783491,
              -1.2860281607455069
            ],
            [
              36.91608693783491,
              -1.285848497688683
            ],
            [
              36.91626660089174,
              -1.285848497688683
            ],
            [
              36.91626660089174,
              -1.2851298454613875
            ],
            [
              36.91644626394856,
              -1.2851298454613875
            ],
            [
              36.91644626394856,
              -1.2849501824045635
            ],
            [
              36.916625927005384,
              -1.2849501824045635
            ],
            [
              36.916625927005384,
              -1.2847705193477397
            ],
            [
              36.916805590062204,
              -1.2847705193477397
            ],
            [
              36.916805590062204,
              -1.2844111932340918
            ],
            [
              36.91716491617586,
              -1.2844111932340918
            ],
            [
              36.91716491617586,
              -1.2838722040636201
            ],
            [
              36.917344579232676,
              -1.2838722040636201
            ],
            [
              36.917344579232676,
              -1.2836925410067963
            ],
            [
              36.9175242422895,
              -1.2836925410067963
            ],
            [
              36.9175242422895,
              -1.2833332148931484
            ],
            [
              36.91770390534633,
              -1.2833332148931484
            ],
            [
              36.91770390534633,
              -1.2829738887795006
            ],
            [
              36.91788356840315,
              -1.2829738887795006
            ],
            [
              36.91788356840315,
              -1.2826145626658527
            ],
            [
              36.918063231459975,
              -1.2826145626658527
            ],
            [
              36.918063231459975,
              -1.2822552365522049
            ],
            [
              36.91788356840315,
              -1.2822552365522049
            ],
            [
              36.91788356840315,
              -1.2818959104385572
            ],
            [
              36.9175242422895,
              -1.2818959104385572
            ],
            [
              36.9175242422895,
              -1.2815365843249094
            ],
            [
              36.917344579232676,
              -1.2815365843249094
            ],
            [
              36.917344579232676,
              -1.2811772582112615
            ],
            [
              36.91716491617586,
              -1.2811772582112615
            ],
            [
              36.91716491617586,
              -1.2808179320976136
            ],
            [
              36.917344579232676,
              -1.2808179320976136
            ],
            [
              36.917344579232676,
              -1.2800992798703181
            ],
            [
              36.9175242422895,
              -1.2800992798703181
            ],
            [
              36.9175242422895,
              -1.2781229862452552
            ],
            [
              36.91770390534633,
              -1.2781229862452552
            ],
            [
              36.91770390534633,
              -1.2777636601316074
            ],
            [
              36.91788356840315,
              -1.2777636601316074
            ],
            [
              36.91788356840315,
              -1.2775839970747835
            ],
            [
              36.918063231459975,
              -1.2775839970747835
            ],
            [
              36.918063231459975,
              -1.2774043340179595
            ],
            [
              36.9182428945168,
              -1.2774043340179595
            ],
            [
              36.9182428945168,
              -1.2772246709611357
            ],
            [
              36.91860222063045,
              -1.2772246709611357
            ],
            [
              36.91860222063045,
              -1.2770450079043116
            ],
            [
              36.91878188368727,
              -1.2770450079043116
            ],
            [
              36.91878188368727,
              -1.2768653448474878
            ],
            [
              36.91896154674409,
              -1.2768653448474878
            ],
            [
              36.91896154674409,
              -1.276685681790664
            ],
            [
              36.91842255757362,
              -1.276685681790664
            ],
            [
              36.91842255757362,
              -1.27650601873384
            ],
            [
              36.9182428945168,
              -1.27650601873384
            ],
            [
              36.9182428945168,
              -1.276685681790664
            ],
            [
              36.918063231459975,
              -1.276685681790664
            ],
            [
              36.918063231459975,
              -1.2768653448474878
            ],
            [
              36.91770390534633,
              -1.2768653448474878
            ],
            [
              36.91770390534633,
              -1.2772246709611357
            ],
            [
              36.917344579232676,
              -1.2772246709611357
            ],
            [
              36.917344579232676,
              -1.2768653448474878
            ],
            [
              36.91716491617586,
              -1.2768653448474878
            ],
            [
              36.91716491617586,
              -1.27650601873384
            ],
            [
              36.91698525311903,
              -1.27650601873384
            ],
            [
              36.91698525311903,
              -1.2768653448474878
            ],
            [
              36.91716491617586,
              -1.2768653448474878
            ],
            [
              36.91716491617586,
              -1.2772246709611357
            ],
            [
              36.917344579232676,
              -1.2772246709611357
            ],
            [
              36.917344579232676,
              -1.2774043340179595
            ],
            [
              36.9175242422895,
              -1.2774043340179595
            ],
            [
              36.9175242422895,
              -1.2781229862452552
            ],
            [
              36.917344579232676,
              -1.2781229862452552
            ],
            [
              36.917344579232676,
              -1.278302649302079
            ],
            [
              36.91716491617586,
              -1.278302649302079
            ],
            [
              36.91716491617586,
              -1.278482312358903
            ],
            [
              36.91698525311903,
              -1.278482312358903
            ],
            [
              36.91698525311903,
              -1.278661975415727
            ],
            [
              36.916805590062204,
              -1.278661975415727
            ],
            [
              36.916805590062204,
              -1.2788416384725507
            ],
            [
              36.916625927005384,
              -1.2788416384725507
            ],
            [
              36.916625927005384,
              -1.2792009645861986
            ],
            [
              36.91626660089174,
              -1.2792009645861986
            ],
            [
              36.91626660089174,
              -1.2790213015293748
            ],
            [
              36.91608693783491,
              -1.2790213015293748
            ],
            [
              36.91608693783491,
              -1.2792009645861986
            ],
            [
              36.915907274778085,
              -1.2792009645861986
            ],
            [
              36.915907274778085,
              -1.2793806276430224
            ],
            [
              36.91608693783491,
              -1.2793806276430224
            ],
            [
              36.91608693783491,
              -1.2797399537566703
            ],
            [
              36.91626660089174,
              -1.2797399537566703
            ],
            [
              36.91626660089174,
              -1.2799196168134943
            ],
            [
              36.915907274778085,
              -1.2799196168134943
            ],
            [
              36.915907274778085,
              -1.2800992798703181
            ],
            [
              36.915727611721266,
              -1.2800992798703181
            ],
            [
              36.915727611721266,
              -1.280278942927142
            ],
            [
              36.91554794866444,
              -1.280278942927142
            ],
            [
              36.91554794866444,
              -1.2793806276430224
            ],
            [
              36.91536828560761,
              -1.2793806276430224
            ],
            [
              36.91536828560761,
              -1.2792009645861986
            ],
            [
              36.91500895949397,
              -1.2792009645861986
            ],
            [
              36.91500895949397,
              -1.2790213015293748
            ],
            [
              36.91482929643714,
              -1.2790213015293748
            ],
            [
              36.91482929643714,
              -1.2792009645861986
            ],
            [
              36.914469970323495,
              -1.2792009645861986
            ],
            [
              36.914469970323495,
              -1.2788416384725507
            ],
            [
              36.914290307266675,
              -1.2788416384725507
            ],
            [
              36.914290307266675,
              -1.278661975415727
            ],
            [
              36.91411064420985,
              -1.278661975415727
            ],
            [
              36.91411064420985,
              -1.278482312358903
            ],
            [
              36.91393098115302,
              -1.278482312358903
            ],
            [
              36.91393098115302,
              -1.278302649302079
            ],
            [
              36.914290307266675,
              -1.278302649302079
            ],
            [
              36.914290307266675,
              -1.2781229862452552
            ],
            [
              36.914469970323495,
              -1.2781229862452552
            ],
            [
              36.914469970323495,
              -1.2777636601316074
            ],
            [
              36.91482929643714,
              -1.2777636601316074
            ],
            [
              36.91482929643714,
              -1.2775839970747835
            ],
            [
              36.914290307266675,
              -1.2775839970747835
            ],
            [
              36.914290307266675,
              -1.2770450079043116
            ],
            [
              36.91411064420985,
              -1.2770450079043116
            ],
            [
              36.91411064420985,
              -1.27650601873384
            ],
            [
              36.91393098115302,
              -1.27650601873384
            ],
            [
              36.91393098115302,
              -1.2763263556770161
            ],
            [
              36.91321232892573,
              -1.2763263556770161
            ],
            [
              36.91321232892573,
              -1.2761466926201923
            ],
            [
              36.91285300281208,
              -1.2761466926201923
            ],
            [
              36.91285300281208,
              -1.2759670295633683
            ],
            [
              36.91267333975526,
              -1.2759670295633683
            ],
            [
              36.91267333975526,
              -1.2757873665065445
            ],
            [
              36.91195468752796,
              -1.2757873665065445
            ],
            [
              36.91195468752796,
              -1.2756077034497204
            ],
            [
              36.91123603530067,
              -1.2756077034497204
            ],
            [
              36.91123603530067,
              -1.2754280403928966
            ],
            [
              36.910876709187015,
              -1.2754280403928966
            ],
            [
              36.910876709187015,
              -1.2752483773360728
            ],
            [
              36.910697046130196,
              -1.2752483773360728
            ]
          ],
          [
            [
              36.91393098115302,
              -1.2851298454613875
            ],
            [
              36.913032665868904,
              -1.2851298454613875
            ],
            [
              36.913032665868904,
              -1.2853095085182114
            ],
            [
              36.91267333975526,
              -1.2853095085182114
            ],
            [
              36.91267333975526,
              -1.2854891715750352
            ],
            [
              36.91249367669843,
              -1.2854891715750352
            ],
            [
              36.91249367669843,
              -1.2856688346318592
            ],
            [
              36.91231401364161,
              -1.2856688346318592
            ],
            [
              36.91231401364161,
              -1.2863874868591547
            ],
            [
              36.91249367669843,
              -1.2863874868591547
            ],
            [
              36.91249367669843,
              -1.2865671499159788
            ],
            [
              36.91411064420985,
              -1.2865671499159788
            ],
            [
              36.91411064420985,
              -1.2863874868591547
            ],
            [
              36.914290307266675,
              -1.2863874868591547
            ],
            [
              36.914290307266675,
              -1.2860281607455069
            ],
            [
              36.914469970323495,
              -1.2860281607455069
            ],
            [
              36.914469970323495,
              -1.2856688346318592
            ],
            [
              36.914290307266675,
              -1.2856688346318592
            ],
            [
              36.914290307266675,
              -1.2853095085182114
            ],
            [
              36.91393098115302,
              -1.2853095085182114
            ],
            [
              36.91393098115302,
              -1.2851298454613875
            ]
          ],
          [
            [
              36.910876709187015,
              -1.284231530177268
            ],
            [
              36.91051738307337,
              -1.284231530177268
            ],
            [
              36.91051738307337,
              -1.2845908562909156
            ],
            [
              36.910697046130196,
              -1.2845908562909156
            ],
            [
              36.910697046130196,
              -1.2847705193477397
            ],
            [
              36.91105637224384,
              -1.2847705193477397
            ],
            [
              36.91105637224384,
              -1.2844111932340918
            ],
            [
              36.910876709187015,
              -1.2844111932340918
            ],
            [
              36.910876709187015,
              -1.284231530177268
            ]
          ],
          [
            [
              36.91357165503938,
              -1.2827942257226768
            ],
            [
              36.91339199198255,
              -1.2827942257226768
            ],
            [
              36.91339199198255,
              -1.2829738887795006
            ],
            [
              36.91321232892573,
              -1.2829738887795006
            ],
            [
              36.91321232892573,
              -1.2831535518363244
            ],
            [
              36.913032665868904,
              -1.2831535518363244
            ],
            [
              36.913032665868904,
              -1.2833332148931484
            ],
            [
              36.91321232892573,
              -1.2833332148931484
            ],
            [
              36.91321232892573,
              -1.2836925410067963
            ],
            [
              36.91357165503938,
              -1.2836925410067963
            ],
            [
              36.91357165503938,
              -1.2833332148931484
            ],
            [
              36.9137513180962,
              -1.2833332148931484
            ],
            [
              36.9137513180962,
              -1.2831535518363244
            ],
            [
              36.91357165503938,
              -1.2831535518363244
            ],
            [
              36.91357165503938,
              -1.2827942257226768
            ]
          ],
          [
            [
              36.91033772001655,
              -1.2826145626658527
            ],
            [
              36.91015805695972,
              -1.2826145626658527
            ],
            [
              36.91015805695972,
              -1.2827942257226768
            ],
            [
              36.91033772001655,
              -1.2827942257226768
            ],
            [
              36.91033772001655,
              -1.2826145626658527
            ]
          ],
          [
            [
              36.91321232892573,
              -1.2806382690407898
            ],
            [
              36.913032665868904,
              -1.2806382690407898
            ],
            [
              36.913032665868904,
              -1.2808179320976136
            ],
            [
              36.91321232892573,
              -1.2808179320976136
            ],
            [
              36.91321232892573,
              -1.2806382690407898
            ]
          ],
          [
            [
              36.910697046130196,
              -1.280278942927142
            ],
            [
              36.91033772001655,
              -1.280278942927142
            ],
            [
              36.91033772001655,
              -1.280458605983966
            ],
            [
              36.910697046130196,
              -1.280458605983966
            ],
            [
              36.910697046130196,
              -1.280278942927142
            ]
          ],
          [
            [
              36.91357165503938,
              -1.2781229862452552
            ],
            [
              36.91321232892573,
              -1.2781229862452552
            ],
            [
              36.91321232892573,
              -1.278661975415727
            ],
            [
              36.91339199198255,
              -1.278661975415727
            ],
            [
              36.91339199198255,
              -1.278482312358903
            ],
            [
              36.91357165503938,
              -1.278482312358903
            ],
            [
              36.91357165503938,
              -1.2781229862452552
            ]
          ]
        ]
      },
      "id": "+205444-7099",
      "properties": {
        "area_ha": 99.75150794200592,
        "area_m2": 997515.0794200591,
        "class": 0,
        "count": 2500
      }
    },
    {
      "type": "Feature",
      "geometry": {
        "geodesic": false,
        "type": "Polygon",
        "coordinates": [
          [
            [
              36.92237514482375,
              -1.2628516264152232
            ],
            [
              36.92237514482375,
              -1.2630312894720472
            ],
            [
              36.9220158187101,
              -1.2630312894720472
            ],
            [
              36.9220158187101,
              -1.263390615585695
            ],
            [
              36.9212971664828,
              -1.263390615585695
            ],
            [
              36.9212971664828,
              -1.263210952528871
            ],
            [
              36.92111750342598,
              -1.263210952528871
            ],
            [
              36.92111750342598,
              -1.2642889308698146
            ],
            [
              36.9212971664828,
              -1.2642889308698146
            ],
            [
              36.9212971664828,
              -1.2648279200402863
            ],
            [
              36.92111750342598,
              -1.2648279200402863
            ],
            [
              36.92111750342598,
              -1.2646482569834623
            ],
            [
              36.920937840369156,
              -1.2646482569834623
            ],
            [
              36.920937840369156,
              -1.265366909210758
            ],
            [
              36.92057851425551,
              -1.265366909210758
            ],
            [
              36.92057851425551,
              -1.2655465722675818
            ],
            [
              36.920398851198684,
              -1.2655465722675818
            ],
            [
              36.920398851198684,
              -1.265366909210758
            ],
            [
              36.92003952508504,
              -1.265366909210758
            ],
            [
              36.92003952508504,
              -1.265187246153934
            ],
            [
              36.91985986202821,
              -1.265187246153934
            ],
            [
              36.91985986202821,
              -1.2650075830971101
            ],
            [
              36.91968019897139,
              -1.2650075830971101
            ],
            [
              36.91968019897139,
              -1.265187246153934
            ],
            [
              36.91985986202821,
              -1.265187246153934
            ],
            [
              36.91985986202821,
              -1.2657262353244059
            ],
            [
              36.91968019897139,
              -1.2657262353244059
            ],
            [
              36.91968019897139,
              -1.2666245506085252
            ],
            [
              36.91914120980092,
              -1.2666245506085252
            ],
            [
              36.91914120980092,
              -1.267163539778997
            ],
            [
              36.91896154674409,
              -1.267163539778997
            ],
            [
              36.91896154674409,
              -1.2678821920062926
            ],
            [
              36.91914120980092,
              -1.2678821920062926
            ],
            [
              36.91914120980092,
              -1.2680618550631164
            ],
            [
              36.91896154674409,
              -1.2680618550631164
            ],
            [
              36.91896154674409,
              -1.2686008442335883
            ],
            [
              36.91878188368727,
              -1.2686008442335883
            ],
            [
              36.91878188368727,
              -1.26913983340406
            ],
            [
              36.91932087285774,
              -1.26913983340406
            ],
            [
              36.91932087285774,
              -1.268960170347236
            ],
            [
              36.919500535914565,
              -1.268960170347236
            ],
            [
              36.919500535914565,
              -1.2687805072904121
            ],
            [
              36.91932087285774,
              -1.2687805072904121
            ],
            [
              36.91932087285774,
              -1.2684211811767643
            ],
            [
              36.919500535914565,
              -1.2684211811767643
            ],
            [
              36.919500535914565,
              -1.2682415181199405
            ],
            [
              36.91985986202821,
              -1.2682415181199405
            ],
            [
              36.91985986202821,
              -1.2680618550631164
            ],
            [
              36.920398851198684,
              -1.2680618550631164
            ],
            [
              36.920398851198684,
              -1.2678821920062926
            ],
            [
              36.92057851425551,
              -1.2678821920062926
            ],
            [
              36.92057851425551,
              -1.2677025289494688
            ],
            [
              36.92075817731233,
              -1.2677025289494688
            ],
            [
              36.92075817731233,
              -1.2675228658926447
            ],
            [
              36.920937840369156,
              -1.2675228658926447
            ],
            [
              36.920937840369156,
              -1.2677025289494688
            ],
            [
              36.92111750342598,
              -1.2677025289494688
            ],
            [
              36.92111750342598,
              -1.2678821920062926
            ],
            [
              36.9212971664828,
              -1.2678821920062926
            ],
            [
              36.9212971664828,
              -1.2682415181199405
            ],
            [
              36.92147682953963,
              -1.2682415181199405
            ],
            [
              36.92147682953963,
              -1.2684211811767643
            ],
            [
              36.921656492596455,
              -1.2684211811767643
            ],
            [
              36.921656492596455,
              -1.268960170347236
            ],
            [
              36.9220158187101,
              -1.268960170347236
            ],
            [
              36.9220158187101,
              -1.26913983340406
            ],
            [
              36.92219548176693,
              -1.26913983340406
            ],
            [
              36.92219548176693,
              -1.2694991595177079
            ],
            [
              36.9220158187101,
              -1.2694991595177079
            ],
            [
              36.9220158187101,
              -1.2696788225745317
            ],
            [
              36.921656492596455,
              -1.2696788225745317
            ],
            [
              36.921656492596455,
              -1.2698584856313555
            ],
            [
              36.92147682953963,
              -1.2698584856313555
            ],
            [
              36.92147682953963,
              -1.2700381486881795
            ],
            [
              36.9212971664828,
              -1.2700381486881795
            ],
            [
              36.9212971664828,
              -1.2703974748018272
            ],
            [
              36.92147682953963,
              -1.2703974748018272
            ],
            [
              36.92147682953963,
              -1.2702178117450034
            ],
            [
              36.921836155653274,
              -1.2702178117450034
            ],
            [
              36.921836155653274,
              -1.2700381486881795
            ],
            [
              36.9220158187101,
              -1.2700381486881795
            ],
            [
              36.9220158187101,
              -1.2702178117450034
            ],
            [
              36.92219548176693,
              -1.2702178117450034
            ],
            [
              36.92219548176693,
              -1.2694991595177079
            ],
            [
              36.92255480788057,
              -1.2694991595177079
            ],
            [
              36.92255480788057,
              -1.2693194964608838
            ],
            [
              36.92291413399422,
              -1.2693194964608838
            ],
            [
              36.92291413399422,
              -1.26913983340406
            ],
            [
              36.92273447093739,
              -1.26913983340406
            ],
            [
              36.92273447093739,
              -1.268960170347236
            ],
            [
              36.92291413399422,
              -1.268960170347236
            ],
            [
              36.92291413399422,
              -1.2680618550631164
            ],
            [
              36.923093797051045,
              -1.2680618550631164
            ],
            [
              36.923093797051045,
              -1.2682415181199405
            ],
            [
              36.923273460107865,
              -1.2682415181199405
            ],
            [
              36.923273460107865,
              -1.2684211811767643
            ],
            [
              36.92345312316469,
              -1.2684211811767643
            ],
            [
              36.92345312316469,
              -1.2686008442335883
            ],
            [
              36.92363278622152,
              -1.2686008442335883
            ],
            [
              36.92363278622152,
              -1.26913983340406
            ],
            [
              36.92381244927834,
              -1.26913983340406
            ],
            [
              36.92381244927834,
              -1.2693194964608838
            ],
            [
              36.92399211233516,
              -1.2693194964608838
            ],
            [
              36.92399211233516,
              -1.2696788225745317
            ],
            [
              36.92417177539199,
              -1.2696788225745317
            ],
            [
              36.92417177539199,
              -1.2694991595177079
            ],
            [
              36.92435143844881,
              -1.2694991595177079
            ],
            [
              36.92435143844881,
              -1.2693194964608838
            ],
            [
              36.924531101505636,
              -1.2693194964608838
            ],
            [
              36.924531101505636,
              -1.26913983340406
            ],
            [
              36.92435143844881,
              -1.26913983340406
            ],
            [
              36.92435143844881,
              -1.2687805072904121
            ],
            [
              36.92417177539199,
              -1.2687805072904121
            ],
            [
              36.92417177539199,
              -1.2686008442335883
            ],
            [
              36.92399211233516,
              -1.2686008442335883
            ],
            [
              36.92399211233516,
              -1.2677025289494688
            ],
            [
              36.92417177539199,
              -1.2677025289494688
            ],
            [
              36.92417177539199,
              -1.2675228658926447
            ],
            [
              36.92399211233516,
              -1.2675228658926447
            ],
            [
              36.92399211233516,
              -1.267343202835821
            ],
            [
              36.92417177539199,
              -1.267343202835821
            ],
            [
              36.92417177539199,
              -1.266983876722173
            ],
            [
              36.92399211233516,
              -1.266983876722173
            ],
            [
              36.92399211233516,
              -1.2668042136653492
            ],
            [
              36.923093797051045,
              -1.2668042136653492
            ],
            [
              36.923093797051045,
              -1.267163539778997
            ],
            [
              36.92291413399422,
              -1.267163539778997
            ],
            [
              36.92291413399422,
              -1.267343202835821
            ],
            [
              36.92273447093739,
              -1.267343202835821
            ],
            [
              36.92273447093739,
              -1.2682415181199405
            ],
            [
              36.92255480788057,
              -1.2682415181199405
            ],
            [
              36.92255480788057,
              -1.2677025289494688
            ],
            [
              36.92237514482375,
              -1.2677025289494688
            ],
            [
              36.92237514482375,
              -1.2675228658926447
            ],
            [
              36.92255480788057,
              -1.2675228658926447
            ],
            [
              36.92255480788057,
              -1.267343202835821
            ],
            [
              36.92237514482375,
              -1.267343202835821
            ],
            [
              36.92237514482375,
              -1.2675228658926447
            ],
            [
              36.92219548176693,
              -1.2675228658926447
            ],
            [
              36.92219548176693,
              -1.267163539778997
            ],
            [
              36.921836155653274,
              -1.267163539778997
            ],
            [
              36.921836155653274,
              -1.266983876722173
            ],
            [
              36.92147682953963,
              -1.266983876722173
            ],
            [
              36.92147682953963,
              -1.265366909210758
            ],
            [
              36.921656492596455,
              -1.265366909210758
            ],
            [
              36.921656492596455,
              -1.265187246153934
            ],
            [
              36.921836155653274,
              -1.265187246153934
            ],
            [
              36.921836155653274,
              -1.2650075830971101
            ],
            [
              36.92219548176693,
              -1.2650075830971101
            ],
            [
              36.92219548176693,
              -1.2648279200402863
            ],
            [
              36.92255480788057,
              -1.2648279200402863
            ],
            [
              36.92255480788057,
              -1.2639296047561668
            ],
            [
              36.92273447093739,
              -1.2639296047561668
            ],
            [
              36.92273447093739,
              -1.263570278642519
            ],
            [
              36.92291413399422,
              -1.263570278642519
            ],
            [
              36.92291413399422,
              -1.2628516264152232
            ],
            [
              36.92237514482375,
              -1.2628516264152232
            ]
          ]
        ]
      },
      "id": "+205511-7030",
      "properties": {
        "area_ha": 17.91548911119984,
        "area_m2": 179154.89111199838,
        "class": 0,
        "count": 449
      }
    }
  ]
}
