{
"type": "FeatureCollection",
"name": "water_bodies",
"crs": { "type": "name", "properties": { "name": "urn:ogc:def:crs:OGC:1.3:CRS84" } },
"features": [
{ "type": "Feature", "properties": { "element": "node", "id": 582828542, "natural": "water", "water": "reservoir", "name": null, "notes": null, "name:ko": null, "species": null, "height": null, "source": null, "type": null, "name:botanical": null, "landuse:urban_green": null, "operator:description": null, "urban_green:cultivation": null, "urban_green:cultivation_consumer": null, "urban_green:cultivation_sale": null, "urban_green:cultivation_type": null, "urban_green:dimension_sqm": null, "urban_green:fence": null, "urban_green:number_of_caretakers": null, "urban_green:owner_hours_week": null, "watsan:other": null, "watsan:other_description": null, "watsan:water_availability": null, "urban_green:owner_distance": null, "watsan:urban_agriculture": null, "urban_green:cultivation_consumer_description": null, "urban_green:cultivation_supplies_purchase": null, "amenity": null, "denotation": null, "leaf_cycle": null, "leaf_type": null, "ele": null, "wood": null, "description": null, "trees": null, "circumference": null, "fixme": null, "genus": null, "short_name": null, "species:wikidata": null, "species:wikipedia": null, "golf": null, "created_by": null, "security": null, "security:black_spot": null, "security:description": null, "sercurity": null, "basin": null, "intermittent": null, "landuse": null, "reservoir_type": null, "man_made": null, "note": null, "salt": null, "tidal": null, "wetland": null, "leisure": null, "colour": null, "addr:city": null, "addr:housenumber": null, "addr:street": null }, "geometry": { "type": "Point", "coordinates": [ 36.8177905, -1.2364341 ] } },
{ "type": "Feature", "properties": { "element": "node", "id": 612007874, "natural": "water", "water": null, "name": "Wet area", "notes": "Sewer boundary", "name:ko": null, "species": null, "height": null, "source": null, "type": null, "name:botanical": null, "landuse:urban_green": null, "operator:description": null, "urban_green:cultivation": null, "urban_green:cultivation_consumer": null, "urban_green:cultivation_sale": null, "urban_green:cultivation_type": null, "urban_green:dimension_sqm": null, "urban_green:fence": null, "urban_green:number_of_caretakers": null, "urban_green:owner_hours_week": null, "watsan:other": null, "watsan:other_description": null, "watsan:water_availability": null, "urban_green:owner_distance": null, "watsan:urban_agriculture": null, "urban_green:cultivation_consumer_description": null, "urban_green:cultivation_supplies_purchase": null, "amenity": null, "denotation": null, "leaf_cycle": null, "leaf_type": null, "ele": null, "wood": null, "description": null, "trees": null, "circumference": null, "fixme": null, "genus": null, "short_name": null, "species:wikidata": null, "species:wikipedia": null, "golf": null, "created_by": null, "security": null, "security:black_spot": null, "security:description": null, "sercurity": null, "basin": null, "intermittent": null, "landuse": null, "reservoir_type": null, "man_made": null, "note": null, "salt": null, "tidal": null, "wetland": null, "leisure": null, "colour": null, "addr:city": null, "addr:housenumber": null, "addr:street": null }, "geometry": { "type": "Point", "coordinates": [ 36.7758545, -1.3137235 ] } },
{ "type": "Feature", "properties": { "element": "node", "id": 612007884, "natural": "water", "water": null, "name": "Sewer line", "notes": "Water", "name:ko": "하수도 라인", "species": null, "height": null, "source": null, "type": null, "name:botanical": null, "landuse:urban_green": null, "operator:description": null, "urban_green:cultivation": null, "urban_green:cultivation_consumer": null, "urban_green:cultivation_sale": null, "urban_green:cultivation_type": null, "urban_green:dimension_sqm": null, "urban_green:fence": null, "urban_green:number_of_caretakers": null, "urban_green:owner_hours_week": null, "watsan:other": null, "watsan:other_description": null, "watsan:water_availability": null, "urban_green:owner_distance": null, "watsan:urban_agriculture": null, "urban_green:cultivation_consumer_description": null, "urban_green:cultivation_supplies_purchase": null, "amenity": null, "denotation": null, "leaf_cycle": null, "leaf_type": null, "ele": null, "wood": null, "description": null, "trees": null, "circumference": null, "fixme": null, "genus": null, "short_name": null, "species:wikidata": null, "species:wikipedia": null, "golf": null, "created_by": null, "security": null, "security:black_spot": null, "security:description": null, "sercurity": null, "basin": null, "intermittent": null, "landuse": null, "reservoir_type": null, "man_made": null, "note": null, "salt": null, "tidal": null, "wetland": null, "leisure": null, "colour": null, "addr:city": null, "addr:housenumber": null, "addr:street": null }, "geometry": { "type": "Point", "coordinates": [ 36.7771609, -1.3153856 ] } },
{ "type": "Feature", "properties": { "element": "node", "id": 1432508110, "natural": "water", "water": null, "name": "water point", "notes": null, "name:ko": null, "species": null, "height": null, "source": null, "type": null, "name:botanical": null, "landuse:urban_green": null, "operator:description": null, "urban_green:cultivation": null, "urban_green:cultivation_consumer": null, "urban_green:cultivation_sale": null, "urban_green:cultivation_type": null, "urban_green:dimension_sqm": null, "urban_green:fence": null, "urban_green:number_of_caretakers": null, "urban_green:owner_hours_week": null, "watsan:other": null, "watsan:other_description": null, "watsan:water_availability": null, "urban_green:owner_distance": null, "watsan:urban_agriculture": null, "urban_green:cultivation_consumer_description": null, "urban_green:cultivation_supplies_purchase": null, "amenity": null, "denotation": null, "leaf_cycle": null, "leaf_type": null, "ele": null, "wood": null, "description": null, "trees": null, "circumference": null, "fixme": null, "genus": null, "short_name": null, "species:wikidata": null, "species:wikipedia": null, "golf": null, "created_by": null, "security": null, "security:black_spot": null, "security:description": null, "sercurity": null, "basin": null, "intermittent": null, "landuse": null, "reservoir_type": null, "man_made": null, "note": null, "salt": null, "tidal": null, "wetland": null, "leisure": null, "colour": null, "addr:city": null, "addr:housenumber": null, "addr:street": null }, "geometry": { "type": "Point", "coordinates": [ 36.8752288, -1.3157356 ] } },
{ "type": "Feature", "properties": { "element": "node", "id": 1437347976, "natural": "water", "water": null, "name": "Water point", "notes": null, "name:ko": null, "species": null, "height": null, "source": null, "type": null, "name:botanical": null, "landuse:urban_green": null, "operator:description": null, "urban_green:cultivation": null, "urban_green:cultivation_consumer": null, "urban_green:cultivation_sale": null, "urban_green:cultivation_type": null, "urban_green:dimension_sqm": null, "urban_green:fence": null, "urban_green:number_of_caretakers": null, "urban_green:owner_hours_week": null, "watsan:other": null, "watsan:other_description": null, "watsan:water_availability": null, "urban_green:owner_distance": null, "watsan:urban_agriculture": null, "urban_green:cultivation_consumer_description": null, "urban_green:cultivation_supplies_purchase": null, "amenity": null, "denotation": null, "leaf_cycle": null, "leaf_type": null, "ele": null, "wood": null, "description": null, "trees": null, "circumference": null, "fixme": null, "genus": null, "short_name": null, "species:wikidata": null, "species:wikipedia": null, "golf": null, "created_by": null, "security": null, "security:black_spot": null, "security:description": null, "sercurity": null, "basin": null, "intermittent": null, "landuse": null, "reservoir_type": null, "man_made": null, "note": null, "salt": null, "tidal": null, "wetland": null, "leisure": null, "colour": null, "addr:city": null, "addr:housenumber": null, "addr:street": null }, "geometry": { "type": "Point", "coordinates": [ 36.8743256, -1.3162721 ] } },
{ "type": "Feature", "properties": { "element": "node", "id": 1437348095, "natural": "water", "water": null, "name": "water point", "notes": null, "name:ko": null, "species": null, "height": null, "source": null, "type": null, "name:botanical": null, "landuse:urban_green": null, "operator:description": null, "urban_green:cultivation": null, "urban_green:cultivation_consumer": null, "urban_green:cultivation_sale": null, "urban_green:cultivation_type": null, "urban_green:dimension_sqm": null, "urban_green:fence": null, "urban_green:number_of_caretakers": null, "urban_green:owner_hours_week": null, "watsan:other": null, "watsan:other_description": null, "watsan:water_availability": null, "urban_green:owner_distance": null, "watsan:urban_agriculture": null, "urban_green:cultivation_consumer_description": null, "urban_green:cultivation_supplies_purchase": null, "amenity": null, "denotation": null, "leaf_cycle": null, "leaf_type": null, "ele": null, "wood": null, "description": null, "trees": null, "circumference": null, "fixme": null, "genus": null, "short_name": null, "species:wikidata": null, "species:wikipedia": null, "golf": null, "created_by": null, "security": null, "security:black_spot": null, "security:description": null, "sercurity": null, "basin": null, "intermittent": null, "landuse": null, "reservoir_type": null, "man_made": null, "note": null, "salt": null, "tidal": null, "wetland": null, "leisure": null, "colour": null, "addr:city": null, "addr:housenumber": null, "addr:street": null }, "geometry": { "type": "Point", "coordinates": [ 36.8744494, -1.3160976 ] } },
{ "type": "Feature", "properties": { "element": "node", "id": 1446059198, "natural": "water", "water": null, "name": "Water chamber", "notes": null, "name:ko": null, "species": null, "height": null, "source": null, "type": null, "name:botanical": null, "landuse:urban_green": null, "operator:description": null, "urban_green:cultivation": null, "urban_green:cultivation_consumer": null, "urban_green:cultivation_sale": null, "urban_green:cultivation_type": null, "urban_green:dimension_sqm": null, "urban_green:fence": null, "urban_green:number_of_caretakers": null, "urban_green:owner_hours_week": null, "watsan:other": null, "watsan:other_description": null, "watsan:water_availability": null, "urban_green:owner_distance": null, "watsan:urban_agriculture": null, "urban_green:cultivation_consumer_description": null, "urban_green:cultivation_supplies_purchase": null, "amenity": "drinking_water", "denotation": null, "leaf_cycle": null, "leaf_type": null, "ele": null, "wood": null, "description": null, "trees": null, "circumference": null, "fixme": null, "genus": null, "short_name": null, "species:wikidata": null, "species:wikipedia": null, "golf": null, "created_by": null, "security": null, "security:black_spot": null, "security:description": null, "sercurity": null, "basin": null, "intermittent": null, "landuse": null, "reservoir_type": null, "man_made": null, "note": null, "salt": null, "tidal": null, "wetland": null, "leisure": null, "colour": null, "addr:city": null, "addr:housenumber": null, "addr:street": null }, "geometry": { "type": "Point", "coordinates": [ 36.868761, -1.3106144 ] } },
{ "type": "Feature", "properties": { "element": "node", "id": 1446059207, "natural": "water", "water": null, "name": "Water point", "notes": null, "name:ko": null, "species": null, "height": null, "source": null, "type": null, "name:botanical": null, "landuse:urban_green": null, "operator:description": null, "urban_green:cultivation": null, "urban_green:cultivation_consumer": null, "urban_green:cultivation_sale": null, "urban_green:cultivation_type": null, "urban_green:dimension_sqm": null, "urban_green:fence": null, "urban_green:number_of_caretakers": null, "urban_green:owner_hours_week": null, "watsan:other": null, "watsan:other_description": null, "watsan:water_availability": null, "urban_green:owner_distance": null, "watsan:urban_agriculture": null, "urban_green:cultivation_consumer_description": null, "urban_green:cultivation_supplies_purchase": null, "amenity": "drinking_water", "denotation": null, "leaf_cycle": null, "leaf_type": null, "ele": null, "wood": null, "description": null, "trees": null, "circumference": null, "fixme": null, "genus": null, "short_name": null, "species:wikidata": null, "species:wikipedia": null, "golf": null, "created_by": null, "security": null, "security:black_spot": null, "security:description": null, "sercurity": null, "basin": null, "intermittent": null, "landuse": null, "reservoir_type": null, "man_made": null, "note": null, "salt": null, "tidal": null, "wetland": null, "leisure": null, "colour": null, "addr:city": null, "addr:housenumber": null, "addr:street": null }, "geometry": { "type": "Point", "coordinates": [ 36.8711186, -1.3106076 ] } },
{ "type": "Feature", "properties": { "element": "node", "id": 1446059216, "natural": "water", "water": null, "name": null, "notes": null, "name:ko": null, "species": null, "height": null, "source": null, "type": null, "name:botanical": null, "landuse:urban_green": null, "operator:description": null, "urban_green:cultivation": null, "urban_green:cultivation_consumer": null, "urban_green:cultivation_sale": null, "urban_green:cultivation_type": null, "urban_green:dimension_sqm": null, "urban_green:fence": null, "urban_green:number_of_caretakers": null, "urban_green:owner_hours_week": null, "watsan:other": null, "watsan:other_description": null, "watsan:water_availability": null, "urban_green:owner_distance": null, "watsan:urban_agriculture": null, "urban_green:cultivation_consumer_description": null, "urban_green:cultivation_supplies_purchase": null, "amenity": "drinking_water", "denotation": null, "leaf_cycle": null, "leaf_type": null, "ele": null, "wood": null, "description": null, "trees": null, "circumference": null, "fixme": null, "genus": null, "short_name": null, "species:wikidata": null, "species:wikipedia": null, "golf": null, "created_by": null, "security": null, "security:black_spot": null, "security:description": null, "sercurity": null, "basin": null, "intermittent": null, "landuse": null, "reservoir_type": null, "man_made": null, "note": null, "salt": null, "tidal": null, "wetland": null, "leisure": null, "colour": null, "addr:city": null, "addr:housenumber": null, "addr:street": null }, "geometry": { "type": "Point", "coordinates": [ 36.8633322, -1.3148717 ] } },
{ "type": "Feature", "properties": { "element": "node", "id": 1446059232, "natural": "water", "water": null, "name": "Water point", "notes": null, "name:ko": null, "species": null, "height": null, "source": null, "type": null, "name:botanical": null, "landuse:urban_green": null, "operator:description": null, "urban_green:cultivation": null, "urban_green:cultivation_consumer": null, "urban_green:cultivation_sale": null, "urban_green:cultivation_type": null, "urban_green:dimension_sqm": null, "urban_green:fence": null, "urban_green:number_of_caretakers": null, "urban_green:owner_hours_week": null, "watsan:other": null, "watsan:other_description": null, "watsan:water_availability": null, "urban_green:owner_distance": null, "watsan:urban_agriculture": null, "urban_green:cultivation_consumer_description": null, "urban_green:cultivation_supplies_purchase": null, "amenity": "drinking_water", "denotation": null, "leaf_cycle": null, "leaf_type": null, "ele": null, "wood": null, "description": null, "trees": null, "circumference": null, "fixme": null, "genus": null, "short_name": null, "species:wikidata": null, "species:wikipedia": null, "golf": null, "created_by": null, "security": null, "security:black_spot": null, "security:description": null, "sercurity": null, "basin": null, "intermittent": null, "landuse": null, "reservoir_type": null, "man_made": null, "note": null, "salt": null, "tidal": null, "wetland": null, "leisure": null, "colour": null, "addr:city": null, "addr:housenumber": null, "addr:street": null }, "geometry": { "type": "Point", "coordinates": [ 36.8701779, -1.310745 ] } },
{ "type": "Feature", "properties": { "element": "node", "id": 1446059234, "natural": "water", "water": null, "name": "Water tank", "notes": null, "name:ko": null, "species": null, "height": null, "source": null, "type": null, "name:botanical": null, "landuse:urban_green": null, "operator:description": null, "urban_green:cultivation": null, "urban_green:cultivation_consumer": null, "urban_green:cultivation_sale": null, "urban_green:cultivation_type": null, "urban_green:dimension_sqm": null, "urban_green:fence": null, "urban_green:number_of_caretakers": null, "urban_green:owner_hours_week": null, "watsan:other": null, "watsan:other_description": null, "watsan:water_availability": null, "urban_green:owner_distance": null, "watsan:urban_agriculture": null, "urban_green:cultivation_consumer_description": null, "urban_green:cultivation_supplies_purchase": null, "amenity": null, "denotation": null, "leaf_cycle": null, "leaf_type": null, "ele": null, "wood": null, "description": null, "trees": null, "circumference": null, "fixme": null, "genus": null, "short_name": null, "species:wikidata": null, "species:wikipedia": null, "golf": null, "created_by": null, "security": null, "security:black_spot": null, "security:description": null, "sercurity": null, "basin": null, "intermittent": null, "landuse": null, "reservoir_type": null, "man_made": null, "note": null, "salt": null, "tidal": null, "wetland": null, "leisure": null, "colour": null, "addr:city": null, "addr:housenumber": null, "addr:street": null }, "geometry": { "type": "Point", "coordinates": [ 36.8762994, -1.3098613 ] } },
{ "type": "Feature", "properties": { "element": "node", "id": 1446059250, "natural": "water", "water": null, "name": "Water chamber", "notes": null, "name:ko": null, "species": null, "height": null, "source": null, "type": null, "name:botanical": null, "landuse:urban_green": null, "operator:description": null, "urban_green:cultivation": null, "urban_green:cultivation_consumer": null, "urban_green:cultivation_sale": null, "urban_green:cultivation_type": null, "urban_green:dimension_sqm": null, "urban_green:fence": null, "urban_green:number_of_caretakers": null, "urban_green:owner_hours_week": null, "watsan:other": null, "watsan:other_description": null, "watsan:water_availability": null, "urban_green:owner_distance": null, "watsan:urban_agriculture": null, "urban_green:cultivation_consumer_description": null, "urban_green:cultivation_supplies_purchase": null, "amenity": "drinking_water", "denotation": null, "leaf_cycle": null, "leaf_type": null, "ele": null, "wood": null, "description": null, "trees": null, "circumference": null, "fixme": null, "genus": null, "short_name": null, "species:wikidata": null, "species:wikipedia": null, "golf": null, "created_by": null, "security": null, "security:black_spot": null, "security:description": null, "sercurity": null, "basin": null, "intermittent": null, "landuse": null, "reservoir_type": null, "man_made": null, "note": null, "salt": null, "tidal": null, "wetland": null, "leisure": null, "colour": null, "addr:city": null, "addr:housenumber": null, "addr:street": null }, "geometry": { "type": "Point", "coordinates": [ 36.8666668, -1.316824 ] } },
{ "type": "Feature", "properties": { "element": "node", "id": 1446059264, "natural": "water", "water": null, "name": "Water point", "notes": null, "name:ko": null, "species": null, "height": null, "source": null, "type": null, "name:botanical": null, "landuse:urban_green": null, "operator:description": null, "urban_green:cultivation": null, "urban_green:cultivation_consumer": null, "urban_green:cultivation_sale": null, "urban_green:cultivation_type": null, "urban_green:dimension_sqm": null, "urban_green:fence": null, "urban_green:number_of_caretakers": null, "urban_green:owner_hours_week": null, "watsan:other": null, "watsan:other_description": null, "watsan:water_availability": null, "urban_green:owner_distance": null, "watsan:urban_agriculture": null, "urban_green:cultivation_consumer_description": null, "urban_green:cultivation_supplies_purchase": null, "amenity": "drinking_water", "denotation": null, "leaf_cycle": null, "leaf_type": null, "ele": null, "wood": null, "description": null, "trees": null, "circumference": null, "fixme": null, "genus": null, "short_name": null, "species:wikidata": null, "species:wikipedia": null, "golf": null, "created_by": null, "security": null, "security:black_spot": null, "security:description": null, "sercurity": null, "basin": null, "intermittent": null, "landuse": null, "reservoir_type": null, "man_made": null, "note": null, "salt": null, "tidal": null, "wetland": null, "leisure": null, "colour": null, "addr:city": null, "addr:housenumber": null, "addr:street": null }, "geometry": { "type": "Point", "coordinates": [ 36.8681541, -1.3148575 ] } },
{ "type": "Feature", "properties": { "element": "node", "id": 1446059265, "natural": "water", "water": null, "name": "Water tank", "notes": null, "name:ko": null, "species": null, "height": null, "source": null, "type": null, "name:botanical": null, "landuse:urban_green": null, "operator:description": null, "urban_green:cultivation": null, "urban_green:cultivation_consumer": null, "urban_green:cultivation_sale": null, "urban_green:cultivation_type": null, "urban_green:dimension_sqm": null, "urban_green:fence": null, "urban_green:number_of_caretakers": null, "urban_green:owner_hours_week": null, "watsan:other": null, "watsan:other_description": null, "watsan:water_availability": null, "urban_green:owner_distance": null, "watsan:urban_agriculture": null, "urban_green:cultivation_consumer_description": null, "urban_green:cultivation_supplies_purchase": null, "amenity": null, "denotation": null, "leaf_cycle": null, "leaf_type": null, "ele": null, "wood": null, "description": null, "trees": null, "circumference": null, "fixme": null, "genus": null, "short_name": null, "species:wikidata": null, "species:wikipedia": null, "golf": null, "created_by": null, "security": null, "security:black_spot": null, "security:description": null, "sercurity": null, "basin": null, "intermittent": null, "landuse": null, "reservoir_type": null, "man_made": null, "note": null, "salt": null, "tidal": null, "wetland": null, "leisure": null, "colour": null, "addr:city": null, "addr:housenumber": null, "addr:street": null }, "geometry": { "type": "Point", "coordinates": [ 36.8755312, -1.3111822 ] } },
{ "type": "Feature", "properties": { "element": "node", "id": 1446059292, "natural": "water", "water": null, "name": "Water point", "notes": null, "name:ko": null, "species": null, "height": null, "source": null, "type": null, "name:botanical": null, "landuse:urban_green": null, "operator:description": null, "urban_green:cultivation": null, "urban_green:cultivation_consumer": null, "urban_green:cultivation_sale": null, "urban_green:cultivation_type": null, "urban_green:dimension_sqm": null, "urban_green:fence": null, "urban_green:number_of_caretakers": null, "urban_green:owner_hours_week": null, "watsan:other": null, "watsan:other_description": null, "watsan:water_availability": null, "urban_green:owner_distance": null, "watsan:urban_agriculture": null, "urban_green:cultivation_consumer_description": null, "urban_green:cultivation_supplies_purchase": null, "amenity": "drinking_water", "denotation": null, "leaf_cycle": null, "leaf_type": null, "ele": null, "wood": null, "description": null, "trees": null, "circumference": null, "fixme": null, "genus": null, "short_name": null, "species:wikidata": null, "species:wikipedia": null, "golf": null, "created_by": null, "security": null, "security:black_spot": null, "security:description": null, "sercurity": null, "basin": null, "intermittent": null, "landuse": null, "reservoir_type": null, "man_made": null, "note": null, "salt": null, "tidal": null, "wetland": null, "leisure": null, "colour": null, "addr:city": null, "addr:housenumber": null, "addr:street": null }, "geometry": { "type": "Point", "coordinates": [ 36.8708105, -1.3109871 ] } },
{ "type": "Feature", "properties": { "element": "node", "id": 1446059312, "natural": "water", "water": null, "name": "Water chamber", "notes": null, "name:ko": null, "species": null, "height": null, "source": null, "type": null, "name:botanical": null, "landuse:urban_green": null, "operator:description": null, "urban_green:cultivation": null, "urban_green:cultivation_consumer": null, "urban_green:cultivation_sale": null, "urban_green:cultivation_type": null, "urban_green:dimension_sqm": null, "urban_green:fence": null, "urban_green:number_of_caretakers": null, "urban_green:owner_hours_week": null, "watsan:other": null, "watsan:other_description": null, "watsan:water_availability": null, "urban_green:owner_distance": null, "watsan:urban_agriculture": null, "urban_green:cultivation_consumer_description": null, "urban_green:cultivation_supplies_purchase": null, "amenity": null, "denotation": null, "leaf_cycle": null, "leaf_type": null, "ele": null, "wood": null, "description": null, "trees": null, "circumference": null, "fixme": null, "genus": null, "short_name": null, "species:wikidata": null, "species:wikipedia": null, "golf": null, "created_by": null, "security": null, "security:black_spot": null, "security:description": null, "sercurity": null, "basin": null, "intermittent": null, "landuse": null, "reservoir_type": null, "man_made": null, "note": null, "salt": null, "tidal": null, "wetland": null, "leisure": null, "colour": null, "addr:city": null, "addr:housenumber": null, "addr:street": null }, "geometry": { "type": "Point", "coordinates": [ 36.8737491, -1.3117344 ] } },
{ "type": "Feature", "properties": { "element": "node", "id": 1446059338, "natural": "water", "water": null, "name": "Water point/public toilet", "notes": null, "name:ko": null, "species": null, "height": null, "source": null, "type": null, "name:botanical": null, "landuse:urban_green": null, "operator:description": null, "urban_green:cultivation": null, "urban_green:cultivation_consumer": null, "urban_green:cultivation_sale": null, "urban_green:cultivation_type": null, "urban_green:dimension_sqm": null, "urban_green:fence": null, "urban_green:number_of_caretakers": null, "urban_green:owner_hours_week": null, "watsan:other": null, "watsan:other_description": null, "watsan:water_availability": null, "urban_green:owner_distance": null, "watsan:urban_agriculture": null, "urban_green:cultivation_consumer_description": null, "urban_green:cultivation_supplies_purchase": null, "amenity": "drinking_water", "denotation": null, "leaf_cycle": null, "leaf_type": null, "ele": null, "wood": null, "description": null, "trees": null, "circumference": null, "fixme": null, "genus": null, "short_name": null, "species:wikidata": null, "species:wikipedia": null, "golf": null, "created_by": null, "security": null, "security:black_spot": null, "security:description": null, "sercurity": null, "basin": null, "intermittent": null, "landuse": null, "reservoir_type": null, "man_made": null, "note": null, "salt": null, "tidal": null, "wetland": null, "leisure": null, "colour": null, "addr:city": null, "addr:housenumber": null, "addr:street": null }, "geometry": { "type": "Point", "coordinates": [ 36.8700124, -1.3112096 ] } },
{ "type": "Feature", "properties": { "element": "node", "id": 4453009966, "natural": "water", "water": "reservoir", "name": null, "notes": null, "name:ko": null, "species": null, "height": null, "source": null, "type": null, "name:botanical": null, "landuse:urban_green": null, "operator:description": null, "urban_green:cultivation": null, "urban_green:cultivation_consumer": null, "urban_green:cultivation_sale": null, "urban_green:cultivation_type": null, "urban_green:dimension_sqm": null, "urban_green:fence": null, "urban_green:number_of_caretakers": null, "urban_green:owner_hours_week": null, "watsan:other": null, "watsan:other_description": null, "watsan:water_availability": null, "urban_green:owner_distance": null, "watsan:urban_agriculture": null, "urban_green:cultivation_consumer_description": null, "urban_green:cultivation_supplies_purchase": null, "amenity": "drinking_water", "denotation": null, "leaf_cycle": null, "leaf_type": null, "ele": null, "wood": null, "description": null, "trees": null, "circumference": null, "fixme": null, "genus": null, "short_name": null, "species:wikidata": null, "species:wikipedia": null, "golf": null, "created_by": null, "security": null, "security:black_spot": null, "security:description": null, "sercurity": null, "basin": null, "intermittent": null, "landuse": null, "reservoir_type": null, "man_made": null, "note": null, "salt": null, "tidal": null, "wetland": null, "leisure": null, "colour": null, "addr:city": null, "addr:housenumber": null, "addr:street": null }, "geometry": { "type": "Point", "coordinates": [ 36.862913, -1.2607442 ] } },
{ "type": "Feature", "properties": { "element": "node", "id": 4453013957, "natural": "water", "water": "reservoir", "name": null, "notes": null, "name:ko": null, "species": null, "height": null, "source": null, "type": null, "name:botanical": null, "landuse:urban_green": null, "operator:description": null, "urban_green:cultivation": null, "urban_green:cultivation_consumer": null, "urban_green:cultivation_sale": null, "urban_green:cultivation_type": null, "urban_green:dimension_sqm": null, "urban_green:fence": null, "urban_green:number_of_caretakers": null, "urban_green:owner_hours_week": null, "watsan:other": null, "watsan:other_description": null, "watsan:water_availability": null, "urban_green:owner_distance": null, "watsan:urban_agriculture": null, "urban_green:cultivation_consumer_description": null, "urban_green:cultivation_supplies_purchase": null, "amenity": "drinking_water", "denotation": null, "leaf_cycle": null, "leaf_type": null, "ele": null, "wood": null, "description": null, "trees": null, "circumference": null, "fixme": null, "genus": null, "short_name": null, "species:wikidata": null, "species:wikipedia": null, "golf": null, "created_by": null, "security": null, "security:black_spot": null, "security:description": null, "sercurity": null, "basin": null, "intermittent": null, "landuse": null, "reservoir_type": null, "man_made": null, "note": null, "salt": null, "tidal": null, "wetland": null, "leisure": null, "colour": null, "addr:city": null, "addr:housenumber": null, "addr:street": null }, "geometry": { "type": "Point", "coordinates": [ 36.8629954, -1.2605361 ] } },
{ "type": "Feature", "properties": { "element": "node", "id": 4453019259, "natural": "water", "water": "reservoir", "name": null, "notes": null, "name:ko": null, "species": null, "height": null, "source": null, "type": null, "name:botanical": null, "landuse:urban_green": null, "operator:description": null, "urban_green:cultivation": null, "urban_green:cultivation_consumer": null, "urban_green:cultivation_sale": null, "urban_green:cultivation_type": null, "urban_green:dimension_sqm": null, "urban_green:fence": null, "urban_green:number_of_caretakers": null, "urban_green:owner_hours_week": null, "watsan:other": null, "watsan:other_description": null, "watsan:water_availability": null, "urban_green:owner_distance": null, "watsan:urban_agriculture": null, "urban_green:cultivation_consumer_description": null, "urban_green:cultivation_supplies_purchase": null, "amenity": "drinking_water", "denotation": null, "leaf_cycle": null, "leaf_type": null, "ele": null, "wood": null, "description": null, "trees": null, "circumference": null, "fixme": null, "genus": null, "short_name": null, "species:wikidata": null, "species:wikipedia": null, "golf": null, "created_by": null, "security": null, "security:black_spot": null, "security:description": null, "sercurity": null, "basin": null, "intermittent": null, "landuse": null, "reservoir_type": null, "man_made": null, "note": null, "salt": null, "tidal": null, "wetland": null, "leisure": null, "colour": null, "addr:city": null, "addr:housenumber": null, "addr:street": null }, "geometry": { "type": "Point", "coordinates": [ 36.8632133, -1.2595722 ] } },
{ "type": "Feature", "properties": { "element": "node", "id": 4453023316, "natural": "water", "water": "reservoir", "name": null, "notes": null, "name:ko": null, "species": null, "height": null, "source": null, "type": null, "name:botanical": null, "landuse:urban_green": null, "operator:description": null, "urban_green:cultivation": null, "urban_green:cultivation_consumer": null, "urban_green:cultivation_sale": null, "urban_green:cultivation_type": null, "urban_green:dimension_sqm": null, "urban_green:fence": null, "urban_green:number_of_caretakers": null, "urban_green:owner_hours_week": null, "watsan:other": null, "watsan:other_description": null, "watsan:water_availability": null, "urban_green:owner_distance": null, "watsan:urban_agriculture": null, "urban_green:cultivation_consumer_description": null, "urban_green:cultivation_supplies_purchase": null, "amenity": "drinking_water", "denotation": null, "leaf_cycle": null, "leaf_type": null, "ele": null, "wood": null, "description": null, "trees": null, "circumference": null, "fixme": null, "genus": null, "short_name": null, "species:wikidata": null, "species:wikipedia": null, "golf": null, "created_by": null, "security": null, "security:black_spot": null, "security:description": null, "sercurity": null, "basin": null, "intermittent": null, "landuse": null, "reservoir_type": null, "man_made": null, "note": null, "salt": null, "tidal": null, "wetland": null, "leisure": null, "colour": null, "addr:city": null, "addr:housenumber": null, "addr:street": null }, "geometry": { "type": "Point", "coordinates": [ 36.8630369, -1.2588312 ] } },
{ "type": "Feature", "properties": { "element": "relation", "id": 1578871, "natural": "water", "water": "river", "name": null, "notes": null, "name:ko": null, "species": null, "height": null, "source": null, "type": "multipolygon", "name:botanical": null, "landuse:urban_green": null, "operator:description": null, "urban_green:cultivation": null, "urban_green:cultivation_consumer": null, "urban_green:cultivation_sale": null, "urban_green:cultivation_type": null, "urban_green:dimension_sqm": null, "urban_green:fence": null, "urban_green:number_of_caretakers": null, "urban_green:owner_hours_week": null, "watsan:other": null, "watsan:other_description": null, "watsan:water_availability": null, "urban_green:owner_distance": null, "watsan:urban_agriculture": null, "urban_green:cultivation_consumer_description": null, "urban_green:cultivation_supplies_purchase": null, "amenity": null, "denotation": null, "leaf_cycle": null, "leaf_type": null, "ele": null, "wood": null, "description": null, "trees": null, "circumference": null, "fixme": null, "genus": null, "short_name": null, "species:wikidata": null, "species:wikipedia": null, "golf": null, "created_by": null, "security": null, "security:black_spot": null, "security:description": null, "sercurity": null, "basin": null, "intermittent": null, "landuse": null, "reservoir_type": null, "man_made": null, "note": null, "salt": null, "tidal": null, "wetland": null, "leisure": null, "colour": null, "addr:city": null, "addr:housenumber": null, "addr:street": null }, "geometry": { "type": "Polygon", "coordinates": [ [ [ 36.9383633, -1.2414161 ], [ 36.9384451, -1.2415051 ], [ 36.9385403, -1.2415859 ], [ 36.9386288, -1.2416486 ], [ 36.9386597, -1.2417065 ], [ 36.9387432, -1.2417801 ], [ 36.9388063, -1.241841 ], [ 36.9389817, -1.2419035 ], [ 36.9391119, -1.2418838 ], [ 36.9392159, -1.2419171 ], [ 36.9393238, -1.2419764 ], [ 36.939437, -1.2420937 ], [ 36.9394703, -1.2422145 ], [ 36.9397005, -1.2425373 ], [ 36.9399219, -1.2427315 ], [ 36.9401411, -1.2428766 ], [ 36.9402725, -1.2429628 ], [ 36.9404442, -1.2430229 ], [ 36.940555, -1.243037 ], [ 36.940621, -1.2430443 ], [ 36.9407745, -1.2430773 ], [ 36.9409076, -1.2431345 ], [ 36.9410192, -1.2431688 ], [ 36.9410965, -1.2432203 ], [ 36.941201, -1.2432894 ], [ 36.9413176, -1.2433435 ], [ 36.9414043, -1.2434008 ], [ 36.9415006, -1.2434931 ], [ 36.9415698, -1.2435625 ], [ 36.9417037, -1.243638 ], [ 36.94179, -1.2436868 ], [ 36.9418695, -1.2437458 ], [ 36.9419746, -1.2437925 ], [ 36.9420653, -1.2438612 ], [ 36.9421865, -1.2439239 ], [ 36.9423067, -1.2439582 ], [ 36.9423925, -1.244044 ], [ 36.9424612, -1.2441127 ], [ 36.9425899, -1.2441642 ], [ 36.9427015, -1.2442157 ], [ 36.9427873, -1.2443015 ], [ 36.9428732, -1.244353 ], [ 36.9429418, -1.2444045 ], [ 36.9431049, -1.244353 ], [ 36.9433023, -1.2443015 ], [ 36.9434826, -1.2442843 ], [ 36.9436456, -1.2442672 ], [ 36.9438001, -1.24425 ], [ 36.9439289, -1.2442071 ], [ 36.9439975, -1.2441642 ], [ 36.9441091, -1.2441299 ], [ 36.9442207, -1.2441299 ], [ 36.944298, -1.2441728 ], [ 36.9443838, -1.2442157 ], [ 36.9444439, -1.2443015 ], [ 36.9445297, -1.2443358 ], [ 36.9446155, -1.2443444 ], [ 36.9447099, -1.2442843 ], [ 36.9448473, -1.2442157 ], [ 36.9449846, -1.2441299 ], [ 36.9451133, -1.2440612 ], [ 36.9453708, -1.2439926 ], [ 36.9454996, -1.2439153 ], [ 36.9456369, -1.2438896 ], [ 36.9458257, -1.2438381 ], [ 36.9459888, -1.2437952 ], [ 36.9461691, -1.2437437 ], [ 36.9463064, -1.2437094 ], [ 36.9463751, -1.2436665 ], [ 36.9464523, -1.2435378 ], [ 36.9465725, -1.2434863 ], [ 36.9467098, -1.2434777 ], [ 36.9469072, -1.2434863 ], [ 36.9470188, -1.2435378 ], [ 36.9471046, -1.2435721 ], [ 36.9472505, -1.2435463 ], [ 36.9473879, -1.2435206 ], [ 36.9474737, -1.243452 ], [ 36.9476797, -1.2433747 ], [ 36.9477827, -1.2433061 ], [ 36.9479372, -1.2432632 ], [ 36.9480573, -1.2432203 ], [ 36.9481947, -1.2431945 ], [ 36.9483062, -1.2431945 ], [ 36.9484007, -1.2432374 ], [ 36.9484522, -1.2432803 ], [ 36.9485466, -1.2432288 ], [ 36.9486839, -1.2432031 ], [ 36.948847, -1.2432031 ], [ 36.9489929, -1.2431602 ], [ 36.9490015, -1.2432632 ], [ 36.948847, -1.2433061 ], [ 36.9487268, -1.2433147 ], [ 36.9486324, -1.2433061 ], [ 36.9485637, -1.2433576 ], [ 36.9484607, -1.2433661 ], [ 36.9483835, -1.2433404 ], [ 36.948332, -1.2432803 ], [ 36.948229, -1.2432546 ], [ 36.9481432, -1.2433061 ], [ 36.9480402, -1.243349 ], [ 36.9479372, -1.2433576 ], [ 36.9478513, -1.2434091 ], [ 36.9477741, -1.2434005 ], [ 36.9476625, -1.2434605 ], [ 36.9476024, -1.2434949 ], [ 36.9474737, -1.2435635 ], [ 36.9473879, -1.2435721 ], [ 36.9473449, -1.2436322 ], [ 36.9472763, -1.2436665 ], [ 36.9471819, -1.2436836 ], [ 36.9470531, -1.243718 ], [ 36.946933, -1.2437437 ], [ 36.9467956, -1.243778 ], [ 36.9466755, -1.2438209 ], [ 36.9465725, -1.2438381 ], [ 36.9464952, -1.2438209 ], [ 36.9464008, -1.2437866 ], [ 36.9463236, -1.2437952 ], [ 36.9462034, -1.2438553 ], [ 36.9460746, -1.2438896 ], [ 36.9459888, -1.2439153 ], [ 36.945903, -1.2439582 ], [ 36.9457742, -1.2439668 ], [ 36.9456541, -1.2440011 ], [ 36.9455511, -1.2440097 ], [ 36.9454567, -1.244044 ], [ 36.945285, -1.2441299 ], [ 36.9451648, -1.244147 ], [ 36.9450533, -1.2442157 ], [ 36.944873, -1.2443015 ], [ 36.9447958, -1.244353 ], [ 36.9447271, -1.2444045 ], [ 36.9446155, -1.2444388 ], [ 36.9445039, -1.2444903 ], [ 36.9444439, -1.2444302 ], [ 36.9443838, -1.2444045 ], [ 36.9443151, -1.2443186 ], [ 36.9442207, -1.2442672 ], [ 36.9441606, -1.2442328 ], [ 36.9440576, -1.2442672 ], [ 36.9439289, -1.2443358 ], [ 36.943783, -1.2443701 ], [ 36.9436456, -1.2443873 ], [ 36.9435083, -1.2443701 ], [ 36.9433967, -1.2443873 ], [ 36.9433195, -1.2443873 ], [ 36.9432165, -1.2443787 ], [ 36.9431049, -1.2444216 ], [ 36.9429933, -1.2444388 ], [ 36.9428732, -1.2444731 ], [ 36.9427959, -1.2444645 ], [ 36.9426758, -1.2443873 ], [ 36.9425127, -1.2443015 ], [ 36.9424183, -1.2442157 ], [ 36.9422981, -1.2441642 ], [ 36.9421865, -1.2440955 ], [ 36.9421093, -1.244044 ], [ 36.9420149, -1.2440011 ], [ 36.941929, -1.2439926 ], [ 36.9419065, -1.2439319 ], [ 36.9418255, -1.2439019 ], [ 36.941678, -1.2438521 ], [ 36.9415857, -1.2437952 ], [ 36.9415192, -1.2436901 ], [ 36.9414087, -1.2436024 ], [ 36.9413368, -1.2435599 ], [ 36.94127, -1.2434877 ], [ 36.9412014, -1.2434234 ], [ 36.9410763, -1.2433592 ], [ 36.940983, -1.2432957 ], [ 36.9408708, -1.2432636 ], [ 36.940805, -1.2432128 ], [ 36.9406928, -1.2432017 ], [ 36.9405898, -1.2431724 ], [ 36.9405446, -1.2431684 ], [ 36.940466, -1.2431684 ], [ 36.9403722, -1.2431366 ], [ 36.9403013, -1.243117 ], [ 36.9402289, -1.2430894 ], [ 36.9401474, -1.2430618 ], [ 36.9400387, -1.2430086 ], [ 36.9399159, -1.2429244 ], [ 36.9397963, -1.2428166 ], [ 36.9396941, -1.2427214 ], [ 36.9395711, -1.242612 ], [ 36.9394615, -1.242508 ], [ 36.9393932, -1.242387 ], [ 36.9393325, -1.2422846 ], [ 36.9392868, -1.2421695 ], [ 36.9391764, -1.2420782 ], [ 36.9391032, -1.24204 ], [ 36.9390135, -1.2420533 ], [ 36.9389247, -1.2420603 ], [ 36.93879, -1.2420075 ], [ 36.9387553, -1.2419829 ], [ 36.9386696, -1.2419103 ], [ 36.9386167, -1.2418586 ], [ 36.9385304, -1.2417709 ], [ 36.9383834, -1.2416585 ], [ 36.9382211, -1.241547 ], [ 36.9381259, -1.2414839 ], [ 36.9381161, -1.2414729 ], [ 36.938309, -1.241372 ], [ 36.9383633, -1.2414161 ] ], [ [ 36.9464781, -1.2436665 ], [ 36.9464609, -1.2437523 ], [ 36.946521, -1.2437866 ], [ 36.9465896, -1.2437952 ], [ 36.9466497, -1.2437437 ], [ 36.9466926, -1.2437437 ], [ 36.9467699, -1.2437094 ], [ 36.94683, -1.2436579 ], [ 36.9468042, -1.2436064 ], [ 36.946727, -1.2436064 ], [ 36.9466497, -1.243615 ], [ 36.9465896, -1.2436322 ], [ 36.9464781, -1.2436665 ] ] ] } },
{ "type": "Feature", "properties": { "element": "relation", "id": 2315587, "natural": "water", "water": "pond", "name": "Boating Pond", "notes": null, "name:ko": null, "species": null, "height": null, "source": null, "type": "multipolygon", "name:botanical": null, "landuse:urban_green": null, "operator:description": null, "urban_green:cultivation": null, "urban_green:cultivation_consumer": null, "urban_green:cultivation_sale": null, "urban_green:cultivation_type": null, "urban_green:dimension_sqm": null, "urban_green:fence": null, "urban_green:number_of_caretakers": null, "urban_green:owner_hours_week": null, "watsan:other": null, "watsan:other_description": null, "watsan:water_availability": null, "urban_green:owner_distance": null, "watsan:urban_agriculture": null, "urban_green:cultivation_consumer_description": null, "urban_green:cultivation_supplies_purchase": null, "amenity": null, "denotation": null, "leaf_cycle": null, "leaf_type": null, "ele": null, "wood": null, "description": null, "trees": null, "circumference": null, "fixme": null, "genus": null, "short_name": null, "species:wikidata": null, "species:wikipedia": null, "golf": null, "created_by": null, "security": null, "security:black_spot": null, "security:description": null, "sercurity": null, "basin": null, "intermittent": null, "landuse": null, "reservoir_type": null, "man_made": null, "note": null, "salt": null, "tidal": null, "wetland": null, "leisure": null, "colour": null, "addr:city": "Nairobi", "addr:housenumber": "Uhuru Park,", "addr:street": "Uhuru Highway" }, "geometry": { "type": "Polygon", "coordinates": [ [ [ 36.8175249, -1.2901293 ], [ 36.8174407, -1.2904722 ], [ 36.8174398, -1.2905637 ], [ 36.8174762, -1.2906554 ], [ 36.8174931, -1.290748 ], [ 36.8174459, -1.2908361 ], [ 36.8173409, -1.2908919 ], [ 36.8171916, -1.2909533 ], [ 36.8169884, -1.2909843 ], [ 36.8168564, -1.2909685 ], [ 36.8167594, -1.2908366 ], [ 36.8167768, -1.2906936 ], [ 36.8168264, -1.290528 ], [ 36.8168912, -1.2901928 ], [ 36.8169019, -1.2901372 ], [ 36.8169234, -1.290026 ], [ 36.8168373, -1.2899426 ], [ 36.816734, -1.2898794 ], [ 36.8166448, -1.2896738 ], [ 36.8165189, -1.289348 ], [ 36.8165387, -1.2892572 ], [ 36.8166185, -1.2891815 ], [ 36.8167638, -1.2891513 ], [ 36.8169635, -1.2891715 ], [ 36.8170958, -1.2892267 ], [ 36.8171662, -1.2893296 ], [ 36.817225, -1.2894771 ], [ 36.8173103, -1.2895989 ], [ 36.8174706, -1.2897157 ], [ 36.8175415, -1.2899177 ], [ 36.8175249, -1.2901293 ] ], [ [ 36.8168353, -1.2896444 ], [ 36.8168034, -1.2897591 ], [ 36.8168133, -1.2898267 ], [ 36.816883, -1.2898673 ], [ 36.8169687, -1.2898544 ], [ 36.8170736, -1.2897675 ], [ 36.8171624, -1.2897077 ], [ 36.8172014, -1.2896431 ], [ 36.8171555, -1.2895361 ], [ 36.8170658, -1.2894805 ], [ 36.8169833, -1.2894927 ], [ 36.8168905, -1.2895482 ], [ 36.8168413, -1.2895891 ], [ 36.8168353, -1.2896444 ] ] ] } },
{ "type": "Feature", "properties": { "element": "relation", "id": 15830334, "natural": "water", "water": "pond", "name": null, "notes": null, "name:ko": null, "species": null, "height": null, "source": null, "type": "multipolygon", "name:botanical": null, "landuse:urban_green": null, "operator:description": null, "urban_green:cultivation": null, "urban_green:cultivation_consumer": null, "urban_green:cultivation_sale": null, "urban_green:cultivation_type": null, "urban_green:dimension_sqm": null, "urban_green:fence": null, "urban_green:number_of_caretakers": null, "urban_green:owner_hours_week": null, "watsan:other": null, "watsan:other_description": null, "watsan:water_availability": null, "urban_green:owner_distance": null, "watsan:urban_agriculture": null, "urban_green:cultivation_consumer_description": null, "urban_green:cultivation_supplies_purchase": null, "amenity": null, "denotation": null, "leaf_cycle": null, "leaf_type": null, "ele": null, "wood": null, "description": null, "trees": null, "circumference": null, "fixme": null, "genus": null, "short_name": null, "species:wikidata": null, "species:wikipedia": null, "golf": null, "created_by": null, "security": null, "security:black_spot": null, "security:description": null, "sercurity": null, "basin": null, "intermittent": null, "landuse": null, "reservoir_type": null, "man_made": null, "note": null, "salt": null, "tidal": null, "wetland": null, "leisure": null, "colour": null, "addr:city": null, "addr:housenumber": null, "addr:street": null }, "geometry": { "type": "Polygon", "coordinates": [ [ [ 36.8018079, -1.3260716 ], [ 36.8017833, -1.3258327 ], [ 36.8017323, -1.3255695 ], [ 36.8017112, -1.3252999 ], [ 36.8017311, -1.3251353 ], [ 36.8017795, -1.3250382 ], [ 36.801844, -1.3250268 ], [ 36.8018781, -1.3250591 ], [ 36.8018876, -1.3250951 ], [ 36.8018876, -1.3251425 ], [ 36.8018516, -1.3252449 ], [ 36.8018231, -1.325334 ], [ 36.8018402, -1.3253852 ], [ 36.8018648, -1.325461 ], [ 36.8019255, -1.3255691 ], [ 36.8020246, -1.3257018 ], [ 36.8021038, -1.3258573 ], [ 36.802135, -1.3260186 ], [ 36.8021474, -1.3262498 ], [ 36.8021329, -1.3263201 ], [ 36.8021175, -1.326436 ], [ 36.8020793, -1.3265453 ], [ 36.8020095, -1.3266405 ], [ 36.8018791, -1.3267206 ], [ 36.8017624, -1.326786 ], [ 36.8017779, -1.3267377 ], [ 36.801796, -1.3266613 ], [ 36.8018124, -1.3265644 ], [ 36.8018191, -1.3264354 ], [ 36.8018178, -1.3263231 ], [ 36.8018098, -1.326246 ], [ 36.8018079, -1.3260716 ] ], [ [ 36.8019589, -1.3260878 ], [ 36.8019602, -1.3261615 ], [ 36.8019334, -1.3261756 ], [ 36.8019086, -1.3262078 ], [ 36.8018918, -1.3262446 ], [ 36.8018784, -1.3263452 ], [ 36.8018744, -1.3264109 ], [ 36.8018858, -1.3264605 ], [ 36.8019173, -1.326484 ], [ 36.801914, -1.3265812 ], [ 36.8019482, -1.3265792 ], [ 36.8019468, -1.3265061 ], [ 36.8019918, -1.3265021 ], [ 36.8020447, -1.3264712 ], [ 36.8020709, -1.3264203 ], [ 36.802089, -1.3263204 ], [ 36.8020809, -1.3262406 ], [ 36.8020649, -1.3261803 ], [ 36.8020327, -1.3261649 ], [ 36.8019951, -1.3261588 ], [ 36.8019911, -1.3260858 ], [ 36.8019589, -1.3260878 ] ], [ [ 36.8017701, -1.3252522 ], [ 36.8017494, -1.3252562 ], [ 36.8017356, -1.3252827 ], [ 36.8017386, -1.3253158 ], [ 36.8017483, -1.32534 ], [ 36.8017742, -1.3253463 ], [ 36.8017953, -1.3253326 ], [ 36.801806, -1.3253021 ], [ 36.8018013, -1.3252706 ], [ 36.8017859, -1.3252572 ], [ 36.8017701, -1.3252522 ] ] ] } },
{ "type": "Feature", "properties": { "element": "relation", "id": 17649128, "natural": "water", "water": "pond", "name": null, "notes": null, "name:ko": null, "species": null, "height": null, "source": null, "type": "multipolygon", "name:botanical": null, "landuse:urban_green": null, "operator:description": null, "urban_green:cultivation": null, "urban_green:cultivation_consumer": null, "urban_green:cultivation_sale": null, "urban_green:cultivation_type": null, "urban_green:dimension_sqm": null, "urban_green:fence": null, "urban_green:number_of_caretakers": null, "urban_green:owner_hours_week": null, "watsan:other": null, "watsan:other_description": null, "watsan:water_availability": null, "urban_green:owner_distance": null, "watsan:urban_agriculture": null, "urban_green:cultivation_consumer_description": null, "urban_green:cultivation_supplies_purchase": null, "amenity": null, "denotation": null, "leaf_cycle": null, "leaf_type": null, "ele": null, "wood": null, "description": null, "trees": null, "circumference": null, "fixme": null, "genus": null, "short_name": null, "species:wikidata": null, "species:wikipedia": null, "golf": null, "created_by": null, "security": null, "security:black_spot": null, "security:description": null, "sercurity": null, "basin": null, "intermittent": null, "landuse": null, "reservoir_type": null, "man_made": null, "note": null, "salt": null, "tidal": null, "wetland": null, "leisure": null, "colour": null, "addr:city": null, "addr:housenumber": null, "addr:street": null }, "geometry": { "type": "Polygon", "coordinates": [ [ [ 36.8178602, -1.2898787 ], [ 36.8178552, -1.2898869 ], [ 36.817848, -1.2898932 ], [ 36.8178412, -1.2898964 ], [ 36.8178331, -1.2898956 ], [ 36.8178235, -1.289876 ], [ 36.8178115, -1.2898835 ], [ 36.8177977, -1.2898867 ], [ 36.8177836, -1.2898853 ], [ 36.8177706, -1.2898793 ], [ 36.8177602, -1.2898694 ], [ 36.8177429, -1.2898901 ], [ 36.8177319, -1.2898853 ], [ 36.8177265, -1.2898804 ], [ 36.8177225, -1.2898723 ], [ 36.8177204, -1.2898663 ], [ 36.8177221, -1.2898596 ], [ 36.8177526, -1.2898499 ], [ 36.8177516, -1.2898424 ], [ 36.8177543, -1.2898283 ], [ 36.8177615, -1.2898159 ], [ 36.8177723, -1.2898065 ], [ 36.8177785, -1.289804 ], [ 36.8177676, -1.2897751 ], [ 36.8177774, -1.2897681 ], [ 36.8177843, -1.289766 ], [ 36.8177933, -1.2897667 ], [ 36.8177996, -1.2897681 ], [ 36.8178045, -1.289773 ], [ 36.8178, -1.2898005 ], [ 36.8178136, -1.2898045 ], [ 36.8178252, -1.2898126 ], [ 36.8178336, -1.289824 ], [ 36.8178378, -1.2898375 ], [ 36.8178374, -1.2898517 ], [ 36.8178616, -1.289872 ], [ 36.8178602, -1.2898787 ] ] ] } },
{ "type": "Feature", "properties": { "element": "relation", "id": 18064221, "natural": "water", "water": null, "name": null, "notes": null, "name:ko": null, "species": null, "height": null, "source": null, "type": "multipolygon", "name:botanical": null, "landuse:urban_green": null, "operator:description": null, "urban_green:cultivation": null, "urban_green:cultivation_consumer": null, "urban_green:cultivation_sale": null, "urban_green:cultivation_type": null, "urban_green:dimension_sqm": null, "urban_green:fence": null, "urban_green:number_of_caretakers": null, "urban_green:owner_hours_week": null, "watsan:other": null, "watsan:other_description": null, "watsan:water_availability": null, "urban_green:owner_distance": null, "watsan:urban_agriculture": null, "urban_green:cultivation_consumer_description": null, "urban_green:cultivation_supplies_purchase": null, "amenity": null, "denotation": null, "leaf_cycle": null, "leaf_type": null, "ele": null, "wood": null, "description": null, "trees": null, "circumference": null, "fixme": null, "genus": null, "short_name": null, "species:wikidata": null, "species:wikipedia": null, "golf": null, "created_by": null, "security": null, "security:black_spot": null, "security:description": null, "sercurity": null, "basin": null, "intermittent": null, "landuse": null, "reservoir_type": null, "man_made": null, "note": null, "salt": null, "tidal": null, "wetland": null, "leisure": null, "colour": null, "addr:city": null, "addr:housenumber": null, "addr:street": null }, "geometry": { "type": "Polygon", "coordinates": [ [ [ 36.7960809, -1.3491853 ], [ 36.7959608, -1.3490652 ], [ 36.7958578, -1.3489451 ], [ 36.7957548, -1.3488335 ], [ 36.7958578, -1.3488249 ], [ 36.7959007, -1.3488593 ], [ 36.7959608, -1.3489108 ], [ 36.7960724, -1.3488764 ], [ 36.7960724, -1.3487477 ], [ 36.7960037, -1.3486705 ], [ 36.7960037, -1.3485504 ], [ 36.7960724, -1.348516 ], [ 36.7961754, -1.3484817 ], [ 36.7962612, -1.3484646 ], [ 36.796347, -1.3484217 ], [ 36.7964758, -1.3483959 ], [ 36.7966131, -1.3484131 ], [ 36.7967247, -1.3483616 ], [ 36.7968878, -1.3483702 ], [ 36.7970337, -1.3484045 ], [ 36.7971967, -1.3484131 ], [ 36.7973684, -1.3484302 ], [ 36.7974542, -1.3484817 ], [ 36.7975401, -1.3484817 ], [ 36.7976431, -1.3484817 ], [ 36.7977117, -1.348516 ], [ 36.7978319, -1.3484989 ], [ 36.7979606, -1.3485075 ], [ 36.7980207, -1.3484989 ], [ 36.7981838, -1.3485761 ], [ 36.7982782, -1.3487391 ], [ 36.7983125, -1.3489794 ], [ 36.7983297, -1.349151 ], [ 36.7983555, -1.3493226 ], [ 36.7983898, -1.3494942 ], [ 36.7984155, -1.3496315 ], [ 36.7983984, -1.3497688 ], [ 36.7983984, -1.3499233 ], [ 36.7983898, -1.3499576 ], [ 36.798407, -1.3500949 ], [ 36.7983898, -1.3501635 ], [ 36.7983555, -1.3502322 ], [ 36.7982696, -1.3502493 ], [ 36.7982096, -1.3503008 ], [ 36.7981237, -1.3502837 ], [ 36.7980551, -1.350215 ], [ 36.7979263, -1.3501464 ], [ 36.7978491, -1.3501635 ], [ 36.7978147, -1.3500606 ], [ 36.7978061, -1.3498804 ], [ 36.7977546, -1.3497774 ], [ 36.7976602, -1.3496916 ], [ 36.7975572, -1.3497173 ], [ 36.7975315, -1.349786 ], [ 36.7975229, -1.3498546 ], [ 36.7975229, -1.349889 ], [ 36.7974714, -1.349949 ], [ 36.7973255, -1.3499919 ], [ 36.7972311, -1.3499662 ], [ 36.7971109, -1.3499147 ], [ 36.7970337, -1.3498546 ], [ 36.7969478, -1.3497517 ], [ 36.7968706, -1.3496573 ], [ 36.7968105, -1.3495629 ], [ 36.7966989, -1.3495286 ], [ 36.7966045, -1.3496058 ], [ 36.7966045, -1.3497002 ], [ 36.7965616, -1.3497431 ], [ 36.7965616, -1.3498031 ], [ 36.7965187, -1.3498632 ], [ 36.7965015, -1.349949 ], [ 36.7965015, -1.3500348 ], [ 36.7964243, -1.3500348 ], [ 36.7963556, -1.3500606 ], [ 36.7962698, -1.3500777 ], [ 36.796244, -1.3499919 ], [ 36.796244, -1.349889 ], [ 36.7963041, -1.3498289 ], [ 36.7963213, -1.3497173 ], [ 36.7962354, -1.3496229 ], [ 36.7961324, -1.3496315 ], [ 36.7960809, -1.3495371 ], [ 36.7961668, -1.34952 ], [ 36.7961754, -1.3494428 ], [ 36.7961839, -1.3493484 ], [ 36.7961496, -1.3492711 ], [ 36.7960809, -1.3491853 ] ], [ [ 36.7962955, -1.3487563 ], [ 36.7963299, -1.348722 ], [ 36.7963041, -1.3486877 ], [ 36.7963299, -1.3486276 ], [ 36.7962869, -1.3485847 ], [ 36.7962183, -1.3485847 ], [ 36.7962011, -1.3486619 ], [ 36.7962011, -1.3487391 ], [ 36.7962354, -1.3487906 ], [ 36.7962955, -1.3487563 ] ] ] } },
{ "type": "Feature", "properties": { "element": "way", "id": 24951286, "natural": "water", "water": null, "name": null, "notes": null, "name:ko": null, "species": null, "height": null, "source": null, "type": null, "name:botanical": null, "landuse:urban_green": null, "operator:description": null, "urban_green:cultivation": null, "urban_green:cultivation_consumer": null, "urban_green:cultivation_sale": null, "urban_green:cultivation_type": null, "urban_green:dimension_sqm": null, "urban_green:fence": null, "urban_green:number_of_caretakers": null, "urban_green:owner_hours_week": null, "watsan:other": null, "watsan:other_description": null, "watsan:water_availability": null, "urban_green:owner_distance": null, "watsan:urban_agriculture": null, "urban_green:cultivation_consumer_description": null, "urban_green:cultivation_supplies_purchase": null, "amenity": null, "denotation": null, "leaf_cycle": null, "leaf_type": null, "ele": null, "wood": null, "description": null, "trees": null, "circumference": null, "fixme": null, "genus": null, "short_name": null, "species:wikidata": null, "species:wikipedia": null, "golf": "water_hazard", "created_by": null, "security": null, "security:black_spot": null, "security:description": null, "sercurity": null, "basin": null, "intermittent": null, "landuse": null, "reservoir_type": null, "man_made": null, "note": null, "salt": null, "tidal": null, "wetland": null, "leisure": null, "colour": null, "addr:city": null, "addr:housenumber": null, "addr:street": null }, "geometry": { "type": "Polygon", "coordinates": [ [ [ 36.8446641, -1.2557738 ], [ 36.8444696, -1.2557385 ], [ 36.8446312, -1.2554741 ], [ 36.844867, -1.2556667 ], [ 36.845073, -1.2557011 ], [ 36.8452104, -1.2555638 ], [ 36.8453734, -1.2555638 ], [ 36.8455537, -1.2555981 ], [ 36.8456824, -1.2556324 ], [ 36.8458283, -1.2556324 ], [ 36.8459657, -1.2556667 ], [ 36.8460858, -1.2555723 ], [ 36.8461459, -1.2555123 ], [ 36.8464978, -1.2556839 ], [ 36.8467382, -1.2558727 ], [ 36.8469184, -1.2559413 ], [ 36.8470042, -1.2560615 ], [ 36.8471931, -1.2560786 ], [ 36.8473561, -1.2561558 ], [ 36.8473905, -1.2564304 ], [ 36.8473475, -1.2565077 ], [ 36.8472789, -1.2566106 ], [ 36.8471673, -1.2566106 ], [ 36.8470986, -1.2566707 ], [ 36.8468497, -1.2566793 ], [ 36.846412, -1.2566106 ], [ 36.8462575, -1.2565077 ], [ 36.8461459, -1.2563189 ], [ 36.8460343, -1.2561816 ], [ 36.8458798, -1.2561129 ], [ 36.8457683, -1.2560357 ], [ 36.8456481, -1.255907 ], [ 36.8455022, -1.2558555 ], [ 36.8453391, -1.2558212 ], [ 36.8452104, -1.2557525 ], [ 36.845073, -1.2557783 ], [ 36.8449185, -1.255744 ], [ 36.8448054, -1.2557138 ], [ 36.8446641, -1.2557738 ] ] ] } },
{ "type": "Feature", "properties": { "element": "way", "id": 24968681, "natural": "water", "water": "lake", "name": "Lily Lake", "notes": null, "name:ko": null, "species": null, "height": null, "source": null, "type": null, "name:botanical": null, "landuse:urban_green": null, "operator:description": null, "urban_green:cultivation": null, "urban_green:cultivation_consumer": null, "urban_green:cultivation_sale": null, "urban_green:cultivation_type": null, "urban_green:dimension_sqm": null, "urban_green:fence": null, "urban_green:number_of_caretakers": null, "urban_green:owner_hours_week": null, "watsan:other": null, "watsan:other_description": null, "watsan:water_availability": null, "urban_green:owner_distance": null, "watsan:urban_agriculture": null, "urban_green:cultivation_consumer_description": null, "urban_green:cultivation_supplies_purchase": null, "amenity": null, "denotation": null, "leaf_cycle": null, "leaf_type": null, "ele": null, "wood": null, "description": null, "trees": null, "circumference": null, "fixme": null, "genus": null, "short_name": null, "species:wikidata": null, "species:wikipedia": null, "golf": null, "created_by": null, "security": null, "security:black_spot": null, "security:description": null, "sercurity": null, "basin": null, "intermittent": null, "landuse": null, "reservoir_type": null, "man_made": null, "note": null, "salt": null, "tidal": null, "wetland": null, "leisure": null, "colour": null, "addr:city": null, "addr:housenumber": null, "addr:street": null }, "geometry": { "type": "Polygon", "coordinates": [ [ [ 36.8178275, -1.2423396 ], [ 36.8178026, -1.2422624 ], [ 36.8178108, -1.2421932 ], [ 36.8177425, -1.2420598 ], [ 36.8178168, -1.2419562 ], [ 36.8178949, -1.2418932 ], [ 36.8180198, -1.2418216 ], [ 36.8181151, -1.2417662 ], [ 36.8181971, -1.2418586 ], [ 36.8181627, -1.2419358 ], [ 36.8181971, -1.2420302 ], [ 36.8182915, -1.242116 ], [ 36.8182915, -1.2422018 ], [ 36.8182314, -1.2422704 ], [ 36.81824, -1.2423563 ], [ 36.8181541, -1.2423563 ], [ 36.8181112, -1.2424592 ], [ 36.8182056, -1.2425107 ], [ 36.8182314, -1.2426223 ], [ 36.8181026, -1.2426309 ], [ 36.8181112, -1.2426823 ], [ 36.818172, -1.2427869 ], [ 36.8182329, -1.2429694 ], [ 36.8184003, -1.2431368 ], [ 36.8182329, -1.2432737 ], [ 36.8180275, -1.2433954 ], [ 36.8179071, -1.2434238 ], [ 36.8178248, -1.2433908 ], [ 36.8176878, -1.2433746 ], [ 36.8175329, -1.2431976 ], [ 36.8174985, -1.2430438 ], [ 36.8175101, -1.2428858 ], [ 36.8177155, -1.2427945 ], [ 36.8178623, -1.2426738 ], [ 36.8179052, -1.2425965 ], [ 36.8179481, -1.2425279 ], [ 36.8178709, -1.2424678 ], [ 36.8178491, -1.2424053 ], [ 36.8178275, -1.2423396 ] ] ] } },
{ "type": "Feature", "properties": { "element": "way", "id": 25032852, "natural": "water", "water": null, "name": null, "notes": null, "name:ko": null, "species": null, "height": null, "source": "aerial imagery", "type": null, "name:botanical": null, "landuse:urban_green": null, "operator:description": null, "urban_green:cultivation": null, "urban_green:cultivation_consumer": null, "urban_green:cultivation_sale": null, "urban_green:cultivation_type": null, "urban_green:dimension_sqm": null, "urban_green:fence": null, "urban_green:number_of_caretakers": null, "urban_green:owner_hours_week": null, "watsan:other": null, "watsan:other_description": null, "watsan:water_availability": null, "urban_green:owner_distance": null, "watsan:urban_agriculture": null, "urban_green:cultivation_consumer_description": null, "urban_green:cultivation_supplies_purchase": null, "amenity": null, "denotation": null, "leaf_cycle": null, "leaf_type": null, "ele": null, "wood": null, "description": "water", "trees": null, "circumference": null, "fixme": null, "genus": null, "short_name": null, "species:wikidata": null, "species:wikipedia": null, "golf": "water_hazard", "created_by": null, "security": null, "security:black_spot": null, "security:description": null, "sercurity": null, "basin": null, "intermittent": null, "landuse": null, "reservoir_type": null, "man_made": null, "note": null, "salt": null, "tidal": null, "wetland": null, "leisure": null, "colour": null, "addr:city": null, "addr:housenumber": null, "addr:street": null }, "geometry": { "type": "Polygon", "coordinates": [ [ [ 36.8521814, -1.2097001 ], [ 36.8521214, -1.2096143 ], [ 36.852087, -1.2095113 ], [ 36.8520613, -1.2093911 ], [ 36.8520569, -1.2093319 ], [ 36.8520956, -1.2092882 ], [ 36.8521397, -1.2092774 ], [ 36.85219, -1.2092882 ], [ 36.8523102, -1.2092967 ], [ 36.8524561, -1.2092967 ], [ 36.8525849, -1.2093053 ], [ 36.8526621, -1.2093397 ], [ 36.852687, -1.2093752 ], [ 36.8526964, -1.2094169 ], [ 36.8526364, -1.2095027 ], [ 36.8525162, -1.2096228 ], [ 36.8524304, -1.2097687 ], [ 36.8523789, -1.2099575 ], [ 36.8523703, -1.2101291 ], [ 36.8523445, -1.2102321 ], [ 36.8522587, -1.2103093 ], [ 36.8520699, -1.2103179 ], [ 36.8519325, -1.2102836 ], [ 36.8518381, -1.2101806 ], [ 36.8517695, -1.2100176 ], [ 36.8517695, -1.209906 ], [ 36.8517437, -1.2098459 ], [ 36.8517094, -1.2098374 ], [ 36.8516939, -1.2098255 ], [ 36.8517523, -1.2095456 ], [ 36.8517094, -1.2095113 ], [ 36.851675, -1.2094598 ], [ 36.8517001, -1.2094021 ], [ 36.8517437, -1.2093568 ], [ 36.8518381, -1.2093311 ], [ 36.851924, -1.209374 ], [ 36.8519411, -1.2094684 ], [ 36.8519411, -1.2096143 ], [ 36.8518982, -1.2097172 ], [ 36.851881, -1.2098202 ], [ 36.8518553, -1.209906 ], [ 36.8518982, -1.2100261 ], [ 36.8519755, -1.2101034 ], [ 36.8520613, -1.2101291 ], [ 36.8521729, -1.210112 ], [ 36.8522329, -1.2100519 ], [ 36.8522587, -1.2099232 ], [ 36.8522329, -1.2097859 ], [ 36.8521814, -1.2097001 ] ] ] } },
{ "type": "Feature", "properties": { "element": "way", "id": 25033340, "natural": "water", "water": null, "name": null, "notes": null, "name:ko": null, "species": null, "height": null, "source": null, "type": null, "name:botanical": null, "landuse:urban_green": null, "operator:description": null, "urban_green:cultivation": null, "urban_green:cultivation_consumer": null, "urban_green:cultivation_sale": null, "urban_green:cultivation_type": null, "urban_green:dimension_sqm": null, "urban_green:fence": null, "urban_green:number_of_caretakers": null, "urban_green:owner_hours_week": null, "watsan:other": null, "watsan:other_description": null, "watsan:water_availability": null, "urban_green:owner_distance": null, "watsan:urban_agriculture": null, "urban_green:cultivation_consumer_description": null, "urban_green:cultivation_supplies_purchase": null, "amenity": null, "denotation": null, "leaf_cycle": null, "leaf_type": null, "ele": null, "wood": null, "description": null, "trees": null, "circumference": null, "fixme": null, "genus": null, "short_name": null, "species:wikidata": null, "species:wikipedia": null, "golf": null, "created_by": "Potlatch 0.9c", "security": null, "security:black_spot": null, "security:description": null, "sercurity": null, "basin": null, "intermittent": null, "landuse": null, "reservoir_type": null, "man_made": null, "note": null, "salt": null, "tidal": null, "wetland": null, "leisure": null, "colour": null, "addr:city": null, "addr:housenumber": null, "addr:street": null }, "geometry": { "type": "Polygon", "coordinates": [ [ [ 36.8521814, -1.2130381 ], [ 36.8524304, -1.2127035 ], [ 36.8526964, -1.212446 ], [ 36.8532028, -1.2122058 ], [ 36.8532887, -1.2122658 ], [ 36.853426, -1.2122658 ], [ 36.8536148, -1.2121543 ], [ 36.8538637, -1.2121543 ], [ 36.8538637, -1.212017 ], [ 36.854044, -1.2120599 ], [ 36.8541985, -1.212017 ], [ 36.8542843, -1.2121028 ], [ 36.854353, -1.2120341 ], [ 36.854765, -1.2120599 ], [ 36.8551254, -1.2119569 ], [ 36.8553229, -1.2116137 ], [ 36.8554173, -1.211648 ], [ 36.8552284, -1.2119483 ], [ 36.8554602, -1.2119312 ], [ 36.8557434, -1.2130725 ], [ 36.8549795, -1.2130725 ], [ 36.8548707, -1.2130728 ], [ 36.8544603, -1.2129548 ], [ 36.8541985, -1.2128493 ], [ 36.8541009, -1.2127456 ], [ 36.8538981, -1.2127464 ], [ 36.8538294, -1.2128322 ], [ 36.8536921, -1.2127893 ], [ 36.8534689, -1.212815 ], [ 36.8532372, -1.2128064 ], [ 36.8531685, -1.2128665 ], [ 36.8530569, -1.2127635 ], [ 36.852911, -1.2128064 ], [ 36.852911, -1.2129609 ], [ 36.8528252, -1.2130467 ], [ 36.8528252, -1.2128837 ], [ 36.8526964, -1.2128408 ], [ 36.8526106, -1.2129352 ], [ 36.8525334, -1.2130725 ], [ 36.8525334, -1.2128493 ], [ 36.8523531, -1.2129609 ], [ 36.8522844, -1.2130639 ], [ 36.8521814, -1.2130381 ] ] ] } },
{ "type": "Feature", "properties": { "element": "way", "id": 25064769, "natural": "water", "water": null, "name": null, "notes": null, "name:ko": null, "species": null, "height": null, "source": null, "type": null, "name:botanical": null, "landuse:urban_green": null, "operator:description": null, "urban_green:cultivation": null, "urban_green:cultivation_consumer": null, "urban_green:cultivation_sale": null, "urban_green:cultivation_type": null, "urban_green:dimension_sqm": null, "urban_green:fence": null, "urban_green:number_of_caretakers": null, "urban_green:owner_hours_week": null, "watsan:other": null, "watsan:other_description": null, "watsan:water_availability": null, "urban_green:owner_distance": null, "watsan:urban_agriculture": null, "urban_green:cultivation_consumer_description": null, "urban_green:cultivation_supplies_purchase": null, "amenity": null, "denotation": null, "leaf_cycle": null, "leaf_type": null, "ele": null, "wood": null, "description": null, "trees": null, "circumference": null, "fixme": null, "genus": null, "short_name": null, "species:wikidata": null, "species:wikipedia": null, "golf": null, "created_by": "Potlatch 0.9c", "security": null, "security:black_spot": null, "security:description": null, "sercurity": null, "basin": null, "intermittent": null, "landuse": null, "reservoir_type": null, "man_made": null, "note": null, "salt": null, "tidal": null, "wetland": null, "leisure": null, "colour": null, "addr:city": null, "addr:housenumber": null, "addr:street": null }, "geometry": { "type": "Polygon", "coordinates": [ [ [ 36.7731979, -1.2265926 ], [ 36.7733782, -1.2265668 ], [ 36.7735155, -1.2265411 ], [ 36.7737215, -1.2265154 ], [ 36.7739275, -1.2264553 ], [ 36.7739961, -1.2262923 ], [ 36.7740219, -1.2261292 ], [ 36.7740047, -1.2259318 ], [ 36.7740133, -1.2257431 ], [ 36.7740991, -1.2258117 ], [ 36.7742365, -1.2258718 ], [ 36.7742193, -1.2260348 ], [ 36.7742708, -1.226215 ], [ 36.7743652, -1.2263609 ], [ 36.7745197, -1.2264295 ], [ 36.7747772, -1.2264725 ], [ 36.7749918, -1.2265325 ], [ 36.7750948, -1.2266784 ], [ 36.7752149, -1.2268071 ], [ 36.7752922, -1.2268071 ], [ 36.7754896, -1.2269702 ], [ 36.7755411, -1.2270731 ], [ 36.7757471, -1.2272705 ], [ 36.7758673, -1.2273306 ], [ 36.7759703, -1.2276137 ], [ 36.7760732, -1.2279141 ], [ 36.7762449, -1.2282144 ], [ 36.7763479, -1.2284204 ], [ 36.7764509, -1.2284547 ], [ 36.776408, -1.2285405 ], [ 36.7759703, -1.2286864 ], [ 36.7756441, -1.2287808 ], [ 36.7755583, -1.2287379 ], [ 36.7755583, -1.2284032 ], [ 36.7753952, -1.2280514 ], [ 36.7752836, -1.2279398 ], [ 36.7752664, -1.2278798 ], [ 36.7750862, -1.2276738 ], [ 36.7750519, -1.2275451 ], [ 36.7748373, -1.227425 ], [ 36.7747171, -1.2273134 ], [ 36.774451, -1.2272533 ], [ 36.7743137, -1.2272018 ], [ 36.7741506, -1.2271933 ], [ 36.7740476, -1.2271418 ], [ 36.7738502, -1.2271418 ], [ 36.7736271, -1.2269873 ], [ 36.7734211, -1.2268758 ], [ 36.7733352, -1.2267985 ], [ 36.7732408, -1.22679 ], [ 36.7731979, -1.2265926 ] ] ] } },
{ "type": "Feature", "properties": { "element": "way", "id": 25341904, "natural": "water", "water": null, "name": null, "notes": null, "name:ko": null, "species": null, "height": null, "source": null, "type": null, "name:botanical": null, "landuse:urban_green": null, "operator:description": null, "urban_green:cultivation": null, "urban_green:cultivation_consumer": null, "urban_green:cultivation_sale": null, "urban_green:cultivation_type": null, "urban_green:dimension_sqm": null, "urban_green:fence": null, "urban_green:number_of_caretakers": null, "urban_green:owner_hours_week": null, "watsan:other": null, "watsan:other_description": null, "watsan:water_availability": null, "urban_green:owner_distance": null, "watsan:urban_agriculture": null, "urban_green:cultivation_consumer_description": null, "urban_green:cultivation_supplies_purchase": null, "amenity": null, "denotation": null, "leaf_cycle": null, "leaf_type": null, "ele": null, "wood": null, "description": null, "trees": null, "circumference": null, "fixme": null, "genus": null, "short_name": null, "species:wikidata": null, "species:wikipedia": null, "golf": null, "created_by": "Potlatch 0.9c", "security": null, "security:black_spot": null, "security:description": null, "sercurity": null, "basin": null, "intermittent": null, "landuse": null, "reservoir_type": null, "man_made": null, "note": null, "salt": null, "tidal": null, "wetland": null, "leisure": null, "colour": null, "addr:city": null, "addr:housenumber": null, "addr:street": null }, "geometry": { "type": "Polygon", "coordinates": [ [ [ 36.7692227, -1.2309266 ], [ 36.7692656, -1.2308494 ], [ 36.7693515, -1.2307636 ], [ 36.7694201, -1.2307893 ], [ 36.7695231, -1.2307893 ], [ 36.7695918, -1.230858 ], [ 36.7697034, -1.2308751 ], [ 36.7698235, -1.2309095 ], [ 36.7699008, -1.2309867 ], [ 36.7699952, -1.2309781 ], [ 36.7700982, -1.2310725 ], [ 36.7701411, -1.2311669 ], [ 36.7701239, -1.2312527 ], [ 36.7701325, -1.2313557 ], [ 36.7700124, -1.2313299 ], [ 36.7698664, -1.2312184 ], [ 36.7697892, -1.2312184 ], [ 36.7696776, -1.2311326 ], [ 36.7696089, -1.231124 ], [ 36.7692227, -1.2309266 ] ] ] } },
{ "type": "Feature", "properties": { "element": "way", "id": 25341971, "natural": "water", "water": null, "name": null, "notes": null, "name:ko": null, "species": null, "height": null, "source": null, "type": null, "name:botanical": null, "landuse:urban_green": null, "operator:description": null, "urban_green:cultivation": null, "urban_green:cultivation_consumer": null, "urban_green:cultivation_sale": null, "urban_green:cultivation_type": null, "urban_green:dimension_sqm": null, "urban_green:fence": null, "urban_green:number_of_caretakers": null, "urban_green:owner_hours_week": null, "watsan:other": null, "watsan:other_description": null, "watsan:water_availability": null, "urban_green:owner_distance": null, "watsan:urban_agriculture": null, "urban_green:cultivation_consumer_description": null, "urban_green:cultivation_supplies_purchase": null, "amenity": null, "denotation": null, "leaf_cycle": null, "leaf_type": null, "ele": null, "wood": null, "description": null, "trees": null, "circumference": null, "fixme": null, "genus": null, "short_name": null, "species:wikidata": null, "species:wikipedia": null, "golf": null, "created_by": "Potlatch 0.9c", "security": null, "security:black_spot": null, "security:description": null, "sercurity": null, "basin": null, "intermittent": null, "landuse": null, "reservoir_type": null, "man_made": null, "note": null, "salt": null, "tidal": null, "wetland": null, "leisure": null, "colour": null, "addr:city": null, "addr:housenumber": null, "addr:street": null }, "geometry": { "type": "Polygon", "coordinates": [ [ [ 36.7706818, -1.2434721 ], [ 36.770699, -1.2433348 ], [ 36.770802, -1.2432233 ], [ 36.7709307, -1.2431375 ], [ 36.7710938, -1.2430603 ], [ 36.7711882, -1.2430603 ], [ 36.7711968, -1.2429916 ], [ 36.7713256, -1.2429916 ], [ 36.7715316, -1.2429401 ], [ 36.7715831, -1.2429659 ], [ 36.7716689, -1.2428972 ], [ 36.7718405, -1.2428972 ], [ 36.7720122, -1.2428543 ], [ 36.772141, -1.2428543 ], [ 36.7721925, -1.2429315 ], [ 36.7721324, -1.2430603 ], [ 36.7720208, -1.243189 ], [ 36.7720122, -1.2433263 ], [ 36.7718663, -1.2433863 ], [ 36.771832, -1.2435322 ], [ 36.7716689, -1.2435923 ], [ 36.7716088, -1.2437124 ], [ 36.7714371, -1.2437639 ], [ 36.7713084, -1.2437382 ], [ 36.7711796, -1.2437038 ], [ 36.7710938, -1.2437038 ], [ 36.7709393, -1.2436523 ], [ 36.7708192, -1.2436523 ], [ 36.7706818, -1.2434721 ] ] ] } },
{ "type": "Feature", "properties": { "element": "way", "id": 25537974, "natural": "water", "water": null, "name": null, "notes": null, "name:ko": null, "species": null, "height": null, "source": null, "type": null, "name:botanical": null, "landuse:urban_green": null, "operator:description": null, "urban_green:cultivation": null, "urban_green:cultivation_consumer": null, "urban_green:cultivation_sale": null, "urban_green:cultivation_type": null, "urban_green:dimension_sqm": null, "urban_green:fence": null, "urban_green:number_of_caretakers": null, "urban_green:owner_hours_week": null, "watsan:other": null, "watsan:other_description": null, "watsan:water_availability": null, "urban_green:owner_distance": null, "watsan:urban_agriculture": null, "urban_green:cultivation_consumer_description": null, "urban_green:cultivation_supplies_purchase": null, "amenity": null, "denotation": null, "leaf_cycle": null, "leaf_type": null, "ele": null, "wood": null, "description": null, "trees": null, "circumference": null, "fixme": null, "genus": null, "short_name": null, "species:wikidata": null, "species:wikipedia": null, "golf": null, "created_by": null, "security": null, "security:black_spot": null, "security:description": null, "sercurity": null, "basin": null, "intermittent": null, "landuse": null, "reservoir_type": null, "man_made": null, "note": null, "salt": null, "tidal": null, "wetland": null, "leisure": null, "colour": null, "addr:city": null, "addr:housenumber": null, "addr:street": null }, "geometry": { "type": "Polygon", "coordinates": [ [ [ 36.7715334, -1.3081865 ], [ 36.771336, -1.3082723 ], [ 36.7712415, -1.3083838 ], [ 36.7709497, -1.3085898 ], [ 36.7709068, -1.3085297 ], [ 36.7708467, -1.3084696 ], [ 36.7707437, -1.3083581 ], [ 36.7706836, -1.3083323 ], [ 36.7706236, -1.3083323 ], [ 36.7705892, -1.3082465 ], [ 36.770512, -1.3081865 ], [ 36.7705034, -1.3081264 ], [ 36.7704176, -1.3080492 ], [ 36.7702802, -1.3079634 ], [ 36.7696589, -1.307345 ], [ 36.7696696, -1.3070318 ], [ 36.7702888, -1.3072426 ], [ 36.770718, -1.3074914 ], [ 36.7710527, -1.3077317 ], [ 36.7711986, -1.3078518 ], [ 36.7712759, -1.307869 ], [ 36.7713188, -1.3079805 ], [ 36.771396, -1.3080749 ], [ 36.7714561, -1.3081521 ], [ 36.7715334, -1.3081865 ] ] ] } },
{ "type": "Feature", "properties": { "element": "way", "id": 25576928, "natural": "water", "water": null, "name": null, "notes": null, "name:ko": null, "species": null, "height": null, "source": null, "type": null, "name:botanical": null, "landuse:urban_green": null, "operator:description": null, "urban_green:cultivation": null, "urban_green:cultivation_consumer": null, "urban_green:cultivation_sale": null, "urban_green:cultivation_type": null, "urban_green:dimension_sqm": null, "urban_green:fence": null, "urban_green:number_of_caretakers": null, "urban_green:owner_hours_week": null, "watsan:other": null, "watsan:other_description": null, "watsan:water_availability": null, "urban_green:owner_distance": null, "watsan:urban_agriculture": null, "urban_green:cultivation_consumer_description": null, "urban_green:cultivation_supplies_purchase": null, "amenity": null, "denotation": null, "leaf_cycle": null, "leaf_type": null, "ele": null, "wood": null, "description": null, "trees": null, "circumference": null, "fixme": null, "genus": null, "short_name": null, "species:wikidata": null, "species:wikipedia": null, "golf": null, "created_by": "Potlatch 0.9c", "security": null, "security:black_spot": null, "security:description": null, "sercurity": null, "basin": null, "intermittent": null, "landuse": null, "reservoir_type": null, "man_made": null, "note": null, "salt": null, "tidal": null, "wetland": null, "leisure": null, "colour": null, "addr:city": null, "addr:housenumber": null, "addr:street": null }, "geometry": { "type": "Polygon", "coordinates": [ [ [ 36.7878809, -1.3720861 ], [ 36.7878122, -1.3718716 ], [ 36.7879581, -1.3718373 ], [ 36.7880869, -1.3717686 ], [ 36.7880869, -1.3716657 ], [ 36.7881899, -1.3715799 ], [ 36.7882757, -1.3717257 ], [ 36.7881555, -1.3718373 ], [ 36.7882585, -1.3718973 ], [ 36.7884302, -1.3718544 ], [ 36.7885847, -1.372026 ], [ 36.7886448, -1.3722148 ], [ 36.7885589, -1.3724122 ], [ 36.7884302, -1.372498 ], [ 36.7883444, -1.3724379 ], [ 36.788207, -1.3724122 ], [ 36.788104, -1.372395 ], [ 36.7878809, -1.3723264 ], [ 36.7877779, -1.3722234 ], [ 36.7878809, -1.3720861 ] ] ] } },
{ "type": "Feature", "properties": { "element": "way", "id": 25592102, "natural": "water", "water": null, "name": null, "notes": null, "name:ko": null, "species": null, "height": null, "source": null, "type": null, "name:botanical": null, "landuse:urban_green": null, "operator:description": null, "urban_green:cultivation": null, "urban_green:cultivation_consumer": null, "urban_green:cultivation_sale": null, "urban_green:cultivation_type": null, "urban_green:dimension_sqm": null, "urban_green:fence": null, "urban_green:number_of_caretakers": null, "urban_green:owner_hours_week": null, "watsan:other": null, "watsan:other_description": null, "watsan:water_availability": null, "urban_green:owner_distance": null, "watsan:urban_agriculture": null, "urban_green:cultivation_consumer_description": null, "urban_green:cultivation_supplies_purchase": null, "amenity": null, "denotation": null, "leaf_cycle": null, "leaf_type": null, "ele": null, "wood": null, "description": null, "trees": null, "circumference": null, "fixme": null, "genus": null, "short_name": null, "species:wikidata": null, "species:wikipedia": null, "golf": null, "created_by": "Potlatch 0.9c", "security": null, "security:black_spot": null, "security:description": null, "sercurity": null, "basin": null, "intermittent": null, "landuse": null, "reservoir_type": null, "man_made": null, "note": null, "salt": null, "tidal": null, "wetland": null, "leisure": null, "colour": null, "addr:city": null, "addr:housenumber": null, "addr:street": null }, "geometry": { "type": "Polygon", "coordinates": [ [ [ 36.9582215, -1.3211512 ], [ 36.9583245, -1.3210225 ], [ 36.958479, -1.3209538 ], [ 36.9586421, -1.3209624 ], [ 36.9588395, -1.3209881 ], [ 36.9590112, -1.3209452 ], [ 36.9592086, -1.3208423 ], [ 36.9594403, -1.3207565 ], [ 36.9595262, -1.320602 ], [ 36.9595605, -1.3204304 ], [ 36.9596721, -1.3202245 ], [ 36.9598609, -1.3200357 ], [ 36.9600755, -1.3198726 ], [ 36.9603072, -1.3197354 ], [ 36.9604789, -1.319641 ], [ 36.9606162, -1.3195294 ], [ 36.9607707, -1.3193578 ], [ 36.960848, -1.319272 ], [ 36.9614917, -1.3201043 ], [ 36.9613029, -1.3201816 ], [ 36.961114, -1.3202073 ], [ 36.9608823, -1.3202416 ], [ 36.9606763, -1.3202245 ], [ 36.9605132, -1.3202159 ], [ 36.9603416, -1.3202416 ], [ 36.9601699, -1.3203274 ], [ 36.9600755, -1.320439 ], [ 36.9599467, -1.3206535 ], [ 36.9598695, -1.3208423 ], [ 36.9597407, -1.3209967 ], [ 36.9595862, -1.321134 ], [ 36.9594146, -1.3211941 ], [ 36.9591914, -1.3211855 ], [ 36.9590112, -1.3211254 ], [ 36.9588395, -1.3211254 ], [ 36.9586764, -1.3210997 ], [ 36.9585219, -1.3211083 ], [ 36.9583674, -1.3211941 ], [ 36.9582387, -1.3212885 ], [ 36.9581529, -1.3213571 ], [ 36.9580928, -1.3212971 ], [ 36.9582215, -1.3211512 ] ] ] } },
{ "type": "Feature", "properties": { "element": "way", "id": 25704628, "natural": "water", "water": null, "name": null, "notes": null, "name:ko": null, "species": null, "height": null, "source": null, "type": null, "name:botanical": null, "landuse:urban_green": null, "operator:description": null, "urban_green:cultivation": null, "urban_green:cultivation_consumer": null, "urban_green:cultivation_sale": null, "urban_green:cultivation_type": null, "urban_green:dimension_sqm": null, "urban_green:fence": null, "urban_green:number_of_caretakers": null, "urban_green:owner_hours_week": null, "watsan:other": null, "watsan:other_description": null, "watsan:water_availability": null, "urban_green:owner_distance": null, "watsan:urban_agriculture": null, "urban_green:cultivation_consumer_description": null, "urban_green:cultivation_supplies_purchase": null, "amenity": null, "denotation": null, "leaf_cycle": null, "leaf_type": null, "ele": null, "wood": null, "description": null, "trees": null, "circumference": null, "fixme": null, "genus": null, "short_name": null, "species:wikidata": null, "species:wikipedia": null, "golf": null, "created_by": "Potlatch 0.10", "security": null, "security:black_spot": null, "security:description": null, "sercurity": null, "basin": null, "intermittent": null, "landuse": null, "reservoir_type": null, "man_made": null, "note": null, "salt": null, "tidal": null, "wetland": null, "leisure": null, "colour": null, "addr:city": null, "addr:housenumber": null, "addr:street": null }, "geometry": { "type": "Polygon", "coordinates": [ [ [ 36.8397151, -1.2178577 ], [ 36.8397752, -1.2178062 ], [ 36.8398267, -1.2177376 ], [ 36.8398954, -1.2177204 ], [ 36.8400499, -1.2177376 ], [ 36.8401615, -1.2177032 ], [ 36.8402559, -1.2176432 ], [ 36.840479, -1.2176346 ], [ 36.8406679, -1.2175573 ], [ 36.8408395, -1.2175144 ], [ 36.8410026, -1.217463 ], [ 36.8411056, -1.2174715 ], [ 36.8412258, -1.2173857 ], [ 36.8413545, -1.2173257 ], [ 36.841509, -1.2173085 ], [ 36.8416292, -1.2173857 ], [ 36.8417408, -1.2175144 ], [ 36.8419038, -1.2178148 ], [ 36.8420927, -1.2182353 ], [ 36.8420927, -1.218364 ], [ 36.842024, -1.2184069 ], [ 36.8417322, -1.2184584 ], [ 36.8413974, -1.2184927 ], [ 36.8411743, -1.2184841 ], [ 36.8410198, -1.2184927 ], [ 36.840891, -1.2184584 ], [ 36.8407194, -1.218364 ], [ 36.8406507, -1.2183039 ], [ 36.8405649, -1.2183039 ], [ 36.8404962, -1.2182524 ], [ 36.8404104, -1.2182353 ], [ 36.8402044, -1.2182524 ], [ 36.8401615, -1.2181409 ], [ 36.8402301, -1.2180808 ], [ 36.8401529, -1.2179864 ], [ 36.8400671, -1.2179692 ], [ 36.8399383, -1.2179006 ], [ 36.8398439, -1.217892 ], [ 36.8397151, -1.2178577 ] ] ] } },
{ "type": "Feature", "properties": { "element": "way", "id": 25704646, "natural": "water", "water": null, "name": null, "notes": null, "name:ko": null, "species": null, "height": null, "source": null, "type": null, "name:botanical": null, "landuse:urban_green": null, "operator:description": null, "urban_green:cultivation": null, "urban_green:cultivation_consumer": null, "urban_green:cultivation_sale": null, "urban_green:cultivation_type": null, "urban_green:dimension_sqm": null, "urban_green:fence": null, "urban_green:number_of_caretakers": null, "urban_green:owner_hours_week": null, "watsan:other": null, "watsan:other_description": null, "watsan:water_availability": null, "urban_green:owner_distance": null, "watsan:urban_agriculture": null, "urban_green:cultivation_consumer_description": null, "urban_green:cultivation_supplies_purchase": null, "amenity": null, "denotation": null, "leaf_cycle": null, "leaf_type": null, "ele": null, "wood": null, "description": null, "trees": null, "circumference": null, "fixme": null, "genus": null, "short_name": null, "species:wikidata": null, "species:wikipedia": null, "golf": null, "created_by": null, "security": null, "security:black_spot": null, "security:description": null, "sercurity": null, "basin": null, "intermittent": null, "landuse": null, "reservoir_type": null, "man_made": null, "note": null, "salt": null, "tidal": null, "wetland": null, "leisure": null, "colour": null, "addr:city": null, "addr:housenumber": null, "addr:street": null }, "geometry": { "type": "Polygon", "coordinates": [ [ [ 36.8377268, -1.2260635 ], [ 36.8376906, -1.2259925 ], [ 36.8376759, -1.2259361 ], [ 36.8376705, -1.2258114 ], [ 36.8376672, -1.2257592 ], [ 36.8376625, -1.2256894 ], [ 36.8376638, -1.2256506 ], [ 36.8376678, -1.225605 ], [ 36.8376839, -1.2255621 ], [ 36.8377081, -1.2255272 ], [ 36.8377322, -1.2255057 ], [ 36.8377751, -1.2254883 ], [ 36.8377996, -1.2254816 ], [ 36.8378247, -1.2254716 ], [ 36.8378445, -1.2254635 ], [ 36.837873, -1.2254494 ], [ 36.8379119, -1.2254327 ], [ 36.837932, -1.225431 ], [ 36.8379495, -1.22544 ], [ 36.8379639, -1.2254531 ], [ 36.837979, -1.2254736 ], [ 36.8379897, -1.2255486 ], [ 36.8380018, -1.2256224 ], [ 36.8380239, -1.2257236 ], [ 36.8380628, -1.2258959 ], [ 36.8380601, -1.2259482 ], [ 36.838042, -1.2259817 ], [ 36.8380157, -1.2260012 ], [ 36.8379556, -1.2260098 ], [ 36.8379106, -1.2260327 ], [ 36.8378757, -1.2260622 ], [ 36.8378381, -1.2260769 ], [ 36.8377939, -1.2260903 ], [ 36.837763, -1.2260924 ], [ 36.8377389, -1.226083 ], [ 36.8377268, -1.2260635 ] ] ] } },
{ "type": "Feature", "properties": { "element": "way", "id": 25704715, "natural": "water", "water": null, "name": null, "notes": null, "name:ko": null, "species": null, "height": null, "source": null, "type": null, "name:botanical": null, "landuse:urban_green": null, "operator:description": null, "urban_green:cultivation": null, "urban_green:cultivation_consumer": null, "urban_green:cultivation_sale": null, "urban_green:cultivation_type": null, "urban_green:dimension_sqm": null, "urban_green:fence": null, "urban_green:number_of_caretakers": null, "urban_green:owner_hours_week": null, "watsan:other": null, "watsan:other_description": null, "watsan:water_availability": null, "urban_green:owner_distance": null, "watsan:urban_agriculture": null, "urban_green:cultivation_consumer_description": null, "urban_green:cultivation_supplies_purchase": null, "amenity": null, "denotation": null, "leaf_cycle": null, "leaf_type": null, "ele": null, "wood": null, "description": null, "trees": null, "circumference": null, "fixme": null, "genus": null, "short_name": null, "species:wikidata": null, "species:wikipedia": null, "golf": null, "created_by": "Potlatch 0.10", "security": null, "security:black_spot": null, "security:description": null, "sercurity": null, "basin": null, "intermittent": null, "landuse": null, "reservoir_type": null, "man_made": null, "note": null, "salt": null, "tidal": null, "wetland": null, "leisure": null, "colour": null, "addr:city": null, "addr:housenumber": null, "addr:street": null }, "geometry": { "type": "Polygon", "coordinates": [ [ [ 36.8333208, -1.2167336 ], [ 36.8332521, -1.2167336 ], [ 36.8331663, -1.2167164 ], [ 36.8331148, -1.2166392 ], [ 36.8331491, -1.2165019 ], [ 36.8331663, -1.2164075 ], [ 36.8331959, -1.2165304 ], [ 36.8333391, -1.2165438 ], [ 36.8334676, -1.2165563 ], [ 36.833501, -1.2165619 ], [ 36.8335611, -1.2165877 ], [ 36.8335611, -1.2167164 ], [ 36.833501, -1.2167679 ], [ 36.8334323, -1.2168108 ], [ 36.8333808, -1.2168022 ], [ 36.8333208, -1.2167336 ] ] ] } },
{ "type": "Feature", "properties": { "element": "way", "id": 25739092, "natural": "water", "water": null, "name": "Nairobi Dam", "notes": null, "name:ko": null, "species": null, "height": null, "source": null, "type": null, "name:botanical": null, "landuse:urban_green": null, "operator:description": null, "urban_green:cultivation": null, "urban_green:cultivation_consumer": null, "urban_green:cultivation_sale": null, "urban_green:cultivation_type": null, "urban_green:dimension_sqm": null, "urban_green:fence": null, "urban_green:number_of_caretakers": null, "urban_green:owner_hours_week": null, "watsan:other": null, "watsan:other_description": null, "watsan:water_availability": null, "urban_green:owner_distance": null, "watsan:urban_agriculture": null, "urban_green:cultivation_consumer_description": null, "urban_green:cultivation_supplies_purchase": null, "amenity": null, "denotation": null, "leaf_cycle": null, "leaf_type": null, "ele": null, "wood": null, "description": null, "trees": null, "circumference": null, "fixme": null, "genus": null, "short_name": null, "species:wikidata": null, "species:wikipedia": null, "golf": null, "created_by": null, "security": "Black spot", "security:black_spot": "yes", "security:description": "The entire Nairobi Dam strip is extremely dangerous.", "sercurity": null, "basin": null, "intermittent": null, "landuse": null, "reservoir_type": null, "man_made": null, "note": null, "salt": null, "tidal": null, "wetland": null, "leisure": null, "colour": null, "addr:city": null, "addr:housenumber": null, "addr:street": null }, "geometry": { "type": "Polygon", "coordinates": [ [ [ 36.7995731, -1.3186649 ], [ 36.7998674, -1.3185769 ], [ 36.8000809, -1.3184627 ], [ 36.8003369, -1.3182712 ], [ 36.8004709, -1.3180768 ], [ 36.8006294, -1.3178943 ], [ 36.800715, -1.3178435 ], [ 36.8008491, -1.3177027 ], [ 36.8009652, -1.3174588 ], [ 36.8010634, -1.3170822 ], [ 36.8012358, -1.3168144 ], [ 36.803586, -1.3171613 ], [ 36.8044506, -1.317094 ], [ 36.8049875, -1.3171294 ], [ 36.8053666, -1.3173688 ], [ 36.8066904, -1.3181895 ], [ 36.8065194, -1.3187582 ], [ 36.8062624, -1.3191322 ], [ 36.8057878, -1.3194726 ], [ 36.8045604, -1.3196184 ], [ 36.8037794, -1.3196957 ], [ 36.8030241, -1.3200389 ], [ 36.8022945, -1.3201247 ], [ 36.8015993, -1.3199788 ], [ 36.8006637, -1.3198759 ], [ 36.800226, -1.3201075 ], [ 36.7995307, -1.3201333 ], [ 36.7988613, -1.3204079 ], [ 36.7983205, -1.3206739 ], [ 36.7975652, -1.3206739 ], [ 36.797179, -1.3203907 ], [ 36.7967241, -1.3198587 ], [ 36.7963808, -1.3198158 ], [ 36.7959259, -1.3199359 ], [ 36.7955825, -1.3201247 ], [ 36.7955108, -1.3199677 ], [ 36.7951454, -1.319532 ], [ 36.7951807, -1.3194712 ], [ 36.7953359, -1.3194618 ], [ 36.7953975, -1.3194444 ], [ 36.7954552, -1.3193304 ], [ 36.7955143, -1.3192701 ], [ 36.7955455, -1.3192355 ], [ 36.7955874, -1.3191945 ], [ 36.7957013, -1.3191623 ], [ 36.7958196, -1.3191098 ], [ 36.7959181, -1.3190742 ], [ 36.7959769, -1.3190247 ], [ 36.7960297, -1.3190032 ], [ 36.7961567, -1.3190164 ], [ 36.7961971, -1.319043 ], [ 36.7962798, -1.3190491 ], [ 36.7963148, -1.3190878 ], [ 36.7964503, -1.3190757 ], [ 36.7966527, -1.3190814 ], [ 36.7969358, -1.3189764 ], [ 36.7971115, -1.3188893 ], [ 36.7975212, -1.3189288 ], [ 36.7977083, -1.3190301 ], [ 36.797958, -1.3190312 ], [ 36.7980047, -1.3190314 ], [ 36.7982937, -1.3189608 ], [ 36.7986229, -1.3189523 ], [ 36.7990541, -1.3188135 ], [ 36.799166, -1.3187928 ], [ 36.7995731, -1.3186649 ] ] ] } },
{ "type": "Feature", "properties": { "element": "way", "id": 25760725, "natural": "water", "water": "river", "name": null, "notes": null, "name:ko": null, "species": null, "height": null, "source": null, "type": null, "name:botanical": null, "landuse:urban_green": null, "operator:description": null, "urban_green:cultivation": null, "urban_green:cultivation_consumer": null, "urban_green:cultivation_sale": null, "urban_green:cultivation_type": null, "urban_green:dimension_sqm": null, "urban_green:fence": null, "urban_green:number_of_caretakers": null, "urban_green:owner_hours_week": null, "watsan:other": null, "watsan:other_description": null, "watsan:water_availability": null, "urban_green:owner_distance": null, "watsan:urban_agriculture": null, "urban_green:cultivation_consumer_description": null, "urban_green:cultivation_supplies_purchase": null, "amenity": null, "denotation": null, "leaf_cycle": null, "leaf_type": null, "ele": null, "wood": null, "description": null, "trees": null, "circumference": null, "fixme": null, "genus": null, "short_name": null, "species:wikidata": null, "species:wikipedia": null, "golf": null, "created_by": null, "security": null, "security:black_spot": null, "security:description": null, "sercurity": null, "basin": null, "intermittent": null, "landuse": null, "reservoir_type": null, "man_made": null, "note": null, "salt": null, "tidal": null, "wetland": null, "leisure": null, "colour": null, "addr:city": null, "addr:housenumber": null, "addr:street": null }, "geometry": { "type": "Polygon", "coordinates": [ [ [ 36.9656628, -1.2475886 ], [ 36.9655234, -1.2475698 ], [ 36.9653396, -1.2475242 ], [ 36.9651546, -1.247425 ], [ 36.9650151, -1.2473285 ], [ 36.9649011, -1.2472628 ], [ 36.9647777, -1.2471837 ], [ 36.9646583, -1.2470496 ], [ 36.9645417, -1.2469464 ], [ 36.9644089, -1.2469061 ], [ 36.9643405, -1.2469343 ], [ 36.9642466, -1.2469504 ], [ 36.9641232, -1.246878 ], [ 36.9639516, -1.2469088 ], [ 36.9638161, -1.2469236 ], [ 36.9636284, -1.246941 ], [ 36.9634232, -1.2468659 ], [ 36.9632824, -1.2467493 ], [ 36.9631737, -1.2466715 ], [ 36.963045, -1.2465401 ], [ 36.9629176, -1.2464074 ], [ 36.9627875, -1.2462693 ], [ 36.9626657, -1.2461721 ], [ 36.9625541, -1.2460778 ], [ 36.9624522, -1.245981 ], [ 36.9624187, -1.245977 ], [ 36.9623061, -1.2458523 ], [ 36.9622014, -1.2457477 ], [ 36.9620579, -1.2456981 ], [ 36.9618932, -1.2456487 ], [ 36.9617216, -1.2456573 ], [ 36.9615328, -1.2457088 ], [ 36.9613783, -1.2457774 ], [ 36.9612152, -1.2458032 ], [ 36.9610349, -1.2458117 ], [ 36.9608118, -1.2457946 ], [ 36.9606573, -1.2457431 ], [ 36.9604942, -1.2457088 ], [ 36.9603311, -1.2455886 ], [ 36.9601938, -1.2455543 ], [ 36.9600135, -1.24552 ], [ 36.9598161, -1.24552 ], [ 36.9595758, -1.2455028 ], [ 36.959387, -1.2454771 ], [ 36.959387, -1.2453398 ], [ 36.9595243, -1.2453312 ], [ 36.9596273, -1.2453398 ], [ 36.9597303, -1.2453913 ], [ 36.9598676, -1.2453913 ], [ 36.9600135, -1.245417 ], [ 36.9601509, -1.2453913 ], [ 36.9602968, -1.2453999 ], [ 36.9604427, -1.2455028 ], [ 36.9605629, -1.245623 ], [ 36.9607603, -1.2456744 ], [ 36.9609577, -1.2456744 ], [ 36.9611036, -1.2456058 ], [ 36.9613268, -1.2455715 ], [ 36.961507, -1.2455715 ], [ 36.9617302, -1.24552 ], [ 36.9619018, -1.2454857 ], [ 36.9620968, -1.2454688 ], [ 36.9622417, -1.2455318 ], [ 36.9623932, -1.245615 ], [ 36.9625193, -1.2457423 ], [ 36.962648, -1.2459434 ], [ 36.9628202, -1.2461121 ], [ 36.9630262, -1.2462923 ], [ 36.9632236, -1.2464811 ], [ 36.9633953, -1.2465926 ], [ 36.9635326, -1.2466784 ], [ 36.9636614, -1.2467128 ], [ 36.9639368, -1.2467439 ], [ 36.9640669, -1.2467023 ], [ 36.9641983, -1.2467251 ], [ 36.9643499, -1.2466996 ], [ 36.9645014, -1.2467037 ], [ 36.9646744, -1.2467814 ], [ 36.9648115, -1.2468844 ], [ 36.9649145, -1.2470474 ], [ 36.9650346, -1.2471504 ], [ 36.9651977, -1.247219 ], [ 36.9653048, -1.2472574 ], [ 36.9654992, -1.2473312 ], [ 36.9656749, -1.2473835 ], [ 36.9656709, -1.247476 ], [ 36.9656628, -1.2475886 ] ] ] } },
{ "type": "Feature", "properties": { "element": "way", "id": 25761155, "natural": "water", "water": "river", "name": null, "notes": null, "name:ko": null, "species": null, "height": null, "source": null, "type": null, "name:botanical": null, "landuse:urban_green": null, "operator:description": null, "urban_green:cultivation": null, "urban_green:cultivation_consumer": null, "urban_green:cultivation_sale": null, "urban_green:cultivation_type": null, "urban_green:dimension_sqm": null, "urban_green:fence": null, "urban_green:number_of_caretakers": null, "urban_green:owner_hours_week": null, "watsan:other": null, "watsan:other_description": null, "watsan:water_availability": null, "urban_green:owner_distance": null, "watsan:urban_agriculture": null, "urban_green:cultivation_consumer_description": null, "urban_green:cultivation_supplies_purchase": null, "amenity": null, "denotation": null, "leaf_cycle": null, "leaf_type": null, "ele": null, "wood": null, "description": null, "trees": null, "circumference": null, "fixme": null, "genus": null, "short_name": null, "species:wikidata": null, "species:wikipedia": null, "golf": null, "created_by": null, "security": null, "security:black_spot": null, "security:description": null, "sercurity": null, "basin": null, "intermittent": null, "landuse": null, "reservoir_type": null, "man_made": null, "note": null, "salt": null, "tidal": null, "wetland": null, "leisure": null, "colour": null, "addr:city": null, "addr:housenumber": null, "addr:street": null }, "geometry": { "type": "Polygon", "coordinates": [ [ [ 36.9528381, -1.2436665 ], [ 36.9529926, -1.2436751 ], [ 36.9531643, -1.2437265 ], [ 36.9534046, -1.2438381 ], [ 36.9536277, -1.2438982 ], [ 36.9537651, -1.2439325 ], [ 36.9538852, -1.2440269 ], [ 36.9539882, -1.2440698 ], [ 36.954014, -1.2441985 ], [ 36.9540054, -1.2443701 ], [ 36.9540569, -1.2446533 ], [ 36.9541427, -1.2447563 ], [ 36.9542649, -1.2448168 ], [ 36.9543831, -1.2448764 ], [ 36.9545533, -1.2449173 ], [ 36.9547435, -1.2449107 ], [ 36.954918, -1.2448576 ], [ 36.9549601, -1.2448161 ], [ 36.9550131, -1.2447728 ], [ 36.9550369, -1.2447337 ], [ 36.9550799, -1.2447257 ], [ 36.9552314, -1.244631 ], [ 36.9553454, -1.24461 ], [ 36.955478, -1.2446119 ], [ 36.9556802, -1.2446333 ], [ 36.9558357, -1.2447226 ], [ 36.9559979, -1.2448658 ], [ 36.9561281, -1.2449758 ], [ 36.9562549, -1.2450284 ], [ 36.9563358, -1.2450522 ], [ 36.9563459, -1.2450801 ], [ 36.9563794, -1.2450902 ], [ 36.9564162, -1.2450891 ], [ 36.9564367, -1.2450914 ], [ 36.9564629, -1.2451094 ], [ 36.9564464, -1.2451256 ], [ 36.9564741, -1.2451283 ], [ 36.9564947, -1.2451328 ], [ 36.9565053, -1.2451504 ], [ 36.9566597, -1.2452099 ], [ 36.9567729, -1.2452149 ], [ 36.9569587, -1.2453532 ], [ 36.9570767, -1.2454093 ], [ 36.9571703, -1.2454758 ], [ 36.9573038, -1.2454955 ], [ 36.9574029, -1.2454993 ], [ 36.957462, -1.2455135 ], [ 36.9574997, -1.2454967 ], [ 36.9575706, -1.2455105 ], [ 36.9576446, -1.2454685 ], [ 36.9577674, -1.2454306 ], [ 36.9578388, -1.2453962 ], [ 36.957849, -1.2453693 ], [ 36.957917, -1.2453095 ], [ 36.9579337, -1.2453181 ], [ 36.9579839, -1.2452776 ], [ 36.9580328, -1.245226 ], [ 36.9580512, -1.2452142 ], [ 36.9581311, -1.2451426 ], [ 36.9582283, -1.2450309 ], [ 36.9582854, -1.2449776 ], [ 36.958357, -1.2449451 ], [ 36.9584166, -1.2449245 ], [ 36.9584515, -1.2449413 ], [ 36.9585009, -1.2449429 ], [ 36.9585997, -1.245054 ], [ 36.9587188, -1.245182 ], [ 36.9587853, -1.2452688 ], [ 36.9588978, -1.2453741 ], [ 36.9590351, -1.2454256 ], [ 36.9591724, -1.2454342 ], [ 36.959387, -1.2454771 ], [ 36.959387, -1.2453398 ], [ 36.9591037, -1.245314 ], [ 36.9589321, -1.245254 ], [ 36.9587948, -1.2451338 ], [ 36.9587101, -1.2449774 ], [ 36.9587124, -1.2449594 ], [ 36.9586059, -1.2449107 ], [ 36.9585422, -1.2448436 ], [ 36.9585198, -1.2448031 ], [ 36.9584658, -1.2447827 ], [ 36.958348, -1.2447962 ], [ 36.9583077, -1.2448408 ], [ 36.9582644, -1.2448324 ], [ 36.9581896, -1.2449157 ], [ 36.958149, -1.2449778 ], [ 36.9580802, -1.245025 ], [ 36.9579993, -1.2451269 ], [ 36.9579559, -1.2451561 ], [ 36.9579365, -1.2451827 ], [ 36.957835, -1.2452508 ], [ 36.9577453, -1.2453139 ], [ 36.957636, -1.2453741 ], [ 36.957596, -1.2454018 ], [ 36.9574925, -1.2454147 ], [ 36.9574118, -1.2454102 ], [ 36.9574123, -1.245382 ], [ 36.9573534, -1.2454091 ], [ 36.957224, -1.2453943 ], [ 36.9570899, -1.245325 ], [ 36.9570563, -1.2452825 ], [ 36.9569587, -1.2452085 ], [ 36.9568035, -1.2451767 ], [ 36.9566404, -1.2450824 ], [ 36.9564773, -1.245048 ], [ 36.9563228, -1.2449794 ], [ 36.9562194, -1.2449351 ], [ 36.9561107, -1.2448276 ], [ 36.9559766, -1.2446801 ], [ 36.9557961, -1.2445538 ], [ 36.9556115, -1.244487 ], [ 36.9554608, -1.2444775 ], [ 36.9553552, -1.244473 ], [ 36.9553355, -1.2445174 ], [ 36.9553013, -1.2445272 ], [ 36.9552448, -1.2445481 ], [ 36.9552267, -1.244523 ], [ 36.9551541, -1.2445621 ], [ 36.9550208, -1.2446389 ], [ 36.954913, -1.2447315 ], [ 36.9548158, -1.2448027 ], [ 36.9547178, -1.2448249 ], [ 36.9546148, -1.2448078 ], [ 36.9544946, -1.244782 ], [ 36.9543187, -1.2446619 ], [ 36.9542759, -1.2445835 ], [ 36.9541768, -1.2445184 ], [ 36.9541848, -1.2444026 ], [ 36.9541693, -1.244349 ], [ 36.9541237, -1.2442682 ], [ 36.9541285, -1.244124 ], [ 36.9541159, -1.2440151 ], [ 36.9540284, -1.2439729 ], [ 36.9539598, -1.2438729 ], [ 36.9538249, -1.2437957 ], [ 36.9536234, -1.2437159 ], [ 36.9535122, -1.2436581 ], [ 36.9533512, -1.2436386 ], [ 36.9532541, -1.2435727 ], [ 36.9531286, -1.2435571 ], [ 36.9530578, -1.2435321 ], [ 36.9527351, -1.2435206 ], [ 36.9526064, -1.243512 ], [ 36.9524604, -1.2435206 ], [ 36.9523231, -1.2435034 ], [ 36.9522115, -1.2434691 ], [ 36.9520914, -1.2434262 ], [ 36.9519712, -1.243349 ], [ 36.9518425, -1.2432546 ], [ 36.9516966, -1.2431945 ], [ 36.951585, -1.2431516 ], [ 36.9514476, -1.2431173 ], [ 36.951276, -1.2430401 ], [ 36.9511472, -1.2430229 ], [ 36.9510614, -1.2429972 ], [ 36.9509155, -1.2430229 ], [ 36.9507782, -1.2429886 ], [ 36.9506666, -1.2429972 ], [ 36.9505464, -1.2429886 ], [ 36.9504177, -1.2429714 ], [ 36.9502546, -1.2430229 ], [ 36.9500829, -1.2430744 ], [ 36.9499113, -1.2431259 ], [ 36.9497739, -1.2431087 ], [ 36.9496538, -1.2430744 ], [ 36.9495508, -1.243083 ], [ 36.9493791, -1.2431173 ], [ 36.949216, -1.2431516 ], [ 36.9490959, -1.2431516 ], [ 36.9489929, -1.2431602 ], [ 36.9490015, -1.2432632 ], [ 36.9491131, -1.2432546 ], [ 36.9492332, -1.2432288 ], [ 36.9493534, -1.2432031 ], [ 36.9494735, -1.2431945 ], [ 36.9495765, -1.2431688 ], [ 36.9497225, -1.2431688 ], [ 36.9498512, -1.2431945 ], [ 36.9499971, -1.2431774 ], [ 36.950143, -1.2431259 ], [ 36.9502889, -1.243083 ], [ 36.9504263, -1.2430658 ], [ 36.9506065, -1.2430744 ], [ 36.9508039, -1.2430916 ], [ 36.950967, -1.2430916 ], [ 36.9511215, -1.2431087 ], [ 36.9513103, -1.2431688 ], [ 36.9514991, -1.2431945 ], [ 36.9517223, -1.2432889 ], [ 36.951894, -1.2433833 ], [ 36.9520141, -1.2434777 ], [ 36.9521686, -1.2435549 ], [ 36.9523145, -1.2435978 ], [ 36.952469, -1.2436236 ], [ 36.9526493, -1.2436236 ], [ 36.9527694, -1.2436236 ], [ 36.9528381, -1.2436665 ] ] ] } },
{ "type": "Feature", "properties": { "element": "way", "id": 25785206, "natural": "water", "water": "river", "name": null, "notes": null, "name:ko": null, "species": null, "height": null, "source": null, "type": null, "name:botanical": null, "landuse:urban_green": null, "operator:description": null, "urban_green:cultivation": null, "urban_green:cultivation_consumer": null, "urban_green:cultivation_sale": null, "urban_green:cultivation_type": null, "urban_green:dimension_sqm": null, "urban_green:fence": null, "urban_green:number_of_caretakers": null, "urban_green:owner_hours_week": null, "watsan:other": null, "watsan:other_description": null, "watsan:water_availability": null, "urban_green:owner_distance": null, "watsan:urban_agriculture": null, "urban_green:cultivation_consumer_description": null, "urban_green:cultivation_supplies_purchase": null, "amenity": null, "denotation": null, "leaf_cycle": null, "leaf_type": null, "ele": null, "wood": null, "description": null, "trees": null, "circumference": null, "fixme": null, "genus": null, "short_name": null, "species:wikidata": null, "species:wikipedia": null, "golf": null, "created_by": null, "security": null, "security:black_spot": null, "security:description": null, "sercurity": null, "basin": null, "intermittent": null, "landuse": null, "reservoir_type": null, "man_made": null, "note": null, "salt": null, "tidal": null, "wetland": null, "leisure": null, "colour": null, "addr:city": null, "addr:housenumber": null, "addr:street": null }, "geometry": { "type": "Polygon", "coordinates": [ [ [ 36.9354765, -1.2422998 ], [ 36.9353753, -1.2424283 ], [ 36.9353246, -1.2424696 ], [ 36.9352268, -1.2424624 ], [ 36.935119, -1.2424045 ], [ 36.9349661, -1.2422935 ], [ 36.9347859, -1.242125 ], [ 36.9346936, -1.2420476 ], [ 36.9346123, -1.2419419 ], [ 36.9345187, -1.2418464 ], [ 36.9343907, -1.2417245 ], [ 36.9342748, -1.2416412 ], [ 36.9341346, -1.2415396 ], [ 36.9340309, -1.241444 ], [ 36.933911, -1.2413282 ], [ 36.9338012, -1.2412693 ], [ 36.9337178, -1.2412042 ], [ 36.9336, -1.2411433 ], [ 36.9334678, -1.241066 ], [ 36.9333554, -1.2409927 ], [ 36.933255, -1.2409361 ], [ 36.933135, -1.2409023 ], [ 36.9329897, -1.2409036 ], [ 36.9328791, -1.2409429 ], [ 36.9327765, -1.2410113 ], [ 36.9326611, -1.241073 ], [ 36.9325406, -1.2411198 ], [ 36.9324438, -1.2411622 ], [ 36.9323848, -1.2411725 ], [ 36.9323272, -1.2411838 ], [ 36.932173, -1.2412253 ], [ 36.932028, -1.2412417 ], [ 36.931921, -1.2412423 ], [ 36.9318084, -1.2412471 ], [ 36.931679, -1.2412795 ], [ 36.9316006, -1.2413168 ], [ 36.931522, -1.2413149 ], [ 36.9314905, -1.2413067 ], [ 36.9314616, -1.2412816 ], [ 36.9313134, -1.2414962 ], [ 36.9314267, -1.2415346 ], [ 36.931548, -1.2415517 ], [ 36.9316218, -1.2415055 ], [ 36.9317037, -1.2414383 ], [ 36.9318073, -1.2414018 ], [ 36.9319411, -1.2414153 ], [ 36.9320556, -1.2414042 ], [ 36.9322627, -1.2413798 ], [ 36.9324255, -1.2413356 ], [ 36.9325457, -1.2412841 ], [ 36.932683, -1.2412069 ], [ 36.9328461, -1.2411296 ], [ 36.9330006, -1.2410782 ], [ 36.9331568, -1.2410416 ], [ 36.9332578, -1.2410789 ], [ 36.9335016, -1.2412215 ], [ 36.9337131, -1.2413846 ], [ 36.9338843, -1.2415538 ], [ 36.9339712, -1.2416357 ], [ 36.9341, -1.2417546 ], [ 36.9342457, -1.2418634 ], [ 36.9344098, -1.241984 ], [ 36.9345061, -1.2420864 ], [ 36.9346662, -1.242257 ], [ 36.9348207, -1.2424044 ], [ 36.9350009, -1.2425672 ], [ 36.9351405, -1.2426294 ], [ 36.9352972, -1.24265 ], [ 36.9354637, -1.2426131 ], [ 36.9355906, -1.242432 ], [ 36.9357825, -1.2420453 ], [ 36.9359008, -1.2418716 ], [ 36.9360028, -1.2416934 ], [ 36.9361159, -1.2415766 ], [ 36.9362186, -1.2414688 ], [ 36.9363544, -1.2413061 ], [ 36.9365352, -1.2411356 ], [ 36.9367438, -1.241032 ], [ 36.9369472, -1.240951 ], [ 36.9371038, -1.2409167 ], [ 36.9372948, -1.2409629 ], [ 36.9374514, -1.2410347 ], [ 36.9376427, -1.2411318 ], [ 36.9379243, -1.2413176 ], [ 36.9381161, -1.2414729 ], [ 36.938309, -1.241372 ], [ 36.9382521, -1.2413272 ], [ 36.9381474, -1.2412508 ], [ 36.9379565, -1.2411677 ], [ 36.9378604, -1.2410913 ], [ 36.9378055, -1.2410071 ], [ 36.9377249, -1.2409276 ], [ 36.9376659, -1.2409289 ], [ 36.9376215, -1.2409873 ], [ 36.9375255, -1.2409248 ], [ 36.9374938, -1.240862 ], [ 36.9374509, -1.240825 ], [ 36.937386, -1.2408234 ], [ 36.9373071, -1.2408267 ], [ 36.9371972, -1.2407564 ], [ 36.9370475, -1.2407156 ], [ 36.9368844, -1.2407435 ], [ 36.9367712, -1.2408384 ], [ 36.9365877, -1.2408941 ], [ 36.9364542, -1.2410063 ], [ 36.9362953, -1.2410614 ], [ 36.9361188, -1.2412148 ], [ 36.9360471, -1.2412743 ], [ 36.9360056, -1.2413485 ], [ 36.9359282, -1.2414846 ], [ 36.9358076, -1.2416799 ], [ 36.9356988, -1.2418307 ], [ 36.9356095, -1.2420353 ], [ 36.935538, -1.2421955 ], [ 36.9354765, -1.2422998 ] ] ] } },
{ "type": "Feature", "properties": { "element": "way", "id": 25785445, "natural": "water", "water": "river", "name": null, "notes": null, "name:ko": null, "species": null, "height": null, "source": null, "type": null, "name:botanical": null, "landuse:urban_green": null, "operator:description": null, "urban_green:cultivation": null, "urban_green:cultivation_consumer": null, "urban_green:cultivation_sale": null, "urban_green:cultivation_type": null, "urban_green:dimension_sqm": null, "urban_green:fence": null, "urban_green:number_of_caretakers": null, "urban_green:owner_hours_week": null, "watsan:other": null, "watsan:other_description": null, "watsan:water_availability": null, "urban_green:owner_distance": null, "watsan:urban_agriculture": null, "urban_green:cultivation_consumer_description": null, "urban_green:cultivation_supplies_purchase": null, "amenity": null, "denotation": null, "leaf_cycle": null, "leaf_type": null, "ele": null, "wood": null, "description": null, "trees": null, "circumference": null, "fixme": null, "genus": null, "short_name": null, "species:wikidata": null, "species:wikipedia": null, "golf": null, "created_by": null, "security": null, "security:black_spot": null, "security:description": null, "sercurity": null, "basin": null, "intermittent": null, "landuse": null, "reservoir_type": null, "man_made": null, "note": null, "salt": null, "tidal": null, "wetland": null, "leisure": null, "colour": null, "addr:city": null, "addr:housenumber": null, "addr:street": null }, "geometry": { "type": "Polygon", "coordinates": [ [ [ 36.9313134, -1.2414962 ], [ 36.9311437, -1.2413609 ], [ 36.9310257, -1.2413145 ], [ 36.9308995, -1.2412791 ], [ 36.9308317, -1.2411877 ], [ 36.9308478, -1.241122 ], [ 36.9309581, -1.241006 ], [ 36.9310057, -1.2410121 ], [ 36.9310355, -1.2409832 ], [ 36.9310597, -1.2409068 ], [ 36.931036, -1.2408339 ], [ 36.9309488, -1.2407743 ], [ 36.9308596, -1.2407658 ], [ 36.9308353, -1.2406944 ], [ 36.9307394, -1.2406073 ], [ 36.9305342, -1.2405925 ], [ 36.9303639, -1.2406167 ], [ 36.9302956, -1.2406261 ], [ 36.9302044, -1.2406422 ], [ 36.9300112, -1.2406381 ], [ 36.9298433, -1.2406245 ], [ 36.9296706, -1.2406449 ], [ 36.9295109, -1.2406729 ], [ 36.9293286, -1.2406515 ], [ 36.9292438, -1.2406071 ], [ 36.9291851, -1.2405658 ], [ 36.929059, -1.2405979 ], [ 36.9289142, -1.2407079 ], [ 36.9287761, -1.240842 ], [ 36.9286178, -1.2409519 ], [ 36.9284565, -1.2410348 ], [ 36.9284372, -1.2411525 ], [ 36.9284084, -1.2411815 ], [ 36.9282577, -1.2412608 ], [ 36.9279849, -1.2414368 ], [ 36.9278321, -1.2415084 ], [ 36.9277119, -1.2416113 ], [ 36.9275838, -1.2416638 ], [ 36.9273759, -1.2416987 ], [ 36.9271949, -1.2417737 ], [ 36.9270252, -1.2418429 ], [ 36.9268965, -1.2419374 ], [ 36.9267592, -1.2419889 ], [ 36.926639, -1.2420318 ], [ 36.9265017, -1.2420747 ], [ 36.9263472, -1.2421262 ], [ 36.9262132, -1.2421291 ], [ 36.9260013, -1.2421707 ], [ 36.925831, -1.2422028 ], [ 36.9257183, -1.2421947 ], [ 36.9255775, -1.2422202 ], [ 36.9253945, -1.2422205 ], [ 36.9252657, -1.2421863 ], [ 36.9251541, -1.2421605 ], [ 36.9250683, -1.2421175 ], [ 36.924931, -1.241946 ], [ 36.9248966, -1.2418258 ], [ 36.9248451, -1.2417229 ], [ 36.9247765, -1.2416199 ], [ 36.9246735, -1.2415255 ], [ 36.9245447, -1.2414311 ], [ 36.924416, -1.2413539 ], [ 36.9243216, -1.2412938 ], [ 36.9242443, -1.2412252 ], [ 36.9241585, -1.2411222 ], [ 36.9240984, -1.2410021 ], [ 36.9240212, -1.2408991 ], [ 36.9239439, -1.2407876 ], [ 36.9238667, -1.2407275 ], [ 36.9237637, -1.2406932 ], [ 36.923599, -1.2406983 ], [ 36.923362, -1.2405872 ], [ 36.923147, -1.2405493 ], [ 36.9229225, -1.240573 ], [ 36.9228024, -1.2406503 ], [ 36.9226822, -1.2407447 ], [ 36.922562, -1.2408219 ], [ 36.9224247, -1.240882 ], [ 36.9222702, -1.2409163 ], [ 36.9221672, -1.2409592 ], [ 36.9220642, -1.2410707 ], [ 36.9219097, -1.2411308 ], [ 36.9218067, -1.2411909 ], [ 36.9216816, -1.2412241 ], [ 36.9215664, -1.2413024 ], [ 36.9214228, -1.2413219 ], [ 36.92129, -1.2413742 ], [ 36.9212323, -1.2414017 ], [ 36.9211009, -1.2414051 ], [ 36.92094, -1.2414198 ], [ 36.9208179, -1.2414158 ], [ 36.9206652, -1.2414483 ], [ 36.9205193, -1.2414311 ], [ 36.9204163, -1.2414483 ], [ 36.9202875, -1.2414998 ], [ 36.9201416, -1.2415255 ], [ 36.9200386, -1.2414826 ], [ 36.9199185, -1.2415084 ], [ 36.9199319, -1.2413457 ], [ 36.9200212, -1.2413827 ], [ 36.9201352, -1.2414104 ], [ 36.9202462, -1.241358 ], [ 36.9204834, -1.241318 ], [ 36.9206498, -1.2413118 ], [ 36.9209494, -1.2413286 ], [ 36.9211063, -1.2412938 ], [ 36.9214094, -1.2411972 ], [ 36.9216079, -1.2411141 ], [ 36.9217071, -1.2410846 ], [ 36.9218077, -1.2410122 ], [ 36.921919, -1.2409546 ], [ 36.9220642, -1.2409077 ], [ 36.9221844, -1.2408476 ], [ 36.9223374, -1.2407628 ], [ 36.9226325, -1.2405872 ], [ 36.9227451, -1.2405309 ], [ 36.9228195, -1.2405216 ], [ 36.9229007, -1.2404424 ], [ 36.9230267, -1.240382 ], [ 36.9231984, -1.2404142 ], [ 36.9235565, -1.2405014 ], [ 36.9237402, -1.2405765 ], [ 36.9239186, -1.2406341 ], [ 36.9239783, -1.2407103 ], [ 36.9241104, -1.2408527 ], [ 36.9242243, -1.2410229 ], [ 36.9242872, -1.2411308 ], [ 36.9243464, -1.2411677 ], [ 36.9244148, -1.2412106 ], [ 36.9245824, -1.24133 ], [ 36.924789, -1.2414734 ], [ 36.9249481, -1.2416543 ], [ 36.9249739, -1.2417744 ], [ 36.9249825, -1.2418774 ], [ 36.9250597, -1.2419631 ], [ 36.9253147, -1.2420593 ], [ 36.9254273, -1.2420929 ], [ 36.9257022, -1.2421076 ], [ 36.9260295, -1.2420567 ], [ 36.926173, -1.2420299 ], [ 36.926574, -1.2419079 ], [ 36.9266906, -1.241869 ], [ 36.9267778, -1.2418127 ], [ 36.9269052, -1.2417483 ], [ 36.9269997, -1.2416806 ], [ 36.9271513, -1.2416169 ], [ 36.9273236, -1.2415552 ], [ 36.9275007, -1.2415137 ], [ 36.927667, -1.2414533 ], [ 36.9277971, -1.2413621 ], [ 36.9279432, -1.2412401 ], [ 36.9279865, -1.2412424 ], [ 36.9281067, -1.2411566 ], [ 36.9282269, -1.241045 ], [ 36.928347, -1.2409678 ], [ 36.9284958, -1.2408714 ], [ 36.9286178, -1.240799 ], [ 36.9287533, -1.240669 ], [ 36.9289115, -1.2405483 ], [ 36.9290268, -1.2404786 ], [ 36.9291539, -1.2404435 ], [ 36.9292776, -1.2404504 ], [ 36.9294319, -1.2404799 ], [ 36.9296317, -1.2404946 ], [ 36.9298941, -1.2405004 ], [ 36.9300957, -1.2404826 ], [ 36.9301798, -1.2404906 ], [ 36.9302875, -1.2405 ], [ 36.9303703, -1.2404703 ], [ 36.9304967, -1.2404746 ], [ 36.9306737, -1.2404853 ], [ 36.9308065, -1.2405041 ], [ 36.9309366, -1.2405604 ], [ 36.9310331, -1.2406502 ], [ 36.9311002, -1.2407172 ], [ 36.9311279, -1.240779 ], [ 36.9311537, -1.2408648 ], [ 36.9312132, -1.2409671 ], [ 36.9313047, -1.2409841 ], [ 36.9313312, -1.2410824 ], [ 36.9313668, -1.2411898 ], [ 36.9314292, -1.2412421 ], [ 36.9314616, -1.2412816 ], [ 36.9313134, -1.2414962 ] ] ] } },
{ "type": "Feature", "properties": { "element": "way", "id": 25785491, "natural": "water", "water": null, "name": null, "notes": null, "name:ko": null, "species": null, "height": null, "source": null, "type": null, "name:botanical": null, "landuse:urban_green": null, "operator:description": null, "urban_green:cultivation": null, "urban_green:cultivation_consumer": null, "urban_green:cultivation_sale": null, "urban_green:cultivation_type": null, "urban_green:dimension_sqm": null, "urban_green:fence": null, "urban_green:number_of_caretakers": null, "urban_green:owner_hours_week": null, "watsan:other": null, "watsan:other_description": null, "watsan:water_availability": null, "urban_green:owner_distance": null, "watsan:urban_agriculture": null, "urban_green:cultivation_consumer_description": null, "urban_green:cultivation_supplies_purchase": null, "amenity": null, "denotation": null, "leaf_cycle": null, "leaf_type": null, "ele": null, "wood": null, "description": null, "trees": null, "circumference": null, "fixme": null, "genus": null, "short_name": null, "species:wikidata": null, "species:wikipedia": null, "golf": null, "created_by": "Potlatch 0.10", "security": null, "security:black_spot": null, "security:description": null, "sercurity": null, "basin": null, "intermittent": null, "landuse": null, "reservoir_type": null, "man_made": null, "note": null, "salt": null, "tidal": null, "wetland": null, "leisure": null, "colour": null, "addr:city": null, "addr:housenumber": null, "addr:street": null }, "geometry": { "type": "Polygon", "coordinates": [ [ [ 36.9251278, -1.2423155 ], [ 36.9250763, -1.2422726 ], [ 36.9251364, -1.2422383 ], [ 36.9252222, -1.2422468 ], [ 36.9253166, -1.2423069 ], [ 36.9253853, -1.2423241 ], [ 36.9253853, -1.2424185 ], [ 36.9253595, -1.2425128 ], [ 36.9252995, -1.2424785 ], [ 36.9252651, -1.2423755 ], [ 36.9252222, -1.2423326 ], [ 36.9251278, -1.2423155 ] ] ] } },
{ "type": "Feature", "properties": { "element": "way", "id": 25785649, "natural": "water", "water": "river", "name": null, "notes": null, "name:ko": null, "species": null, "height": null, "source": null, "type": null, "name:botanical": null, "landuse:urban_green": null, "operator:description": null, "urban_green:cultivation": null, "urban_green:cultivation_consumer": null, "urban_green:cultivation_sale": null, "urban_green:cultivation_type": null, "urban_green:dimension_sqm": null, "urban_green:fence": null, "urban_green:number_of_caretakers": null, "urban_green:owner_hours_week": null, "watsan:other": null, "watsan:other_description": null, "watsan:water_availability": null, "urban_green:owner_distance": null, "watsan:urban_agriculture": null, "urban_green:cultivation_consumer_description": null, "urban_green:cultivation_supplies_purchase": null, "amenity": null, "denotation": null, "leaf_cycle": null, "leaf_type": null, "ele": null, "wood": null, "description": null, "trees": null, "circumference": null, "fixme": null, "genus": null, "short_name": null, "species:wikidata": null, "species:wikipedia": null, "golf": null, "created_by": null, "security": null, "security:black_spot": null, "security:description": null, "sercurity": null, "basin": null, "intermittent": null, "landuse": null, "reservoir_type": null, "man_made": null, "note": null, "salt": null, "tidal": null, "wetland": null, "leisure": null, "colour": null, "addr:city": null, "addr:housenumber": null, "addr:street": null }, "geometry": { "type": "Polygon", "coordinates": [ [ [ 36.9199185, -1.2415084 ], [ 36.9197205, -1.2413887 ], [ 36.9195145, -1.2413287 ], [ 36.9193256, -1.2412257 ], [ 36.919051, -1.2411056 ], [ 36.9188536, -1.240994 ], [ 36.9187677, -1.2408653 ], [ 36.9185875, -1.2407795 ], [ 36.9184759, -1.2407022 ], [ 36.9182613, -1.2405392 ], [ 36.9181669, -1.2404019 ], [ 36.9180811, -1.240256 ], [ 36.9178837, -1.2401359 ], [ 36.9177378, -1.2401102 ], [ 36.917609, -1.2400587 ], [ 36.9174889, -1.23999 ], [ 36.9171541, -1.2400072 ], [ 36.9170769, -1.2400758 ], [ 36.9169739, -1.2401359 ], [ 36.9167936, -1.2401359 ], [ 36.9166391, -1.2401102 ], [ 36.9164932, -1.2400501 ], [ 36.9162787, -1.2399042 ], [ 36.9161327, -1.2397412 ], [ 36.9160297, -1.2396124 ], [ 36.915901, -1.2394837 ], [ 36.9158066, -1.2393636 ], [ 36.9157293, -1.2392692 ], [ 36.9156864, -1.2390804 ], [ 36.9156406, -1.2390096 ], [ 36.9155319, -1.2389431 ], [ 36.915386, -1.2388831 ], [ 36.9152487, -1.2388745 ], [ 36.9150856, -1.2388429 ], [ 36.9150368, -1.2387149 ], [ 36.9150427, -1.2386428 ], [ 36.9149998, -1.238454 ], [ 36.9149225, -1.2384197 ], [ 36.914811, -1.2384797 ], [ 36.9146736, -1.2385055 ], [ 36.9146908, -1.2385999 ], [ 36.9145535, -1.2385999 ], [ 36.9144505, -1.2386857 ], [ 36.9143217, -1.2387286 ], [ 36.9142187, -1.2386256 ], [ 36.9141329, -1.2385141 ], [ 36.9140213, -1.238351 ], [ 36.9141038, -1.2382556 ], [ 36.9141445, -1.2383227 ], [ 36.9141672, -1.2383768 ], [ 36.9142531, -1.2385055 ], [ 36.9143646, -1.2385827 ], [ 36.9144505, -1.2385741 ], [ 36.9145449, -1.2384969 ], [ 36.9146221, -1.2384025 ], [ 36.914708, -1.238351 ], [ 36.9148281, -1.2383425 ], [ 36.9149483, -1.238351 ], [ 36.9150084, -1.2384025 ], [ 36.9150942, -1.238557 ], [ 36.9151629, -1.2387286 ], [ 36.9152483, -1.2387596 ], [ 36.9154271, -1.2387596 ], [ 36.9156121, -1.2388145 ], [ 36.9157381, -1.2389039 ], [ 36.9157707, -1.2390014 ], [ 36.9158066, -1.2391147 ], [ 36.9158495, -1.2392692 ], [ 36.9159658, -1.2394038 ], [ 36.9161156, -1.2395181 ], [ 36.9162529, -1.2396811 ], [ 36.9163731, -1.2398356 ], [ 36.9164589, -1.2399299 ], [ 36.9165876, -1.2399814 ], [ 36.916725, -1.2400243 ], [ 36.916844, -1.240046 ], [ 36.9169578, -1.239981 ], [ 36.9170493, -1.2398631 ], [ 36.9172688, -1.2397351 ], [ 36.9174477, -1.2397859 ], [ 36.9174965, -1.2398347 ], [ 36.9175961, -1.2399322 ], [ 36.9176753, -1.2399282 ], [ 36.9178115, -1.2400521 ], [ 36.9180026, -1.240046 ], [ 36.9181957, -1.2401842 ], [ 36.9182425, -1.2403346 ], [ 36.9182957, -1.2404191 ], [ 36.9184112, -1.2405236 ], [ 36.9185188, -1.2406164 ], [ 36.9186562, -1.2407108 ], [ 36.9188021, -1.2407966 ], [ 36.9188879, -1.240891 ], [ 36.9191666, -1.2410083 ], [ 36.9194438, -1.2411222 ], [ 36.9195055, -1.2412331 ], [ 36.9196811, -1.2412362 ], [ 36.9197704, -1.2412978 ], [ 36.9199319, -1.2413457 ], [ 36.9199185, -1.2415084 ] ] ] } },
{ "type": "Feature", "properties": { "element": "way", "id": 25785702, "natural": "water", "water": "river", "name": null, "notes": null, "name:ko": null, "species": null, "height": null, "source": null, "type": null, "name:botanical": null, "landuse:urban_green": null, "operator:description": null, "urban_green:cultivation": null, "urban_green:cultivation_consumer": null, "urban_green:cultivation_sale": null, "urban_green:cultivation_type": null, "urban_green:dimension_sqm": null, "urban_green:fence": null, "urban_green:number_of_caretakers": null, "urban_green:owner_hours_week": null, "watsan:other": null, "watsan:other_description": null, "watsan:water_availability": null, "urban_green:owner_distance": null, "watsan:urban_agriculture": null, "urban_green:cultivation_consumer_description": null, "urban_green:cultivation_supplies_purchase": null, "amenity": null, "denotation": null, "leaf_cycle": null, "leaf_type": null, "ele": null, "wood": null, "description": null, "trees": null, "circumference": null, "fixme": null, "genus": null, "short_name": null, "species:wikidata": null, "species:wikipedia": null, "golf": null, "created_by": null, "security": null, "security:black_spot": null, "security:description": null, "sercurity": null, "basin": null, "intermittent": null, "landuse": null, "reservoir_type": null, "man_made": null, "note": null, "salt": null, "tidal": null, "wetland": null, "leisure": null, "colour": null, "addr:city": null, "addr:housenumber": null, "addr:street": null }, "geometry": { "type": "Polygon", "coordinates": [ [ [ 36.911352, -1.2384283 ], [ 36.911352, -1.2383081 ], [ 36.9111889, -1.2383253 ], [ 36.9110344, -1.238351 ], [ 36.9108627, -1.2383939 ], [ 36.9107254, -1.2384712 ], [ 36.9106396, -1.2385656 ], [ 36.9105023, -1.2386342 ], [ 36.9103735, -1.23872 ], [ 36.9102448, -1.238823 ], [ 36.910116, -1.2388916 ], [ 36.9099959, -1.2388402 ], [ 36.9098328, -1.2388144 ], [ 36.9096611, -1.2386943 ], [ 36.9095581, -1.2385999 ], [ 36.9093693, -1.2385227 ], [ 36.9091976, -1.2384454 ], [ 36.9090088, -1.2383596 ], [ 36.9087856, -1.2383081 ], [ 36.9086483, -1.2383253 ], [ 36.9084938, -1.2383253 ], [ 36.9083307, -1.2383425 ], [ 36.9081333, -1.2383768 ], [ 36.9079874, -1.2383939 ], [ 36.9078415, -1.2384025 ], [ 36.9076698, -1.2384283 ], [ 36.9075153, -1.2384368 ], [ 36.9073437, -1.2385141 ], [ 36.9071978, -1.2385741 ], [ 36.9071205, -1.23866 ], [ 36.907069, -1.2387543 ], [ 36.906966, -1.2388402 ], [ 36.906863, -1.2389517 ], [ 36.90676, -1.2390118 ], [ 36.9066399, -1.2391319 ], [ 36.9065025, -1.2392606 ], [ 36.906391, -1.2393893 ], [ 36.9063309, -1.2395181 ], [ 36.906245, -1.239561 ], [ 36.906082, -1.2395867 ], [ 36.9059275, -1.2396296 ], [ 36.9057129, -1.2396124 ], [ 36.9055584, -1.2396382 ], [ 36.9054039, -1.2396382 ], [ 36.9052752, -1.2395953 ], [ 36.9051035, -1.2395781 ], [ 36.9049576, -1.2395009 ], [ 36.9048546, -1.239355 ], [ 36.9047173, -1.2392606 ], [ 36.9046228, -1.2391491 ], [ 36.9045113, -1.2390289 ], [ 36.9044169, -1.2389775 ], [ 36.9042967, -1.2390032 ], [ 36.9041851, -1.2390461 ], [ 36.9040649, -1.2391319 ], [ 36.9040135, -1.2392177 ], [ 36.9039448, -1.2393207 ], [ 36.9038504, -1.2393893 ], [ 36.9037903, -1.2395009 ], [ 36.9036701, -1.2396296 ], [ 36.90355, -1.239724 ], [ 36.903447, -1.2398613 ], [ 36.9033268, -1.2399299 ], [ 36.9032066, -1.2400158 ], [ 36.9030436, -1.2400587 ], [ 36.9028891, -1.2401445 ], [ 36.9028891, -1.2402303 ], [ 36.903035, -1.2401874 ], [ 36.9031365, -1.2401311 ], [ 36.9032112, -1.2400778 ], [ 36.9033506, -1.2400049 ], [ 36.9035156, -1.2399214 ], [ 36.9035671, -1.2398441 ], [ 36.9036787, -1.2397669 ], [ 36.9036918, -1.2397508 ], [ 36.9037743, -1.2396465 ], [ 36.9038418, -1.2395438 ], [ 36.9039362, -1.2394237 ], [ 36.9040649, -1.2393207 ], [ 36.9041164, -1.2392006 ], [ 36.9042538, -1.239089 ], [ 36.9043911, -1.2390461 ], [ 36.9045113, -1.2391491 ], [ 36.9045971, -1.2392435 ], [ 36.9047258, -1.2393464 ], [ 36.904846, -1.2394752 ], [ 36.9049748, -1.2395781 ], [ 36.9050778, -1.2396382 ], [ 36.9052408, -1.2396725 ], [ 36.9053867, -1.2397154 ], [ 36.905567, -1.2397326 ], [ 36.9056957, -1.2396811 ], [ 36.9058331, -1.2397154 ], [ 36.9060562, -1.2396897 ], [ 36.906245, -1.2396725 ], [ 36.9064253, -1.2395181 ], [ 36.9065283, -1.2393379 ], [ 36.906657, -1.2392606 ], [ 36.9067686, -1.2391662 ], [ 36.9069317, -1.2390461 ], [ 36.9070347, -1.2389174 ], [ 36.9071549, -1.2387372 ], [ 36.9072836, -1.238617 ], [ 36.9074553, -1.2385827 ], [ 36.9076355, -1.2385312 ], [ 36.90779, -1.2384969 ], [ 36.9080132, -1.2384797 ], [ 36.9081934, -1.2384454 ], [ 36.9084938, -1.2384283 ], [ 36.908717, -1.2384025 ], [ 36.9089144, -1.2384025 ], [ 36.909129, -1.2384883 ], [ 36.9093521, -1.2385827 ], [ 36.9095324, -1.2386943 ], [ 36.9097384, -1.2388058 ], [ 36.9099014, -1.2388916 ], [ 36.9100388, -1.238926 ], [ 36.9102018, -1.2389517 ], [ 36.9103735, -1.2388659 ], [ 36.9105194, -1.2387543 ], [ 36.9106567, -1.2386342 ], [ 36.9108112, -1.2385227 ], [ 36.9110001, -1.2384712 ], [ 36.9112061, -1.2384283 ], [ 36.911352, -1.2384283 ] ] ] } },
{ "type": "Feature", "properties": { "element": "way", "id": 25785868, "natural": "water", "water": "river", "name": null, "notes": null, "name:ko": null, "species": null, "height": null, "source": null, "type": null, "name:botanical": null, "landuse:urban_green": null, "operator:description": null, "urban_green:cultivation": null, "urban_green:cultivation_consumer": null, "urban_green:cultivation_sale": null, "urban_green:cultivation_type": null, "urban_green:dimension_sqm": null, "urban_green:fence": null, "urban_green:number_of_caretakers": null, "urban_green:owner_hours_week": null, "watsan:other": null, "watsan:other_description": null, "watsan:water_availability": null, "urban_green:owner_distance": null, "watsan:urban_agriculture": null, "urban_green:cultivation_consumer_description": null, "urban_green:cultivation_supplies_purchase": null, "amenity": null, "denotation": null, "leaf_cycle": null, "leaf_type": null, "ele": null, "wood": null, "description": null, "trees": null, "circumference": null, "fixme": null, "genus": null, "short_name": null, "species:wikidata": null, "species:wikipedia": null, "golf": null, "created_by": null, "security": null, "security:black_spot": null, "security:description": null, "sercurity": null, "basin": null, "intermittent": null, "landuse": null, "reservoir_type": null, "man_made": null, "note": null, "salt": null, "tidal": null, "wetland": null, "leisure": null, "colour": null, "addr:city": null, "addr:housenumber": null, "addr:street": null }, "geometry": { "type": "Polygon", "coordinates": [ [ [ 36.911352, -1.2384283 ], [ 36.911352, -1.2383081 ], [ 36.9115837, -1.2383081 ], [ 36.9117468, -1.2383596 ], [ 36.9119185, -1.2383939 ], [ 36.9120558, -1.2383682 ], [ 36.9122618, -1.238291 ], [ 36.9123905, -1.238188 ], [ 36.9125364, -1.2381108 ], [ 36.9126394, -1.238085 ], [ 36.9127253, -1.2379906 ], [ 36.9129055, -1.2379306 ], [ 36.9130428, -1.2379306 ], [ 36.9131802, -1.2379306 ], [ 36.9133003, -1.2378962 ], [ 36.9134377, -1.2378447 ], [ 36.9136078, -1.237776 ], [ 36.9137278, -1.2378857 ], [ 36.9138031, -1.2378897 ], [ 36.9139006, -1.2380422 ], [ 36.9139784, -1.2381537 ], [ 36.9141038, -1.2382556 ], [ 36.9140213, -1.238351 ], [ 36.9138754, -1.2381966 ], [ 36.913781, -1.2381022 ], [ 36.9136952, -1.2380164 ], [ 36.9136093, -1.2379391 ], [ 36.9135149, -1.2379306 ], [ 36.9133862, -1.237982 ], [ 36.9132574, -1.2380335 ], [ 36.9131201, -1.2380164 ], [ 36.9129828, -1.2379992 ], [ 36.9128454, -1.2380679 ], [ 36.9127338, -1.2381365 ], [ 36.9125708, -1.2381966 ], [ 36.9124506, -1.2382395 ], [ 36.9123476, -1.238291 ], [ 36.912236, -1.2383854 ], [ 36.9120987, -1.2384283 ], [ 36.91197, -1.2384797 ], [ 36.9118155, -1.2384626 ], [ 36.9116781, -1.2384283 ], [ 36.911558, -1.2384111 ], [ 36.9114893, -1.2384283 ], [ 36.911352, -1.2384283 ] ] ] } },
{ "type": "Feature", "properties": { "element": "way", "id": 25785943, "natural": "water", "water": "river", "name": null, "notes": null, "name:ko": null, "species": null, "height": null, "source": null, "type": null, "name:botanical": null, "landuse:urban_green": null, "operator:description": null, "urban_green:cultivation": null, "urban_green:cultivation_consumer": null, "urban_green:cultivation_sale": null, "urban_green:cultivation_type": null, "urban_green:dimension_sqm": null, "urban_green:fence": null, "urban_green:number_of_caretakers": null, "urban_green:owner_hours_week": null, "watsan:other": null, "watsan:other_description": null, "watsan:water_availability": null, "urban_green:owner_distance": null, "watsan:urban_agriculture": null, "urban_green:cultivation_consumer_description": null, "urban_green:cultivation_supplies_purchase": null, "amenity": null, "denotation": null, "leaf_cycle": null, "leaf_type": null, "ele": null, "wood": null, "description": null, "trees": null, "circumference": null, "fixme": null, "genus": null, "short_name": null, "species:wikidata": null, "species:wikipedia": null, "golf": null, "created_by": null, "security": null, "security:black_spot": null, "security:description": null, "sercurity": null, "basin": null, "intermittent": null, "landuse": null, "reservoir_type": null, "man_made": null, "note": null, "salt": null, "tidal": null, "wetland": null, "leisure": null, "colour": null, "addr:city": null, "addr:housenumber": null, "addr:street": null }, "geometry": { "type": "Polygon", "coordinates": [ [ [ 36.9028891, -1.2401445 ], [ 36.9026402, -1.2401874 ], [ 36.9024857, -1.2402646 ], [ 36.9023827, -1.2403161 ], [ 36.9022968, -1.2404105 ], [ 36.9022625, -1.2405907 ], [ 36.9022968, -1.2407881 ], [ 36.902314, -1.2409597 ], [ 36.9023569, -1.2411056 ], [ 36.9024084, -1.2412772 ], [ 36.9024427, -1.2414488 ], [ 36.90252, -1.2416204 ], [ 36.9025801, -1.2417835 ], [ 36.902623, -1.2419293 ], [ 36.9025801, -1.2420323 ], [ 36.9026144, -1.2421696 ], [ 36.9025543, -1.2422897 ], [ 36.9025887, -1.2423927 ], [ 36.9025543, -1.2424785 ], [ 36.9023741, -1.2424785 ], [ 36.902314, -1.2423755 ], [ 36.9021423, -1.2423326 ], [ 36.9020136, -1.2422383 ], [ 36.901902, -1.242161 ], [ 36.9018334, -1.2420752 ], [ 36.9017218, -1.241998 ], [ 36.9016016, -1.2419637 ], [ 36.90149, -1.2419122 ], [ 36.9012926, -1.2419208 ], [ 36.9010952, -1.2419637 ], [ 36.9009579, -1.2420151 ], [ 36.9007691, -1.242101 ], [ 36.9005716, -1.2421868 ], [ 36.9004257, -1.2423069 ], [ 36.9002884, -1.2423927 ], [ 36.9002026, -1.2424785 ], [ 36.9001253, -1.2426072 ], [ 36.9000567, -1.2427531 ], [ 36.8999537, -1.2428647 ], [ 36.899885, -1.2429934 ], [ 36.8997391, -1.2431135 ], [ 36.8996018, -1.2431478 ], [ 36.8994644, -1.2431993 ], [ 36.8993099, -1.2432422 ], [ 36.8990954, -1.243328 ], [ 36.8989151, -1.2434139 ], [ 36.8987177, -1.2435254 ], [ 36.8985546, -1.2435855 ], [ 36.8983658, -1.2436455 ], [ 36.8981598, -1.2437142 ], [ 36.8979796, -1.2437657 ], [ 36.8977221, -1.2438086 ], [ 36.8975247, -1.2438343 ], [ 36.8973015, -1.2438515 ], [ 36.8971298, -1.2438343 ], [ 36.8969753, -1.2438086 ], [ 36.896735, -1.2437914 ], [ 36.8965633, -1.2438172 ], [ 36.8964346, -1.2438772 ], [ 36.8962029, -1.2441261 ], [ 36.896117, -1.2442977 ], [ 36.896117, -1.244435 ], [ 36.8961428, -1.2445895 ], [ 36.89622, -1.2445809 ], [ 36.8962029, -1.244435 ], [ 36.8962029, -1.2442805 ], [ 36.8962715, -1.2441518 ], [ 36.8963574, -1.2440489 ], [ 36.8964432, -1.2439716 ], [ 36.8966148, -1.243903 ], [ 36.8967693, -1.2438772 ], [ 36.8969582, -1.2438772 ], [ 36.8971985, -1.243903 ], [ 36.8973873, -1.2439201 ], [ 36.8975676, -1.2438944 ], [ 36.8977993, -1.2438772 ], [ 36.8979796, -1.2438343 ], [ 36.8981512, -1.2438086 ], [ 36.8983143, -1.2437571 ], [ 36.8984688, -1.2437142 ], [ 36.8986404, -1.2436455 ], [ 36.8988035, -1.2435597 ], [ 36.8989409, -1.2434911 ], [ 36.8990954, -1.2434224 ], [ 36.8992327, -1.243371 ], [ 36.8994129, -1.243328 ], [ 36.8995503, -1.243268 ], [ 36.8996962, -1.2432165 ], [ 36.8998249, -1.243165 ], [ 36.8999537, -1.2430706 ], [ 36.9000395, -1.2428904 ], [ 36.9001425, -1.2427531 ], [ 36.9002197, -1.2425987 ], [ 36.9003227, -1.2424699 ], [ 36.9005201, -1.2424185 ], [ 36.9007176, -1.242264 ], [ 36.9008892, -1.2421696 ], [ 36.9010609, -1.242101 ], [ 36.9011725, -1.2420323 ], [ 36.9013527, -1.241998 ], [ 36.9015759, -1.2420409 ], [ 36.9017475, -1.2421353 ], [ 36.9018934, -1.2422383 ], [ 36.9020651, -1.2423755 ], [ 36.902211, -1.2424614 ], [ 36.9023312, -1.2425214 ], [ 36.9024942, -1.2425643 ], [ 36.9026144, -1.2425643 ], [ 36.9026573, -1.2423927 ], [ 36.9026745, -1.2422383 ], [ 36.9026917, -1.242101 ], [ 36.9027088, -1.241895 ], [ 36.9026659, -1.2416891 ], [ 36.9025715, -1.2415003 ], [ 36.90252, -1.2413201 ], [ 36.9024599, -1.2411828 ], [ 36.9024084, -1.2410197 ], [ 36.9023655, -1.2408481 ], [ 36.9023569, -1.2406765 ], [ 36.9023741, -1.2404963 ], [ 36.9024599, -1.2403676 ], [ 36.9026402, -1.2402732 ], [ 36.9028891, -1.2402303 ], [ 36.9028891, -1.2401445 ] ] ] } },
{ "type": "Feature", "properties": { "element": "way", "id": 25786044, "natural": "water", "water": "river", "name": null, "notes": null, "name:ko": null, "species": null, "height": null, "source": null, "type": null, "name:botanical": null, "landuse:urban_green": null, "operator:description": null, "urban_green:cultivation": null, "urban_green:cultivation_consumer": null, "urban_green:cultivation_sale": null, "urban_green:cultivation_type": null, "urban_green:dimension_sqm": null, "urban_green:fence": null, "urban_green:number_of_caretakers": null, "urban_green:owner_hours_week": null, "watsan:other": null, "watsan:other_description": null, "watsan:water_availability": null, "urban_green:owner_distance": null, "watsan:urban_agriculture": null, "urban_green:cultivation_consumer_description": null, "urban_green:cultivation_supplies_purchase": null, "amenity": null, "denotation": null, "leaf_cycle": null, "leaf_type": null, "ele": null, "wood": null, "description": null, "trees": null, "circumference": null, "fixme": null, "genus": null, "short_name": null, "species:wikidata": null, "species:wikipedia": null, "golf": null, "created_by": null, "security": null, "security:black_spot": null, "security:description": null, "sercurity": "black spots", "basin": null, "intermittent": null, "landuse": null, "reservoir_type": null, "man_made": null, "note": null, "salt": null, "tidal": null, "wetland": null, "leisure": null, "colour": null, "addr:city": null, "addr:housenumber": null, "addr:street": null }, "geometry": { "type": "Polygon", "coordinates": [ [ [ 36.8961428, -1.2445895 ], [ 36.8961771, -1.2447525 ], [ 36.8962458, -1.2449584 ], [ 36.8963316, -1.245173 ], [ 36.8964174, -1.2453703 ], [ 36.8964689, -1.2454905 ], [ 36.8965633, -1.2456535 ], [ 36.8965633, -1.2458595 ], [ 36.8965204, -1.2459882 ], [ 36.8964089, -1.2461426 ], [ 36.8962629, -1.2462113 ], [ 36.8960827, -1.246177 ], [ 36.895911, -1.2461255 ], [ 36.8957909, -1.2460568 ], [ 36.8956707, -1.2460482 ], [ 36.895499, -1.2460482 ], [ 36.8954132, -1.2460826 ], [ 36.8953875, -1.2462284 ], [ 36.8953617, -1.2464258 ], [ 36.8953531, -1.2466232 ], [ 36.8953446, -1.2468634 ], [ 36.8953188, -1.2471552 ], [ 36.8953617, -1.247241 ], [ 36.8953789, -1.2474469 ], [ 36.8953446, -1.2475842 ], [ 36.8953531, -1.247713 ], [ 36.8953875, -1.2478588 ], [ 36.8953274, -1.247979 ], [ 36.8952072, -1.2480819 ], [ 36.8950184, -1.2481334 ], [ 36.8948038, -1.2481763 ], [ 36.894615, -1.2482364 ], [ 36.894409, -1.2482707 ], [ 36.8942631, -1.2482707 ], [ 36.8941258, -1.2482536 ], [ 36.8939369, -1.2482192 ], [ 36.8938683, -1.2483737 ], [ 36.8938425, -1.2485625 ], [ 36.8937996, -1.2487513 ], [ 36.8937653, -1.2489572 ], [ 36.8936794, -1.2490773 ], [ 36.8935936, -1.2491975 ], [ 36.8934906, -1.2493176 ], [ 36.8933447, -1.2494806 ], [ 36.8934239, -1.2495014 ], [ 36.8935936, -1.249309 ], [ 36.8936966, -1.2491803 ], [ 36.8938082, -1.249043 ], [ 36.8938683, -1.2488714 ], [ 36.893894, -1.2487084 ], [ 36.8939369, -1.2485625 ], [ 36.8939455, -1.2484338 ], [ 36.8940657, -1.2483394 ], [ 36.8942717, -1.248348 ], [ 36.8944347, -1.2483136 ], [ 36.894615, -1.248305 ], [ 36.8947781, -1.2482364 ], [ 36.8949497, -1.2481935 ], [ 36.8951042, -1.2481506 ], [ 36.8952931, -1.2480819 ], [ 36.8954046, -1.2479189 ], [ 36.895439, -1.2477559 ], [ 36.895439, -1.2475928 ], [ 36.8954647, -1.2474212 ], [ 36.895439, -1.247241 ], [ 36.895439, -1.2470265 ], [ 36.8954475, -1.246769 ], [ 36.8954132, -1.2465374 ], [ 36.8954647, -1.2463314 ], [ 36.8954905, -1.2461684 ], [ 36.8956106, -1.2460911 ], [ 36.8957823, -1.2461426 ], [ 36.8959282, -1.2462027 ], [ 36.8960741, -1.2462542 ], [ 36.8962544, -1.2462885 ], [ 36.8964604, -1.2462027 ], [ 36.8965548, -1.2460911 ], [ 36.8966749, -1.2459882 ], [ 36.8967007, -1.2458595 ], [ 36.8966492, -1.2456621 ], [ 36.8965633, -1.2455248 ], [ 36.8965204, -1.2454047 ], [ 36.8964346, -1.2452674 ], [ 36.8963745, -1.2450786 ], [ 36.8963316, -1.2448469 ], [ 36.8962544, -1.244701 ], [ 36.89622, -1.2445809 ], [ 36.8961428, -1.2445895 ] ] ] } },
{ "type": "Feature", "properties": { "element": "way", "id": 25909082, "natural": "water", "water": "river", "name": null, "notes": null, "name:ko": null, "species": null, "height": null, "source": null, "type": null, "name:botanical": null, "landuse:urban_green": null, "operator:description": null, "urban_green:cultivation": null, "urban_green:cultivation_consumer": null, "urban_green:cultivation_sale": null, "urban_green:cultivation_type": null, "urban_green:dimension_sqm": null, "urban_green:fence": null, "urban_green:number_of_caretakers": null, "urban_green:owner_hours_week": null, "watsan:other": null, "watsan:other_description": null, "watsan:water_availability": null, "urban_green:owner_distance": null, "watsan:urban_agriculture": null, "urban_green:cultivation_consumer_description": null, "urban_green:cultivation_supplies_purchase": null, "amenity": null, "denotation": null, "leaf_cycle": null, "leaf_type": null, "ele": null, "wood": null, "description": null, "trees": null, "circumference": null, "fixme": null, "genus": null, "short_name": null, "species:wikidata": null, "species:wikipedia": null, "golf": null, "created_by": null, "security": null, "security:black_spot": null, "security:description": null, "sercurity": null, "basin": null, "intermittent": null, "landuse": null, "reservoir_type": null, "man_made": null, "note": null, "salt": null, "tidal": null, "wetland": null, "leisure": null, "colour": null, "addr:city": null, "addr:housenumber": null, "addr:street": null }, "geometry": { "type": "Polygon", "coordinates": [ [ [ 36.8933447, -1.2494806 ], [ 36.8932012, -1.2497066 ], [ 36.8931154, -1.249861 ], [ 36.8930467, -1.2499897 ], [ 36.8930296, -1.2500927 ], [ 36.8929695, -1.2502643 ], [ 36.8929867, -1.2504703 ], [ 36.8930038, -1.2506247 ], [ 36.8930725, -1.251028 ], [ 36.893124, -1.2511997 ], [ 36.8931326, -1.2513455 ], [ 36.8931669, -1.2515 ], [ 36.8931927, -1.2516201 ], [ 36.893227, -1.2517746 ], [ 36.8932785, -1.251929 ], [ 36.8933042, -1.2520835 ], [ 36.8933386, -1.2522036 ], [ 36.8933815, -1.2523152 ], [ 36.8933626, -1.2524435 ], [ 36.8933506, -1.2524948 ], [ 36.8933301, -1.2525806 ], [ 36.8932336, -1.2527141 ], [ 36.8930639, -1.2527957 ], [ 36.892918, -1.2528644 ], [ 36.8927978, -1.2529159 ], [ 36.8926777, -1.2529674 ], [ 36.8925747, -1.2530103 ], [ 36.8923944, -1.2530017 ], [ 36.8922314, -1.2528644 ], [ 36.8920769, -1.2527099 ], [ 36.8919739, -1.2524954 ], [ 36.891828, -1.2523838 ], [ 36.8917335, -1.2522637 ], [ 36.8916134, -1.2521865 ], [ 36.8914417, -1.2521951 ], [ 36.8912701, -1.2522637 ], [ 36.8911156, -1.2523324 ], [ 36.891004, -1.2524439 ], [ 36.8909267, -1.2526155 ], [ 36.8908409, -1.2528386 ], [ 36.8907722, -1.2529845 ], [ 36.8907379, -1.2531561 ], [ 36.8906607, -1.2533449 ], [ 36.8906006, -1.2534822 ], [ 36.8905319, -1.2536538 ], [ 36.890489, -1.253774 ], [ 36.8904203, -1.2539113 ], [ 36.8903345, -1.25404 ], [ 36.8901972, -1.2541344 ], [ 36.8901199, -1.2542373 ], [ 36.889974, -1.2542459 ], [ 36.8897423, -1.2543317 ], [ 36.8896393, -1.2543575 ], [ 36.8895363, -1.2543746 ], [ 36.8893904, -1.2543489 ], [ 36.8892273, -1.2543746 ], [ 36.8890213, -1.254469 ], [ 36.8888582, -1.2545634 ], [ 36.8889526, -1.2545634 ], [ 36.8891071, -1.254469 ], [ 36.8892874, -1.2543918 ], [ 36.889459, -1.2543918 ], [ 36.8895449, -1.2544261 ], [ 36.8896564, -1.2544776 ], [ 36.8898109, -1.2544604 ], [ 36.8899483, -1.2544604 ], [ 36.8900684, -1.2543746 ], [ 36.8901714, -1.2543232 ], [ 36.890283, -1.2542888 ], [ 36.8903688, -1.2541859 ], [ 36.8905147, -1.2539885 ], [ 36.8906177, -1.253834 ], [ 36.8906778, -1.2536882 ], [ 36.8907637, -1.2534822 ], [ 36.8908237, -1.2532763 ], [ 36.8908495, -1.2530961 ], [ 36.8909439, -1.2528301 ], [ 36.8910297, -1.2525898 ], [ 36.8910984, -1.2524439 ], [ 36.8912014, -1.2523753 ], [ 36.8912356, -1.2523568 ], [ 36.8914074, -1.2522637 ], [ 36.8914932, -1.2522637 ], [ 36.891579, -1.2522465 ], [ 36.8916992, -1.2523238 ], [ 36.8917679, -1.2524096 ], [ 36.8918365, -1.2525297 ], [ 36.8919138, -1.2526584 ], [ 36.8919739, -1.2527271 ], [ 36.892094, -1.2528386 ], [ 36.8922142, -1.2529502 ], [ 36.8923086, -1.2530188 ], [ 36.8924373, -1.2530532 ], [ 36.8926004, -1.2530532 ], [ 36.8927378, -1.2529759 ], [ 36.892815, -1.2529759 ], [ 36.8929008, -1.2529502 ], [ 36.8930382, -1.2529502 ], [ 36.8932012, -1.2528644 ], [ 36.8933386, -1.2527957 ], [ 36.8934502, -1.2527013 ], [ 36.8935188, -1.2525812 ], [ 36.8935446, -1.2524439 ], [ 36.8935102, -1.2523667 ], [ 36.893433, -1.252238 ], [ 36.8933987, -1.2520663 ], [ 36.89333, -1.2518432 ], [ 36.8932957, -1.2516888 ], [ 36.8932527, -1.2515515 ], [ 36.893227, -1.2513713 ], [ 36.8932012, -1.2512426 ], [ 36.8931412, -1.2510967 ], [ 36.8931154, -1.2509422 ], [ 36.8930897, -1.2507534 ], [ 36.8930639, -1.2505303 ], [ 36.8930553, -1.2503416 ], [ 36.8930553, -1.2502043 ], [ 36.8931068, -1.2500584 ], [ 36.8931497, -1.2499554 ], [ 36.893227, -1.2497924 ], [ 36.8933128, -1.2496379 ], [ 36.8934239, -1.2495014 ], [ 36.8933447, -1.2494806 ] ] ] } },
{ "type": "Feature", "properties": { "element": "way", "id": 25909981, "natural": "water", "water": "river", "name": null, "notes": null, "name:ko": null, "species": null, "height": null, "source": null, "type": null, "name:botanical": null, "landuse:urban_green": null, "operator:description": null, "urban_green:cultivation": null, "urban_green:cultivation_consumer": null, "urban_green:cultivation_sale": null, "urban_green:cultivation_type": null, "urban_green:dimension_sqm": null, "urban_green:fence": null, "urban_green:number_of_caretakers": null, "urban_green:owner_hours_week": null, "watsan:other": null, "watsan:other_description": null, "watsan:water_availability": null, "urban_green:owner_distance": null, "watsan:urban_agriculture": null, "urban_green:cultivation_consumer_description": null, "urban_green:cultivation_supplies_purchase": null, "amenity": null, "denotation": null, "leaf_cycle": null, "leaf_type": null, "ele": null, "wood": null, "description": null, "trees": null, "circumference": null, "fixme": null, "genus": null, "short_name": null, "species:wikidata": null, "species:wikipedia": null, "golf": null, "created_by": null, "security": null, "security:black_spot": null, "security:description": null, "sercurity": null, "basin": null, "intermittent": null, "landuse": null, "reservoir_type": null, "man_made": null, "note": null, "salt": null, "tidal": null, "wetland": null, "leisure": null, "colour": null, "addr:city": null, "addr:housenumber": null, "addr:street": null }, "geometry": { "type": "Polygon", "coordinates": [ [ [ 36.8888582, -1.2545634 ], [ 36.8886436, -1.2547265 ], [ 36.8884977, -1.2548123 ], [ 36.8884119, -1.2549152 ], [ 36.8883518, -1.2550697 ], [ 36.8883346, -1.2552499 ], [ 36.8883137, -1.2553779 ], [ 36.8883089, -1.2554044 ], [ 36.888266, -1.2555588 ], [ 36.8881544, -1.2557133 ], [ 36.8880257, -1.2558334 ], [ 36.8878712, -1.2558849 ], [ 36.8877338, -1.2559192 ], [ 36.887545, -1.256005 ], [ 36.8874077, -1.2560651 ], [ 36.8873218, -1.2560908 ], [ 36.8872103, -1.2561166 ], [ 36.8871292, -1.2561748 ], [ 36.8870723, -1.256306 ], [ 36.8870232, -1.2564179 ], [ 36.8869697, -1.2565801 ], [ 36.8869507, -1.2567318 ], [ 36.8869635, -1.2568804 ], [ 36.8870386, -1.2570519 ], [ 36.8870386, -1.257172 ], [ 36.8870214, -1.2573093 ], [ 36.8869785, -1.2574466 ], [ 36.8868584, -1.2575582 ], [ 36.8867331, -1.257652 ], [ 36.8865837, -1.2577135 ], [ 36.8864391, -1.2577623 ], [ 36.886309, -1.2578202 ], [ 36.8862146, -1.2578757 ], [ 36.8861688, -1.2579132 ], [ 36.8861202, -1.2579529 ], [ 36.8859657, -1.2579958 ], [ 36.8857941, -1.2580387 ], [ 36.8856567, -1.2581331 ], [ 36.8856224, -1.2582361 ], [ 36.8855795, -1.2583305 ], [ 36.8855623, -1.2584249 ], [ 36.8855709, -1.2585536 ], [ 36.8856138, -1.2586737 ], [ 36.8856911, -1.2587338 ], [ 36.885734, -1.2588539 ], [ 36.8858026, -1.2589826 ], [ 36.8858541, -1.2590427 ], [ 36.8858799, -1.2591714 ], [ 36.8858971, -1.259343 ], [ 36.8858799, -1.2594975 ], [ 36.8858456, -1.2595919 ], [ 36.8859142, -1.2595919 ], [ 36.88594, -1.2595061 ], [ 36.88594, -1.2594203 ], [ 36.8859571, -1.2592744 ], [ 36.8859314, -1.2590942 ], [ 36.8859314, -1.2590084 ], [ 36.8858456, -1.2589226 ], [ 36.8857855, -1.258751 ], [ 36.8856825, -1.2586566 ], [ 36.8856396, -1.2585879 ], [ 36.8856138, -1.2584764 ], [ 36.8856138, -1.258382 ], [ 36.8856396, -1.2583047 ], [ 36.8856739, -1.2581846 ], [ 36.8857511, -1.2581074 ], [ 36.8858713, -1.2580559 ], [ 36.8860515, -1.2579872 ], [ 36.8861889, -1.2579787 ], [ 36.886276, -1.2579148 ], [ 36.8863876, -1.2578575 ], [ 36.8865429, -1.2577909 ], [ 36.8867664, -1.2577091 ], [ 36.8869192, -1.2575979 ], [ 36.8869528, -1.2575324 ], [ 36.8870729, -1.2573694 ], [ 36.8870729, -1.257215 ], [ 36.8870901, -1.2571034 ], [ 36.8870558, -1.2569747 ], [ 36.8870214, -1.2568202 ], [ 36.8870107, -1.2566656 ], [ 36.8870598, -1.2564613 ], [ 36.8871121, -1.2563805 ], [ 36.8871872, -1.2562284 ], [ 36.8872467, -1.25617 ], [ 36.8872789, -1.2561509 ], [ 36.8875107, -1.2560737 ], [ 36.8876394, -1.256005 ], [ 36.8878197, -1.2559278 ], [ 36.887957, -1.2559021 ], [ 36.8881115, -1.2558077 ], [ 36.8882402, -1.2556704 ], [ 36.8883432, -1.2555159 ], [ 36.888369, -1.2553443 ], [ 36.8883947, -1.2551727 ], [ 36.8884291, -1.2549839 ], [ 36.8885149, -1.2548723 ], [ 36.8886007, -1.2547865 ], [ 36.8887209, -1.2547179 ], [ 36.8889526, -1.2545634 ], [ 36.8888582, -1.2545634 ] ] ] } },
{ "type": "Feature", "properties": { "element": "way", "id": 25909982, "natural": "water", "water": null, "name": null, "notes": null, "name:ko": null, "species": null, "height": null, "source": null, "type": null, "name:botanical": null, "landuse:urban_green": null, "operator:description": null, "urban_green:cultivation": null, "urban_green:cultivation_consumer": null, "urban_green:cultivation_sale": null, "urban_green:cultivation_type": null, "urban_green:dimension_sqm": null, "urban_green:fence": null, "urban_green:number_of_caretakers": null, "urban_green:owner_hours_week": null, "watsan:other": null, "watsan:other_description": null, "watsan:water_availability": null, "urban_green:owner_distance": null, "watsan:urban_agriculture": null, "urban_green:cultivation_consumer_description": null, "urban_green:cultivation_supplies_purchase": null, "amenity": null, "denotation": null, "leaf_cycle": null, "leaf_type": null, "ele": null, "wood": null, "description": null, "trees": null, "circumference": null, "fixme": null, "genus": null, "short_name": null, "species:wikidata": null, "species:wikipedia": null, "golf": null, "created_by": "Potlatch 0.10b", "security": null, "security:black_spot": null, "security:description": null, "sercurity": null, "basin": null, "intermittent": null, "landuse": null, "reservoir_type": null, "man_made": null, "note": null, "salt": null, "tidal": null, "wetland": null, "leisure": null, "colour": null, "addr:city": null, "addr:housenumber": null, "addr:street": null }, "geometry": { "type": "Polygon", "coordinates": [ [ [ 36.887854, -1.2565971 ], [ 36.8878282, -1.2565199 ], [ 36.8877767, -1.2564941 ], [ 36.8877081, -1.256477 ], [ 36.8876823, -1.2564169 ], [ 36.8876222, -1.256374 ], [ 36.8877081, -1.2563311 ], [ 36.8877767, -1.2563225 ], [ 36.887854, -1.256271 ], [ 36.8879484, -1.2562367 ], [ 36.8880257, -1.2562625 ], [ 36.8880772, -1.2562196 ], [ 36.8881372, -1.2561595 ], [ 36.8882231, -1.2561681 ], [ 36.8882231, -1.2562453 ], [ 36.8882402, -1.2563311 ], [ 36.8882831, -1.2564083 ], [ 36.8881973, -1.2564255 ], [ 36.8881029, -1.2564598 ], [ 36.8880171, -1.256477 ], [ 36.887957, -1.2565113 ], [ 36.887854, -1.2565971 ] ] ] } },
{ "type": "Feature", "properties": { "element": "way", "id": 25910142, "natural": "water", "water": "river", "name": null, "notes": null, "name:ko": null, "species": null, "height": null, "source": null, "type": null, "name:botanical": null, "landuse:urban_green": null, "operator:description": null, "urban_green:cultivation": null, "urban_green:cultivation_consumer": null, "urban_green:cultivation_sale": null, "urban_green:cultivation_type": null, "urban_green:dimension_sqm": null, "urban_green:fence": null, "urban_green:number_of_caretakers": null, "urban_green:owner_hours_week": null, "watsan:other": null, "watsan:other_description": null, "watsan:water_availability": null, "urban_green:owner_distance": null, "watsan:urban_agriculture": null, "urban_green:cultivation_consumer_description": null, "urban_green:cultivation_supplies_purchase": null, "amenity": null, "denotation": null, "leaf_cycle": null, "leaf_type": null, "ele": null, "wood": null, "description": null, "trees": null, "circumference": null, "fixme": null, "genus": null, "short_name": null, "species:wikidata": null, "species:wikipedia": null, "golf": null, "created_by": null, "security": null, "security:black_spot": null, "security:description": null, "sercurity": null, "basin": null, "intermittent": null, "landuse": null, "reservoir_type": null, "man_made": null, "note": null, "salt": null, "tidal": null, "wetland": null, "leisure": null, "colour": null, "addr:city": null, "addr:housenumber": null, "addr:street": null }, "geometry": { "type": "Polygon", "coordinates": [ [ [ 36.8858456, -1.2595919 ], [ 36.8857855, -1.2597463 ], [ 36.8856911, -1.2597978 ], [ 36.8855795, -1.2598579 ], [ 36.8854593, -1.259918 ], [ 36.8853306, -1.2599952 ], [ 36.8852705, -1.2600381 ], [ 36.8851932, -1.2600724 ], [ 36.8850645, -1.2600724 ], [ 36.8849529, -1.2600381 ], [ 36.8848328, -1.2599523 ], [ 36.8847298, -1.2598751 ], [ 36.8846096, -1.2598493 ], [ 36.8845066, -1.2598322 ], [ 36.8844036, -1.2598322 ], [ 36.8843006, -1.2598751 ], [ 36.8842319, -1.2599351 ], [ 36.8841976, -1.2600038 ], [ 36.8841804, -1.2601067 ], [ 36.8841719, -1.2602097 ], [ 36.8841204, -1.2602869 ], [ 36.8840431, -1.2603728 ], [ 36.8839573, -1.2604671 ], [ 36.8839058, -1.2605701 ], [ 36.8838114, -1.2606302 ], [ 36.8837255, -1.2606817 ], [ 36.8836311, -1.2607675 ], [ 36.8835968, -1.2608619 ], [ 36.8835195, -1.2610163 ], [ 36.8833994, -1.2611536 ], [ 36.883305, -1.2612566 ], [ 36.8831505, -1.2613767 ], [ 36.8830475, -1.2614797 ], [ 36.8829531, -1.2615312 ], [ 36.8828672, -1.2615741 ], [ 36.8827471, -1.2616599 ], [ 36.8826527, -1.26172 ], [ 36.8826097, -1.2618229 ], [ 36.8826097, -1.2619345 ], [ 36.8825497, -1.2620975 ], [ 36.8824982, -1.2621833 ], [ 36.8824123, -1.262252 ], [ 36.8823265, -1.2623206 ], [ 36.8822664, -1.2623979 ], [ 36.8822063, -1.2624837 ], [ 36.8821119, -1.2626124 ], [ 36.8820089, -1.2627068 ], [ 36.8818888, -1.2627497 ], [ 36.8817772, -1.2627669 ], [ 36.8816656, -1.2628183 ], [ 36.8815969, -1.2628698 ], [ 36.8815025, -1.2629385 ], [ 36.8814339, -1.26299 ], [ 36.8813394, -1.2630414 ], [ 36.881245, -1.2630329 ], [ 36.8811764, -1.2629642 ], [ 36.8810819, -1.2629471 ], [ 36.8809446, -1.2629728 ], [ 36.8808845, -1.2630329 ], [ 36.8808073, -1.2630758 ], [ 36.88073, -1.2630844 ], [ 36.8806356, -1.2631787 ], [ 36.880567, -1.2632646 ], [ 36.8805155, -1.2633504 ], [ 36.8804382, -1.263419 ], [ 36.8803953, -1.2634533 ], [ 36.8803095, -1.2634276 ], [ 36.8802065, -1.2634533 ], [ 36.8801292, -1.263522 ], [ 36.8802151, -1.2635391 ], [ 36.8802666, -1.2634877 ], [ 36.8803438, -1.2634705 ], [ 36.8804382, -1.2634877 ], [ 36.8805069, -1.2634276 ], [ 36.8805927, -1.263316 ], [ 36.8806442, -1.2632474 ], [ 36.8807215, -1.2631444 ], [ 36.8807815, -1.2631187 ], [ 36.8808674, -1.2631101 ], [ 36.8809446, -1.2630414 ], [ 36.8810305, -1.2629985 ], [ 36.881142, -1.2630071 ], [ 36.8812021, -1.2630586 ], [ 36.8812879, -1.2630929 ], [ 36.8813738, -1.2630929 ], [ 36.8814596, -1.2630414 ], [ 36.8815798, -1.2629213 ], [ 36.8816656, -1.2628784 ], [ 36.8817514, -1.2628183 ], [ 36.8818458, -1.2627926 ], [ 36.881966, -1.2627669 ], [ 36.8820862, -1.2626982 ], [ 36.8821806, -1.2625781 ], [ 36.8822664, -1.2624579 ], [ 36.8823265, -1.2623893 ], [ 36.8824037, -1.2623206 ], [ 36.882481, -1.2622606 ], [ 36.8825754, -1.2621662 ], [ 36.8826269, -1.2620804 ], [ 36.8826612, -1.2619431 ], [ 36.8826698, -1.2618229 ], [ 36.8827385, -1.2617371 ], [ 36.8828243, -1.2616685 ], [ 36.8829445, -1.2615998 ], [ 36.8830818, -1.2615398 ], [ 36.8831848, -1.2614196 ], [ 36.8832706, -1.2613167 ], [ 36.8833908, -1.2612051 ], [ 36.883511, -1.2611365 ], [ 36.8835968, -1.2609391 ], [ 36.8836655, -1.2608104 ], [ 36.883777, -1.2607074 ], [ 36.8838886, -1.2606302 ], [ 36.883983, -1.2605358 ], [ 36.8840431, -1.2604328 ], [ 36.8841204, -1.2603642 ], [ 36.8841976, -1.2602612 ], [ 36.8842405, -1.2601582 ], [ 36.8842405, -1.2600724 ], [ 36.8842834, -1.2599695 ], [ 36.8843521, -1.2599094 ], [ 36.8844637, -1.2598836 ], [ 36.8846439, -1.2599008 ], [ 36.8847298, -1.2599523 ], [ 36.8848499, -1.2600381 ], [ 36.8849443, -1.2600896 ], [ 36.8850645, -1.2601239 ], [ 36.8851932, -1.2601239 ], [ 36.8852962, -1.260081 ], [ 36.8854078, -1.2600038 ], [ 36.885528, -1.2599523 ], [ 36.8856396, -1.2598751 ], [ 36.8857855, -1.259815 ], [ 36.8858627, -1.2597292 ], [ 36.8859142, -1.2595919 ], [ 36.8858456, -1.2595919 ] ] ] } },
{ "type": "Feature", "properties": { "element": "way", "id": 49839121, "natural": "water", "water": null, "name": null, "notes": null, "name:ko": null, "species": null, "height": null, "source": null, "type": null, "name:botanical": null, "landuse:urban_green": null, "operator:description": null, "urban_green:cultivation": null, "urban_green:cultivation_consumer": null, "urban_green:cultivation_sale": null, "urban_green:cultivation_type": null, "urban_green:dimension_sqm": null, "urban_green:fence": null, "urban_green:number_of_caretakers": null, "urban_green:owner_hours_week": null, "watsan:other": null, "watsan:other_description": null, "watsan:water_availability": null, "urban_green:owner_distance": null, "watsan:urban_agriculture": null, "urban_green:cultivation_consumer_description": null, "urban_green:cultivation_supplies_purchase": null, "amenity": null, "denotation": null, "leaf_cycle": null, "leaf_type": null, "ele": null, "wood": null, "description": null, "trees": null, "circumference": null, "fixme": null, "genus": null, "short_name": null, "species:wikidata": null, "species:wikipedia": null, "golf": null, "created_by": null, "security": null, "security:black_spot": null, "security:description": null, "sercurity": null, "basin": null, "intermittent": null, "landuse": null, "reservoir_type": null, "man_made": null, "note": null, "salt": null, "tidal": null, "wetland": null, "leisure": null, "colour": null, "addr:city": null, "addr:housenumber": null, "addr:street": null }, "geometry": { "type": "Polygon", "coordinates": [ [ [ 36.7701646, -1.3531496 ], [ 36.7707415, -1.3533488 ], [ 36.7709093, -1.3537158 ], [ 36.7708464, -1.3539151 ], [ 36.7705527, -1.3539046 ], [ 36.7701121, -1.3536215 ], [ 36.7701646, -1.3531496 ] ] ] } },
{ "type": "Feature", "properties": { "element": "way", "id": 77517747, "natural": "water", "water": null, "name": null, "notes": null, "name:ko": null, "species": null, "height": null, "source": null, "type": null, "name:botanical": null, "landuse:urban_green": null, "operator:description": null, "urban_green:cultivation": null, "urban_green:cultivation_consumer": null, "urban_green:cultivation_sale": null, "urban_green:cultivation_type": null, "urban_green:dimension_sqm": null, "urban_green:fence": null, "urban_green:number_of_caretakers": null, "urban_green:owner_hours_week": null, "watsan:other": null, "watsan:other_description": null, "watsan:water_availability": null, "urban_green:owner_distance": null, "watsan:urban_agriculture": null, "urban_green:cultivation_consumer_description": null, "urban_green:cultivation_supplies_purchase": null, "amenity": null, "denotation": null, "leaf_cycle": null, "leaf_type": null, "ele": null, "wood": null, "description": null, "trees": null, "circumference": null, "fixme": null, "genus": null, "short_name": null, "species:wikidata": null, "species:wikipedia": null, "golf": null, "created_by": null, "security": null, "security:black_spot": null, "security:description": null, "sercurity": null, "basin": null, "intermittent": null, "landuse": null, "reservoir_type": null, "man_made": null, "note": null, "salt": null, "tidal": null, "wetland": null, "leisure": null, "colour": null, "addr:city": null, "addr:housenumber": null, "addr:street": null }, "geometry": { "type": "Polygon", "coordinates": [ [ [ 36.8829346, -1.31042 ], [ 36.8834206, -1.3102157 ], [ 36.8836186, -1.3099748 ], [ 36.8837727, -1.309866 ], [ 36.8839149, -1.3098546 ], [ 36.884089, -1.3099224 ], [ 36.8842108, -1.3100664 ], [ 36.884133, -1.3102368 ], [ 36.8840029, -1.310356 ], [ 36.8835751, -1.3103901 ], [ 36.8834319, -1.3105521 ], [ 36.883258, -1.3109821 ], [ 36.8829784, -1.310862 ], [ 36.8829275, -1.3107472 ], [ 36.8827628, -1.310641 ], [ 36.8829346, -1.31042 ] ] ] } },
{ "type": "Feature", "properties": { "element": "way", "id": 84629929, "natural": "water", "water": null, "name": null, "notes": null, "name:ko": null, "species": null, "height": null, "source": "LandSat", "type": null, "name:botanical": null, "landuse:urban_green": null, "operator:description": null, "urban_green:cultivation": null, "urban_green:cultivation_consumer": null, "urban_green:cultivation_sale": null, "urban_green:cultivation_type": null, "urban_green:dimension_sqm": null, "urban_green:fence": null, "urban_green:number_of_caretakers": null, "urban_green:owner_hours_week": null, "watsan:other": null, "watsan:other_description": null, "watsan:water_availability": null, "urban_green:owner_distance": null, "watsan:urban_agriculture": null, "urban_green:cultivation_consumer_description": null, "urban_green:cultivation_supplies_purchase": null, "amenity": null, "denotation": null, "leaf_cycle": null, "leaf_type": null, "ele": null, "wood": null, "description": null, "trees": null, "circumference": null, "fixme": null, "genus": null, "short_name": null, "species:wikidata": null, "species:wikipedia": null, "golf": null, "created_by": null, "security": null, "security:black_spot": null, "security:description": null, "sercurity": null, "basin": null, "intermittent": null, "landuse": null, "reservoir_type": null, "man_made": null, "note": null, "salt": null, "tidal": null, "wetland": null, "leisure": null, "colour": null, "addr:city": null, "addr:housenumber": null, "addr:street": null }, "geometry": { "type": "Polygon", "coordinates": [ [ [ 36.9038606, -1.1755232 ], [ 36.9041507, -1.1749412 ], [ 36.9021075, -1.1741735 ], [ 36.9018571, -1.1731589 ], [ 36.8993295, -1.1723541 ], [ 36.8990617, -1.1729472 ], [ 36.9017131, -1.1738243 ], [ 36.9016511, -1.1746445 ], [ 36.9038606, -1.1755232 ] ] ] } },
{ "type": "Feature", "properties": { "element": "way", "id": 84630510, "natural": "water", "water": "basin", "name": null, "notes": null, "name:ko": null, "species": null, "height": null, "source": "Bing", "type": null, "name:botanical": null, "landuse:urban_green": null, "operator:description": null, "urban_green:cultivation": null, "urban_green:cultivation_consumer": null, "urban_green:cultivation_sale": null, "urban_green:cultivation_type": null, "urban_green:dimension_sqm": null, "urban_green:fence": null, "urban_green:number_of_caretakers": null, "urban_green:owner_hours_week": null, "watsan:other": null, "watsan:other_description": null, "watsan:water_availability": null, "urban_green:owner_distance": null, "watsan:urban_agriculture": null, "urban_green:cultivation_consumer_description": null, "urban_green:cultivation_supplies_purchase": null, "amenity": null, "denotation": null, "leaf_cycle": null, "leaf_type": null, "ele": null, "wood": null, "description": null, "trees": null, "circumference": null, "fixme": null, "genus": null, "short_name": null, "species:wikidata": null, "species:wikipedia": null, "golf": null, "created_by": null, "security": null, "security:black_spot": null, "security:description": null, "sercurity": null, "basin": null, "intermittent": null, "landuse": null, "reservoir_type": null, "man_made": null, "note": null, "salt": null, "tidal": null, "wetland": null, "leisure": null, "colour": null, "addr:city": null, "addr:housenumber": null, "addr:street": null }, "geometry": { "type": "Polygon", "coordinates": [ [ [ 37.021825, -1.2379035 ], [ 37.0224815, -1.2391001 ], [ 37.0248675, -1.2377916 ], [ 37.024211, -1.236595 ], [ 37.021825, -1.2379035 ] ] ] } },
{ "type": "Feature", "properties": { "element": "way", "id": 84630513, "natural": "water", "water": "basin", "name": null, "notes": null, "name:ko": null, "species": null, "height": null, "source": "Bing", "type": null, "name:botanical": null, "landuse:urban_green": null, "operator:description": null, "urban_green:cultivation": null, "urban_green:cultivation_consumer": null, "urban_green:cultivation_sale": null, "urban_green:cultivation_type": null, "urban_green:dimension_sqm": null, "urban_green:fence": null, "urban_green:number_of_caretakers": null, "urban_green:owner_hours_week": null, "watsan:other": null, "watsan:other_description": null, "watsan:water_availability": null, "urban_green:owner_distance": null, "watsan:urban_agriculture": null, "urban_green:cultivation_consumer_description": null, "urban_green:cultivation_supplies_purchase": null, "amenity": null, "denotation": null, "leaf_cycle": null, "leaf_type": null, "ele": null, "wood": null, "description": null, "trees": null, "circumference": null, "fixme": null, "genus": null, "short_name": null, "species:wikidata": null, "species:wikipedia": null, "golf": null, "created_by": null, "security": null, "security:black_spot": null, "security:description": null, "sercurity": null, "basin": null, "intermittent": null, "landuse": null, "reservoir_type": null, "man_made": null, "note": null, "salt": null, "tidal": null, "wetland": null, "leisure": null, "colour": null, "addr:city": null, "addr:housenumber": null, "addr:street": null }, "geometry": { "type": "Polygon", "coordinates": [ [ [ 37.0225278, -1.2391851 ], [ 37.0232011, -1.2403909 ], [ 37.0255735, -1.2390669 ], [ 37.0249002, -1.2378611 ], [ 37.0225278, -1.2391851 ] ] ] } },
{ "type": "Feature", "properties": { "element": "way", "id": 84630518, "natural": "water", "water": "basin", "name": null, "notes": null, "name:ko": null, "species": null, "height": null, "source": "Bing", "type": null, "name:botanical": null, "landuse:urban_green": null, "operator:description": null, "urban_green:cultivation": null, "urban_green:cultivation_consumer": null, "urban_green:cultivation_sale": null, "urban_green:cultivation_type": null, "urban_green:dimension_sqm": null, "urban_green:fence": null, "urban_green:number_of_caretakers": null, "urban_green:owner_hours_week": null, "watsan:other": null, "watsan:other_description": null, "watsan:water_availability": null, "urban_green:owner_distance": null, "watsan:urban_agriculture": null, "urban_green:cultivation_consumer_description": null, "urban_green:cultivation_supplies_purchase": null, "amenity": null, "denotation": null, "leaf_cycle": null, "leaf_type": null, "ele": null, "wood": null, "description": null, "trees": null, "circumference": null, "fixme": null, "genus": null, "short_name": null, "species:wikidata": null, "species:wikipedia": null, "golf": null, "created_by": null, "security": null, "security:black_spot": null, "security:description": null, "sercurity": null, "basin": null, "intermittent": null, "landuse": null, "reservoir_type": null, "man_made": null, "note": null, "salt": null, "tidal": null, "wetland": null, "leisure": null, "colour": null, "addr:city": null, "addr:housenumber": null, "addr:street": null }, "geometry": { "type": "Polygon", "coordinates": [ [ [ 37.0242768, -1.2365193 ], [ 37.0249418, -1.2377159 ], [ 37.0273049, -1.2364035 ], [ 37.02664, -1.2352068 ], [ 37.0242768, -1.2365193 ] ] ] } },
{ "type": "Feature", "properties": { "element": "way", "id": 84630521, "natural": "water", "water": "basin", "name": null, "notes": null, "name:ko": null, "species": null, "height": null, "source": "Bing", "type": null, "name:botanical": null, "landuse:urban_green": null, "operator:description": null, "urban_green:cultivation": null, "urban_green:cultivation_consumer": null, "urban_green:cultivation_sale": null, "urban_green:cultivation_type": null, "urban_green:dimension_sqm": null, "urban_green:fence": null, "urban_green:number_of_caretakers": null, "urban_green:owner_hours_week": null, "watsan:other": null, "watsan:other_description": null, "watsan:water_availability": null, "urban_green:owner_distance": null, "watsan:urban_agriculture": null, "urban_green:cultivation_consumer_description": null, "urban_green:cultivation_supplies_purchase": null, "amenity": null, "denotation": null, "leaf_cycle": null, "leaf_type": null, "ele": null, "wood": null, "description": null, "trees": null, "circumference": null, "fixme": null, "genus": null, "short_name": null, "species:wikidata": null, "species:wikipedia": null, "golf": null, "created_by": null, "security": null, "security:black_spot": null, "security:description": null, "sercurity": null, "basin": null, "intermittent": null, "landuse": null, "reservoir_type": null, "man_made": null, "note": null, "salt": null, "tidal": null, "wetland": null, "leisure": null, "colour": null, "addr:city": null, "addr:housenumber": null, "addr:street": null }, "geometry": { "type": "Polygon", "coordinates": [ [ [ 37.0287891, -1.2446589 ], [ 37.0311607, -1.2433408 ], [ 37.0310476, -1.2431374 ], [ 37.0280655, -1.2377733 ], [ 37.0256931, -1.2390917 ], [ 37.0283591, -1.2438857 ], [ 37.0287891, -1.2446589 ] ] ] } },
{ "type": "Feature", "properties": { "element": "way", "id": 84630522, "natural": "water", "water": "basin", "name": null, "notes": null, "name:ko": null, "species": null, "height": null, "source": "Bing", "type": null, "name:botanical": null, "landuse:urban_green": null, "operator:description": null, "urban_green:cultivation": null, "urban_green:cultivation_consumer": null, "urban_green:cultivation_sale": null, "urban_green:cultivation_type": null, "urban_green:dimension_sqm": null, "urban_green:fence": null, "urban_green:number_of_caretakers": null, "urban_green:owner_hours_week": null, "watsan:other": null, "watsan:other_description": null, "watsan:water_availability": null, "urban_green:owner_distance": null, "watsan:urban_agriculture": null, "urban_green:cultivation_consumer_description": null, "urban_green:cultivation_supplies_purchase": null, "amenity": null, "denotation": null, "leaf_cycle": null, "leaf_type": null, "ele": null, "wood": null, "description": null, "trees": null, "circumference": null, "fixme": null, "genus": null, "short_name": null, "species:wikidata": null, "species:wikipedia": null, "golf": null, "created_by": null, "security": null, "security:black_spot": null, "security:description": null, "sercurity": null, "basin": null, "intermittent": null, "landuse": null, "reservoir_type": null, "man_made": null, "note": null, "salt": null, "tidal": null, "wetland": null, "leisure": null, "colour": null, "addr:city": null, "addr:housenumber": null, "addr:street": null }, "geometry": { "type": "Polygon", "coordinates": [ [ [ 37.0249879, -1.2378102 ], [ 37.0256688, -1.2390241 ], [ 37.0280277, -1.2377014 ], [ 37.0273468, -1.2364875 ], [ 37.0249879, -1.2378102 ] ] ] } },
{ "type": "Feature", "properties": { "element": "way", "id": 84630527, "natural": "water", "water": "basin", "name": null, "notes": null, "name:ko": null, "species": null, "height": null, "source": "Bing", "type": null, "name:botanical": null, "landuse:urban_green": null, "operator:description": null, "urban_green:cultivation": null, "urban_green:cultivation_consumer": null, "urban_green:cultivation_sale": null, "urban_green:cultivation_type": null, "urban_green:dimension_sqm": null, "urban_green:fence": null, "urban_green:number_of_caretakers": null, "urban_green:owner_hours_week": null, "watsan:other": null, "watsan:other_description": null, "watsan:water_availability": null, "urban_green:owner_distance": null, "watsan:urban_agriculture": null, "urban_green:cultivation_consumer_description": null, "urban_green:cultivation_supplies_purchase": null, "amenity": null, "denotation": null, "leaf_cycle": null, "leaf_type": null, "ele": null, "wood": null, "description": null, "trees": null, "circumference": null, "fixme": null, "genus": null, "short_name": null, "species:wikidata": null, "species:wikipedia": null, "golf": null, "created_by": null, "security": null, "security:black_spot": null, "security:description": null, "sercurity": null, "basin": null, "intermittent": null, "landuse": null, "reservoir_type": null, "man_made": null, "note": null, "salt": null, "tidal": null, "wetland": null, "leisure": null, "colour": null, "addr:city": null, "addr:housenumber": null, "addr:street": null }, "geometry": { "type": "Polygon", "coordinates": [ [ [ 37.0235672, -1.2352345 ], [ 37.024241, -1.2364471 ], [ 37.0265977, -1.235138 ], [ 37.0259239, -1.2339255 ], [ 37.0235672, -1.2352345 ] ] ] } },
{ "type": "Feature", "properties": { "element": "way", "id": 84630542, "natural": "water", "water": "basin", "name": null, "notes": null, "name:ko": null, "species": null, "height": null, "source": "Bing", "type": null, "name:botanical": null, "landuse:urban_green": null, "operator:description": null, "urban_green:cultivation": null, "urban_green:cultivation_consumer": null, "urban_green:cultivation_sale": null, "urban_green:cultivation_type": null, "urban_green:dimension_sqm": null, "urban_green:fence": null, "urban_green:number_of_caretakers": null, "urban_green:owner_hours_week": null, "watsan:other": null, "watsan:other_description": null, "watsan:water_availability": null, "urban_green:owner_distance": null, "watsan:urban_agriculture": null, "urban_green:cultivation_consumer_description": null, "urban_green:cultivation_supplies_purchase": null, "amenity": null, "denotation": null, "leaf_cycle": null, "leaf_type": null, "ele": null, "wood": null, "description": null, "trees": null, "circumference": null, "fixme": null, "genus": null, "short_name": null, "species:wikidata": null, "species:wikipedia": null, "golf": null, "created_by": null, "security": null, "security:black_spot": null, "security:description": null, "sercurity": null, "basin": null, "intermittent": null, "landuse": null, "reservoir_type": null, "man_made": null, "note": null, "salt": null, "tidal": null, "wetland": null, "leisure": null, "colour": null, "addr:city": null, "addr:housenumber": null, "addr:street": null }, "geometry": { "type": "Polygon", "coordinates": [ [ [ 37.0256164, -1.239151 ], [ 37.0232293, -1.2404727 ], [ 37.0263211, -1.2460541 ], [ 37.0287082, -1.2447324 ], [ 37.0256164, -1.239151 ] ] ] } },
{ "type": "Feature", "properties": { "element": "way", "id": 87631987, "natural": "water", "water": null, "name": null, "notes": null, "name:ko": null, "species": null, "height": null, "source": null, "type": null, "name:botanical": null, "landuse:urban_green": null, "operator:description": null, "urban_green:cultivation": null, "urban_green:cultivation_consumer": null, "urban_green:cultivation_sale": null, "urban_green:cultivation_type": null, "urban_green:dimension_sqm": null, "urban_green:fence": null, "urban_green:number_of_caretakers": null, "urban_green:owner_hours_week": null, "watsan:other": null, "watsan:other_description": null, "watsan:water_availability": null, "urban_green:owner_distance": null, "watsan:urban_agriculture": null, "urban_green:cultivation_consumer_description": null, "urban_green:cultivation_supplies_purchase": null, "amenity": null, "denotation": null, "leaf_cycle": null, "leaf_type": null, "ele": null, "wood": null, "description": null, "trees": null, "circumference": null, "fixme": null, "genus": null, "short_name": null, "species:wikidata": null, "species:wikipedia": null, "golf": null, "created_by": null, "security": null, "security:black_spot": null, "security:description": null, "sercurity": null, "basin": null, "intermittent": null, "landuse": null, "reservoir_type": null, "man_made": null, "note": null, "salt": null, "tidal": null, "wetland": null, "leisure": null, "colour": null, "addr:city": null, "addr:housenumber": null, "addr:street": null }, "geometry": { "type": "Polygon", "coordinates": [ [ [ 36.7486354, -1.3318808 ], [ 36.7486306, -1.3318187 ], [ 36.7486676, -1.3314364 ], [ 36.7486823, -1.3314148 ], [ 36.7487026, -1.3314249 ], [ 36.748978, -1.3317631 ], [ 36.7492785, -1.332101 ], [ 36.7495359, -1.3323423 ], [ 36.7498256, -1.3324013 ], [ 36.7501099, -1.3323638 ], [ 36.7503996, -1.3323209 ], [ 36.7505284, -1.3323638 ], [ 36.7505713, -1.3324711 ], [ 36.7505713, -1.3326588 ], [ 36.7505391, -1.3327821 ], [ 36.7505713, -1.332884 ], [ 36.750582, -1.3329645 ], [ 36.7505069, -1.3330234 ], [ 36.7502387, -1.3330234 ], [ 36.7500938, -1.3330503 ], [ 36.7501046, -1.3331093 ], [ 36.7502655, -1.33312 ], [ 36.7503621, -1.3331146 ], [ 36.7503728, -1.3331629 ], [ 36.7500027, -1.3331682 ], [ 36.7499007, -1.3330395 ], [ 36.7498417, -1.3330556 ], [ 36.7496862, -1.3329001 ], [ 36.749375, -1.3326373 ], [ 36.7491443, -1.3324174 ], [ 36.74886, -1.3321225 ], [ 36.7486565, -1.331919 ], [ 36.7486354, -1.3318808 ] ] ] } },
{ "type": "Feature", "properties": { "element": "way", "id": 87631991, "natural": "water", "water": null, "name": null, "notes": null, "name:ko": null, "species": null, "height": null, "source": null, "type": null, "name:botanical": null, "landuse:urban_green": null, "operator:description": null, "urban_green:cultivation": null, "urban_green:cultivation_consumer": null, "urban_green:cultivation_sale": null, "urban_green:cultivation_type": null, "urban_green:dimension_sqm": null, "urban_green:fence": null, "urban_green:number_of_caretakers": null, "urban_green:owner_hours_week": null, "watsan:other": null, "watsan:other_description": null, "watsan:water_availability": null, "urban_green:owner_distance": null, "watsan:urban_agriculture": null, "urban_green:cultivation_consumer_description": null, "urban_green:cultivation_supplies_purchase": null, "amenity": null, "denotation": null, "leaf_cycle": null, "leaf_type": null, "ele": null, "wood": null, "description": null, "trees": null, "circumference": null, "fixme": null, "genus": null, "short_name": null, "species:wikidata": null, "species:wikipedia": null, "golf": null, "created_by": null, "security": null, "security:black_spot": null, "security:description": null, "sercurity": null, "basin": null, "intermittent": null, "landuse": null, "reservoir_type": null, "man_made": null, "note": null, "salt": null, "tidal": null, "wetland": null, "leisure": null, "colour": null, "addr:city": null, "addr:housenumber": null, "addr:street": null }, "geometry": { "type": "Polygon", "coordinates": [ [ [ 36.7510204, -1.3323906 ], [ 36.7510955, -1.3323531 ], [ 36.7511813, -1.332333 ], [ 36.7513262, -1.3323397 ], [ 36.751412, -1.3323598 ], [ 36.7514993, -1.3324121 ], [ 36.7515852, -1.3324657 ], [ 36.75164, -1.3324925 ], [ 36.7517097, -1.3325153 ], [ 36.7517828, -1.3325253 ], [ 36.7518566, -1.3325528 ], [ 36.7518821, -1.332585 ], [ 36.7518827, -1.3326333 ], [ 36.7518606, -1.3327432 ], [ 36.7518277, -1.3328036 ], [ 36.7517728, -1.3328344 ], [ 36.7517231, -1.3328532 ], [ 36.7516588, -1.3328411 ], [ 36.7515863, -1.3327875 ], [ 36.7515139, -1.3327405 ], [ 36.7513892, -1.3326775 ], [ 36.7513116, -1.3326427 ], [ 36.7512484, -1.3326078 ], [ 36.7511424, -1.332577 ], [ 36.7510271, -1.3325408 ], [ 36.7509828, -1.3324992 ], [ 36.7509828, -1.3324442 ], [ 36.7510204, -1.3323906 ] ] ] } },
{ "type": "Feature", "properties": { "element": "way", "id": 87647428, "natural": "water", "water": "reservoir", "name": "Kangemi Dam", "notes": null, "name:ko": null, "species": null, "height": null, "source": null, "type": null, "name:botanical": null, "landuse:urban_green": null, "operator:description": null, "urban_green:cultivation": null, "urban_green:cultivation_consumer": null, "urban_green:cultivation_sale": null, "urban_green:cultivation_type": null, "urban_green:dimension_sqm": null, "urban_green:fence": null, "urban_green:number_of_caretakers": null, "urban_green:owner_hours_week": null, "watsan:other": null, "watsan:other_description": null, "watsan:water_availability": null, "urban_green:owner_distance": null, "watsan:urban_agriculture": null, "urban_green:cultivation_consumer_description": null, "urban_green:cultivation_supplies_purchase": null, "amenity": null, "denotation": null, "leaf_cycle": null, "leaf_type": null, "ele": null, "wood": null, "description": null, "trees": null, "circumference": null, "fixme": null, "genus": null, "short_name": null, "species:wikidata": null, "species:wikipedia": null, "golf": null, "created_by": null, "security": null, "security:black_spot": null, "security:description": null, "sercurity": null, "basin": null, "intermittent": null, "landuse": null, "reservoir_type": null, "man_made": null, "note": null, "salt": null, "tidal": null, "wetland": null, "leisure": null, "colour": null, "addr:city": null, "addr:housenumber": null, "addr:street": null }, "geometry": { "type": "Polygon", "coordinates": [ [ [ 36.7354918, -1.2633306 ], [ 36.7355749, -1.2633681 ], [ 36.735819, -1.2633321 ], [ 36.7359739, -1.2633113 ], [ 36.7359994, -1.2633113 ], [ 36.7360651, -1.2633267 ], [ 36.7361321, -1.2633622 ], [ 36.7361724, -1.263383 ], [ 36.7361905, -1.2634031 ], [ 36.7362039, -1.2634279 ], [ 36.736222, -1.2634601 ], [ 36.7362488, -1.2634836 ], [ 36.7362924, -1.2635157 ], [ 36.7363662, -1.263568 ], [ 36.7364111, -1.2636009 ], [ 36.7364775, -1.263625 ], [ 36.7365204, -1.2636304 ], [ 36.7366961, -1.2636445 ], [ 36.7367531, -1.2636425 ], [ 36.7367819, -1.2636297 ], [ 36.7367987, -1.2636176 ], [ 36.7368141, -1.2636062 ], [ 36.7368288, -1.2636009 ], [ 36.7368624, -1.2635975 ], [ 36.7368979, -1.2635975 ], [ 36.736916, -1.2636022 ], [ 36.7370858, -1.2635986 ], [ 36.7372138, -1.2635746 ], [ 36.7374096, -1.2635585 ], [ 36.737592, -1.2635022 ], [ 36.7376979, -1.2634673 ], [ 36.7379232, -1.2634405 ], [ 36.7381163, -1.2634043 ], [ 36.7381807, -1.2633266 ], [ 36.7383832, -1.2633279 ], [ 36.7384463, -1.2632703 ], [ 36.7384905, -1.2632019 ], [ 36.738581, -1.2631429 ], [ 36.7386408, -1.2631067 ], [ 36.7386823, -1.2630866 ], [ 36.7387024, -1.2630598 ], [ 36.7387265, -1.2629176 ], [ 36.7387882, -1.262805 ], [ 36.7388022, -1.2624981 ], [ 36.7387641, -1.2620354 ], [ 36.7387239, -1.2616814 ], [ 36.7386622, -1.2616305 ], [ 36.738469, -1.2616412 ], [ 36.7382411, -1.2617404 ], [ 36.7379085, -1.2620729 ], [ 36.737651, -1.2623089 ], [ 36.7373372, -1.2626173 ], [ 36.7370502, -1.2628291 ], [ 36.7367337, -1.262864 ], [ 36.7364467, -1.2628265 ], [ 36.736283, -1.2628426 ], [ 36.7361248, -1.262805 ], [ 36.7360229, -1.2626978 ], [ 36.7358834, -1.2626441 ], [ 36.7357278, -1.2625771 ], [ 36.7356152, -1.262687 ], [ 36.7357359, -1.2627728 ], [ 36.7357225, -1.2629418 ], [ 36.7355481, -1.2630356 ], [ 36.7354355, -1.2631107 ], [ 36.7354086, -1.2632207 ], [ 36.7354918, -1.2633306 ] ] ] } },
{ "type": "Feature", "properties": { "element": "way", "id": 96702306, "natural": "water", "water": "basin", "name": "Nairobi Dam", "notes": null, "name:ko": null, "species": null, "height": null, "source": null, "type": null, "name:botanical": null, "landuse:urban_green": null, "operator:description": null, "urban_green:cultivation": null, "urban_green:cultivation_consumer": null, "urban_green:cultivation_sale": null, "urban_green:cultivation_type": null, "urban_green:dimension_sqm": null, "urban_green:fence": null, "urban_green:number_of_caretakers": null, "urban_green:owner_hours_week": null, "watsan:other": null, "watsan:other_description": null, "watsan:water_availability": null, "urban_green:owner_distance": null, "watsan:urban_agriculture": null, "urban_green:cultivation_consumer_description": null, "urban_green:cultivation_supplies_purchase": null, "amenity": null, "denotation": null, "leaf_cycle": null, "leaf_type": null, "ele": null, "wood": null, "description": null, "trees": null, "circumference": null, "fixme": null, "genus": null, "short_name": null, "species:wikidata": null, "species:wikipedia": null, "golf": null, "created_by": null, "security": null, "security:black_spot": null, "security:description": null, "sercurity": null, "basin": "water", "intermittent": "yes", "landuse": null, "reservoir_type": null, "man_made": null, "note": null, "salt": null, "tidal": null, "wetland": null, "leisure": null, "colour": null, "addr:city": null, "addr:housenumber": null, "addr:street": null }, "geometry": { "type": "Polygon", "coordinates": [ [ [ 36.7511232, -1.2436891 ], [ 36.7512099, -1.2437891 ], [ 36.7513032, -1.2438291 ], [ 36.7513966, -1.2438557 ], [ 36.7514566, -1.2438224 ], [ 36.7515432, -1.2437624 ], [ 36.7516366, -1.2437624 ], [ 36.7517299, -1.2437357 ], [ 36.7518499, -1.2436558 ], [ 36.7519232, -1.2435758 ], [ 36.7520832, -1.2435691 ], [ 36.7522299, -1.2436358 ], [ 36.7523632, -1.2437024 ], [ 36.7524699, -1.2437424 ], [ 36.7525432, -1.2437691 ], [ 36.7526232, -1.2438024 ], [ 36.7527365, -1.2438357 ], [ 36.7528498, -1.2438824 ], [ 36.7529632, -1.2438624 ], [ 36.7530965, -1.2438624 ], [ 36.7531965, -1.2438157 ], [ 36.7533498, -1.2437757 ], [ 36.7534032, -1.2436891 ], [ 36.7535231, -1.2437157 ], [ 36.7535765, -1.2436358 ], [ 36.7536898, -1.2436091 ], [ 36.7538498, -1.2436291 ], [ 36.7539765, -1.2436358 ], [ 36.7541365, -1.2435891 ], [ 36.7542831, -1.2434891 ], [ 36.7544298, -1.2434092 ], [ 36.7545631, -1.2433692 ], [ 36.7546898, -1.2433425 ], [ 36.7547831, -1.2432892 ], [ 36.7548698, -1.2433292 ], [ 36.7549898, -1.2433292 ], [ 36.7550831, -1.2432759 ], [ 36.7552098, -1.2432026 ], [ 36.7553231, -1.2431492 ], [ 36.7553964, -1.2430693 ], [ 36.7554697, -1.2430293 ], [ 36.7555497, -1.2430759 ], [ 36.7556897, -1.2430693 ], [ 36.7557164, -1.2429826 ], [ 36.7558431, -1.242956 ], [ 36.7559431, -1.2429693 ], [ 36.7560431, -1.2428493 ], [ 36.7561631, -1.242616 ], [ 36.7561831, -1.2425227 ], [ 36.7561431, -1.2424428 ], [ 36.7560631, -1.2423961 ], [ 36.7559031, -1.2423028 ], [ 36.7557497, -1.2423028 ], [ 36.7556231, -1.2423361 ], [ 36.7554164, -1.2424294 ], [ 36.7553431, -1.2425227 ], [ 36.7552231, -1.2425561 ], [ 36.7551098, -1.2426294 ], [ 36.7549698, -1.2426894 ], [ 36.7548498, -1.242716 ], [ 36.7546898, -1.2427627 ], [ 36.7545364, -1.2427827 ], [ 36.7544164, -1.242796 ], [ 36.7543165, -1.2428626 ], [ 36.7542431, -1.2429426 ], [ 36.7541431, -1.2430226 ], [ 36.7540365, -1.2431092 ], [ 36.7539565, -1.2431826 ], [ 36.7538298, -1.2432359 ], [ 36.7537098, -1.2432425 ], [ 36.7535898, -1.2432759 ], [ 36.7534765, -1.2433092 ], [ 36.7533498, -1.2433692 ], [ 36.7532632, -1.2434292 ], [ 36.7531232, -1.2434958 ], [ 36.7530098, -1.2435158 ], [ 36.7528365, -1.2435225 ], [ 36.7527498, -1.2434691 ], [ 36.7526232, -1.2434158 ], [ 36.7524365, -1.2433292 ], [ 36.7523099, -1.2432959 ], [ 36.7521232, -1.2432959 ], [ 36.7519765, -1.2433159 ], [ 36.7518299, -1.2433625 ], [ 36.7516765, -1.2434292 ], [ 36.7515699, -1.2434691 ], [ 36.7513966, -1.2434691 ], [ 36.7512832, -1.2434558 ], [ 36.7511766, -1.2434691 ], [ 36.7510766, -1.2435158 ], [ 36.7510566, -1.2435958 ], [ 36.7511232, -1.2436891 ] ] ] } },
{ "type": "Feature", "properties": { "element": "way", "id": 100149053, "natural": "water", "water": "reservoir", "name": "Athi Dam", "notes": null, "name:ko": null, "species": null, "height": null, "source": null, "type": null, "name:botanical": null, "landuse:urban_green": null, "operator:description": null, "urban_green:cultivation": null, "urban_green:cultivation_consumer": null, "urban_green:cultivation_sale": null, "urban_green:cultivation_type": null, "urban_green:dimension_sqm": null, "urban_green:fence": null, "urban_green:number_of_caretakers": null, "urban_green:owner_hours_week": null, "watsan:other": null, "watsan:other_description": null, "watsan:water_availability": null, "urban_green:owner_distance": null, "watsan:urban_agriculture": null, "urban_green:cultivation_consumer_description": null, "urban_green:cultivation_supplies_purchase": null, "amenity": null, "denotation": null, "leaf_cycle": null, "leaf_type": null, "ele": null, "wood": null, "description": null, "trees": null, "circumference": null, "fixme": null, "genus": null, "short_name": null, "species:wikidata": null, "species:wikipedia": null, "golf": null, "created_by": null, "security": null, "security:black_spot": null, "security:description": null, "sercurity": null, "basin": null, "intermittent": null, "landuse": null, "reservoir_type": null, "man_made": null, "note": null, "salt": null, "tidal": null, "wetland": null, "leisure": null, "colour": null, "addr:city": null, "addr:housenumber": null, "addr:street": null }, "geometry": { "type": "Polygon", "coordinates": [ [ [ 36.9305689, -1.4130645 ], [ 36.9307512, -1.4133488 ], [ 36.9294439, -1.4142818 ], [ 36.9288201, -1.414727 ], [ 36.9286806, -1.4146948 ], [ 36.9283694, -1.4141049 ], [ 36.9283963, -1.413633 ], [ 36.9285787, -1.4135579 ], [ 36.9286055, -1.4134614 ], [ 36.9283909, -1.4133917 ], [ 36.9282943, -1.413263 ], [ 36.9282353, -1.412909 ], [ 36.928112, -1.4127374 ], [ 36.9280366, -1.412236 ], [ 36.9281546, -1.4119464 ], [ 36.9281063, -1.4116032 ], [ 36.9281707, -1.4113136 ], [ 36.9283319, -1.4112037 ], [ 36.9285089, -1.4112787 ], [ 36.9286859, -1.411209 ], [ 36.9287128, -1.4109784 ], [ 36.9287235, -1.4108015 ], [ 36.928584, -1.4105762 ], [ 36.9285733, -1.4104261 ], [ 36.9284714, -1.4103403 ], [ 36.9282353, -1.4103403 ], [ 36.9281763, -1.4101686 ], [ 36.9282192, -1.4100346 ], [ 36.9282729, -1.4100024 ], [ 36.9282246, -1.4099434 ], [ 36.9280902, -1.4097798 ], [ 36.9281063, -1.4095653 ], [ 36.9282407, -1.4097879 ], [ 36.928407, -1.4098522 ], [ 36.9285143, -1.4099809 ], [ 36.9286967, -1.410174 ], [ 36.9287825, -1.4104207 ], [ 36.9288737, -1.4105548 ], [ 36.9290078, -1.4107317 ], [ 36.9291044, -1.4109409 ], [ 36.9290722, -1.4111715 ], [ 36.929335, -1.4114772 ], [ 36.9295925, -1.4118204 ], [ 36.9297856, -1.4121797 ], [ 36.9299251, -1.4124049 ], [ 36.9301933, -1.4126945 ], [ 36.9304133, -1.4128983 ], [ 36.9305689, -1.4130645 ] ] ] } },
{ "type": "Feature", "properties": { "element": "way", "id": 100149227, "natural": "water", "water": "reservoir", "name": null, "notes": null, "name:ko": null, "species": null, "height": null, "source": null, "type": null, "name:botanical": null, "landuse:urban_green": null, "operator:description": null, "urban_green:cultivation": null, "urban_green:cultivation_consumer": null, "urban_green:cultivation_sale": null, "urban_green:cultivation_type": null, "urban_green:dimension_sqm": null, "urban_green:fence": null, "urban_green:number_of_caretakers": null, "urban_green:owner_hours_week": null, "watsan:other": null, "watsan:other_description": null, "watsan:water_availability": null, "urban_green:owner_distance": null, "watsan:urban_agriculture": null, "urban_green:cultivation_consumer_description": null, "urban_green:cultivation_supplies_purchase": null, "amenity": null, "denotation": null, "leaf_cycle": null, "leaf_type": null, "ele": null, "wood": null, "description": null, "trees": null, "circumference": null, "fixme": null, "genus": null, "short_name": null, "species:wikidata": null, "species:wikipedia": null, "golf": null, "created_by": null, "security": null, "security:black_spot": null, "security:description": null, "sercurity": null, "basin": null, "intermittent": null, "landuse": "reservoir", "reservoir_type": null, "man_made": null, "note": null, "salt": null, "tidal": null, "wetland": null, "leisure": null, "colour": null, "addr:city": null, "addr:housenumber": null, "addr:street": null }, "geometry": { "type": "Polygon", "coordinates": [ [ [ 36.9554112, -1.3244434 ], [ 36.9557974, -1.3251513 ], [ 36.9553039, -1.3254945 ], [ 36.9549177, -1.3258807 ], [ 36.9543812, -1.3262668 ], [ 36.95348, -1.3264813 ], [ 36.9530938, -1.3263312 ], [ 36.9526432, -1.32661 ], [ 36.9522365, -1.3269104 ], [ 36.9525573, -1.3263526 ], [ 36.9532011, -1.3260737 ], [ 36.9536731, -1.3260308 ], [ 36.9540594, -1.3257305 ], [ 36.9545958, -1.3251942 ], [ 36.9550893, -1.3247223 ], [ 36.9554112, -1.3244434 ] ] ] } },
{ "type": "Feature", "properties": { "element": "way", "id": 100149229, "natural": "water", "water": "reservoir", "name": null, "notes": null, "name:ko": null, "species": null, "height": null, "source": null, "type": null, "name:botanical": null, "landuse:urban_green": null, "operator:description": null, "urban_green:cultivation": null, "urban_green:cultivation_consumer": null, "urban_green:cultivation_sale": null, "urban_green:cultivation_type": null, "urban_green:dimension_sqm": null, "urban_green:fence": null, "urban_green:number_of_caretakers": null, "urban_green:owner_hours_week": null, "watsan:other": null, "watsan:other_description": null, "watsan:water_availability": null, "urban_green:owner_distance": null, "watsan:urban_agriculture": null, "urban_green:cultivation_consumer_description": null, "urban_green:cultivation_supplies_purchase": null, "amenity": null, "denotation": null, "leaf_cycle": null, "leaf_type": null, "ele": null, "wood": null, "description": null, "trees": null, "circumference": null, "fixme": null, "genus": null, "short_name": null, "species:wikidata": null, "species:wikipedia": null, "golf": null, "created_by": null, "security": null, "security:black_spot": null, "security:description": null, "sercurity": null, "basin": null, "intermittent": null, "landuse": "reservoir", "reservoir_type": null, "man_made": null, "note": null, "salt": null, "tidal": null, "wetland": null, "leisure": null, "colour": null, "addr:city": null, "addr:housenumber": null, "addr:street": null }, "geometry": { "type": "Polygon", "coordinates": [ [ [ 36.9467005, -1.3302998 ], [ 36.9464001, -1.3292915 ], [ 36.9461855, -1.3292915 ], [ 36.945928, -1.3291843 ], [ 36.9456276, -1.3291843 ], [ 36.9452628, -1.3291414 ], [ 36.944898, -1.3293773 ], [ 36.9445976, -1.3292701 ], [ 36.9443401, -1.3291843 ], [ 36.9438681, -1.3293988 ], [ 36.9434174, -1.3296991 ], [ 36.9431599, -1.3300852 ], [ 36.9428595, -1.3303856 ], [ 36.9424948, -1.3305143 ], [ 36.9420012, -1.3305786 ], [ 36.9416365, -1.3305143 ], [ 36.9417242, -1.3306288 ], [ 36.9419583, -1.3307502 ], [ 36.9423016, -1.3307717 ], [ 36.9426879, -1.3307717 ], [ 36.9430956, -1.3306644 ], [ 36.9436749, -1.3303641 ], [ 36.9445118, -1.3301496 ], [ 36.944898, -1.3302354 ], [ 36.9452628, -1.3303856 ], [ 36.9458851, -1.330407 ], [ 36.9463571, -1.3303641 ], [ 36.9464774, -1.3303416 ], [ 36.9467005, -1.3302998 ] ] ] } },
{ "type": "Feature", "properties": { "element": "way", "id": 113032110, "natural": "water", "water": null, "name": null, "notes": null, "name:ko": null, "species": null, "height": null, "source": null, "type": null, "name:botanical": null, "landuse:urban_green": null, "operator:description": null, "urban_green:cultivation": null, "urban_green:cultivation_consumer": null, "urban_green:cultivation_sale": null, "urban_green:cultivation_type": null, "urban_green:dimension_sqm": null, "urban_green:fence": null, "urban_green:number_of_caretakers": null, "urban_green:owner_hours_week": null, "watsan:other": null, "watsan:other_description": null, "watsan:water_availability": null, "urban_green:owner_distance": null, "watsan:urban_agriculture": null, "urban_green:cultivation_consumer_description": null, "urban_green:cultivation_supplies_purchase": null, "amenity": null, "denotation": null, "leaf_cycle": null, "leaf_type": null, "ele": null, "wood": null, "description": null, "trees": null, "circumference": null, "fixme": null, "genus": null, "short_name": null, "species:wikidata": null, "species:wikipedia": null, "golf": "lateral_water_hazard", "created_by": null, "security": null, "security:black_spot": null, "security:description": null, "sercurity": null, "basin": null, "intermittent": null, "landuse": null, "reservoir_type": null, "man_made": null, "note": null, "salt": null, "tidal": null, "wetland": null, "leisure": null, "colour": null, "addr:city": null, "addr:housenumber": null, "addr:street": null }, "geometry": { "type": "Polygon", "coordinates": [ [ [ 36.8494373, -1.2513762 ], [ 36.8495178, -1.2513923 ], [ 36.8495929, -1.2514137 ], [ 36.8496734, -1.2514244 ], [ 36.8498021, -1.2514244 ], [ 36.8498719, -1.2514298 ], [ 36.849947, -1.2514781 ], [ 36.8500596, -1.2515317 ], [ 36.8501401, -1.2515156 ], [ 36.8501991, -1.2514834 ], [ 36.8502527, -1.2513976 ], [ 36.8503332, -1.2513279 ], [ 36.8503654, -1.2512743 ], [ 36.8503386, -1.2512099 ], [ 36.8502635, -1.2511724 ], [ 36.8501776, -1.2511616 ], [ 36.8500918, -1.2511938 ], [ 36.8500167, -1.2512635 ], [ 36.8499148, -1.2512635 ], [ 36.8498021, -1.2512421 ], [ 36.8497002, -1.2512206 ], [ 36.8496144, -1.2511938 ], [ 36.8495208, -1.2511649 ], [ 36.8494373, -1.2511885 ], [ 36.8493837, -1.2512367 ], [ 36.8493622, -1.2513065 ], [ 36.8493783, -1.2513494 ], [ 36.8494373, -1.2513762 ] ] ] } },
{ "type": "Feature", "properties": { "element": "way", "id": 113032114, "natural": "water", "water": null, "name": null, "notes": null, "name:ko": null, "species": null, "height": null, "source": null, "type": null, "name:botanical": null, "landuse:urban_green": null, "operator:description": null, "urban_green:cultivation": null, "urban_green:cultivation_consumer": null, "urban_green:cultivation_sale": null, "urban_green:cultivation_type": null, "urban_green:dimension_sqm": null, "urban_green:fence": null, "urban_green:number_of_caretakers": null, "urban_green:owner_hours_week": null, "watsan:other": null, "watsan:other_description": null, "watsan:water_availability": null, "urban_green:owner_distance": null, "watsan:urban_agriculture": null, "urban_green:cultivation_consumer_description": null, "urban_green:cultivation_supplies_purchase": null, "amenity": null, "denotation": null, "leaf_cycle": null, "leaf_type": null, "ele": null, "wood": null, "description": null, "trees": null, "circumference": null, "fixme": null, "genus": null, "short_name": null, "species:wikidata": null, "species:wikipedia": null, "golf": "lateral_water_hazard", "created_by": null, "security": null, "security:black_spot": null, "security:description": null, "sercurity": null, "basin": null, "intermittent": null, "landuse": null, "reservoir_type": null, "man_made": null, "note": null, "salt": null, "tidal": null, "wetland": null, "leisure": null, "colour": null, "addr:city": null, "addr:housenumber": null, "addr:street": null }, "geometry": { "type": "Polygon", "coordinates": [ [ [ 36.8401569, -1.2609923 ], [ 36.8401354, -1.2609333 ], [ 36.8401354, -1.2608582 ], [ 36.8401515, -1.2607885 ], [ 36.8401408, -1.2607295 ], [ 36.8401623, -1.2606651 ], [ 36.8402159, -1.2606168 ], [ 36.8403071, -1.26059 ], [ 36.8403983, -1.26059 ], [ 36.8404895, -1.2605954 ], [ 36.8405324, -1.2606329 ], [ 36.8405324, -1.2607241 ], [ 36.8405163, -1.2608314 ], [ 36.8405163, -1.2609011 ], [ 36.8405056, -1.2609547 ], [ 36.8404949, -1.2610084 ], [ 36.8404573, -1.2610566 ], [ 36.8404251, -1.2610888 ], [ 36.8403929, -1.2611263 ], [ 36.8403339, -1.2611317 ], [ 36.8402695, -1.261121 ], [ 36.8402159, -1.2610834 ], [ 36.840173, -1.2610352 ], [ 36.8401569, -1.2609923 ] ] ] } },
{ "type": "Feature", "properties": { "element": "way", "id": 113032116, "natural": "water", "water": null, "name": null, "notes": null, "name:ko": null, "species": null, "height": null, "source": null, "type": null, "name:botanical": null, "landuse:urban_green": null, "operator:description": null, "urban_green:cultivation": null, "urban_green:cultivation_consumer": null, "urban_green:cultivation_sale": null, "urban_green:cultivation_type": null, "urban_green:dimension_sqm": null, "urban_green:fence": null, "urban_green:number_of_caretakers": null, "urban_green:owner_hours_week": null, "watsan:other": null, "watsan:other_description": null, "watsan:water_availability": null, "urban_green:owner_distance": null, "watsan:urban_agriculture": null, "urban_green:cultivation_consumer_description": null, "urban_green:cultivation_supplies_purchase": null, "amenity": null, "denotation": null, "leaf_cycle": null, "leaf_type": null, "ele": null, "wood": null, "description": null, "trees": null, "circumference": null, "fixme": null, "genus": null, "short_name": null, "species:wikidata": null, "species:wikipedia": null, "golf": "lateral_water_hazard", "created_by": null, "security": null, "security:black_spot": null, "security:description": null, "sercurity": null, "basin": null, "intermittent": null, "landuse": null, "reservoir_type": null, "man_made": null, "note": null, "salt": null, "tidal": null, "wetland": null, "leisure": null, "colour": null, "addr:city": null, "addr:housenumber": null, "addr:street": null }, "geometry": { "type": "Polygon", "coordinates": [ [ [ 36.8468734, -1.2534989 ], [ 36.8469751, -1.2535937 ], [ 36.8472495, -1.2535866 ], [ 36.8475686, -1.2535826 ], [ 36.8480024, -1.2531273 ], [ 36.8478639, -1.2529998 ], [ 36.8476952, -1.2530788 ], [ 36.8475706, -1.2530637 ], [ 36.847186, -1.25315 ], [ 36.8470859, -1.2531375 ], [ 36.8469198, -1.2531928 ], [ 36.8468242, -1.2533269 ], [ 36.8468734, -1.2534989 ] ] ] } },
{ "type": "Feature", "properties": { "element": "way", "id": 113032118, "natural": "water", "water": "pond", "name": null, "notes": null, "name:ko": null, "species": null, "height": null, "source": null, "type": null, "name:botanical": null, "landuse:urban_green": null, "operator:description": null, "urban_green:cultivation": null, "urban_green:cultivation_consumer": null, "urban_green:cultivation_sale": null, "urban_green:cultivation_type": null, "urban_green:dimension_sqm": null, "urban_green:fence": null, "urban_green:number_of_caretakers": null, "urban_green:owner_hours_week": null, "watsan:other": null, "watsan:other_description": null, "watsan:water_availability": null, "urban_green:owner_distance": null, "watsan:urban_agriculture": null, "urban_green:cultivation_consumer_description": null, "urban_green:cultivation_supplies_purchase": null, "amenity": null, "denotation": null, "leaf_cycle": null, "leaf_type": null, "ele": null, "wood": null, "description": null, "trees": null, "circumference": null, "fixme": null, "genus": null, "short_name": null, "species:wikidata": null, "species:wikipedia": null, "golf": null, "created_by": null, "security": null, "security:black_spot": null, "security:description": null, "sercurity": null, "basin": null, "intermittent": null, "landuse": null, "reservoir_type": null, "man_made": null, "note": null, "salt": null, "tidal": null, "wetland": null, "leisure": null, "colour": null, "addr:city": null, "addr:housenumber": null, "addr:street": null }, "geometry": { "type": "Polygon", "coordinates": [ [ [ 36.8409455, -1.2581284 ], [ 36.8409401, -1.2580586 ], [ 36.8409669, -1.2579728 ], [ 36.8409991, -1.2578924 ], [ 36.8410581, -1.2578656 ], [ 36.8410635, -1.2577905 ], [ 36.8410635, -1.2577208 ], [ 36.8411064, -1.2576779 ], [ 36.8411547, -1.2576457 ], [ 36.8411869, -1.2575813 ], [ 36.8412083, -1.2575062 ], [ 36.8412512, -1.2574097 ], [ 36.8413049, -1.2573561 ], [ 36.8413693, -1.2573185 ], [ 36.8414551, -1.2573132 ], [ 36.8415355, -1.2573453 ], [ 36.841616, -1.2573936 ], [ 36.8416589, -1.2574472 ], [ 36.8417233, -1.2574794 ], [ 36.8417716, -1.257517 ], [ 36.8417769, -1.2575545 ], [ 36.8417716, -1.2576135 ], [ 36.8417394, -1.2576671 ], [ 36.8417233, -1.2577368 ], [ 36.8417072, -1.2577905 ], [ 36.8416965, -1.2578656 ], [ 36.8416643, -1.2579299 ], [ 36.8416375, -1.2579728 ], [ 36.8415892, -1.2580157 ], [ 36.8415248, -1.2580533 ], [ 36.8414229, -1.2580694 ], [ 36.8413585, -1.2580694 ], [ 36.8412727, -1.2581069 ], [ 36.8412298, -1.2581605 ], [ 36.841203, -1.2582088 ], [ 36.8411708, -1.2582517 ], [ 36.8411171, -1.2582732 ], [ 36.8410527, -1.2582356 ], [ 36.8409884, -1.2581873 ], [ 36.8409455, -1.2581284 ] ] ] } },
{ "type": "Feature", "properties": { "element": "way", "id": 113032122, "natural": "water", "water": null, "name": null, "notes": null, "name:ko": null, "species": null, "height": null, "source": null, "type": null, "name:botanical": null, "landuse:urban_green": null, "operator:description": null, "urban_green:cultivation": null, "urban_green:cultivation_consumer": null, "urban_green:cultivation_sale": null, "urban_green:cultivation_type": null, "urban_green:dimension_sqm": null, "urban_green:fence": null, "urban_green:number_of_caretakers": null, "urban_green:owner_hours_week": null, "watsan:other": null, "watsan:other_description": null, "watsan:water_availability": null, "urban_green:owner_distance": null, "watsan:urban_agriculture": null, "urban_green:cultivation_consumer_description": null, "urban_green:cultivation_supplies_purchase": null, "amenity": null, "denotation": null, "leaf_cycle": null, "leaf_type": null, "ele": null, "wood": null, "description": null, "trees": null, "circumference": null, "fixme": null, "genus": null, "short_name": null, "species:wikidata": null, "species:wikipedia": null, "golf": "lateral_water_hazard", "created_by": null, "security": null, "security:black_spot": null, "security:description": null, "sercurity": null, "basin": null, "intermittent": null, "landuse": null, "reservoir_type": null, "man_made": null, "note": null, "salt": null, "tidal": null, "wetland": null, "leisure": null, "colour": null, "addr:city": null, "addr:housenumber": null, "addr:street": null }, "geometry": { "type": "Polygon", "coordinates": [ [ [ 36.8383598, -1.2557203 ], [ 36.8383384, -1.2556345 ], [ 36.8383544, -1.2555648 ], [ 36.8384027, -1.2555004 ], [ 36.8384295, -1.2554092 ], [ 36.8384939, -1.2553824 ], [ 36.8385958, -1.2553932 ], [ 36.8386441, -1.2554629 ], [ 36.8386817, -1.2555219 ], [ 36.8386978, -1.2555809 ], [ 36.838687, -1.2556345 ], [ 36.8386763, -1.2556935 ], [ 36.8386978, -1.2557579 ], [ 36.8387461, -1.2558115 ], [ 36.8387407, -1.2558812 ], [ 36.8386924, -1.2559348 ], [ 36.8386334, -1.255967 ], [ 36.8385851, -1.255967 ], [ 36.8385047, -1.2559241 ], [ 36.838451, -1.2558705 ], [ 36.8383974, -1.2558008 ], [ 36.8383598, -1.2557203 ] ] ] } },
{ "type": "Feature", "properties": { "element": "way", "id": 113032125, "natural": "water", "water": null, "name": null, "notes": null, "name:ko": null, "species": null, "height": null, "source": null, "type": null, "name:botanical": null, "landuse:urban_green": null, "operator:description": null, "urban_green:cultivation": null, "urban_green:cultivation_consumer": null, "urban_green:cultivation_sale": null, "urban_green:cultivation_type": null, "urban_green:dimension_sqm": null, "urban_green:fence": null, "urban_green:number_of_caretakers": null, "urban_green:owner_hours_week": null, "watsan:other": null, "watsan:other_description": null, "watsan:water_availability": null, "urban_green:owner_distance": null, "watsan:urban_agriculture": null, "urban_green:cultivation_consumer_description": null, "urban_green:cultivation_supplies_purchase": null, "amenity": null, "denotation": null, "leaf_cycle": null, "leaf_type": null, "ele": null, "wood": null, "description": null, "trees": null, "circumference": null, "fixme": null, "genus": null, "short_name": null, "species:wikidata": null, "species:wikipedia": null, "golf": "lateral_water_hazard", "created_by": null, "security": null, "security:black_spot": null, "security:description": null, "sercurity": null, "basin": null, "intermittent": null, "landuse": null, "reservoir_type": null, "man_made": null, "note": null, "salt": null, "tidal": null, "wetland": null, "leisure": null, "colour": null, "addr:city": null, "addr:housenumber": null, "addr:street": null }, "geometry": { "type": "Polygon", "coordinates": [ [ [ 36.8380809, -1.2563103 ], [ 36.8380326, -1.2562244 ], [ 36.8380111, -1.256144 ], [ 36.8380487, -1.2559777 ], [ 36.838054, -1.2558866 ], [ 36.8380594, -1.25579 ], [ 36.8381023, -1.2557364 ], [ 36.8381721, -1.2557149 ], [ 36.8382364, -1.2557096 ], [ 36.838274, -1.2557793 ], [ 36.8383223, -1.2558598 ], [ 36.8383169, -1.2559402 ], [ 36.8382847, -1.2560206 ], [ 36.8382525, -1.2561279 ], [ 36.8382579, -1.2561815 ], [ 36.8382418, -1.256262 ], [ 36.8382203, -1.256321 ], [ 36.8382364, -1.2563961 ], [ 36.8382901, -1.2564551 ], [ 36.8383652, -1.2565087 ], [ 36.8384456, -1.2564926 ], [ 36.8385207, -1.2564872 ], [ 36.8385958, -1.2565087 ], [ 36.8386441, -1.256557 ], [ 36.838628, -1.2566052 ], [ 36.838569, -1.2566481 ], [ 36.8384778, -1.2566589 ], [ 36.8383974, -1.2566428 ], [ 36.8383169, -1.2565945 ], [ 36.8382579, -1.2565784 ], [ 36.8381935, -1.2565194 ], [ 36.8381291, -1.256439 ], [ 36.8381023, -1.2563532 ], [ 36.8380809, -1.2563103 ] ] ] } },
{ "type": "Feature", "properties": { "element": "way", "id": 113034742, "natural": "water", "water": null, "name": null, "notes": null, "name:ko": null, "species": null, "height": null, "source": "aerial imagery", "type": null, "name:botanical": null, "landuse:urban_green": null, "operator:description": null, "urban_green:cultivation": null, "urban_green:cultivation_consumer": null, "urban_green:cultivation_sale": null, "urban_green:cultivation_type": null, "urban_green:dimension_sqm": null, "urban_green:fence": null, "urban_green:number_of_caretakers": null, "urban_green:owner_hours_week": null, "watsan:other": null, "watsan:other_description": null, "watsan:water_availability": null, "urban_green:owner_distance": null, "watsan:urban_agriculture": null, "urban_green:cultivation_consumer_description": null, "urban_green:cultivation_supplies_purchase": null, "amenity": null, "denotation": null, "leaf_cycle": null, "leaf_type": null, "ele": null, "wood": null, "description": null, "trees": null, "circumference": null, "fixme": null, "genus": null, "short_name": null, "species:wikidata": null, "species:wikipedia": null, "golf": "water_hazard", "created_by": null, "security": null, "security:black_spot": null, "security:description": null, "sercurity": null, "basin": null, "intermittent": null, "landuse": null, "reservoir_type": null, "man_made": null, "note": null, "salt": null, "tidal": null, "wetland": null, "leisure": null, "colour": null, "addr:city": null, "addr:housenumber": null, "addr:street": null }, "geometry": { "type": "Polygon", "coordinates": [ [ [ 36.8621883, -1.2032796 ], [ 36.8622634, -1.2032153 ], [ 36.8623814, -1.2031831 ], [ 36.8625316, -1.2032582 ], [ 36.8626174, -1.2033226 ], [ 36.8627462, -1.2033976 ], [ 36.8628749, -1.2034513 ], [ 36.8629822, -1.2034942 ], [ 36.8631432, -1.2036122 ], [ 36.863347, -1.2035907 ], [ 36.863465, -1.2034942 ], [ 36.863626, -1.2033333 ], [ 36.8637654, -1.203344 ], [ 36.8640873, -1.2034727 ], [ 36.8642053, -1.2035156 ], [ 36.8643555, -1.2035478 ], [ 36.8645272, -1.2035585 ], [ 36.8646988, -1.20358 ], [ 36.864849, -1.2035049 ], [ 36.8650529, -1.2035049 ], [ 36.8651816, -1.2033976 ], [ 36.8651789, -1.2033459 ], [ 36.8651709, -1.2031938 ], [ 36.8650636, -1.2030973 ], [ 36.8649563, -1.2031938 ], [ 36.8648598, -1.2032904 ], [ 36.8647096, -1.2033547 ], [ 36.8645272, -1.2033869 ], [ 36.8643662, -1.2033976 ], [ 36.8641946, -1.203344 ], [ 36.8640336, -1.2032582 ], [ 36.8639049, -1.2031509 ], [ 36.863744, -1.2030544 ], [ 36.8635401, -1.2030544 ], [ 36.8634221, -1.2031509 ], [ 36.8633363, -1.2033118 ], [ 36.8631753, -1.2033118 ], [ 36.8628964, -1.2032475 ], [ 36.8627247, -1.2031617 ], [ 36.8624887, -1.2030973 ], [ 36.8622956, -1.203108 ], [ 36.8621561, -1.2031831 ], [ 36.8621883, -1.2032796 ] ] ] } },
{ "type": "Feature", "properties": { "element": "way", "id": 113034751, "natural": "water", "water": null, "name": null, "notes": null, "name:ko": null, "species": null, "height": null, "source": null, "type": null, "name:botanical": null, "landuse:urban_green": null, "operator:description": null, "urban_green:cultivation": null, "urban_green:cultivation_consumer": null, "urban_green:cultivation_sale": null, "urban_green:cultivation_type": null, "urban_green:dimension_sqm": null, "urban_green:fence": null, "urban_green:number_of_caretakers": null, "urban_green:owner_hours_week": null, "watsan:other": null, "watsan:other_description": null, "watsan:water_availability": null, "urban_green:owner_distance": null, "watsan:urban_agriculture": null, "urban_green:cultivation_consumer_description": null, "urban_green:cultivation_supplies_purchase": null, "amenity": null, "denotation": null, "leaf_cycle": null, "leaf_type": null, "ele": null, "wood": null, "description": null, "trees": null, "circumference": null, "fixme": null, "genus": null, "short_name": null, "species:wikidata": null, "species:wikipedia": null, "golf": null, "created_by": null, "security": null, "security:black_spot": null, "security:description": null, "sercurity": null, "basin": null, "intermittent": null, "landuse": null, "reservoir_type": null, "man_made": null, "note": null, "salt": null, "tidal": null, "wetland": null, "leisure": null, "colour": null, "addr:city": null, "addr:housenumber": null, "addr:street": null }, "geometry": { "type": "Polygon", "coordinates": [ [ [ 36.8608579, -1.200598 ], [ 36.8609545, -1.2006195 ], [ 36.8611369, -1.2006946 ], [ 36.8613622, -1.2008018 ], [ 36.8614204, -1.20092 ], [ 36.8615439, -1.2010117 ], [ 36.8617377, -1.2010378 ], [ 36.8619308, -1.2010593 ], [ 36.8621883, -1.2010914 ], [ 36.8623063, -1.2010914 ], [ 36.8624029, -1.2009735 ], [ 36.8624994, -1.2003084 ], [ 36.8624136, -1.2002333 ], [ 36.8622205, -1.2002977 ], [ 36.8620764, -1.2002352 ], [ 36.8617828, -1.2002618 ], [ 36.8615743, -1.2002417 ], [ 36.8614002, -1.2002196 ], [ 36.8612366, -1.2002288 ], [ 36.8602178, -1.1999456 ], [ 36.860089, -1.2000051 ], [ 36.8600427, -1.2002221 ], [ 36.8600859, -1.2003128 ], [ 36.8602229, -1.2003631 ], [ 36.8603049, -1.2003934 ], [ 36.8604689, -1.2004999 ], [ 36.8608579, -1.200598 ] ] ] } },
{ "type": "Feature", "properties": { "element": "way", "id": 113034756, "natural": "water", "water": null, "name": null, "notes": null, "name:ko": null, "species": null, "height": null, "source": null, "type": null, "name:botanical": null, "landuse:urban_green": null, "operator:description": null, "urban_green:cultivation": null, "urban_green:cultivation_consumer": null, "urban_green:cultivation_sale": null, "urban_green:cultivation_type": null, "urban_green:dimension_sqm": null, "urban_green:fence": null, "urban_green:number_of_caretakers": null, "urban_green:owner_hours_week": null, "watsan:other": null, "watsan:other_description": null, "watsan:water_availability": null, "urban_green:owner_distance": null, "watsan:urban_agriculture": null, "urban_green:cultivation_consumer_description": null, "urban_green:cultivation_supplies_purchase": null, "amenity": null, "denotation": null, "leaf_cycle": null, "leaf_type": null, "ele": null, "wood": null, "description": null, "trees": null, "circumference": null, "fixme": null, "genus": null, "short_name": null, "species:wikidata": null, "species:wikipedia": null, "golf": null, "created_by": null, "security": null, "security:black_spot": null, "security:description": null, "sercurity": null, "basin": null, "intermittent": null, "landuse": null, "reservoir_type": null, "man_made": null, "note": null, "salt": null, "tidal": null, "wetland": null, "leisure": null, "colour": null, "addr:city": null, "addr:housenumber": null, "addr:street": null }, "geometry": { "type": "Polygon", "coordinates": [ [ [ 36.8673489, -1.201542 ], [ 36.8675849, -1.2016599 ], [ 36.867778, -1.201735 ], [ 36.8679497, -1.2018316 ], [ 36.8680677, -1.2018959 ], [ 36.8681857, -1.2019603 ], [ 36.8681857, -1.2020676 ], [ 36.8682179, -1.2021641 ], [ 36.8682735, -1.2022449 ], [ 36.8683333, -1.2022974 ], [ 36.8684292, -1.2023515 ], [ 36.8684431, -1.2023378 ], [ 36.8684452, -1.202313 ], [ 36.8683505, -1.2022608 ], [ 36.8682877, -1.2022152 ], [ 36.8682537, -1.2021361 ], [ 36.8682405, -1.2021102 ], [ 36.8682438, -1.2020747 ], [ 36.8683037, -1.202089 ], [ 36.8683788, -1.2020997 ], [ 36.8684647, -1.2021319 ], [ 36.8685505, -1.2020461 ], [ 36.8686792, -1.2017672 ], [ 36.8686041, -1.201617 ], [ 36.8684003, -1.2015205 ], [ 36.868175, -1.2014883 ], [ 36.8679926, -1.2014883 ], [ 36.867778, -1.2015098 ], [ 36.8675849, -1.2014561 ], [ 36.8674347, -1.2014132 ], [ 36.8673489, -1.201542 ] ] ] } },
{ "type": "Feature", "properties": { "element": "way", "id": 113040700, "natural": "water", "water": null, "name": null, "notes": null, "name:ko": null, "species": null, "height": null, "source": null, "type": null, "name:botanical": null, "landuse:urban_green": null, "operator:description": null, "urban_green:cultivation": null, "urban_green:cultivation_consumer": null, "urban_green:cultivation_sale": null, "urban_green:cultivation_type": null, "urban_green:dimension_sqm": null, "urban_green:fence": null, "urban_green:number_of_caretakers": null, "urban_green:owner_hours_week": null, "watsan:other": null, "watsan:other_description": null, "watsan:water_availability": null, "urban_green:owner_distance": null, "watsan:urban_agriculture": null, "urban_green:cultivation_consumer_description": null, "urban_green:cultivation_supplies_purchase": null, "amenity": null, "denotation": null, "leaf_cycle": null, "leaf_type": null, "ele": null, "wood": null, "description": null, "trees": null, "circumference": null, "fixme": null, "genus": null, "short_name": null, "species:wikidata": null, "species:wikipedia": null, "golf": null, "created_by": null, "security": null, "security:black_spot": null, "security:description": null, "sercurity": null, "basin": null, "intermittent": null, "landuse": null, "reservoir_type": null, "man_made": null, "note": null, "salt": null, "tidal": null, "wetland": null, "leisure": null, "colour": null, "addr:city": null, "addr:housenumber": null, "addr:street": null }, "geometry": { "type": "Polygon", "coordinates": [ [ [ 36.8620703, -1.2113459 ], [ 36.8621454, -1.2112065 ], [ 36.8623707, -1.2110349 ], [ 36.8624136, -1.2109062 ], [ 36.8625745, -1.2107667 ], [ 36.8627033, -1.2106594 ], [ 36.8628749, -1.2104449 ], [ 36.8630144, -1.2103269 ], [ 36.8631324, -1.2103055 ], [ 36.8634757, -1.2103484 ], [ 36.8636152, -1.2103484 ], [ 36.8636152, -1.2104449 ], [ 36.8636152, -1.2105522 ], [ 36.8635294, -1.2106165 ], [ 36.8634221, -1.2106594 ], [ 36.8632719, -1.2106273 ], [ 36.8631002, -1.2106702 ], [ 36.8630037, -1.210756 ], [ 36.8628535, -1.2108525 ], [ 36.8626818, -1.2110241 ], [ 36.8625745, -1.2111421 ], [ 36.8624136, -1.2112709 ], [ 36.8622419, -1.2113459 ], [ 36.8620703, -1.2113459 ] ] ] } },
{ "type": "Feature", "properties": { "element": "way", "id": 123415407, "natural": "water", "water": "pond", "name": null, "notes": null, "name:ko": null, "species": null, "height": null, "source": null, "type": null, "name:botanical": null, "landuse:urban_green": null, "operator:description": null, "urban_green:cultivation": null, "urban_green:cultivation_consumer": null, "urban_green:cultivation_sale": null, "urban_green:cultivation_type": null, "urban_green:dimension_sqm": null, "urban_green:fence": null, "urban_green:number_of_caretakers": null, "urban_green:owner_hours_week": null, "watsan:other": null, "watsan:other_description": null, "watsan:water_availability": null, "urban_green:owner_distance": null, "watsan:urban_agriculture": null, "urban_green:cultivation_consumer_description": null, "urban_green:cultivation_supplies_purchase": null, "amenity": null, "denotation": null, "leaf_cycle": null, "leaf_type": null, "ele": null, "wood": null, "description": null, "trees": null, "circumference": null, "fixme": null, "genus": null, "short_name": null, "species:wikidata": null, "species:wikipedia": null, "golf": null, "created_by": null, "security": null, "security:black_spot": null, "security:description": null, "sercurity": null, "basin": null, "intermittent": null, "landuse": null, "reservoir_type": null, "man_made": null, "note": null, "salt": null, "tidal": null, "wetland": null, "leisure": null, "colour": null, "addr:city": null, "addr:housenumber": null, "addr:street": null }, "geometry": { "type": "Polygon", "coordinates": [ [ [ 36.822703, -1.2882862 ], [ 36.8229319, -1.2881712 ], [ 36.8230214, -1.2883492 ], [ 36.8227925, -1.2884642 ], [ 36.822703, -1.2882862 ] ] ] } },
{ "type": "Feature", "properties": { "element": "way", "id": 123415408, "natural": "water", "water": "pond", "name": null, "notes": null, "name:ko": null, "species": null, "height": null, "source": null, "type": null, "name:botanical": null, "landuse:urban_green": null, "operator:description": null, "urban_green:cultivation": null, "urban_green:cultivation_consumer": null, "urban_green:cultivation_sale": null, "urban_green:cultivation_type": null, "urban_green:dimension_sqm": null, "urban_green:fence": null, "urban_green:number_of_caretakers": null, "urban_green:owner_hours_week": null, "watsan:other": null, "watsan:other_description": null, "watsan:water_availability": null, "urban_green:owner_distance": null, "watsan:urban_agriculture": null, "urban_green:cultivation_consumer_description": null, "urban_green:cultivation_supplies_purchase": null, "amenity": null, "denotation": null, "leaf_cycle": null, "leaf_type": null, "ele": null, "wood": null, "description": null, "trees": null, "circumference": null, "fixme": null, "genus": null, "short_name": null, "species:wikidata": null, "species:wikipedia": null, "golf": null, "created_by": null, "security": null, "security:black_spot": null, "security:description": null, "sercurity": null, "basin": null, "intermittent": null, "landuse": null, "reservoir_type": null, "man_made": null, "note": null, "salt": null, "tidal": null, "wetland": null, "leisure": null, "colour": null, "addr:city": null, "addr:housenumber": null, "addr:street": null }, "geometry": { "type": "Polygon", "coordinates": [ [ [ 36.822615, -1.2883256 ], [ 36.8227061, -1.2885108 ], [ 36.822478, -1.288623 ], [ 36.8223869, -1.2884378 ], [ 36.822615, -1.2883256 ] ] ] } },
{ "type": "Feature", "properties": { "element": "way", "id": 123657576, "natural": "water", "water": "reservoir", "name": null, "notes": null, "name:ko": null, "species": null, "height": null, "source": null, "type": null, "name:botanical": null, "landuse:urban_green": null, "operator:description": null, "urban_green:cultivation": null, "urban_green:cultivation_consumer": null, "urban_green:cultivation_sale": null, "urban_green:cultivation_type": null, "urban_green:dimension_sqm": null, "urban_green:fence": null, "urban_green:number_of_caretakers": null, "urban_green:owner_hours_week": null, "watsan:other": null, "watsan:other_description": null, "watsan:water_availability": null, "urban_green:owner_distance": null, "watsan:urban_agriculture": null, "urban_green:cultivation_consumer_description": null, "urban_green:cultivation_supplies_purchase": null, "amenity": null, "denotation": null, "leaf_cycle": null, "leaf_type": null, "ele": null, "wood": null, "description": null, "trees": null, "circumference": null, "fixme": null, "genus": null, "short_name": null, "species:wikidata": null, "species:wikipedia": null, "golf": null, "created_by": null, "security": null, "security:black_spot": null, "security:description": null, "sercurity": null, "basin": null, "intermittent": null, "landuse": "reservoir", "reservoir_type": null, "man_made": null, "note": null, "salt": null, "tidal": null, "wetland": null, "leisure": null, "colour": null, "addr:city": null, "addr:housenumber": null, "addr:street": null }, "geometry": { "type": "Polygon", "coordinates": [ [ [ 36.8628684, -1.2712202 ], [ 36.8628576, -1.2714776 ], [ 36.8630078, -1.2714937 ], [ 36.8630025, -1.2712255 ], [ 36.8628684, -1.2712202 ] ] ] } },
{ "type": "Feature", "properties": { "element": "way", "id": 131846534, "natural": "water", "water": "pond", "name": "Upper Dam", "notes": null, "name:ko": null, "species": null, "height": null, "source": null, "type": null, "name:botanical": null, "landuse:urban_green": null, "operator:description": null, "urban_green:cultivation": null, "urban_green:cultivation_consumer": null, "urban_green:cultivation_sale": null, "urban_green:cultivation_type": null, "urban_green:dimension_sqm": null, "urban_green:fence": null, "urban_green:number_of_caretakers": null, "urban_green:owner_hours_week": null, "watsan:other": null, "watsan:other_description": null, "watsan:water_availability": null, "urban_green:owner_distance": null, "watsan:urban_agriculture": null, "urban_green:cultivation_consumer_description": null, "urban_green:cultivation_supplies_purchase": null, "amenity": null, "denotation": null, "leaf_cycle": null, "leaf_type": null, "ele": null, "wood": null, "description": null, "trees": null, "circumference": null, "fixme": null, "genus": null, "short_name": null, "species:wikidata": null, "species:wikipedia": null, "golf": null, "created_by": null, "security": null, "security:black_spot": null, "security:description": null, "sercurity": null, "basin": null, "intermittent": null, "landuse": null, "reservoir_type": null, "man_made": null, "note": null, "salt": null, "tidal": null, "wetland": null, "leisure": null, "colour": null, "addr:city": null, "addr:housenumber": null, "addr:street": null }, "geometry": { "type": "Polygon", "coordinates": [ [ [ 36.7126088, -1.3055218 ], [ 36.7125034, -1.3057988 ], [ 36.7124217, -1.3059652 ], [ 36.7121187, -1.3058168 ], [ 36.711829, -1.3056881 ], [ 36.7115924, -1.3055764 ], [ 36.7111223, -1.3054089 ], [ 36.7114684, -1.3052793 ], [ 36.7119029, -1.3054181 ], [ 36.7121493, -1.3054194 ], [ 36.7122351, -1.3054623 ], [ 36.7124273, -1.3054528 ], [ 36.7126088, -1.3055218 ] ] ] } },
{ "type": "Feature", "properties": { "element": "way", "id": 131908170, "natural": "water", "water": "reservoir", "name": null, "notes": null, "name:ko": null, "species": null, "height": null, "source": null, "type": null, "name:botanical": null, "landuse:urban_green": null, "operator:description": null, "urban_green:cultivation": null, "urban_green:cultivation_consumer": null, "urban_green:cultivation_sale": null, "urban_green:cultivation_type": null, "urban_green:dimension_sqm": null, "urban_green:fence": null, "urban_green:number_of_caretakers": null, "urban_green:owner_hours_week": null, "watsan:other": null, "watsan:other_description": null, "watsan:water_availability": null, "urban_green:owner_distance": null, "watsan:urban_agriculture": null, "urban_green:cultivation_consumer_description": null, "urban_green:cultivation_supplies_purchase": null, "amenity": null, "denotation": null, "leaf_cycle": null, "leaf_type": null, "ele": null, "wood": null, "description": null, "trees": null, "circumference": null, "fixme": null, "genus": null, "short_name": null, "species:wikidata": null, "species:wikipedia": null, "golf": null, "created_by": null, "security": null, "security:black_spot": null, "security:description": null, "sercurity": null, "basin": null, "intermittent": null, "landuse": "reservoir", "reservoir_type": null, "man_made": null, "note": null, "salt": null, "tidal": null, "wetland": null, "leisure": null, "colour": null, "addr:city": null, "addr:housenumber": null, "addr:street": null }, "geometry": { "type": "Polygon", "coordinates": [ [ [ 36.8944332, -1.1723626 ], [ 36.894578, -1.1724431 ], [ 36.8947974, -1.1724277 ], [ 36.894983, -1.1724753 ], [ 36.8950554, -1.1726469 ], [ 36.8950125, -1.1731189 ], [ 36.8949213, -1.1733173 ], [ 36.8948194, -1.1734192 ], [ 36.894409, -1.1733388 ], [ 36.8942025, -1.1732905 ], [ 36.8941113, -1.1732154 ], [ 36.8940201, -1.173135 ], [ 36.8940893, -1.1730766 ], [ 36.8940679, -1.1729265 ], [ 36.8941489, -1.1728775 ], [ 36.8940952, -1.1727166 ], [ 36.8942186, -1.1725825 ], [ 36.8943468, -1.1725564 ], [ 36.8944332, -1.1723626 ] ] ] } },
{ "type": "Feature", "properties": { "element": "way", "id": 135338639, "natural": "water", "water": "reservoir", "name": null, "notes": null, "name:ko": null, "species": null, "height": null, "source": null, "type": null, "name:botanical": null, "landuse:urban_green": null, "operator:description": null, "urban_green:cultivation": null, "urban_green:cultivation_consumer": null, "urban_green:cultivation_sale": null, "urban_green:cultivation_type": null, "urban_green:dimension_sqm": null, "urban_green:fence": null, "urban_green:number_of_caretakers": null, "urban_green:owner_hours_week": null, "watsan:other": null, "watsan:other_description": null, "watsan:water_availability": null, "urban_green:owner_distance": null, "watsan:urban_agriculture": null, "urban_green:cultivation_consumer_description": null, "urban_green:cultivation_supplies_purchase": null, "amenity": null, "denotation": null, "leaf_cycle": null, "leaf_type": null, "ele": null, "wood": null, "description": null, "trees": null, "circumference": null, "fixme": null, "genus": null, "short_name": null, "species:wikidata": null, "species:wikipedia": null, "golf": null, "created_by": null, "security": null, "security:black_spot": null, "security:description": null, "sercurity": null, "basin": null, "intermittent": null, "landuse": "reservoir", "reservoir_type": null, "man_made": null, "note": null, "salt": null, "tidal": null, "wetland": null, "leisure": null, "colour": null, "addr:city": null, "addr:housenumber": null, "addr:street": null }, "geometry": { "type": "Polygon", "coordinates": [ [ [ 36.7560376, -1.3436931 ], [ 36.7560138, -1.3443198 ], [ 36.7556325, -1.3443447 ], [ 36.7554291, -1.3440731 ], [ 36.7552463, -1.3440203 ], [ 36.7551287, -1.3440356 ], [ 36.7550103, -1.3440793 ], [ 36.7548976, -1.3440471 ], [ 36.754839, -1.3438908 ], [ 36.7548601, -1.3438165 ], [ 36.7549191, -1.3437575 ], [ 36.7549678, -1.3438345 ], [ 36.7549566, -1.3439506 ], [ 36.755021, -1.3439506 ], [ 36.7551176, -1.3439077 ], [ 36.7552306, -1.3438586 ], [ 36.7552892, -1.3437253 ], [ 36.755375, -1.3435644 ], [ 36.7555306, -1.3434733 ], [ 36.7556701, -1.3434894 ], [ 36.7557023, -1.3435805 ], [ 36.7557188, -1.3437192 ], [ 36.7557935, -1.3437629 ], [ 36.7558525, -1.3437468 ], [ 36.7559441, -1.3436816 ], [ 36.7560376, -1.3436931 ] ] ] } },
{ "type": "Feature", "properties": { "element": "way", "id": 135338957, "natural": "water", "water": "reservoir", "name": null, "notes": null, "name:ko": null, "species": null, "height": null, "source": null, "type": null, "name:botanical": null, "landuse:urban_green": null, "operator:description": null, "urban_green:cultivation": null, "urban_green:cultivation_consumer": null, "urban_green:cultivation_sale": null, "urban_green:cultivation_type": null, "urban_green:dimension_sqm": null, "urban_green:fence": null, "urban_green:number_of_caretakers": null, "urban_green:owner_hours_week": null, "watsan:other": null, "watsan:other_description": null, "watsan:water_availability": null, "urban_green:owner_distance": null, "watsan:urban_agriculture": null, "urban_green:cultivation_consumer_description": null, "urban_green:cultivation_supplies_purchase": null, "amenity": null, "denotation": null, "leaf_cycle": null, "leaf_type": null, "ele": null, "wood": null, "description": null, "trees": null, "circumference": null, "fixme": null, "genus": null, "short_name": null, "species:wikidata": null, "species:wikipedia": null, "golf": null, "created_by": null, "security": null, "security:black_spot": null, "security:description": null, "sercurity": null, "basin": null, "intermittent": null, "landuse": "reservoir", "reservoir_type": null, "man_made": null, "note": null, "salt": null, "tidal": null, "wetland": null, "leisure": null, "colour": null, "addr:city": null, "addr:housenumber": null, "addr:street": null }, "geometry": { "type": "Polygon", "coordinates": [ [ [ 36.7588215, -1.3512815 ], [ 36.7587196, -1.3512279 ], [ 36.7585372, -1.3512681 ], [ 36.7583709, -1.351252 ], [ 36.75821, -1.3512655 ], [ 36.7580973, -1.351421 ], [ 36.7581724, -1.3515658 ], [ 36.758269, -1.3517052 ], [ 36.7584299, -1.3517535 ], [ 36.7585479, -1.3516462 ], [ 36.7586807, -1.3515723 ], [ 36.7588644, -1.3515175 ], [ 36.7588537, -1.3513459 ], [ 36.7588215, -1.3512815 ] ] ] } },
{ "type": "Feature", "properties": { "element": "way", "id": 135338961, "natural": "water", "water": "reservoir", "name": null, "notes": null, "name:ko": null, "species": null, "height": null, "source": null, "type": null, "name:botanical": null, "landuse:urban_green": null, "operator:description": null, "urban_green:cultivation": null, "urban_green:cultivation_consumer": null, "urban_green:cultivation_sale": null, "urban_green:cultivation_type": null, "urban_green:dimension_sqm": null, "urban_green:fence": null, "urban_green:number_of_caretakers": null, "urban_green:owner_hours_week": null, "watsan:other": null, "watsan:other_description": null, "watsan:water_availability": null, "urban_green:owner_distance": null, "watsan:urban_agriculture": null, "urban_green:cultivation_consumer_description": null, "urban_green:cultivation_supplies_purchase": null, "amenity": null, "denotation": null, "leaf_cycle": null, "leaf_type": null, "ele": null, "wood": null, "description": null, "trees": null, "circumference": null, "fixme": null, "genus": null, "short_name": null, "species:wikidata": null, "species:wikipedia": null, "golf": null, "created_by": null, "security": null, "security:black_spot": null, "security:description": null, "sercurity": null, "basin": null, "intermittent": null, "landuse": null, "reservoir_type": null, "man_made": null, "note": null, "salt": null, "tidal": null, "wetland": null, "leisure": null, "colour": null, "addr:city": null, "addr:housenumber": null, "addr:street": null }, "geometry": { "type": "Polygon", "coordinates": [ [ [ 36.7611229, -1.3517428 ], [ 36.7613911, -1.35148 ], [ 36.7613106, -1.351362 ], [ 36.7612488, -1.3513248 ], [ 36.7611443, -1.3513405 ], [ 36.7609673, -1.3513244 ], [ 36.7607849, -1.3513405 ], [ 36.7606968, -1.3513525 ], [ 36.7606644, -1.3513214 ], [ 36.7606054, -1.3513196 ], [ 36.7605576, -1.3513764 ], [ 36.760565, -1.3514585 ], [ 36.7606937, -1.3515068 ], [ 36.7608171, -1.3515604 ], [ 36.7609052, -1.3516167 ], [ 36.7609574, -1.3517061 ], [ 36.761037, -1.3517481 ], [ 36.7611229, -1.3517428 ] ] ] } },
{ "type": "Feature", "properties": { "element": "way", "id": 137342195, "natural": "water", "water": "reservoir", "name": null, "notes": null, "name:ko": null, "species": null, "height": null, "source": null, "type": null, "name:botanical": null, "landuse:urban_green": null, "operator:description": null, "urban_green:cultivation": null, "urban_green:cultivation_consumer": null, "urban_green:cultivation_sale": null, "urban_green:cultivation_type": null, "urban_green:dimension_sqm": null, "urban_green:fence": null, "urban_green:number_of_caretakers": null, "urban_green:owner_hours_week": null, "watsan:other": null, "watsan:other_description": null, "watsan:water_availability": null, "urban_green:owner_distance": null, "watsan:urban_agriculture": null, "urban_green:cultivation_consumer_description": null, "urban_green:cultivation_supplies_purchase": null, "amenity": null, "denotation": null, "leaf_cycle": null, "leaf_type": null, "ele": null, "wood": null, "description": null, "trees": null, "circumference": null, "fixme": null, "genus": null, "short_name": null, "species:wikidata": null, "species:wikipedia": null, "golf": null, "created_by": null, "security": null, "security:black_spot": null, "security:description": null, "sercurity": null, "basin": null, "intermittent": null, "landuse": "reservoir", "reservoir_type": null, "man_made": null, "note": null, "salt": null, "tidal": null, "wetland": null, "leisure": null, "colour": null, "addr:city": null, "addr:housenumber": null, "addr:street": null }, "geometry": { "type": "Polygon", "coordinates": [ [ [ 36.7384807, -1.3111716 ], [ 36.7380549, -1.3121398 ], [ 36.7371493, -1.3117453 ], [ 36.7369266, -1.3115938 ], [ 36.736743, -1.3113728 ], [ 36.7356601, -1.3107367 ], [ 36.7360329, -1.3105088 ], [ 36.7362277, -1.3105483 ], [ 36.7368024, -1.3106649 ], [ 36.7375323, -1.3108129 ], [ 36.7384807, -1.3111716 ] ] ] } },
{ "type": "Feature", "properties": { "element": "way", "id": 137342199, "natural": "water", "water": "reservoir", "name": null, "notes": null, "name:ko": null, "species": null, "height": null, "source": null, "type": null, "name:botanical": null, "landuse:urban_green": null, "operator:description": null, "urban_green:cultivation": null, "urban_green:cultivation_consumer": null, "urban_green:cultivation_sale": null, "urban_green:cultivation_type": null, "urban_green:dimension_sqm": null, "urban_green:fence": null, "urban_green:number_of_caretakers": null, "urban_green:owner_hours_week": null, "watsan:other": null, "watsan:other_description": null, "watsan:water_availability": null, "urban_green:owner_distance": null, "watsan:urban_agriculture": null, "urban_green:cultivation_consumer_description": null, "urban_green:cultivation_supplies_purchase": null, "amenity": null, "denotation": null, "leaf_cycle": null, "leaf_type": null, "ele": null, "wood": null, "description": null, "trees": null, "circumference": null, "fixme": null, "genus": null, "short_name": null, "species:wikidata": null, "species:wikipedia": null, "golf": null, "created_by": null, "security": null, "security:black_spot": null, "security:description": null, "sercurity": null, "basin": null, "intermittent": null, "landuse": "reservoir", "reservoir_type": null, "man_made": null, "note": null, "salt": null, "tidal": null, "wetland": null, "leisure": null, "colour": null, "addr:city": null, "addr:housenumber": null, "addr:street": null }, "geometry": { "type": "Polygon", "coordinates": [ [ [ 36.7385604, -1.3115873 ], [ 36.7386999, -1.3116731 ], [ 36.7389684, -1.3116632 ], [ 36.7393086, -1.3118378 ], [ 36.7399176, -1.3121504 ], [ 36.7400785, -1.312247 ], [ 36.7398318, -1.3127296 ], [ 36.7396818, -1.312827 ], [ 36.7395467, -1.3128439 ], [ 36.7388652, -1.312529 ], [ 36.7385158, -1.3123606 ], [ 36.7385658, -1.3121182 ], [ 36.7383317, -1.3121879 ], [ 36.7382151, -1.3121705 ], [ 36.7385604, -1.3115873 ] ] ] } },
{ "type": "Feature", "properties": { "element": "way", "id": 167308022, "natural": "water", "water": "reservoir", "name": null, "notes": null, "name:ko": null, "species": null, "height": null, "source": null, "type": null, "name:botanical": null, "landuse:urban_green": null, "operator:description": null, "urban_green:cultivation": null, "urban_green:cultivation_consumer": null, "urban_green:cultivation_sale": null, "urban_green:cultivation_type": null, "urban_green:dimension_sqm": null, "urban_green:fence": null, "urban_green:number_of_caretakers": null, "urban_green:owner_hours_week": null, "watsan:other": null, "watsan:other_description": null, "watsan:water_availability": null, "urban_green:owner_distance": null, "watsan:urban_agriculture": null, "urban_green:cultivation_consumer_description": null, "urban_green:cultivation_supplies_purchase": null, "amenity": null, "denotation": null, "leaf_cycle": null, "leaf_type": null, "ele": null, "wood": null, "description": null, "trees": null, "circumference": null, "fixme": null, "genus": null, "short_name": null, "species:wikidata": null, "species:wikipedia": null, "golf": null, "created_by": null, "security": null, "security:black_spot": null, "security:description": null, "sercurity": null, "basin": null, "intermittent": null, "landuse": "reservoir", "reservoir_type": null, "man_made": null, "note": null, "salt": null, "tidal": null, "wetland": null, "leisure": null, "colour": null, "addr:city": null, "addr:housenumber": null, "addr:street": null }, "geometry": { "type": "Polygon", "coordinates": [ [ [ 36.7315474, -1.3325233 ], [ 36.731688, -1.332456 ], [ 36.7317121, -1.332399 ], [ 36.7317494, -1.3323792 ], [ 36.7318114, -1.332397 ], [ 36.7318547, -1.3324268 ], [ 36.7318673, -1.3324542 ], [ 36.7318921, -1.3325032 ], [ 36.7319244, -1.3325522 ], [ 36.7319626, -1.3325589 ], [ 36.7319988, -1.3325079 ], [ 36.7320098, -1.3324452 ], [ 36.7320691, -1.3323315 ], [ 36.7321708, -1.3321878 ], [ 36.7322727, -1.3321288 ], [ 36.7324336, -1.3321342 ], [ 36.7326321, -1.33222 ], [ 36.7327343, -1.3321867 ], [ 36.732847, -1.3322243 ], [ 36.7328684, -1.3322886 ], [ 36.7328255, -1.3323584 ], [ 36.7328684, -1.3324281 ], [ 36.7329489, -1.3324978 ], [ 36.7331203, -1.3325525 ], [ 36.7332544, -1.3325686 ], [ 36.7333241, -1.3327509 ], [ 36.7333458, -1.3334739 ], [ 36.7332386, -1.3335972 ], [ 36.7329972, -1.3336991 ], [ 36.7329057, -1.3336305 ], [ 36.7327772, -1.3334846 ], [ 36.7326538, -1.3333612 ], [ 36.7324339, -1.333313 ], [ 36.7322569, -1.333313 ], [ 36.7321171, -1.3332336 ], [ 36.7320316, -1.333018 ], [ 36.7320045, -1.3328475 ], [ 36.7319562, -1.3327027 ], [ 36.7318224, -1.332648 ], [ 36.7317245, -1.3326507 ], [ 36.7315766, -1.33259 ], [ 36.7314683, -1.3325877 ], [ 36.7313679, -1.3325998 ], [ 36.7312337, -1.3325931 ], [ 36.7312659, -1.3324818 ], [ 36.7315474, -1.3325233 ] ] ] } },
{ "type": "Feature", "properties": { "element": "way", "id": 169130071, "natural": "water", "water": "reservoir", "name": null, "notes": null, "name:ko": null, "species": null, "height": null, "source": null, "type": null, "name:botanical": null, "landuse:urban_green": null, "operator:description": null, "urban_green:cultivation": null, "urban_green:cultivation_consumer": null, "urban_green:cultivation_sale": null, "urban_green:cultivation_type": null, "urban_green:dimension_sqm": null, "urban_green:fence": null, "urban_green:number_of_caretakers": null, "urban_green:owner_hours_week": null, "watsan:other": null, "watsan:other_description": null, "watsan:water_availability": null, "urban_green:owner_distance": null, "watsan:urban_agriculture": null, "urban_green:cultivation_consumer_description": null, "urban_green:cultivation_supplies_purchase": null, "amenity": null, "denotation": null, "leaf_cycle": null, "leaf_type": null, "ele": null, "wood": null, "description": null, "trees": null, "circumference": null, "fixme": null, "genus": null, "short_name": null, "species:wikidata": null, "species:wikipedia": null, "golf": null, "created_by": null, "security": null, "security:black_spot": null, "security:description": null, "sercurity": null, "basin": null, "intermittent": null, "landuse": "reservoir", "reservoir_type": null, "man_made": null, "note": null, "salt": null, "tidal": null, "wetland": null, "leisure": null, "colour": null, "addr:city": null, "addr:housenumber": null, "addr:street": null }, "geometry": { "type": "Polygon", "coordinates": [ [ [ 36.7381845, -1.3360372 ], [ 36.7381201, -1.3361123 ], [ 36.7381523, -1.3362517 ], [ 36.7382274, -1.3362946 ], [ 36.7382811, -1.336359 ], [ 36.7382167, -1.3365306 ], [ 36.7380665, -1.3365842 ], [ 36.7380128, -1.3366593 ], [ 36.7380772, -1.3367987 ], [ 36.7382572, -1.3367888 ], [ 36.7383883, -1.336788 ], [ 36.7385361, -1.3365636 ], [ 36.7385278, -1.3363375 ], [ 36.7385493, -1.3361337 ], [ 36.7383883, -1.3360586 ], [ 36.7381845, -1.3360372 ] ] ] } },
{ "type": "Feature", "properties": { "element": "way", "id": 169130072, "natural": "water", "water": "reservoir", "name": null, "notes": null, "name:ko": null, "species": null, "height": null, "source": null, "type": null, "name:botanical": null, "landuse:urban_green": null, "operator:description": null, "urban_green:cultivation": null, "urban_green:cultivation_consumer": null, "urban_green:cultivation_sale": null, "urban_green:cultivation_type": null, "urban_green:dimension_sqm": null, "urban_green:fence": null, "urban_green:number_of_caretakers": null, "urban_green:owner_hours_week": null, "watsan:other": null, "watsan:other_description": null, "watsan:water_availability": null, "urban_green:owner_distance": null, "watsan:urban_agriculture": null, "urban_green:cultivation_consumer_description": null, "urban_green:cultivation_supplies_purchase": null, "amenity": null, "denotation": null, "leaf_cycle": null, "leaf_type": null, "ele": null, "wood": null, "description": null, "trees": null, "circumference": null, "fixme": null, "genus": null, "short_name": null, "species:wikidata": null, "species:wikipedia": null, "golf": null, "created_by": null, "security": null, "security:black_spot": null, "security:description": null, "sercurity": null, "basin": null, "intermittent": null, "landuse": "reservoir", "reservoir_type": null, "man_made": null, "note": null, "salt": null, "tidal": null, "wetland": null, "leisure": null, "colour": null, "addr:city": null, "addr:housenumber": null, "addr:street": null }, "geometry": { "type": "Polygon", "coordinates": [ [ [ 36.7356634, -1.3339405 ], [ 36.7356419, -1.3338708 ], [ 36.7356794, -1.3337743 ], [ 36.7357814, -1.3337636 ], [ 36.7359263, -1.3337695 ], [ 36.7360766, -1.3338124 ], [ 36.7361354, -1.3338923 ], [ 36.736114, -1.3340264 ], [ 36.7360657, -1.3340371 ], [ 36.7358512, -1.3339974 ], [ 36.7356634, -1.3339405 ] ] ] } },
{ "type": "Feature", "properties": { "element": "way", "id": 169141688, "natural": "water", "water": "reservoir", "name": null, "notes": null, "name:ko": null, "species": null, "height": null, "source": null, "type": null, "name:botanical": null, "landuse:urban_green": null, "operator:description": null, "urban_green:cultivation": null, "urban_green:cultivation_consumer": null, "urban_green:cultivation_sale": null, "urban_green:cultivation_type": null, "urban_green:dimension_sqm": null, "urban_green:fence": null, "urban_green:number_of_caretakers": null, "urban_green:owner_hours_week": null, "watsan:other": null, "watsan:other_description": null, "watsan:water_availability": null, "urban_green:owner_distance": null, "watsan:urban_agriculture": null, "urban_green:cultivation_consumer_description": null, "urban_green:cultivation_supplies_purchase": null, "amenity": null, "denotation": null, "leaf_cycle": null, "leaf_type": null, "ele": null, "wood": null, "description": null, "trees": null, "circumference": null, "fixme": null, "genus": null, "short_name": null, "species:wikidata": null, "species:wikipedia": null, "golf": null, "created_by": null, "security": null, "security:black_spot": null, "security:description": null, "sercurity": null, "basin": null, "intermittent": null, "landuse": "reservoir", "reservoir_type": null, "man_made": null, "note": null, "salt": null, "tidal": null, "wetland": null, "leisure": null, "colour": null, "addr:city": null, "addr:housenumber": null, "addr:street": null }, "geometry": { "type": "Polygon", "coordinates": [ [ [ 36.7251383, -1.3637958 ], [ 36.7253878, -1.3636445 ], [ 36.7254817, -1.363903 ], [ 36.7256211, -1.3640532 ], [ 36.7257445, -1.3646109 ], [ 36.7258518, -1.365587 ], [ 36.7255514, -1.3656835 ], [ 36.7251383, -1.3637958 ] ] ] } },
{ "type": "Feature", "properties": { "element": "way", "id": 169141700, "natural": "water", "water": "reservoir", "name": null, "notes": null, "name:ko": null, "species": null, "height": null, "source": null, "type": null, "name:botanical": null, "landuse:urban_green": null, "operator:description": null, "urban_green:cultivation": null, "urban_green:cultivation_consumer": null, "urban_green:cultivation_sale": null, "urban_green:cultivation_type": null, "urban_green:dimension_sqm": null, "urban_green:fence": null, "urban_green:number_of_caretakers": null, "urban_green:owner_hours_week": null, "watsan:other": null, "watsan:other_description": null, "watsan:water_availability": null, "urban_green:owner_distance": null, "watsan:urban_agriculture": null, "urban_green:cultivation_consumer_description": null, "urban_green:cultivation_supplies_purchase": null, "amenity": null, "denotation": null, "leaf_cycle": null, "leaf_type": null, "ele": null, "wood": null, "description": null, "trees": null, "circumference": null, "fixme": null, "genus": null, "short_name": null, "species:wikidata": null, "species:wikipedia": null, "golf": null, "created_by": null, "security": null, "security:black_spot": null, "security:description": null, "sercurity": null, "basin": null, "intermittent": null, "landuse": "reservoir", "reservoir_type": null, "man_made": null, "note": null, "salt": null, "tidal": null, "wetland": null, "leisure": null, "colour": null, "addr:city": null, "addr:housenumber": null, "addr:street": null }, "geometry": { "type": "Polygon", "coordinates": [ [ [ 36.7274217, -1.3612143 ], [ 36.7276631, -1.3612127 ], [ 36.7276696, -1.3622466 ], [ 36.7274282, -1.3622481 ], [ 36.7274217, -1.3612143 ] ] ] } },
{ "type": "Feature", "properties": { "element": "way", "id": 226154095, "natural": "water", "water": null, "name": null, "notes": null, "name:ko": null, "species": null, "height": null, "source": null, "type": null, "name:botanical": null, "landuse:urban_green": null, "operator:description": null, "urban_green:cultivation": null, "urban_green:cultivation_consumer": null, "urban_green:cultivation_sale": null, "urban_green:cultivation_type": null, "urban_green:dimension_sqm": null, "urban_green:fence": null, "urban_green:number_of_caretakers": null, "urban_green:owner_hours_week": null, "watsan:other": null, "watsan:other_description": null, "watsan:water_availability": null, "urban_green:owner_distance": null, "watsan:urban_agriculture": null, "urban_green:cultivation_consumer_description": null, "urban_green:cultivation_supplies_purchase": null, "amenity": null, "denotation": null, "leaf_cycle": null, "leaf_type": null, "ele": null, "wood": null, "description": null, "trees": null, "circumference": null, "fixme": null, "genus": null, "short_name": null, "species:wikidata": null, "species:wikipedia": null, "golf": null, "created_by": null, "security": null, "security:black_spot": null, "security:description": null, "sercurity": null, "basin": null, "intermittent": null, "landuse": null, "reservoir_type": null, "man_made": null, "note": null, "salt": null, "tidal": null, "wetland": null, "leisure": null, "colour": null, "addr:city": null, "addr:housenumber": null, "addr:street": null }, "geometry": { "type": "Polygon", "coordinates": [ [ [ 36.8520288, -1.2060604 ], [ 36.8521414, -1.2059692 ], [ 36.8522058, -1.2058727 ], [ 36.8523882, -1.2058673 ], [ 36.8525116, -1.2057815 ], [ 36.8530319, -1.2061462 ], [ 36.8528925, -1.2062106 ], [ 36.8529568, -1.2063661 ], [ 36.8530051, -1.2063715 ], [ 36.8528281, -1.206527 ], [ 36.8527315, -1.2066825 ], [ 36.8526028, -1.2068005 ], [ 36.852525, -1.2068649 ], [ 36.8524633, -1.2069346 ], [ 36.852462, -1.2070459 ], [ 36.8525009, -1.2071545 ], [ 36.852576, -1.2071974 ], [ 36.8525867, -1.2072939 ], [ 36.8525733, -1.2073522 ], [ 36.8524821, -1.2074589 ], [ 36.8523667, -1.2075628 ], [ 36.8523037, -1.2075581 ], [ 36.8521736, -1.2074763 ], [ 36.8520717, -1.2073797 ], [ 36.8519805, -1.2073583 ], [ 36.8518732, -1.2073851 ], [ 36.8518249, -1.2073047 ], [ 36.851841, -1.2072028 ], [ 36.8518357, -1.2070794 ], [ 36.851782, -1.207058 ], [ 36.8517123, -1.2071223 ], [ 36.8516047, -1.2070443 ], [ 36.8515567, -1.2069131 ], [ 36.8515135, -1.2067547 ], [ 36.8515028, -1.2065348 ], [ 36.851546, -1.2064734 ], [ 36.8516476, -1.2063953 ], [ 36.8517713, -1.2062964 ], [ 36.8518196, -1.2062159 ], [ 36.8518732, -1.2061516 ], [ 36.8519, -1.2060604 ], [ 36.8520288, -1.2060604 ] ] ] } },
{ "type": "Feature", "properties": { "element": "way", "id": 239074518, "natural": "water", "water": null, "name": null, "notes": null, "name:ko": null, "species": null, "height": null, "source": null, "type": null, "name:botanical": null, "landuse:urban_green": null, "operator:description": null, "urban_green:cultivation": null, "urban_green:cultivation_consumer": null, "urban_green:cultivation_sale": null, "urban_green:cultivation_type": null, "urban_green:dimension_sqm": null, "urban_green:fence": null, "urban_green:number_of_caretakers": null, "urban_green:owner_hours_week": null, "watsan:other": null, "watsan:other_description": null, "watsan:water_availability": null, "urban_green:owner_distance": null, "watsan:urban_agriculture": null, "urban_green:cultivation_consumer_description": null, "urban_green:cultivation_supplies_purchase": null, "amenity": null, "denotation": null, "leaf_cycle": null, "leaf_type": null, "ele": null, "wood": null, "description": null, "trees": null, "circumference": null, "fixme": null, "genus": null, "short_name": null, "species:wikidata": null, "species:wikipedia": null, "golf": null, "created_by": null, "security": null, "security:black_spot": null, "security:description": null, "sercurity": null, "basin": null, "intermittent": null, "landuse": null, "reservoir_type": null, "man_made": null, "note": null, "salt": null, "tidal": null, "wetland": null, "leisure": null, "colour": null, "addr:city": null, "addr:housenumber": null, "addr:street": null }, "geometry": { "type": "Polygon", "coordinates": [ [ [ 36.8197885, -1.2897318 ], [ 36.819806, -1.2897229 ], [ 36.8198199, -1.289709 ], [ 36.8198288, -1.2896915 ], [ 36.8198319, -1.2896721 ], [ 36.8198281, -1.2896506 ], [ 36.8198172, -1.2896317 ], [ 36.8198005, -1.2896177 ], [ 36.81978, -1.2896102 ], [ 36.8197582, -1.2896102 ], [ 36.8197377, -1.2896177 ], [ 36.8197209, -1.2896317 ], [ 36.81971, -1.2896506 ], [ 36.8197062, -1.2896721 ], [ 36.8197093, -1.2896915 ], [ 36.8197182, -1.289709 ], [ 36.8197321, -1.2897229 ], [ 36.8197497, -1.2897318 ], [ 36.8197691, -1.2897349 ], [ 36.8197885, -1.2897318 ] ] ] } },
{ "type": "Feature", "properties": { "element": "way", "id": 240066640, "natural": "water", "water": null, "name": null, "notes": null, "name:ko": null, "species": null, "height": null, "source": null, "type": null, "name:botanical": null, "landuse:urban_green": null, "operator:description": null, "urban_green:cultivation": null, "urban_green:cultivation_consumer": null, "urban_green:cultivation_sale": null, "urban_green:cultivation_type": null, "urban_green:dimension_sqm": null, "urban_green:fence": null, "urban_green:number_of_caretakers": null, "urban_green:owner_hours_week": null, "watsan:other": null, "watsan:other_description": null, "watsan:water_availability": null, "urban_green:owner_distance": null, "watsan:urban_agriculture": null, "urban_green:cultivation_consumer_description": null, "urban_green:cultivation_supplies_purchase": null, "amenity": null, "denotation": null, "leaf_cycle": null, "leaf_type": null, "ele": null, "wood": null, "description": null, "trees": null, "circumference": null, "fixme": null, "genus": null, "short_name": null, "species:wikidata": null, "species:wikipedia": null, "golf": null, "created_by": null, "security": null, "security:black_spot": null, "security:description": null, "sercurity": null, "basin": null, "intermittent": null, "landuse": null, "reservoir_type": null, "man_made": null, "note": null, "salt": null, "tidal": null, "wetland": null, "leisure": null, "colour": null, "addr:city": null, "addr:housenumber": null, "addr:street": null }, "geometry": { "type": "Polygon", "coordinates": [ [ [ 36.8067861, -1.1997976 ], [ 36.8075859, -1.2002496 ], [ 36.8073584, -1.200652 ], [ 36.8065586, -1.2002 ], [ 36.8067861, -1.1997976 ] ] ] } },
{ "type": "Feature", "properties": { "element": "way", "id": 240352845, "natural": "water", "water": null, "name": null, "notes": null, "name:ko": null, "species": null, "height": null, "source": null, "type": null, "name:botanical": null, "landuse:urban_green": null, "operator:description": null, "urban_green:cultivation": null, "urban_green:cultivation_consumer": null, "urban_green:cultivation_sale": null, "urban_green:cultivation_type": null, "urban_green:dimension_sqm": null, "urban_green:fence": null, "urban_green:number_of_caretakers": null, "urban_green:owner_hours_week": null, "watsan:other": null, "watsan:other_description": null, "watsan:water_availability": null, "urban_green:owner_distance": null, "watsan:urban_agriculture": null, "urban_green:cultivation_consumer_description": null, "urban_green:cultivation_supplies_purchase": null, "amenity": null, "denotation": null, "leaf_cycle": null, "leaf_type": null, "ele": null, "wood": null, "description": null, "trees": null, "circumference": null, "fixme": null, "genus": null, "short_name": null, "species:wikidata": null, "species:wikipedia": null, "golf": null, "created_by": null, "security": null, "security:black_spot": null, "security:description": null, "sercurity": null, "basin": null, "intermittent": null, "landuse": null, "reservoir_type": null, "man_made": null, "note": null, "salt": null, "tidal": null, "wetland": null, "leisure": null, "colour": null, "addr:city": null, "addr:housenumber": null, "addr:street": null }, "geometry": { "type": "Polygon", "coordinates": [ [ [ 36.7310507, -1.3389562 ], [ 36.7310319, -1.3389542 ], [ 36.7307755, -1.3389574 ], [ 36.7304711, -1.3389802 ], [ 36.7298662, -1.3389976 ], [ 36.7295846, -1.3389252 ], [ 36.7293486, -1.3388689 ], [ 36.7291662, -1.3389011 ], [ 36.7290857, -1.3390271 ], [ 36.7291742, -1.3391317 ], [ 36.729252, -1.3392979 ], [ 36.7293164, -1.3393113 ], [ 36.7295658, -1.3392765 ], [ 36.7297589, -1.339196 ], [ 36.7299413, -1.3392175 ], [ 36.7302176, -1.3392336 ], [ 36.730526, -1.3391692 ], [ 36.7308442, -1.3390561 ], [ 36.7309632, -1.3390405 ], [ 36.731052, -1.3390259 ], [ 36.7310688, -1.3390085 ], [ 36.7310768, -1.3389877 ], [ 36.7310728, -1.3389696 ], [ 36.7310507, -1.3389562 ] ] ] } },
{ "type": "Feature", "properties": { "element": "way", "id": 245260396, "natural": "water", "water": "pond", "name": null, "notes": null, "name:ko": null, "species": null, "height": null, "source": null, "type": null, "name:botanical": null, "landuse:urban_green": null, "operator:description": null, "urban_green:cultivation": null, "urban_green:cultivation_consumer": null, "urban_green:cultivation_sale": null, "urban_green:cultivation_type": null, "urban_green:dimension_sqm": null, "urban_green:fence": null, "urban_green:number_of_caretakers": null, "urban_green:owner_hours_week": null, "watsan:other": null, "watsan:other_description": null, "watsan:water_availability": null, "urban_green:owner_distance": null, "watsan:urban_agriculture": null, "urban_green:cultivation_consumer_description": null, "urban_green:cultivation_supplies_purchase": null, "amenity": null, "denotation": null, "leaf_cycle": null, "leaf_type": null, "ele": null, "wood": null, "description": null, "trees": null, "circumference": null, "fixme": null, "genus": null, "short_name": null, "species:wikidata": null, "species:wikipedia": null, "golf": null, "created_by": null, "security": null, "security:black_spot": null, "security:description": null, "sercurity": null, "basin": null, "intermittent": null, "landuse": null, "reservoir_type": null, "man_made": null, "note": null, "salt": null, "tidal": null, "wetland": null, "leisure": null, "colour": null, "addr:city": null, "addr:housenumber": null, "addr:street": null }, "geometry": { "type": "Polygon", "coordinates": [ [ [ 36.7883589, -1.2306037 ], [ 36.7886539, -1.2308021 ], [ 36.7890831, -1.2311078 ], [ 36.7893191, -1.2313116 ], [ 36.7894425, -1.2314242 ], [ 36.7894425, -1.231494 ], [ 36.7898019, -1.2315315 ], [ 36.7902901, -1.2318211 ], [ 36.7906387, -1.2319713 ], [ 36.791025, -1.2321644 ], [ 36.7913307, -1.2322448 ], [ 36.7914649, -1.2317621 ], [ 36.7915078, -1.2314511 ], [ 36.791481, -1.2313545 ], [ 36.7911162, -1.2312848 ], [ 36.7908909, -1.2311025 ], [ 36.7905636, -1.2308772 ], [ 36.7902203, -1.2305393 ], [ 36.7900379, -1.2304428 ], [ 36.7898233, -1.2303892 ], [ 36.7896356, -1.2304535 ], [ 36.7893352, -1.230475 ], [ 36.7891903, -1.2304374 ], [ 36.7889758, -1.2303409 ], [ 36.788788, -1.2302819 ], [ 36.788493, -1.2303302 ], [ 36.788375, -1.2303462 ], [ 36.7883589, -1.2306037 ] ] ] } },
{ "type": "Feature", "properties": { "element": "way", "id": 264280304, "natural": "water", "water": "lake", "name": "Nyari 'B' Lake", "notes": null, "name:ko": null, "species": null, "height": null, "source": null, "type": null, "name:botanical": null, "landuse:urban_green": null, "operator:description": null, "urban_green:cultivation": null, "urban_green:cultivation_consumer": null, "urban_green:cultivation_sale": null, "urban_green:cultivation_type": null, "urban_green:dimension_sqm": null, "urban_green:fence": null, "urban_green:number_of_caretakers": null, "urban_green:owner_hours_week": null, "watsan:other": null, "watsan:other_description": null, "watsan:water_availability": null, "urban_green:owner_distance": null, "watsan:urban_agriculture": null, "urban_green:cultivation_consumer_description": null, "urban_green:cultivation_supplies_purchase": null, "amenity": null, "denotation": null, "leaf_cycle": null, "leaf_type": null, "ele": null, "wood": null, "description": null, "trees": null, "circumference": null, "fixme": null, "genus": null, "short_name": null, "species:wikidata": null, "species:wikipedia": null, "golf": null, "created_by": null, "security": null, "security:black_spot": null, "security:description": null, "sercurity": null, "basin": null, "intermittent": null, "landuse": null, "reservoir_type": null, "man_made": null, "note": null, "salt": null, "tidal": null, "wetland": null, "leisure": null, "colour": null, "addr:city": null, "addr:housenumber": null, "addr:street": null }, "geometry": { "type": "Polygon", "coordinates": [ [ [ 36.7833308, -1.2324963 ], [ 36.7834349, -1.2325503 ], [ 36.7835274, -1.2326213 ], [ 36.7835635, -1.2326924 ], [ 36.7836669, -1.2327393 ], [ 36.7836924, -1.2327688 ], [ 36.783742, -1.2328238 ], [ 36.7838278, -1.2328345 ], [ 36.7838842, -1.2328841 ], [ 36.7839311, -1.2329096 ], [ 36.7840679, -1.2329512 ], [ 36.7841432, -1.2329874 ], [ 36.7842597, -1.2330826 ], [ 36.7843898, -1.2331376 ], [ 36.7844452, -1.2332153 ], [ 36.784603, -1.2333186 ], [ 36.7846969, -1.2333856 ], [ 36.7847398, -1.2334191 ], [ 36.7847599, -1.2334553 ], [ 36.7847867, -1.2334969 ], [ 36.7848605, -1.2335398 ], [ 36.7849422, -1.2335408 ], [ 36.7850442, -1.2335586 ], [ 36.785114, -1.2336444 ], [ 36.7851048, -1.2337052 ], [ 36.7850369, -1.2338476 ], [ 36.7849825, -1.2339474 ], [ 36.7849115, -1.2340158 ], [ 36.7848471, -1.2340076 ], [ 36.7847368, -1.2339516 ], [ 36.7845909, -1.2337838 ], [ 36.7844313, -1.2336645 ], [ 36.7842489, -1.2334915 ], [ 36.7841054, -1.2333595 ], [ 36.7839566, -1.2332274 ], [ 36.7838211, -1.2330987 ], [ 36.7836919, -1.2329859 ], [ 36.7835945, -1.2329284 ], [ 36.783519, -1.232878 ], [ 36.7834134, -1.2328614 ], [ 36.7833973, -1.2328345 ], [ 36.7834255, -1.232742 ], [ 36.7833799, -1.2327072 ], [ 36.7833276, -1.2326683 ], [ 36.7832506, -1.2325906 ], [ 36.783274, -1.2325194 ], [ 36.7833308, -1.2324963 ] ] ] } },
{ "type": "Feature", "properties": { "element": "way", "id": 349140234, "natural": "water", "water": "pond", "name": null, "notes": null, "name:ko": null, "species": null, "height": null, "source": null, "type": null, "name:botanical": null, "landuse:urban_green": null, "operator:description": null, "urban_green:cultivation": null, "urban_green:cultivation_consumer": null, "urban_green:cultivation_sale": null, "urban_green:cultivation_type": null, "urban_green:dimension_sqm": null, "urban_green:fence": null, "urban_green:number_of_caretakers": null, "urban_green:owner_hours_week": null, "watsan:other": null, "watsan:other_description": null, "watsan:water_availability": null, "urban_green:owner_distance": null, "watsan:urban_agriculture": null, "urban_green:cultivation_consumer_description": null, "urban_green:cultivation_supplies_purchase": null, "amenity": null, "denotation": null, "leaf_cycle": null, "leaf_type": null, "ele": null, "wood": null, "description": null, "trees": null, "circumference": null, "fixme": null, "genus": null, "short_name": null, "species:wikidata": null, "species:wikipedia": null, "golf": null, "created_by": null, "security": null, "security:black_spot": null, "security:description": null, "sercurity": null, "basin": null, "intermittent": null, "landuse": null, "reservoir_type": null, "man_made": null, "note": null, "salt": null, "tidal": null, "wetland": null, "leisure": null, "colour": null, "addr:city": null, "addr:housenumber": null, "addr:street": null }, "geometry": { "type": "Polygon", "coordinates": [ [ [ 36.6919669, -1.3376819 ], [ 36.6921132, -1.3379399 ], [ 36.6921945, -1.3380619 ], [ 36.6922311, -1.3380822 ], [ 36.6922962, -1.3380538 ], [ 36.6925157, -1.3377896 ], [ 36.6926539, -1.3376676 ], [ 36.6927596, -1.3375457 ], [ 36.6928247, -1.3374746 ], [ 36.6925767, -1.3372714 ], [ 36.692536, -1.3372653 ], [ 36.6924303, -1.3373567 ], [ 36.6920177, -1.337627 ], [ 36.6919872, -1.3376615 ], [ 36.6919669, -1.3376819 ] ] ] } },
{ "type": "Feature", "properties": { "element": "way", "id": 349159579, "natural": "water", "water": "reservoir", "name": null, "notes": null, "name:ko": null, "species": null, "height": null, "source": null, "type": null, "name:botanical": null, "landuse:urban_green": null, "operator:description": null, "urban_green:cultivation": null, "urban_green:cultivation_consumer": null, "urban_green:cultivation_sale": null, "urban_green:cultivation_type": null, "urban_green:dimension_sqm": null, "urban_green:fence": null, "urban_green:number_of_caretakers": null, "urban_green:owner_hours_week": null, "watsan:other": null, "watsan:other_description": null, "watsan:water_availability": null, "urban_green:owner_distance": null, "watsan:urban_agriculture": null, "urban_green:cultivation_consumer_description": null, "urban_green:cultivation_supplies_purchase": null, "amenity": null, "denotation": null, "leaf_cycle": null, "leaf_type": null, "ele": null, "wood": null, "description": null, "trees": null, "circumference": null, "fixme": null, "genus": null, "short_name": null, "species:wikidata": null, "species:wikipedia": null, "golf": null, "created_by": null, "security": null, "security:black_spot": null, "security:description": null, "sercurity": null, "basin": null, "intermittent": null, "landuse": null, "reservoir_type": null, "man_made": null, "note": null, "salt": null, "tidal": null, "wetland": null, "leisure": null, "colour": null, "addr:city": null, "addr:housenumber": null, "addr:street": null }, "geometry": { "type": "Polygon", "coordinates": [ [ [ 36.7192488, -1.3450288 ], [ 36.7191463, -1.3451098 ], [ 36.7190336, -1.3453929 ], [ 36.718766, -1.3462771 ], [ 36.7187933, -1.3464174 ], [ 36.7188924, -1.3464419 ], [ 36.7189932, -1.3465052 ], [ 36.7191248, -1.346643 ], [ 36.7192553, -1.3468424 ], [ 36.7193674, -1.3469722 ], [ 36.7194704, -1.3470275 ], [ 36.7195734, -1.3469296 ], [ 36.7198555, -1.3462567 ], [ 36.7199188, -1.3459996 ], [ 36.7199201, -1.3457902 ], [ 36.7198674, -1.3456012 ], [ 36.7197654, -1.3453866 ], [ 36.7195965, -1.3452043 ], [ 36.7194838, -1.345097 ], [ 36.7193722, -1.3450376 ], [ 36.7192488, -1.3450288 ] ] ] } },
{ "type": "Feature", "properties": { "element": "way", "id": 349161004, "natural": "water", "water": null, "name": null, "notes": null, "name:ko": null, "species": null, "height": null, "source": null, "type": null, "name:botanical": null, "landuse:urban_green": null, "operator:description": null, "urban_green:cultivation": null, "urban_green:cultivation_consumer": null, "urban_green:cultivation_sale": null, "urban_green:cultivation_type": null, "urban_green:dimension_sqm": null, "urban_green:fence": null, "urban_green:number_of_caretakers": null, "urban_green:owner_hours_week": null, "watsan:other": null, "watsan:other_description": null, "watsan:water_availability": null, "urban_green:owner_distance": null, "watsan:urban_agriculture": null, "urban_green:cultivation_consumer_description": null, "urban_green:cultivation_supplies_purchase": null, "amenity": null, "denotation": null, "leaf_cycle": null, "leaf_type": null, "ele": null, "wood": null, "description": null, "trees": null, "circumference": null, "fixme": null, "genus": null, "short_name": null, "species:wikidata": null, "species:wikipedia": null, "golf": null, "created_by": null, "security": null, "security:black_spot": null, "security:description": null, "sercurity": null, "basin": null, "intermittent": null, "landuse": null, "reservoir_type": null, "man_made": null, "note": null, "salt": null, "tidal": null, "wetland": null, "leisure": null, "colour": null, "addr:city": null, "addr:housenumber": null, "addr:street": null }, "geometry": { "type": "Polygon", "coordinates": [ [ [ 36.7135333, -1.3302346 ], [ 36.7136045, -1.3302773 ], [ 36.7135943, -1.3303383 ], [ 36.7136197, -1.330382 ], [ 36.7136604, -1.3303891 ], [ 36.7136878, -1.3304399 ], [ 36.7137264, -1.3304754 ], [ 36.7136543, -1.3305862 ], [ 36.7136065, -1.3306258 ], [ 36.7135679, -1.3306411 ], [ 36.7135354, -1.330634 ], [ 36.7134795, -1.3306594 ], [ 36.7134154, -1.3306472 ], [ 36.7133514, -1.3306289 ], [ 36.7133494, -1.330573 ], [ 36.7133311, -1.3305456 ], [ 36.7132853, -1.3305273 ], [ 36.7132498, -1.3305049 ], [ 36.7132274, -1.3304612 ], [ 36.7132071, -1.3304236 ], [ 36.713201, -1.3303799 ], [ 36.7132315, -1.3303139 ], [ 36.7132498, -1.3302804 ], [ 36.7132782, -1.3302499 ], [ 36.7132955, -1.3302275 ], [ 36.7132985, -1.3301767 ], [ 36.7133107, -1.3301361 ], [ 36.7133138, -1.3301056 ], [ 36.7133158, -1.3300853 ], [ 36.7133514, -1.3300802 ], [ 36.7133666, -1.3300649 ], [ 36.7134022, -1.3301076 ], [ 36.7134256, -1.3301076 ], [ 36.7134591, -1.330133 ], [ 36.7134571, -1.3301686 ], [ 36.7134866, -1.3302042 ], [ 36.7135069, -1.3302296 ], [ 36.7135333, -1.3302346 ] ] ] } },
{ "type": "Feature", "properties": { "element": "way", "id": 364921384, "natural": "water", "water": "reservoir", "name": null, "notes": null, "name:ko": null, "species": null, "height": null, "source": null, "type": null, "name:botanical": null, "landuse:urban_green": null, "operator:description": null, "urban_green:cultivation": null, "urban_green:cultivation_consumer": null, "urban_green:cultivation_sale": null, "urban_green:cultivation_type": null, "urban_green:dimension_sqm": null, "urban_green:fence": null, "urban_green:number_of_caretakers": null, "urban_green:owner_hours_week": null, "watsan:other": null, "watsan:other_description": null, "watsan:water_availability": null, "urban_green:owner_distance": null, "watsan:urban_agriculture": null, "urban_green:cultivation_consumer_description": null, "urban_green:cultivation_supplies_purchase": null, "amenity": null, "denotation": null, "leaf_cycle": null, "leaf_type": null, "ele": null, "wood": null, "description": null, "trees": null, "circumference": null, "fixme": null, "genus": null, "short_name": null, "species:wikidata": null, "species:wikipedia": null, "golf": null, "created_by": null, "security": null, "security:black_spot": null, "security:description": null, "sercurity": null, "basin": null, "intermittent": null, "landuse": "reservoir", "reservoir_type": null, "man_made": null, "note": null, "salt": null, "tidal": null, "wetland": null, "leisure": null, "colour": null, "addr:city": null, "addr:housenumber": null, "addr:street": null }, "geometry": { "type": "Polygon", "coordinates": [ [ [ 36.7493882, -1.3692406 ], [ 36.7495008, -1.3692245 ], [ 36.7495115, -1.3692755 ], [ 36.7493882, -1.3692915 ], [ 36.7493882, -1.3692406 ] ] ] } },
{ "type": "Feature", "properties": { "element": "way", "id": 369103846, "natural": "water", "water": "reservoir", "name": null, "notes": null, "name:ko": null, "species": null, "height": null, "source": null, "type": null, "name:botanical": null, "landuse:urban_green": null, "operator:description": null, "urban_green:cultivation": null, "urban_green:cultivation_consumer": null, "urban_green:cultivation_sale": null, "urban_green:cultivation_type": null, "urban_green:dimension_sqm": null, "urban_green:fence": null, "urban_green:number_of_caretakers": null, "urban_green:owner_hours_week": null, "watsan:other": null, "watsan:other_description": null, "watsan:water_availability": null, "urban_green:owner_distance": null, "watsan:urban_agriculture": null, "urban_green:cultivation_consumer_description": null, "urban_green:cultivation_supplies_purchase": null, "amenity": null, "denotation": null, "leaf_cycle": null, "leaf_type": null, "ele": null, "wood": null, "description": null, "trees": null, "circumference": null, "fixme": null, "genus": null, "short_name": null, "species:wikidata": null, "species:wikipedia": null, "golf": null, "created_by": null, "security": null, "security:black_spot": null, "security:description": null, "sercurity": null, "basin": null, "intermittent": null, "landuse": null, "reservoir_type": null, "man_made": null, "note": null, "salt": null, "tidal": null, "wetland": null, "leisure": null, "colour": null, "addr:city": null, "addr:housenumber": null, "addr:street": null }, "geometry": { "type": "Polygon", "coordinates": [ [ [ 36.717832, -1.3455347 ], [ 36.7178683, -1.3454599 ], [ 36.7179897, -1.3453972 ], [ 36.7187754, -1.3450151 ], [ 36.7188512, -1.3449792 ], [ 36.718945, -1.3449767 ], [ 36.7189976, -1.3450242 ], [ 36.7189956, -1.3451478 ], [ 36.7186445, -1.3462058 ], [ 36.7185901, -1.3463168 ], [ 36.7185177, -1.3463451 ], [ 36.7183582, -1.3463026 ], [ 36.7181873, -1.3461896 ], [ 36.7180816, -1.3460725 ], [ 36.7179413, -1.3458636 ], [ 36.7178639, -1.3456627 ], [ 36.717832, -1.3455347 ] ] ] } },
{ "type": "Feature", "properties": { "element": "way", "id": 369136792, "natural": "water", "water": null, "name": null, "notes": null, "name:ko": null, "species": null, "height": null, "source": null, "type": null, "name:botanical": null, "landuse:urban_green": null, "operator:description": null, "urban_green:cultivation": null, "urban_green:cultivation_consumer": null, "urban_green:cultivation_sale": null, "urban_green:cultivation_type": null, "urban_green:dimension_sqm": null, "urban_green:fence": null, "urban_green:number_of_caretakers": null, "urban_green:owner_hours_week": null, "watsan:other": null, "watsan:other_description": null, "watsan:water_availability": null, "urban_green:owner_distance": null, "watsan:urban_agriculture": null, "urban_green:cultivation_consumer_description": null, "urban_green:cultivation_supplies_purchase": null, "amenity": null, "denotation": null, "leaf_cycle": null, "leaf_type": null, "ele": null, "wood": null, "description": null, "trees": null, "circumference": null, "fixme": null, "genus": null, "short_name": null, "species:wikidata": null, "species:wikipedia": null, "golf": null, "created_by": null, "security": null, "security:black_spot": null, "security:description": null, "sercurity": null, "basin": null, "intermittent": null, "landuse": null, "reservoir_type": null, "man_made": null, "note": null, "salt": null, "tidal": null, "wetland": null, "leisure": null, "colour": null, "addr:city": null, "addr:housenumber": null, "addr:street": null }, "geometry": { "type": "Polygon", "coordinates": [ [ [ 36.828956, -1.3127623 ], [ 36.8290083, -1.3127301 ], [ 36.8290754, -1.3127301 ], [ 36.8291116, -1.3127435 ], [ 36.8291425, -1.3127596 ], [ 36.8291733, -1.3127529 ], [ 36.8292363, -1.3127851 ], [ 36.8292551, -1.3128132 ], [ 36.8292243, -1.31284 ], [ 36.8290902, -1.3128239 ], [ 36.8290298, -1.3128172 ], [ 36.8289641, -1.3127931 ], [ 36.828956, -1.3127623 ] ] ] } },
{ "type": "Feature", "properties": { "element": "way", "id": 369140627, "natural": "water", "water": null, "name": null, "notes": null, "name:ko": null, "species": null, "height": null, "source": null, "type": null, "name:botanical": null, "landuse:urban_green": null, "operator:description": null, "urban_green:cultivation": null, "urban_green:cultivation_consumer": null, "urban_green:cultivation_sale": null, "urban_green:cultivation_type": null, "urban_green:dimension_sqm": null, "urban_green:fence": null, "urban_green:number_of_caretakers": null, "urban_green:owner_hours_week": null, "watsan:other": null, "watsan:other_description": null, "watsan:water_availability": null, "urban_green:owner_distance": null, "watsan:urban_agriculture": null, "urban_green:cultivation_consumer_description": null, "urban_green:cultivation_supplies_purchase": null, "amenity": null, "denotation": null, "leaf_cycle": null, "leaf_type": null, "ele": null, "wood": null, "description": null, "trees": null, "circumference": null, "fixme": null, "genus": null, "short_name": null, "species:wikidata": null, "species:wikipedia": null, "golf": null, "created_by": null, "security": null, "security:black_spot": null, "security:description": null, "sercurity": null, "basin": null, "intermittent": null, "landuse": null, "reservoir_type": null, "man_made": null, "note": null, "salt": null, "tidal": null, "wetland": null, "leisure": null, "colour": null, "addr:city": null, "addr:housenumber": null, "addr:street": null }, "geometry": { "type": "Polygon", "coordinates": [ [ [ 36.8407412, -1.3152521 ], [ 36.8407978, -1.3152535 ], [ 36.8407942, -1.315395 ], [ 36.8407376, -1.3153936 ], [ 36.8407412, -1.3152521 ] ] ] } },
{ "type": "Feature", "properties": { "element": "way", "id": 376046754, "natural": "water", "water": null, "name": null, "notes": null, "name:ko": null, "species": null, "height": null, "source": null, "type": null, "name:botanical": null, "landuse:urban_green": null, "operator:description": null, "urban_green:cultivation": null, "urban_green:cultivation_consumer": null, "urban_green:cultivation_sale": null, "urban_green:cultivation_type": null, "urban_green:dimension_sqm": null, "urban_green:fence": null, "urban_green:number_of_caretakers": null, "urban_green:owner_hours_week": null, "watsan:other": null, "watsan:other_description": null, "watsan:water_availability": null, "urban_green:owner_distance": null, "watsan:urban_agriculture": null, "urban_green:cultivation_consumer_description": null, "urban_green:cultivation_supplies_purchase": null, "amenity": null, "denotation": null, "leaf_cycle": null, "leaf_type": null, "ele": null, "wood": null, "description": null, "trees": null, "circumference": null, "fixme": null, "genus": null, "short_name": null, "species:wikidata": null, "species:wikipedia": null, "golf": null, "created_by": null, "security": null, "security:black_spot": null, "security:description": null, "sercurity": null, "basin": null, "intermittent": null, "landuse": null, "reservoir_type": null, "man_made": null, "note": null, "salt": null, "tidal": null, "wetland": null, "leisure": null, "colour": null, "addr:city": null, "addr:housenumber": null, "addr:street": null }, "geometry": { "type": "Polygon", "coordinates": [ [ [ 36.792205, -1.3078573 ], [ 36.79202, -1.3076257 ], [ 36.7919671, -1.3074956 ], [ 36.7919705, -1.3074462 ], [ 36.7919753, -1.3073777 ], [ 36.7921074, -1.3072619 ], [ 36.7922395, -1.3071989 ], [ 36.7923757, -1.3071765 ], [ 36.7925444, -1.3072152 ], [ 36.7927375, -1.3072904 ], [ 36.7928859, -1.3073635 ], [ 36.7930059, -1.3074915 ], [ 36.7931014, -1.3076013 ], [ 36.7931258, -1.3077374 ], [ 36.7930973, -1.3078086 ], [ 36.7929794, -1.3079102 ], [ 36.7928615, -1.3079793 ], [ 36.7927131, -1.3080118 ], [ 36.7925383, -1.3080158 ], [ 36.7923676, -1.3079711 ], [ 36.792205, -1.3078573 ] ] ] } },
{ "type": "Feature", "properties": { "element": "way", "id": 385442454, "natural": "water", "water": "pond", "name": null, "notes": null, "name:ko": null, "species": null, "height": null, "source": null, "type": null, "name:botanical": null, "landuse:urban_green": null, "operator:description": null, "urban_green:cultivation": null, "urban_green:cultivation_consumer": null, "urban_green:cultivation_sale": null, "urban_green:cultivation_type": null, "urban_green:dimension_sqm": null, "urban_green:fence": null, "urban_green:number_of_caretakers": null, "urban_green:owner_hours_week": null, "watsan:other": null, "watsan:other_description": null, "watsan:water_availability": null, "urban_green:owner_distance": null, "watsan:urban_agriculture": null, "urban_green:cultivation_consumer_description": null, "urban_green:cultivation_supplies_purchase": null, "amenity": null, "denotation": null, "leaf_cycle": null, "leaf_type": null, "ele": null, "wood": null, "description": null, "trees": null, "circumference": null, "fixme": null, "genus": null, "short_name": null, "species:wikidata": null, "species:wikipedia": null, "golf": null, "created_by": null, "security": null, "security:black_spot": null, "security:description": null, "sercurity": null, "basin": null, "intermittent": null, "landuse": null, "reservoir_type": null, "man_made": null, "note": null, "salt": null, "tidal": null, "wetland": null, "leisure": null, "colour": null, "addr:city": null, "addr:housenumber": null, "addr:street": null }, "geometry": { "type": "Polygon", "coordinates": [ [ [ 36.9804132, -1.2569407 ], [ 36.9803971, -1.2567155 ], [ 36.980542, -1.2566136 ], [ 36.9809604, -1.2568067 ], [ 36.9814378, -1.2568281 ], [ 36.9814164, -1.2564473 ], [ 36.9817758, -1.2565358 ], [ 36.9819314, -1.2565385 ], [ 36.9818938, -1.2567423 ], [ 36.9821299, -1.2568227 ], [ 36.982441, -1.2571284 ], [ 36.9830043, -1.2572947 ], [ 36.9831276, -1.2575521 ], [ 36.9828809, -1.257831 ], [ 36.9821352, -1.2574127 ], [ 36.9815773, -1.2573591 ], [ 36.9815666, -1.2571553 ], [ 36.9813627, -1.2570587 ], [ 36.9813359, -1.2571553 ], [ 36.9814378, -1.2571874 ], [ 36.9814754, -1.2572518 ], [ 36.9814164, -1.2573591 ], [ 36.9812769, -1.2572679 ], [ 36.9809765, -1.257166 ], [ 36.9806707, -1.2570587 ], [ 36.9804132, -1.2569407 ] ] ] } },
{ "type": "Feature", "properties": { "element": "way", "id": 385443288, "natural": "water", "water": "pond", "name": null, "notes": null, "name:ko": null, "species": null, "height": null, "source": null, "type": null, "name:botanical": null, "landuse:urban_green": null, "operator:description": null, "urban_green:cultivation": null, "urban_green:cultivation_consumer": null, "urban_green:cultivation_sale": null, "urban_green:cultivation_type": null, "urban_green:dimension_sqm": null, "urban_green:fence": null, "urban_green:number_of_caretakers": null, "urban_green:owner_hours_week": null, "watsan:other": null, "watsan:other_description": null, "watsan:water_availability": null, "urban_green:owner_distance": null, "watsan:urban_agriculture": null, "urban_green:cultivation_consumer_description": null, "urban_green:cultivation_supplies_purchase": null, "amenity": null, "denotation": null, "leaf_cycle": null, "leaf_type": null, "ele": null, "wood": null, "description": null, "trees": null, "circumference": null, "fixme": null, "genus": null, "short_name": null, "species:wikidata": null, "species:wikipedia": null, "golf": null, "created_by": null, "security": null, "security:black_spot": null, "security:description": null, "sercurity": null, "basin": null, "intermittent": null, "landuse": null, "reservoir_type": null, "man_made": null, "note": null, "salt": null, "tidal": null, "wetland": null, "leisure": null, "colour": null, "addr:city": null, "addr:housenumber": null, "addr:street": null }, "geometry": { "type": "Polygon", "coordinates": [ [ [ 36.9562777, -1.2489718 ], [ 36.9562777, -1.2488968 ], [ 36.9562723, -1.2488378 ], [ 36.9563136, -1.2488041 ], [ 36.9564289, -1.2487934 ], [ 36.9565711, -1.2488229 ], [ 36.9565872, -1.2489141 ], [ 36.9564074, -1.2488631 ], [ 36.9563484, -1.2489409 ], [ 36.9562777, -1.2489718 ] ] ] } },
{ "type": "Feature", "properties": { "element": "way", "id": 388386876, "natural": "water", "water": "pond", "name": null, "notes": null, "name:ko": null, "species": null, "height": null, "source": null, "type": null, "name:botanical": null, "landuse:urban_green": null, "operator:description": null, "urban_green:cultivation": null, "urban_green:cultivation_consumer": null, "urban_green:cultivation_sale": null, "urban_green:cultivation_type": null, "urban_green:dimension_sqm": null, "urban_green:fence": null, "urban_green:number_of_caretakers": null, "urban_green:owner_hours_week": null, "watsan:other": null, "watsan:other_description": null, "watsan:water_availability": null, "urban_green:owner_distance": null, "watsan:urban_agriculture": null, "urban_green:cultivation_consumer_description": null, "urban_green:cultivation_supplies_purchase": null, "amenity": null, "denotation": null, "leaf_cycle": null, "leaf_type": null, "ele": null, "wood": null, "description": null, "trees": null, "circumference": null, "fixme": null, "genus": null, "short_name": null, "species:wikidata": null, "species:wikipedia": null, "golf": null, "created_by": null, "security": null, "security:black_spot": null, "security:description": null, "sercurity": null, "basin": null, "intermittent": null, "landuse": null, "reservoir_type": null, "man_made": null, "note": null, "salt": null, "tidal": null, "wetland": null, "leisure": null, "colour": null, "addr:city": null, "addr:housenumber": null, "addr:street": null }, "geometry": { "type": "Polygon", "coordinates": [ [ [ 36.9061715, -1.4098667 ], [ 36.9062624, -1.409941 ], [ 36.9063779, -1.4098502 ], [ 36.9064688, -1.4097346 ], [ 36.9066917, -1.4097099 ], [ 36.9068733, -1.4095531 ], [ 36.9070219, -1.4094293 ], [ 36.907121, -1.4092972 ], [ 36.9072531, -1.4091734 ], [ 36.9073852, -1.4091569 ], [ 36.9075173, -1.4091487 ], [ 36.9076493, -1.4092312 ], [ 36.9077897, -1.4093055 ], [ 36.9078805, -1.4093715 ], [ 36.9078805, -1.4094788 ], [ 36.9078145, -1.4095531 ], [ 36.9077402, -1.4096934 ], [ 36.9077649, -1.4097842 ], [ 36.9078557, -1.4097594 ], [ 36.907897, -1.4095943 ], [ 36.9080621, -1.4095036 ], [ 36.9081034, -1.409388 ], [ 36.9079713, -1.4092394 ], [ 36.907798, -1.4091074 ], [ 36.9077071, -1.4090826 ], [ 36.9078227, -1.4089258 ], [ 36.9075668, -1.4089588 ], [ 36.9075503, -1.4090661 ], [ 36.907443, -1.4089506 ], [ 36.9072943, -1.4090166 ], [ 36.907121, -1.4090909 ], [ 36.9069228, -1.4092642 ], [ 36.9068568, -1.4094128 ], [ 36.906799, -1.409487 ], [ 36.9066752, -1.4095448 ], [ 36.9065678, -1.4094953 ], [ 36.9065761, -1.4095861 ], [ 36.9064853, -1.4096356 ], [ 36.9063367, -1.4096191 ], [ 36.9061633, -1.4096604 ], [ 36.9061798, -1.4097429 ], [ 36.9060972, -1.4097594 ], [ 36.9059734, -1.4096851 ], [ 36.9058496, -1.4095696 ], [ 36.9058165, -1.4094128 ], [ 36.9058331, -1.4092725 ], [ 36.9058496, -1.4090909 ], [ 36.9058743, -1.4089671 ], [ 36.9057092, -1.4089258 ], [ 36.9055441, -1.4089918 ], [ 36.9054698, -1.4091404 ], [ 36.9054368, -1.409256 ], [ 36.905412, -1.409322 ], [ 36.9052799, -1.4092642 ], [ 36.9052386, -1.409388 ], [ 36.9052469, -1.4094953 ], [ 36.9051561, -1.4095448 ], [ 36.905057, -1.4096604 ], [ 36.9049497, -1.4097512 ], [ 36.9049167, -1.409875 ], [ 36.9049332, -1.4099822 ], [ 36.9051313, -1.4100318 ], [ 36.9051974, -1.4100978 ], [ 36.9051478, -1.4102546 ], [ 36.904991, -1.4103289 ], [ 36.9048589, -1.4103454 ], [ 36.904768, -1.4103619 ], [ 36.904636, -1.4102216 ], [ 36.9045451, -1.4102381 ], [ 36.9046112, -1.4103124 ], [ 36.9047433, -1.4104444 ], [ 36.9048506, -1.4104362 ], [ 36.9049744, -1.4103949 ], [ 36.905123, -1.4103784 ], [ 36.9052717, -1.4103124 ], [ 36.905346, -1.4101803 ], [ 36.905346, -1.4099657 ], [ 36.9052551, -1.4098584 ], [ 36.9051478, -1.4098419 ], [ 36.9050818, -1.4099245 ], [ 36.9050818, -1.4097512 ], [ 36.9052799, -1.4095943 ], [ 36.905412, -1.4094623 ], [ 36.9055771, -1.409355 ], [ 36.9055854, -1.4091899 ], [ 36.9056679, -1.4091321 ], [ 36.905734, -1.4092064 ], [ 36.9057422, -1.4093963 ], [ 36.9057175, -1.4095283 ], [ 36.9058248, -1.4097346 ], [ 36.9059074, -1.4098584 ], [ 36.9060229, -1.4098915 ], [ 36.9061715, -1.4098667 ] ] ] } },
{ "type": "Feature", "properties": { "element": "way", "id": 392393539, "natural": "water", "water": "reservoir", "name": "Lower Dam", "notes": null, "name:ko": null, "species": null, "height": null, "source": null, "type": null, "name:botanical": null, "landuse:urban_green": null, "operator:description": null, "urban_green:cultivation": null, "urban_green:cultivation_consumer": null, "urban_green:cultivation_sale": null, "urban_green:cultivation_type": null, "urban_green:dimension_sqm": null, "urban_green:fence": null, "urban_green:number_of_caretakers": null, "urban_green:owner_hours_week": null, "watsan:other": null, "watsan:other_description": null, "watsan:water_availability": null, "urban_green:owner_distance": null, "watsan:urban_agriculture": null, "urban_green:cultivation_consumer_description": null, "urban_green:cultivation_supplies_purchase": null, "amenity": null, "denotation": null, "leaf_cycle": null, "leaf_type": null, "ele": null, "wood": null, "description": null, "trees": null, "circumference": null, "fixme": null, "genus": null, "short_name": null, "species:wikidata": null, "species:wikipedia": null, "golf": null, "created_by": null, "security": null, "security:black_spot": null, "security:description": null, "sercurity": null, "basin": null, "intermittent": null, "landuse": null, "reservoir_type": null, "man_made": null, "note": null, "salt": null, "tidal": null, "wetland": null, "leisure": null, "colour": null, "addr:city": null, "addr:housenumber": null, "addr:street": null }, "geometry": { "type": "Polygon", "coordinates": [ [ [ 36.7199092, -1.3094346 ], [ 36.7199446, -1.3095053 ], [ 36.7205819, -1.3093295 ], [ 36.7208117, -1.3092294 ], [ 36.7212045, -1.3091586 ], [ 36.7215372, -1.3090772 ], [ 36.7218416, -1.3090666 ], [ 36.7221424, -1.3090737 ], [ 36.7225317, -1.3090701 ], [ 36.7228644, -1.3091798 ], [ 36.7232608, -1.3092258 ], [ 36.7234554, -1.3091798 ], [ 36.7236112, -1.3090949 ], [ 36.7237386, -1.3089958 ], [ 36.7238164, -1.3087481 ], [ 36.7237103, -1.3085783 ], [ 36.7234024, -1.3085288 ], [ 36.7231108, -1.3085298 ], [ 36.722722, -1.3085312 ], [ 36.722422, -1.3085323 ], [ 36.7221212, -1.3085889 ], [ 36.7215443, -1.3086703 ], [ 36.7214735, -1.3087694 ], [ 36.7214374, -1.3088398 ], [ 36.7213496, -1.3088968 ], [ 36.7212151, -1.308872 ], [ 36.7210311, -1.308872 ], [ 36.7208152, -1.3088826 ], [ 36.7207727, -1.3089144 ], [ 36.7207204, -1.3090135 ], [ 36.7207055, -1.3090418 ], [ 36.720748, -1.309155 ], [ 36.7199092, -1.3094346 ] ] ] } },
{ "type": "Feature", "properties": { "element": "way", "id": 392393999, "natural": "water", "water": null, "name": null, "notes": null, "name:ko": null, "species": null, "height": null, "source": null, "type": null, "name:botanical": null, "landuse:urban_green": null, "operator:description": null, "urban_green:cultivation": null, "urban_green:cultivation_consumer": null, "urban_green:cultivation_sale": null, "urban_green:cultivation_type": null, "urban_green:dimension_sqm": null, "urban_green:fence": null, "urban_green:number_of_caretakers": null, "urban_green:owner_hours_week": null, "watsan:other": null, "watsan:other_description": null, "watsan:water_availability": null, "urban_green:owner_distance": null, "watsan:urban_agriculture": null, "urban_green:cultivation_consumer_description": null, "urban_green:cultivation_supplies_purchase": null, "amenity": null, "denotation": null, "leaf_cycle": null, "leaf_type": null, "ele": null, "wood": null, "description": null, "trees": null, "circumference": null, "fixme": null, "genus": null, "short_name": null, "species:wikidata": null, "species:wikipedia": null, "golf": null, "created_by": null, "security": null, "security:black_spot": null, "security:description": null, "sercurity": null, "basin": null, "intermittent": null, "landuse": null, "reservoir_type": null, "man_made": null, "note": null, "salt": null, "tidal": null, "wetland": null, "leisure": null, "colour": null, "addr:city": null, "addr:housenumber": null, "addr:street": null }, "geometry": { "type": "Polygon", "coordinates": [ [ [ 36.7473065, -1.3310055 ], [ 36.7472986, -1.3310837 ], [ 36.7473456, -1.3311404 ], [ 36.7473886, -1.3312459 ], [ 36.7474159, -1.3312987 ], [ 36.7474628, -1.3313084 ], [ 36.7475489, -1.3312674 ], [ 36.7476427, -1.3312537 ], [ 36.7476994, -1.3312713 ], [ 36.7477697, -1.33124 ], [ 36.7478108, -1.3310993 ], [ 36.7478479, -1.3309 ], [ 36.7478049, -1.3308629 ], [ 36.7478069, -1.3307945 ], [ 36.7477912, -1.33073 ], [ 36.74767, -1.330689 ], [ 36.7474511, -1.3306714 ], [ 36.7473905, -1.3306675 ], [ 36.747371, -1.3308003 ], [ 36.7473534, -1.3309137 ], [ 36.7473065, -1.3310055 ] ] ] } },
{ "type": "Feature", "properties": { "element": "way", "id": 430470574, "natural": "water", "water": null, "name": null, "notes": null, "name:ko": null, "species": null, "height": null, "source": null, "type": null, "name:botanical": null, "landuse:urban_green": null, "operator:description": null, "urban_green:cultivation": null, "urban_green:cultivation_consumer": null, "urban_green:cultivation_sale": null, "urban_green:cultivation_type": null, "urban_green:dimension_sqm": null, "urban_green:fence": null, "urban_green:number_of_caretakers": null, "urban_green:owner_hours_week": null, "watsan:other": null, "watsan:other_description": null, "watsan:water_availability": null, "urban_green:owner_distance": null, "watsan:urban_agriculture": null, "urban_green:cultivation_consumer_description": null, "urban_green:cultivation_supplies_purchase": null, "amenity": null, "denotation": null, "leaf_cycle": null, "leaf_type": null, "ele": null, "wood": null, "description": null, "trees": null, "circumference": null, "fixme": null, "genus": null, "short_name": null, "species:wikidata": null, "species:wikipedia": null, "golf": "water_hazard", "created_by": null, "security": null, "security:black_spot": null, "security:description": null, "sercurity": null, "basin": null, "intermittent": null, "landuse": null, "reservoir_type": null, "man_made": null, "note": null, "salt": null, "tidal": null, "wetland": null, "leisure": null, "colour": null, "addr:city": null, "addr:housenumber": null, "addr:street": null }, "geometry": { "type": "Polygon", "coordinates": [ [ [ 36.7921298, -1.3070192 ], [ 36.7920873, -1.3069873 ], [ 36.792044, -1.3069696 ], [ 36.7919962, -1.3069643 ], [ 36.7919351, -1.3069714 ], [ 36.7919042, -1.3069953 ], [ 36.7918927, -1.3070253 ], [ 36.7919059, -1.3070855 ], [ 36.791936, -1.3071483 ], [ 36.7919573, -1.3071899 ], [ 36.7919847, -1.3072067 ], [ 36.7920121, -1.3072058 ], [ 36.7920564, -1.307189 ], [ 36.7921112, -1.3071563 ], [ 36.7921475, -1.3071333 ], [ 36.792174, -1.3071218 ], [ 36.7921838, -1.3071094 ], [ 36.7921829, -1.3070917 ], [ 36.7921617, -1.3070519 ], [ 36.7921298, -1.3070192 ] ] ] } },
{ "type": "Feature", "properties": { "element": "way", "id": 431819007, "natural": "water", "water": null, "name": null, "notes": null, "name:ko": null, "species": null, "height": null, "source": null, "type": null, "name:botanical": null, "landuse:urban_green": null, "operator:description": null, "urban_green:cultivation": null, "urban_green:cultivation_consumer": null, "urban_green:cultivation_sale": null, "urban_green:cultivation_type": null, "urban_green:dimension_sqm": null, "urban_green:fence": null, "urban_green:number_of_caretakers": null, "urban_green:owner_hours_week": null, "watsan:other": null, "watsan:other_description": null, "watsan:water_availability": null, "urban_green:owner_distance": null, "watsan:urban_agriculture": null, "urban_green:cultivation_consumer_description": null, "urban_green:cultivation_supplies_purchase": null, "amenity": null, "denotation": null, "leaf_cycle": null, "leaf_type": null, "ele": null, "wood": null, "description": null, "trees": null, "circumference": null, "fixme": null, "genus": null, "short_name": null, "species:wikidata": null, "species:wikipedia": null, "golf": null, "created_by": null, "security": null, "security:black_spot": null, "security:description": null, "sercurity": null, "basin": null, "intermittent": null, "landuse": null, "reservoir_type": null, "man_made": null, "note": null, "salt": null, "tidal": null, "wetland": null, "leisure": null, "colour": null, "addr:city": null, "addr:housenumber": null, "addr:street": null }, "geometry": { "type": "Polygon", "coordinates": [ [ [ 36.8526768, -1.2079124 ], [ 36.8526348, -1.207847 ], [ 36.8526068, -1.2077478 ], [ 36.8525869, -1.2076708 ], [ 36.8525729, -1.2076148 ], [ 36.8525939, -1.2075867 ], [ 36.8526208, -1.2075786 ], [ 36.8526582, -1.2075832 ], [ 36.852685, -1.2076077 ], [ 36.8527235, -1.2076614 ], [ 36.852741, -1.2077256 ], [ 36.8527877, -1.2077933 ], [ 36.8528286, -1.2078599 ], [ 36.8528473, -1.2078809 ], [ 36.8528508, -1.2078984 ], [ 36.852873, -1.2079731 ], [ 36.8528975, -1.2080781 ], [ 36.8529255, -1.2081213 ], [ 36.8529886, -1.2081564 ], [ 36.8530294, -1.2081622 ], [ 36.8530831, -1.2081505 ], [ 36.8531357, -1.2081353 ], [ 36.853187, -1.2081225 ], [ 36.8532267, -1.208126 ], [ 36.8532629, -1.2081587 ], [ 36.8532664, -1.2081937 ], [ 36.8532384, -1.2082241 ], [ 36.8531964, -1.2082626 ], [ 36.8531427, -1.2082859 ], [ 36.8530644, -1.2083093 ], [ 36.8530154, -1.2083221 ], [ 36.852943, -1.2083151 ], [ 36.8528881, -1.2083151 ], [ 36.8528438, -1.2083023 ], [ 36.8528134, -1.2082719 ], [ 36.8527854, -1.2082042 ], [ 36.8527702, -1.2081272 ], [ 36.8527772, -1.2080571 ], [ 36.8527971, -1.2080151 ], [ 36.8528029, -1.2079859 ], [ 36.8527924, -1.2079486 ], [ 36.8527691, -1.2079287 ], [ 36.8527317, -1.2079264 ], [ 36.852706, -1.2079299 ], [ 36.8526768, -1.2079124 ] ] ] } },
{ "type": "Feature", "properties": { "element": "way", "id": 435092161, "natural": "water", "water": null, "name": null, "notes": null, "name:ko": null, "species": null, "height": null, "source": null, "type": null, "name:botanical": null, "landuse:urban_green": null, "operator:description": null, "urban_green:cultivation": null, "urban_green:cultivation_consumer": null, "urban_green:cultivation_sale": null, "urban_green:cultivation_type": null, "urban_green:dimension_sqm": null, "urban_green:fence": null, "urban_green:number_of_caretakers": null, "urban_green:owner_hours_week": null, "watsan:other": null, "watsan:other_description": null, "watsan:water_availability": null, "urban_green:owner_distance": null, "watsan:urban_agriculture": null, "urban_green:cultivation_consumer_description": null, "urban_green:cultivation_supplies_purchase": null, "amenity": null, "denotation": null, "leaf_cycle": null, "leaf_type": null, "ele": null, "wood": null, "description": null, "trees": null, "circumference": null, "fixme": null, "genus": null, "short_name": null, "species:wikidata": null, "species:wikipedia": null, "golf": "water_hazard", "created_by": null, "security": null, "security:black_spot": null, "security:description": null, "sercurity": null, "basin": null, "intermittent": null, "landuse": null, "reservoir_type": null, "man_made": null, "note": null, "salt": null, "tidal": null, "wetland": null, "leisure": null, "colour": null, "addr:city": null, "addr:housenumber": null, "addr:street": null }, "geometry": { "type": "Polygon", "coordinates": [ [ [ 36.7916475, -1.3070823 ], [ 36.7916352, -1.3070761 ], [ 36.791639, -1.3070415 ], [ 36.7916564, -1.307011 ], [ 36.7916814, -1.3069822 ], [ 36.79177, -1.306909 ], [ 36.7918278, -1.3068744 ], [ 36.7918555, -1.3068643 ], [ 36.7918786, -1.3068728 ], [ 36.7918925, -1.3068921 ], [ 36.7918955, -1.3069129 ], [ 36.7918917, -1.306929 ], [ 36.7918809, -1.3069444 ], [ 36.7918686, -1.3069591 ], [ 36.7918516, -1.3069698 ], [ 36.7918362, -1.3069714 ], [ 36.7918216, -1.3069698 ], [ 36.7918131, -1.3069637 ], [ 36.7917969, -1.3069799 ], [ 36.7917715, -1.3070037 ], [ 36.7917292, -1.3070353 ], [ 36.7916968, -1.3070569 ], [ 36.7916714, -1.3070753 ], [ 36.7916475, -1.3070823 ] ] ] } },
{ "type": "Feature", "properties": { "element": "way", "id": 435092845, "natural": "water", "water": null, "name": null, "notes": null, "name:ko": null, "species": null, "height": null, "source": null, "type": null, "name:botanical": null, "landuse:urban_green": null, "operator:description": null, "urban_green:cultivation": null, "urban_green:cultivation_consumer": null, "urban_green:cultivation_sale": null, "urban_green:cultivation_type": null, "urban_green:dimension_sqm": null, "urban_green:fence": null, "urban_green:number_of_caretakers": null, "urban_green:owner_hours_week": null, "watsan:other": null, "watsan:other_description": null, "watsan:water_availability": null, "urban_green:owner_distance": null, "watsan:urban_agriculture": null, "urban_green:cultivation_consumer_description": null, "urban_green:cultivation_supplies_purchase": null, "amenity": null, "denotation": null, "leaf_cycle": null, "leaf_type": null, "ele": null, "wood": null, "description": null, "trees": null, "circumference": null, "fixme": null, "genus": null, "short_name": null, "species:wikidata": null, "species:wikipedia": null, "golf": "water_hazard", "created_by": null, "security": null, "security:black_spot": null, "security:description": null, "sercurity": null, "basin": null, "intermittent": null, "landuse": null, "reservoir_type": null, "man_made": null, "note": null, "salt": null, "tidal": null, "wetland": null, "leisure": null, "colour": null, "addr:city": null, "addr:housenumber": null, "addr:street": null }, "geometry": { "type": "Polygon", "coordinates": [ [ [ 36.7926188, -1.307211 ], [ 36.7925843, -1.3072022 ], [ 36.7925604, -1.3071836 ], [ 36.7925427, -1.3071553 ], [ 36.7925401, -1.3071182 ], [ 36.7925578, -1.3070863 ], [ 36.7925817, -1.3070722 ], [ 36.7926171, -1.3070731 ], [ 36.7926489, -1.3070907 ], [ 36.7926675, -1.3071261 ], [ 36.7926861, -1.3071659 ], [ 36.7926808, -1.3071907 ], [ 36.792656, -1.3072084 ], [ 36.7926188, -1.307211 ] ] ] } },
{ "type": "Feature", "properties": { "element": "way", "id": 459767387, "natural": "water", "water": "pond", "name": null, "notes": null, "name:ko": null, "species": null, "height": null, "source": null, "type": null, "name:botanical": null, "landuse:urban_green": null, "operator:description": null, "urban_green:cultivation": null, "urban_green:cultivation_consumer": null, "urban_green:cultivation_sale": null, "urban_green:cultivation_type": null, "urban_green:dimension_sqm": null, "urban_green:fence": null, "urban_green:number_of_caretakers": null, "urban_green:owner_hours_week": null, "watsan:other": null, "watsan:other_description": null, "watsan:water_availability": null, "urban_green:owner_distance": null, "watsan:urban_agriculture": null, "urban_green:cultivation_consumer_description": null, "urban_green:cultivation_supplies_purchase": null, "amenity": null, "denotation": null, "leaf_cycle": null, "leaf_type": null, "ele": null, "wood": null, "description": null, "trees": null, "circumference": null, "fixme": null, "genus": null, "short_name": null, "species:wikidata": null, "species:wikipedia": null, "golf": null, "created_by": null, "security": null, "security:black_spot": null, "security:description": null, "sercurity": null, "basin": null, "intermittent": null, "landuse": null, "reservoir_type": null, "man_made": null, "note": null, "salt": null, "tidal": null, "wetland": null, "leisure": null, "colour": null, "addr:city": null, "addr:housenumber": null, "addr:street": null }, "geometry": { "type": "Polygon", "coordinates": [ [ [ 36.7572638, -1.2621264 ], [ 36.7572969, -1.2621095 ], [ 36.7573339, -1.2621033 ], [ 36.7573639, -1.2621057 ], [ 36.7573947, -1.2621134 ], [ 36.757417, -1.2621241 ], [ 36.7574656, -1.2621345 ], [ 36.7575045, -1.2621407 ], [ 36.7575603, -1.2621419 ], [ 36.757625, -1.2621372 ], [ 36.7576766, -1.2621318 ], [ 36.7577159, -1.2621395 ], [ 36.7577421, -1.2621603 ], [ 36.7577621, -1.2621834 ], [ 36.757766, -1.262205 ], [ 36.7577552, -1.2622212 ], [ 36.7577375, -1.2622504 ], [ 36.7577259, -1.262272 ], [ 36.7577228, -1.2622897 ], [ 36.7577182, -1.2623059 ], [ 36.7577013, -1.2623205 ], [ 36.7576635, -1.2623444 ], [ 36.7576119, -1.2623752 ], [ 36.7575626, -1.2624021 ], [ 36.7575218, -1.2624229 ], [ 36.7574887, -1.2624337 ], [ 36.7574563, -1.2624352 ], [ 36.7574109, -1.2624352 ], [ 36.7573762, -1.2624329 ], [ 36.7573277, -1.2624075 ], [ 36.757273, -1.2623698 ], [ 36.7572391, -1.2623336 ], [ 36.7572191, -1.2622982 ], [ 36.7572045, -1.2622558 ], [ 36.7572021, -1.2622212 ], [ 36.7572122, -1.2621773 ], [ 36.7572407, -1.2621411 ], [ 36.7572638, -1.2621264 ] ] ] } },
{ "type": "Feature", "properties": { "element": "way", "id": 468369406, "natural": "water", "water": "pond", "name": null, "notes": null, "name:ko": null, "species": null, "height": null, "source": null, "type": null, "name:botanical": null, "landuse:urban_green": null, "operator:description": null, "urban_green:cultivation": null, "urban_green:cultivation_consumer": null, "urban_green:cultivation_sale": null, "urban_green:cultivation_type": null, "urban_green:dimension_sqm": null, "urban_green:fence": null, "urban_green:number_of_caretakers": null, "urban_green:owner_hours_week": null, "watsan:other": null, "watsan:other_description": null, "watsan:water_availability": null, "urban_green:owner_distance": null, "watsan:urban_agriculture": null, "urban_green:cultivation_consumer_description": null, "urban_green:cultivation_supplies_purchase": null, "amenity": null, "denotation": null, "leaf_cycle": null, "leaf_type": null, "ele": null, "wood": null, "description": null, "trees": null, "circumference": null, "fixme": null, "genus": null, "short_name": null, "species:wikidata": null, "species:wikipedia": null, "golf": null, "created_by": null, "security": null, "security:black_spot": null, "security:description": null, "sercurity": null, "basin": null, "intermittent": null, "landuse": null, "reservoir_type": null, "man_made": null, "note": null, "salt": null, "tidal": null, "wetland": null, "leisure": null, "colour": null, "addr:city": null, "addr:housenumber": null, "addr:street": null }, "geometry": { "type": "Polygon", "coordinates": [ [ [ 36.69839, -1.2998916 ], [ 36.6986357, -1.3000174 ], [ 36.6989414, -1.3000414 ], [ 36.6991572, -1.3000654 ], [ 36.699331, -1.3001732 ], [ 36.6994149, -1.3002871 ], [ 36.699367, -1.3004309 ], [ 36.6992291, -1.3005088 ], [ 36.6988335, -1.300347 ], [ 36.6984679, -1.3001613 ], [ 36.6983241, -1.3000055 ], [ 36.6982941, -1.2998916 ], [ 36.69839, -1.2998916 ] ] ] } },
{ "type": "Feature", "properties": { "element": "way", "id": 475765835, "natural": "water", "water": "pond", "name": null, "notes": null, "name:ko": null, "species": null, "height": null, "source": null, "type": null, "name:botanical": null, "landuse:urban_green": null, "operator:description": null, "urban_green:cultivation": null, "urban_green:cultivation_consumer": null, "urban_green:cultivation_sale": null, "urban_green:cultivation_type": null, "urban_green:dimension_sqm": null, "urban_green:fence": null, "urban_green:number_of_caretakers": null, "urban_green:owner_hours_week": null, "watsan:other": null, "watsan:other_description": null, "watsan:water_availability": null, "urban_green:owner_distance": null, "watsan:urban_agriculture": null, "urban_green:cultivation_consumer_description": null, "urban_green:cultivation_supplies_purchase": null, "amenity": null, "denotation": null, "leaf_cycle": null, "leaf_type": null, "ele": null, "wood": null, "description": null, "trees": null, "circumference": null, "fixme": null, "genus": null, "short_name": null, "species:wikidata": null, "species:wikipedia": null, "golf": null, "created_by": null, "security": null, "security:black_spot": null, "security:description": null, "sercurity": null, "basin": null, "intermittent": null, "landuse": null, "reservoir_type": null, "man_made": null, "note": null, "salt": null, "tidal": null, "wetland": null, "leisure": null, "colour": null, "addr:city": null, "addr:housenumber": null, "addr:street": null }, "geometry": { "type": "Polygon", "coordinates": [ [ [ 36.7021145, -1.3428557 ], [ 36.7021507, -1.3429622 ], [ 36.7022352, -1.343048 ], [ 36.7022888, -1.3431003 ], [ 36.7023157, -1.3432183 ], [ 36.7022098, -1.3432738 ], [ 36.7021282, -1.3432882 ], [ 36.7019746, -1.3433602 ], [ 36.7018353, -1.3433314 ], [ 36.7016625, -1.3432546 ], [ 36.7021145, -1.3428557 ] ] ] } },
{ "type": "Feature", "properties": { "element": "way", "id": 475765836, "natural": "water", "water": "pond", "name": null, "notes": null, "name:ko": null, "species": null, "height": null, "source": null, "type": null, "name:botanical": null, "landuse:urban_green": null, "operator:description": null, "urban_green:cultivation": null, "urban_green:cultivation_consumer": null, "urban_green:cultivation_sale": null, "urban_green:cultivation_type": null, "urban_green:dimension_sqm": null, "urban_green:fence": null, "urban_green:number_of_caretakers": null, "urban_green:owner_hours_week": null, "watsan:other": null, "watsan:other_description": null, "watsan:water_availability": null, "urban_green:owner_distance": null, "watsan:urban_agriculture": null, "urban_green:cultivation_consumer_description": null, "urban_green:cultivation_supplies_purchase": null, "amenity": null, "denotation": null, "leaf_cycle": null, "leaf_type": null, "ele": null, "wood": null, "description": null, "trees": null, "circumference": null, "fixme": null, "genus": null, "short_name": null, "species:wikidata": null, "species:wikipedia": null, "golf": null, "created_by": null, "security": null, "security:black_spot": null, "security:description": null, "sercurity": null, "basin": null, "intermittent": null, "landuse": null, "reservoir_type": null, "man_made": null, "note": null, "salt": null, "tidal": null, "wetland": null, "leisure": null, "colour": null, "addr:city": null, "addr:housenumber": null, "addr:street": null }, "geometry": { "type": "Polygon", "coordinates": [ [ [ 36.7026516, -1.3427743 ], [ 36.7025812, -1.3427678 ], [ 36.7025266, -1.3427977 ], [ 36.7024757, -1.3428602 ], [ 36.7024506, -1.3429546 ], [ 36.7024647, -1.343046 ], [ 36.7025177, -1.343121 ], [ 36.7026068, -1.3431702 ], [ 36.702705, -1.3431468 ], [ 36.7027787, -1.343079 ], [ 36.702789, -1.3430369 ], [ 36.702783, -1.3429601 ], [ 36.7027702, -1.3428489 ], [ 36.7027167, -1.3427946 ], [ 36.7026516, -1.3427743 ] ] ] } },
{ "type": "Feature", "properties": { "element": "way", "id": 493736716, "natural": "water", "water": null, "name": null, "notes": null, "name:ko": null, "species": null, "height": null, "source": null, "type": null, "name:botanical": null, "landuse:urban_green": null, "operator:description": null, "urban_green:cultivation": null, "urban_green:cultivation_consumer": null, "urban_green:cultivation_sale": null, "urban_green:cultivation_type": null, "urban_green:dimension_sqm": null, "urban_green:fence": null, "urban_green:number_of_caretakers": null, "urban_green:owner_hours_week": null, "watsan:other": null, "watsan:other_description": null, "watsan:water_availability": null, "urban_green:owner_distance": null, "watsan:urban_agriculture": null, "urban_green:cultivation_consumer_description": null, "urban_green:cultivation_supplies_purchase": null, "amenity": null, "denotation": null, "leaf_cycle": null, "leaf_type": null, "ele": null, "wood": null, "description": null, "trees": null, "circumference": null, "fixme": null, "genus": null, "short_name": null, "species:wikidata": null, "species:wikipedia": null, "golf": null, "created_by": null, "security": null, "security:black_spot": null, "security:description": null, "sercurity": null, "basin": null, "intermittent": null, "landuse": null, "reservoir_type": null, "man_made": null, "note": null, "salt": null, "tidal": null, "wetland": null, "leisure": null, "colour": null, "addr:city": null, "addr:housenumber": null, "addr:street": null }, "geometry": { "type": "Polygon", "coordinates": [ [ [ 36.7977127, -1.2121553 ], [ 36.7978031, -1.2121291 ], [ 36.797908, -1.2121232 ], [ 36.7980887, -1.2121757 ], [ 36.7982403, -1.2121786 ], [ 36.7983802, -1.212164 ], [ 36.7984968, -1.2121407 ], [ 36.7985551, -1.2121961 ], [ 36.7987154, -1.2124584 ], [ 36.7987999, -1.2126157 ], [ 36.7988378, -1.2126973 ], [ 36.7988378, -1.2127381 ], [ 36.7987656, -1.2127619 ], [ 36.7987008, -1.2127207 ], [ 36.798593, -1.2126361 ], [ 36.7984647, -1.2125167 ], [ 36.7983656, -1.2124176 ], [ 36.7982475, -1.2123653 ], [ 36.7981004, -1.2123039 ], [ 36.797975, -1.2122748 ], [ 36.7978526, -1.2122573 ], [ 36.7977739, -1.2122223 ], [ 36.7977127, -1.2121553 ] ] ] } },
{ "type": "Feature", "properties": { "element": "way", "id": 509218148, "natural": "water", "water": null, "name": null, "notes": null, "name:ko": null, "species": null, "height": null, "source": null, "type": null, "name:botanical": null, "landuse:urban_green": null, "operator:description": null, "urban_green:cultivation": null, "urban_green:cultivation_consumer": null, "urban_green:cultivation_sale": null, "urban_green:cultivation_type": null, "urban_green:dimension_sqm": null, "urban_green:fence": null, "urban_green:number_of_caretakers": null, "urban_green:owner_hours_week": null, "watsan:other": null, "watsan:other_description": null, "watsan:water_availability": null, "urban_green:owner_distance": null, "watsan:urban_agriculture": null, "urban_green:cultivation_consumer_description": null, "urban_green:cultivation_supplies_purchase": null, "amenity": null, "denotation": null, "leaf_cycle": null, "leaf_type": null, "ele": null, "wood": null, "description": null, "trees": null, "circumference": null, "fixme": null, "genus": null, "short_name": null, "species:wikidata": null, "species:wikipedia": null, "golf": null, "created_by": null, "security": null, "security:black_spot": null, "security:description": null, "sercurity": null, "basin": null, "intermittent": null, "landuse": null, "reservoir_type": null, "man_made": null, "note": null, "salt": null, "tidal": null, "wetland": null, "leisure": null, "colour": null, "addr:city": null, "addr:housenumber": null, "addr:street": null }, "geometry": { "type": "Polygon", "coordinates": [ [ [ 36.7505105, -1.3330972 ], [ 36.7507479, -1.3330932 ], [ 36.7507881, -1.3331039 ], [ 36.7507988, -1.333128 ], [ 36.7507988, -1.3331495 ], [ 36.7507814, -1.3331615 ], [ 36.7505145, -1.333183 ], [ 36.7505038, -1.3331723 ], [ 36.7504998, -1.3331079 ], [ 36.7505105, -1.3330972 ] ] ] } },
{ "type": "Feature", "properties": { "element": "way", "id": 520010308, "natural": "water", "water": "reservoir", "name": "icipe Water", "notes": null, "name:ko": null, "species": null, "height": null, "source": null, "type": null, "name:botanical": null, "landuse:urban_green": null, "operator:description": null, "urban_green:cultivation": null, "urban_green:cultivation_consumer": null, "urban_green:cultivation_sale": null, "urban_green:cultivation_type": null, "urban_green:dimension_sqm": null, "urban_green:fence": null, "urban_green:number_of_caretakers": null, "urban_green:owner_hours_week": null, "watsan:other": null, "watsan:other_description": null, "watsan:water_availability": null, "urban_green:owner_distance": null, "watsan:urban_agriculture": null, "urban_green:cultivation_consumer_description": null, "urban_green:cultivation_supplies_purchase": null, "amenity": null, "denotation": null, "leaf_cycle": null, "leaf_type": null, "ele": null, "wood": null, "description": null, "trees": null, "circumference": null, "fixme": null, "genus": null, "short_name": null, "species:wikidata": null, "species:wikipedia": null, "golf": null, "created_by": null, "security": null, "security:black_spot": null, "security:description": null, "sercurity": null, "basin": null, "intermittent": null, "landuse": null, "reservoir_type": "water_storage", "man_made": null, "note": null, "salt": null, "tidal": null, "wetland": null, "leisure": null, "colour": null, "addr:city": null, "addr:housenumber": null, "addr:street": null }, "geometry": { "type": "Polygon", "coordinates": [ [ [ 36.89694, -1.2194903 ], [ 36.8970417, -1.2194818 ], [ 36.8970472, -1.2195478 ], [ 36.8969245, -1.219558 ], [ 36.89694, -1.2194903 ] ] ] } },
{ "type": "Feature", "properties": { "element": "way", "id": 524757983, "natural": "water", "water": null, "name": null, "notes": null, "name:ko": null, "species": null, "height": null, "source": null, "type": null, "name:botanical": null, "landuse:urban_green": null, "operator:description": null, "urban_green:cultivation": null, "urban_green:cultivation_consumer": null, "urban_green:cultivation_sale": null, "urban_green:cultivation_type": null, "urban_green:dimension_sqm": null, "urban_green:fence": null, "urban_green:number_of_caretakers": null, "urban_green:owner_hours_week": null, "watsan:other": null, "watsan:other_description": null, "watsan:water_availability": null, "urban_green:owner_distance": null, "watsan:urban_agriculture": null, "urban_green:cultivation_consumer_description": null, "urban_green:cultivation_supplies_purchase": null, "amenity": null, "denotation": null, "leaf_cycle": null, "leaf_type": null, "ele": null, "wood": null, "description": null, "trees": null, "circumference": null, "fixme": null, "genus": null, "short_name": null, "species:wikidata": null, "species:wikipedia": null, "golf": "lateral_water_hazard", "created_by": null, "security": null, "security:black_spot": null, "security:description": null, "sercurity": null, "basin": null, "intermittent": null, "landuse": null, "reservoir_type": null, "man_made": null, "note": null, "salt": null, "tidal": null, "wetland": null, "leisure": null, "colour": null, "addr:city": null, "addr:housenumber": null, "addr:street": null }, "geometry": { "type": "Polygon", "coordinates": [ [ [ 36.8488218, -1.2537283 ], [ 36.8488926, -1.2537955 ], [ 36.849066, -1.2537955 ], [ 36.8492642, -1.2538946 ], [ 36.8496747, -1.2534736 ], [ 36.8497526, -1.2532966 ], [ 36.8496641, -1.2530843 ], [ 36.8495579, -1.2531091 ], [ 36.8488218, -1.2537283 ] ] ] } },
{ "type": "Feature", "properties": { "element": "way", "id": 524757984, "natural": "water", "water": null, "name": null, "notes": null, "name:ko": null, "species": null, "height": null, "source": null, "type": null, "name:botanical": null, "landuse:urban_green": null, "operator:description": null, "urban_green:cultivation": null, "urban_green:cultivation_consumer": null, "urban_green:cultivation_sale": null, "urban_green:cultivation_type": null, "urban_green:dimension_sqm": null, "urban_green:fence": null, "urban_green:number_of_caretakers": null, "urban_green:owner_hours_week": null, "watsan:other": null, "watsan:other_description": null, "watsan:water_availability": null, "urban_green:owner_distance": null, "watsan:urban_agriculture": null, "urban_green:cultivation_consumer_description": null, "urban_green:cultivation_supplies_purchase": null, "amenity": null, "denotation": null, "leaf_cycle": null, "leaf_type": null, "ele": null, "wood": null, "description": null, "trees": null, "circumference": null, "fixme": null, "genus": null, "short_name": null, "species:wikidata": null, "species:wikipedia": null, "golf": "lateral_water_hazard", "created_by": null, "security": null, "security:black_spot": null, "security:description": null, "sercurity": null, "basin": null, "intermittent": null, "landuse": null, "reservoir_type": null, "man_made": null, "note": null, "salt": null, "tidal": null, "wetland": null, "leisure": null, "colour": null, "addr:city": null, "addr:housenumber": null, "addr:street": null }, "geometry": { "type": "Polygon", "coordinates": [ [ [ 36.8487475, -1.2537814 ], [ 36.8485705, -1.2538628 ], [ 36.8485563, -1.254022 ], [ 36.8488749, -1.2541635 ], [ 36.8490624, -1.25416 ], [ 36.8491899, -1.2541069 ], [ 36.8492465, -1.2539512 ], [ 36.8489952, -1.2538698 ], [ 36.8488855, -1.253884 ], [ 36.8487475, -1.2537814 ] ] ] } },
{ "type": "Feature", "properties": { "element": "way", "id": 524758023, "natural": "water", "water": null, "name": null, "notes": null, "name:ko": null, "species": null, "height": null, "source": null, "type": null, "name:botanical": null, "landuse:urban_green": null, "operator:description": null, "urban_green:cultivation": null, "urban_green:cultivation_consumer": null, "urban_green:cultivation_sale": null, "urban_green:cultivation_type": null, "urban_green:dimension_sqm": null, "urban_green:fence": null, "urban_green:number_of_caretakers": null, "urban_green:owner_hours_week": null, "watsan:other": null, "watsan:other_description": null, "watsan:water_availability": null, "urban_green:owner_distance": null, "watsan:urban_agriculture": null, "urban_green:cultivation_consumer_description": null, "urban_green:cultivation_supplies_purchase": null, "amenity": null, "denotation": null, "leaf_cycle": null, "leaf_type": null, "ele": null, "wood": null, "description": null, "trees": null, "circumference": null, "fixme": null, "genus": null, "short_name": null, "species:wikidata": null, "species:wikipedia": null, "golf": "lateral_water_hazard", "created_by": null, "security": null, "security:black_spot": null, "security:description": null, "sercurity": null, "basin": null, "intermittent": null, "landuse": null, "reservoir_type": null, "man_made": null, "note": null, "salt": null, "tidal": null, "wetland": null, "leisure": null, "colour": null, "addr:city": null, "addr:housenumber": null, "addr:street": null }, "geometry": { "type": "Polygon", "coordinates": [ [ [ 36.8471171, -1.2522274 ], [ 36.8469957, -1.2522928 ], [ 36.8469817, -1.2523768 ], [ 36.8470517, -1.2524001 ], [ 36.8477569, -1.2523208 ], [ 36.8478176, -1.25212 ], [ 36.8474673, -1.2520406 ], [ 36.8473833, -1.2521387 ], [ 36.8471171, -1.2522274 ] ] ] } },
{ "type": "Feature", "properties": { "element": "way", "id": 524758033, "natural": "water", "water": null, "name": null, "notes": null, "name:ko": null, "species": null, "height": null, "source": null, "type": null, "name:botanical": null, "landuse:urban_green": null, "operator:description": null, "urban_green:cultivation": null, "urban_green:cultivation_consumer": null, "urban_green:cultivation_sale": null, "urban_green:cultivation_type": null, "urban_green:dimension_sqm": null, "urban_green:fence": null, "urban_green:number_of_caretakers": null, "urban_green:owner_hours_week": null, "watsan:other": null, "watsan:other_description": null, "watsan:water_availability": null, "urban_green:owner_distance": null, "watsan:urban_agriculture": null, "urban_green:cultivation_consumer_description": null, "urban_green:cultivation_supplies_purchase": null, "amenity": null, "denotation": null, "leaf_cycle": null, "leaf_type": null, "ele": null, "wood": null, "description": null, "trees": null, "circumference": null, "fixme": null, "genus": null, "short_name": null, "species:wikidata": null, "species:wikipedia": null, "golf": null, "created_by": null, "security": null, "security:black_spot": null, "security:description": null, "sercurity": null, "basin": null, "intermittent": null, "landuse": null, "reservoir_type": null, "man_made": null, "note": null, "salt": null, "tidal": null, "wetland": null, "leisure": null, "colour": null, "addr:city": null, "addr:housenumber": null, "addr:street": null }, "geometry": { "type": "Polygon", "coordinates": [ [ [ 36.8391538, -1.2597923 ], [ 36.8393896, -1.2604019 ], [ 36.840532, -1.2598979 ], [ 36.8404751, -1.2595525 ], [ 36.8401702, -1.259776 ], [ 36.8391538, -1.2597923 ] ] ] } },
{ "type": "Feature", "properties": { "element": "way", "id": 552778179, "natural": "water", "water": "reservoir", "name": "Monument", "notes": null, "name:ko": null, "species": null, "height": null, "source": null, "type": null, "name:botanical": null, "landuse:urban_green": null, "operator:description": null, "urban_green:cultivation": null, "urban_green:cultivation_consumer": null, "urban_green:cultivation_sale": null, "urban_green:cultivation_type": null, "urban_green:dimension_sqm": null, "urban_green:fence": null, "urban_green:number_of_caretakers": null, "urban_green:owner_hours_week": null, "watsan:other": null, "watsan:other_description": null, "watsan:water_availability": null, "urban_green:owner_distance": null, "watsan:urban_agriculture": null, "urban_green:cultivation_consumer_description": null, "urban_green:cultivation_supplies_purchase": null, "amenity": null, "denotation": null, "leaf_cycle": null, "leaf_type": null, "ele": null, "wood": null, "description": null, "trees": null, "circumference": null, "fixme": null, "genus": null, "short_name": null, "species:wikidata": null, "species:wikipedia": null, "golf": null, "created_by": null, "security": null, "security:black_spot": null, "security:description": null, "sercurity": null, "basin": null, "intermittent": null, "landuse": null, "reservoir_type": null, "man_made": null, "note": null, "salt": null, "tidal": null, "wetland": null, "leisure": null, "colour": null, "addr:city": null, "addr:housenumber": null, "addr:street": null }, "geometry": { "type": "Polygon", "coordinates": [ [ [ 36.9351877, -1.1780569 ], [ 36.9351931, -1.1780904 ], [ 36.9352239, -1.1781293 ], [ 36.9352642, -1.1781374 ], [ 36.9352977, -1.1781266 ], [ 36.9353245, -1.1781052 ], [ 36.9353352, -1.178069 ], [ 36.9353299, -1.1780247 ], [ 36.9353004, -1.1780006 ], [ 36.9352534, -1.1779899 ], [ 36.9352145, -1.1780033 ], [ 36.9351958, -1.1780341 ], [ 36.9351877, -1.1780569 ] ] ] } },
{ "type": "Feature", "properties": { "element": "way", "id": 552778204, "natural": "water", "water": "reservoir", "name": "water tank", "notes": null, "name:ko": null, "species": null, "height": null, "source": null, "type": null, "name:botanical": null, "landuse:urban_green": null, "operator:description": null, "urban_green:cultivation": null, "urban_green:cultivation_consumer": null, "urban_green:cultivation_sale": null, "urban_green:cultivation_type": null, "urban_green:dimension_sqm": null, "urban_green:fence": null, "urban_green:number_of_caretakers": null, "urban_green:owner_hours_week": null, "watsan:other": null, "watsan:other_description": null, "watsan:water_availability": null, "urban_green:owner_distance": null, "watsan:urban_agriculture": null, "urban_green:cultivation_consumer_description": null, "urban_green:cultivation_supplies_purchase": null, "amenity": null, "denotation": null, "leaf_cycle": null, "leaf_type": null, "ele": null, "wood": null, "description": null, "trees": null, "circumference": null, "fixme": null, "genus": null, "short_name": null, "species:wikidata": null, "species:wikipedia": null, "golf": null, "created_by": null, "security": null, "security:black_spot": null, "security:description": null, "sercurity": null, "basin": null, "intermittent": null, "landuse": null, "reservoir_type": null, "man_made": null, "note": null, "salt": null, "tidal": null, "wetland": null, "leisure": null, "colour": null, "addr:city": null, "addr:housenumber": null, "addr:street": null }, "geometry": { "type": "Polygon", "coordinates": [ [ [ 36.9289046, -1.1781748 ], [ 36.9290032, -1.1781702 ], [ 36.9290087, -1.1782593 ], [ 36.9289061, -1.1782625 ], [ 36.9289046, -1.1781748 ] ] ] } },
{ "type": "Feature", "properties": { "element": "way", "id": 555773191, "natural": "water", "water": null, "name": null, "notes": null, "name:ko": null, "species": null, "height": null, "source": null, "type": null, "name:botanical": null, "landuse:urban_green": null, "operator:description": null, "urban_green:cultivation": null, "urban_green:cultivation_consumer": null, "urban_green:cultivation_sale": null, "urban_green:cultivation_type": null, "urban_green:dimension_sqm": null, "urban_green:fence": null, "urban_green:number_of_caretakers": null, "urban_green:owner_hours_week": null, "watsan:other": null, "watsan:other_description": null, "watsan:water_availability": null, "urban_green:owner_distance": null, "watsan:urban_agriculture": null, "urban_green:cultivation_consumer_description": null, "urban_green:cultivation_supplies_purchase": null, "amenity": null, "denotation": null, "leaf_cycle": null, "leaf_type": null, "ele": null, "wood": null, "description": null, "trees": null, "circumference": null, "fixme": null, "genus": null, "short_name": null, "species:wikidata": null, "species:wikipedia": null, "golf": null, "created_by": null, "security": null, "security:black_spot": null, "security:description": null, "sercurity": null, "basin": null, "intermittent": null, "landuse": null, "reservoir_type": null, "man_made": null, "note": null, "salt": null, "tidal": null, "wetland": null, "leisure": null, "colour": null, "addr:city": null, "addr:housenumber": null, "addr:street": null }, "geometry": { "type": "Polygon", "coordinates": [ [ [ 36.7356394, -1.3385767 ], [ 36.7352669, -1.3390536 ], [ 36.7356621, -1.3393306 ], [ 36.7361436, -1.3387902 ], [ 36.7359687, -1.3385972 ], [ 36.7356394, -1.3385767 ] ] ] } },
{ "type": "Feature", "properties": { "element": "way", "id": 555773193, "natural": "water", "water": null, "name": null, "notes": null, "name:ko": null, "species": null, "height": null, "source": null, "type": null, "name:botanical": null, "landuse:urban_green": null, "operator:description": null, "urban_green:cultivation": null, "urban_green:cultivation_consumer": null, "urban_green:cultivation_sale": null, "urban_green:cultivation_type": null, "urban_green:dimension_sqm": null, "urban_green:fence": null, "urban_green:number_of_caretakers": null, "urban_green:owner_hours_week": null, "watsan:other": null, "watsan:other_description": null, "watsan:water_availability": null, "urban_green:owner_distance": null, "watsan:urban_agriculture": null, "urban_green:cultivation_consumer_description": null, "urban_green:cultivation_supplies_purchase": null, "amenity": null, "denotation": null, "leaf_cycle": null, "leaf_type": null, "ele": null, "wood": null, "description": null, "trees": null, "circumference": null, "fixme": null, "genus": null, "short_name": null, "species:wikidata": null, "species:wikipedia": null, "golf": null, "created_by": null, "security": null, "security:black_spot": null, "security:description": null, "sercurity": null, "basin": null, "intermittent": null, "landuse": null, "reservoir_type": null, "man_made": null, "note": null, "salt": null, "tidal": null, "wetland": null, "leisure": null, "colour": null, "addr:city": null, "addr:housenumber": null, "addr:street": null }, "geometry": { "type": "Polygon", "coordinates": [ [ [ 36.7362799, -1.338822 ], [ 36.7358484, -1.3393941 ], [ 36.7362435, -1.339653 ], [ 36.7367704, -1.3390445 ], [ 36.7362799, -1.338822 ] ] ] } },
{ "type": "Feature", "properties": { "element": "way", "id": 556990403, "natural": "water", "water": null, "name": null, "notes": null, "name:ko": null, "species": null, "height": null, "source": null, "type": null, "name:botanical": null, "landuse:urban_green": null, "operator:description": null, "urban_green:cultivation": null, "urban_green:cultivation_consumer": null, "urban_green:cultivation_sale": null, "urban_green:cultivation_type": null, "urban_green:dimension_sqm": null, "urban_green:fence": null, "urban_green:number_of_caretakers": null, "urban_green:owner_hours_week": null, "watsan:other": null, "watsan:other_description": null, "watsan:water_availability": null, "urban_green:owner_distance": null, "watsan:urban_agriculture": null, "urban_green:cultivation_consumer_description": null, "urban_green:cultivation_supplies_purchase": null, "amenity": null, "denotation": null, "leaf_cycle": null, "leaf_type": null, "ele": null, "wood": null, "description": null, "trees": null, "circumference": null, "fixme": null, "genus": null, "short_name": null, "species:wikidata": null, "species:wikipedia": null, "golf": null, "created_by": null, "security": null, "security:black_spot": null, "security:description": null, "sercurity": null, "basin": null, "intermittent": null, "landuse": null, "reservoir_type": null, "man_made": null, "note": null, "salt": null, "tidal": null, "wetland": null, "leisure": null, "colour": null, "addr:city": null, "addr:housenumber": null, "addr:street": null }, "geometry": { "type": "Polygon", "coordinates": [ [ [ 36.7574839, -1.3326823 ], [ 36.7573977, -1.3329934 ], [ 36.7573484, -1.3333045 ], [ 36.7575733, -1.333437 ], [ 36.7579584, -1.3333846 ], [ 36.7579892, -1.332707 ], [ 36.7574839, -1.3326823 ] ] ] } },
{ "type": "Feature", "properties": { "element": "way", "id": 556990405, "natural": "water", "water": null, "name": null, "notes": null, "name:ko": null, "species": null, "height": null, "source": null, "type": null, "name:botanical": null, "landuse:urban_green": null, "operator:description": null, "urban_green:cultivation": null, "urban_green:cultivation_consumer": null, "urban_green:cultivation_sale": null, "urban_green:cultivation_type": null, "urban_green:dimension_sqm": null, "urban_green:fence": null, "urban_green:number_of_caretakers": null, "urban_green:owner_hours_week": null, "watsan:other": null, "watsan:other_description": null, "watsan:water_availability": null, "urban_green:owner_distance": null, "watsan:urban_agriculture": null, "urban_green:cultivation_consumer_description": null, "urban_green:cultivation_supplies_purchase": null, "amenity": null, "denotation": null, "leaf_cycle": null, "leaf_type": null, "ele": null, "wood": null, "description": null, "trees": null, "circumference": null, "fixme": null, "genus": null, "short_name": null, "species:wikidata": null, "species:wikipedia": null, "golf": null, "created_by": null, "security": null, "security:black_spot": null, "security:description": null, "sercurity": null, "basin": null, "intermittent": null, "landuse": null, "reservoir_type": null, "man_made": null, "note": null, "salt": null, "tidal": null, "wetland": null, "leisure": null, "colour": null, "addr:city": null, "addr:housenumber": null, "addr:street": null }, "geometry": { "type": "Polygon", "coordinates": [ [ [ 36.7580878, -1.3328302 ], [ 36.7581248, -1.3333969 ], [ 36.7583374, -1.3334046 ], [ 36.7584884, -1.3333384 ], [ 36.7587503, -1.3334385 ], [ 36.7589382, -1.3334031 ], [ 36.7589444, -1.3329472 ], [ 36.7585099, -1.3328517 ], [ 36.7580878, -1.3328302 ] ] ] } },
{ "type": "Feature", "properties": { "element": "way", "id": 556990409, "natural": "water", "water": null, "name": null, "notes": null, "name:ko": null, "species": null, "height": null, "source": null, "type": null, "name:botanical": null, "landuse:urban_green": null, "operator:description": null, "urban_green:cultivation": null, "urban_green:cultivation_consumer": null, "urban_green:cultivation_sale": null, "urban_green:cultivation_type": null, "urban_green:dimension_sqm": null, "urban_green:fence": null, "urban_green:number_of_caretakers": null, "urban_green:owner_hours_week": null, "watsan:other": null, "watsan:other_description": null, "watsan:water_availability": null, "urban_green:owner_distance": null, "watsan:urban_agriculture": null, "urban_green:cultivation_consumer_description": null, "urban_green:cultivation_supplies_purchase": null, "amenity": null, "denotation": null, "leaf_cycle": null, "leaf_type": null, "ele": null, "wood": null, "description": null, "trees": null, "circumference": null, "fixme": null, "genus": null, "short_name": null, "species:wikidata": null, "species:wikipedia": null, "golf": null, "created_by": null, "security": null, "security:black_spot": null, "security:description": null, "sercurity": null, "basin": null, "intermittent": null, "landuse": null, "reservoir_type": null, "man_made": null, "note": null, "salt": null, "tidal": null, "wetland": null, "leisure": null, "colour": null, "addr:city": null, "addr:housenumber": null, "addr:street": null }, "geometry": { "type": "Polygon", "coordinates": [ [ [ 36.7556821, -1.3335141 ], [ 36.7557672, -1.3335463 ], [ 36.755845, -1.3335698 ], [ 36.7559221, -1.3335832 ], [ 36.7559496, -1.3335872 ], [ 36.7560053, -1.3335865 ], [ 36.7560583, -1.3335725 ], [ 36.7561106, -1.3335584 ], [ 36.7561474, -1.3335443 ], [ 36.756185, -1.3335168 ], [ 36.7562011, -1.3334753 ], [ 36.7562065, -1.3334243 ], [ 36.7561904, -1.3333774 ], [ 36.7561233, -1.3333372 ], [ 36.7560589, -1.3333224 ], [ 36.7559811, -1.333313 ], [ 36.7559087, -1.333313 ], [ 36.7558444, -1.3333164 ], [ 36.7557491, -1.3333231 ], [ 36.7556975, -1.3333291 ], [ 36.7556579, -1.3333345 ], [ 36.7556372, -1.3333452 ], [ 36.7556184, -1.3333647 ], [ 36.7556083, -1.3333935 ], [ 36.7556117, -1.3334257 ], [ 36.7556224, -1.3334565 ], [ 36.7556418, -1.3334853 ], [ 36.7556821, -1.3335141 ] ] ] } },
{ "type": "Feature", "properties": { "element": "way", "id": 556990412, "natural": "water", "water": null, "name": null, "notes": null, "name:ko": null, "species": null, "height": null, "source": null, "type": null, "name:botanical": null, "landuse:urban_green": null, "operator:description": null, "urban_green:cultivation": null, "urban_green:cultivation_consumer": null, "urban_green:cultivation_sale": null, "urban_green:cultivation_type": null, "urban_green:dimension_sqm": null, "urban_green:fence": null, "urban_green:number_of_caretakers": null, "urban_green:owner_hours_week": null, "watsan:other": null, "watsan:other_description": null, "watsan:water_availability": null, "urban_green:owner_distance": null, "watsan:urban_agriculture": null, "urban_green:cultivation_consumer_description": null, "urban_green:cultivation_supplies_purchase": null, "amenity": null, "denotation": null, "leaf_cycle": null, "leaf_type": null, "ele": null, "wood": null, "description": null, "trees": null, "circumference": null, "fixme": null, "genus": null, "short_name": null, "species:wikidata": null, "species:wikipedia": null, "golf": null, "created_by": null, "security": null, "security:black_spot": null, "security:description": null, "sercurity": null, "basin": null, "intermittent": null, "landuse": null, "reservoir_type": null, "man_made": null, "note": null, "salt": null, "tidal": null, "wetland": null, "leisure": null, "colour": null, "addr:city": null, "addr:housenumber": null, "addr:street": null }, "geometry": { "type": "Polygon", "coordinates": [ [ [ 36.7562392, -1.3332491 ], [ 36.7563933, -1.3333784 ], [ 36.7565658, -1.3333292 ], [ 36.7566397, -1.3331813 ], [ 36.7567137, -1.3331135 ], [ 36.7569355, -1.3332614 ], [ 36.7571358, -1.3331875 ], [ 36.7572174, -1.3330581 ], [ 36.7571635, -1.3329287 ], [ 36.7569113, -1.3329607 ], [ 36.7565629, -1.3330556 ], [ 36.7563148, -1.3331215 ], [ 36.7562392, -1.3332491 ] ] ] } },
{ "type": "Feature", "properties": { "element": "way", "id": 559767626, "natural": "water", "water": "reservoir", "name": null, "notes": null, "name:ko": null, "species": null, "height": null, "source": null, "type": null, "name:botanical": null, "landuse:urban_green": null, "operator:description": null, "urban_green:cultivation": null, "urban_green:cultivation_consumer": null, "urban_green:cultivation_sale": null, "urban_green:cultivation_type": null, "urban_green:dimension_sqm": null, "urban_green:fence": null, "urban_green:number_of_caretakers": null, "urban_green:owner_hours_week": null, "watsan:other": null, "watsan:other_description": null, "watsan:water_availability": null, "urban_green:owner_distance": null, "watsan:urban_agriculture": null, "urban_green:cultivation_consumer_description": null, "urban_green:cultivation_supplies_purchase": null, "amenity": null, "denotation": null, "leaf_cycle": null, "leaf_type": null, "ele": null, "wood": null, "description": null, "trees": null, "circumference": null, "fixme": null, "genus": null, "short_name": null, "species:wikidata": null, "species:wikipedia": null, "golf": null, "created_by": null, "security": null, "security:black_spot": null, "security:description": null, "sercurity": null, "basin": null, "intermittent": null, "landuse": null, "reservoir_type": null, "man_made": null, "note": null, "salt": null, "tidal": null, "wetland": null, "leisure": null, "colour": null, "addr:city": null, "addr:housenumber": null, "addr:street": null }, "geometry": { "type": "Polygon", "coordinates": [ [ [ 36.8879618, -1.2496607 ], [ 36.8879606, -1.2496519 ], [ 36.8879623, -1.2496433 ], [ 36.8879668, -1.2496357 ], [ 36.8879736, -1.24963 ], [ 36.8879818, -1.2496269 ], [ 36.8879907, -1.2496267 ], [ 36.8879988, -1.2496292 ], [ 36.8880057, -1.2496342 ], [ 36.8880106, -1.2496412 ], [ 36.8880131, -1.2496493 ], [ 36.8880128, -1.2496578 ], [ 36.8880098, -1.2496658 ], [ 36.8880045, -1.2496724 ], [ 36.8879973, -1.249677 ], [ 36.887989, -1.249679 ], [ 36.8879802, -1.2496783 ], [ 36.8879722, -1.2496746 ], [ 36.8879658, -1.2496685 ], [ 36.8879618, -1.2496607 ] ] ] } },
{ "type": "Feature", "properties": { "element": "way", "id": 562248469, "natural": "water", "water": "pond", "name": "Eland Hollow", "notes": null, "name:ko": null, "species": null, "height": null, "source": null, "type": null, "name:botanical": null, "landuse:urban_green": null, "operator:description": null, "urban_green:cultivation": null, "urban_green:cultivation_consumer": null, "urban_green:cultivation_sale": null, "urban_green:cultivation_type": null, "urban_green:dimension_sqm": null, "urban_green:fence": null, "urban_green:number_of_caretakers": null, "urban_green:owner_hours_week": null, "watsan:other": null, "watsan:other_description": null, "watsan:water_availability": null, "urban_green:owner_distance": null, "watsan:urban_agriculture": null, "urban_green:cultivation_consumer_description": null, "urban_green:cultivation_supplies_purchase": null, "amenity": null, "denotation": null, "leaf_cycle": null, "leaf_type": null, "ele": null, "wood": null, "description": null, "trees": null, "circumference": null, "fixme": null, "genus": null, "short_name": null, "species:wikidata": null, "species:wikipedia": null, "golf": null, "created_by": null, "security": null, "security:black_spot": null, "security:description": null, "sercurity": null, "basin": null, "intermittent": null, "landuse": null, "reservoir_type": null, "man_made": null, "note": null, "salt": null, "tidal": null, "wetland": null, "leisure": null, "colour": null, "addr:city": null, "addr:housenumber": null, "addr:street": null }, "geometry": { "type": "Polygon", "coordinates": [ [ [ 36.8505536, -1.3465115 ], [ 36.8506288, -1.3464652 ], [ 36.850675, -1.3464368 ], [ 36.8508198, -1.3461753 ], [ 36.8510813, -1.3452276 ], [ 36.8510159, -1.3451762 ], [ 36.8509505, -1.3451902 ], [ 36.8508852, -1.3452276 ], [ 36.8507637, -1.3452603 ], [ 36.850689, -1.3452976 ], [ 36.8505442, -1.3453583 ], [ 36.8504602, -1.3454564 ], [ 36.8503808, -1.3454984 ], [ 36.8503528, -1.3455497 ], [ 36.8504135, -1.3456758 ], [ 36.8504275, -1.3457785 ], [ 36.8504088, -1.3458719 ], [ 36.8503621, -1.3459326 ], [ 36.8503388, -1.3460493 ], [ 36.8503201, -1.3461287 ], [ 36.850236, -1.3461287 ], [ 36.8501006, -1.346152 ], [ 36.8500399, -1.346166 ], [ 36.8499605, -1.3460119 ], [ 36.8498297, -1.3459559 ], [ 36.8497363, -1.3459746 ], [ 36.8496336, -1.346054 ], [ 36.8495309, -1.3461053 ], [ 36.8496383, -1.3461193 ], [ 36.849713, -1.34604 ], [ 36.849769, -1.3460213 ], [ 36.8498531, -1.3460866 ], [ 36.8498811, -1.3461847 ], [ 36.8499371, -1.3462874 ], [ 36.8499605, -1.3463434 ], [ 36.8501053, -1.3464368 ], [ 36.8501847, -1.3464415 ], [ 36.8504088, -1.3465442 ], [ 36.8505536, -1.3465115 ] ] ] } },
{ "type": "Feature", "properties": { "element": "way", "id": 562255147, "natural": "water", "water": "lake", "name": null, "notes": null, "name:ko": null, "species": null, "height": null, "source": null, "type": null, "name:botanical": null, "landuse:urban_green": null, "operator:description": null, "urban_green:cultivation": null, "urban_green:cultivation_consumer": null, "urban_green:cultivation_sale": null, "urban_green:cultivation_type": null, "urban_green:dimension_sqm": null, "urban_green:fence": null, "urban_green:number_of_caretakers": null, "urban_green:owner_hours_week": null, "watsan:other": null, "watsan:other_description": null, "watsan:water_availability": null, "urban_green:owner_distance": null, "watsan:urban_agriculture": null, "urban_green:cultivation_consumer_description": null, "urban_green:cultivation_supplies_purchase": null, "amenity": null, "denotation": null, "leaf_cycle": null, "leaf_type": null, "ele": null, "wood": null, "description": null, "trees": null, "circumference": null, "fixme": null, "genus": null, "short_name": null, "species:wikidata": null, "species:wikipedia": null, "golf": null, "created_by": null, "security": null, "security:black_spot": null, "security:description": null, "sercurity": null, "basin": null, "intermittent": null, "landuse": null, "reservoir_type": null, "man_made": null, "note": null, "salt": null, "tidal": null, "wetland": null, "leisure": null, "colour": null, "addr:city": null, "addr:housenumber": null, "addr:street": null }, "geometry": { "type": "Polygon", "coordinates": [ [ [ 36.8097571, -1.3398434 ], [ 36.8107304, -1.3386829 ], [ 36.8106383, -1.3384494 ], [ 36.8104224, -1.3385166 ], [ 36.810249, -1.3383999 ], [ 36.8099093, -1.3383857 ], [ 36.8091802, -1.3382017 ], [ 36.8088475, -1.3381522 ], [ 36.8085431, -1.3379611 ], [ 36.8086599, -1.3382336 ], [ 36.8088263, -1.3384458 ], [ 36.8090209, -1.3387926 ], [ 36.8091873, -1.338966 ], [ 36.809258, -1.3392136 ], [ 36.8094704, -1.3394472 ], [ 36.8096509, -1.3395816 ], [ 36.8096863, -1.3397479 ], [ 36.8097571, -1.3398434 ] ] ] } },
{ "type": "Feature", "properties": { "element": "way", "id": 562255151, "natural": "water", "water": "pond", "name": null, "notes": null, "name:ko": null, "species": null, "height": null, "source": null, "type": null, "name:botanical": null, "landuse:urban_green": null, "operator:description": null, "urban_green:cultivation": null, "urban_green:cultivation_consumer": null, "urban_green:cultivation_sale": null, "urban_green:cultivation_type": null, "urban_green:dimension_sqm": null, "urban_green:fence": null, "urban_green:number_of_caretakers": null, "urban_green:owner_hours_week": null, "watsan:other": null, "watsan:other_description": null, "watsan:water_availability": null, "urban_green:owner_distance": null, "watsan:urban_agriculture": null, "urban_green:cultivation_consumer_description": null, "urban_green:cultivation_supplies_purchase": null, "amenity": null, "denotation": null, "leaf_cycle": null, "leaf_type": null, "ele": null, "wood": null, "description": null, "trees": null, "circumference": null, "fixme": null, "genus": null, "short_name": null, "species:wikidata": null, "species:wikipedia": null, "golf": null, "created_by": null, "security": null, "security:black_spot": null, "security:description": null, "sercurity": null, "basin": null, "intermittent": null, "landuse": null, "reservoir_type": null, "man_made": null, "note": null, "salt": null, "tidal": null, "wetland": null, "leisure": null, "colour": null, "addr:city": null, "addr:housenumber": null, "addr:street": null }, "geometry": { "type": "Polygon", "coordinates": [ [ [ 36.7864417, -1.357272 ], [ 36.7864886, -1.3572344 ], [ 36.7865583, -1.3572371 ], [ 36.7867246, -1.3573645 ], [ 36.7867582, -1.3574396 ], [ 36.7867649, -1.3575227 ], [ 36.7867528, -1.3576259 ], [ 36.7867139, -1.3577131 ], [ 36.7866589, -1.3577881 ], [ 36.7865436, -1.3578646 ], [ 36.7864698, -1.357882 ], [ 36.7863746, -1.3578538 ], [ 36.7862804, -1.3577694 ], [ 36.7862593, -1.3576474 ], [ 36.7862941, -1.3575093 ], [ 36.7863196, -1.3574235 ], [ 36.7863598, -1.3573578 ], [ 36.7864041, -1.3573041 ], [ 36.7864417, -1.357272 ] ] ] } },
{ "type": "Feature", "properties": { "element": "way", "id": 562255154, "natural": "water", "water": "pond", "name": null, "notes": null, "name:ko": null, "species": null, "height": null, "source": null, "type": null, "name:botanical": null, "landuse:urban_green": null, "operator:description": null, "urban_green:cultivation": null, "urban_green:cultivation_consumer": null, "urban_green:cultivation_sale": null, "urban_green:cultivation_type": null, "urban_green:dimension_sqm": null, "urban_green:fence": null, "urban_green:number_of_caretakers": null, "urban_green:owner_hours_week": null, "watsan:other": null, "watsan:other_description": null, "watsan:water_availability": null, "urban_green:owner_distance": null, "watsan:urban_agriculture": null, "urban_green:cultivation_consumer_description": null, "urban_green:cultivation_supplies_purchase": null, "amenity": null, "denotation": null, "leaf_cycle": null, "leaf_type": null, "ele": null, "wood": null, "description": null, "trees": null, "circumference": null, "fixme": null, "genus": null, "short_name": null, "species:wikidata": null, "species:wikipedia": null, "golf": null, "created_by": null, "security": null, "security:black_spot": null, "security:description": null, "sercurity": null, "basin": null, "intermittent": null, "landuse": null, "reservoir_type": null, "man_made": null, "note": null, "salt": null, "tidal": null, "wetland": null, "leisure": null, "colour": null, "addr:city": null, "addr:housenumber": null, "addr:street": null }, "geometry": { "type": "Polygon", "coordinates": [ [ [ 36.8425642, -1.3642967 ], [ 36.8427836, -1.3642189 ], [ 36.8429252, -1.36441 ], [ 36.8429323, -1.3645161 ], [ 36.8427765, -1.3646576 ], [ 36.8427341, -1.3647213 ], [ 36.8425854, -1.3645444 ], [ 36.8425571, -1.3643887 ], [ 36.8425642, -1.3642967 ] ] ] } },
{ "type": "Feature", "properties": { "element": "way", "id": 562257165, "natural": "water", "water": "reservoir", "name": "Embakasi Dam", "notes": null, "name:ko": null, "species": null, "height": null, "source": null, "type": null, "name:botanical": null, "landuse:urban_green": null, "operator:description": null, "urban_green:cultivation": null, "urban_green:cultivation_consumer": null, "urban_green:cultivation_sale": null, "urban_green:cultivation_type": null, "urban_green:dimension_sqm": null, "urban_green:fence": null, "urban_green:number_of_caretakers": null, "urban_green:owner_hours_week": null, "watsan:other": null, "watsan:other_description": null, "watsan:water_availability": null, "urban_green:owner_distance": null, "watsan:urban_agriculture": null, "urban_green:cultivation_consumer_description": null, "urban_green:cultivation_supplies_purchase": null, "amenity": null, "denotation": null, "leaf_cycle": null, "leaf_type": null, "ele": null, "wood": null, "description": null, "trees": null, "circumference": null, "fixme": null, "genus": null, "short_name": null, "species:wikidata": null, "species:wikipedia": null, "golf": null, "created_by": null, "security": null, "security:black_spot": null, "security:description": null, "sercurity": null, "basin": null, "intermittent": null, "landuse": "reservoir", "reservoir_type": null, "man_made": null, "note": null, "salt": null, "tidal": null, "wetland": null, "leisure": null, "colour": null, "addr:city": null, "addr:housenumber": null, "addr:street": null }, "geometry": { "type": "Polygon", "coordinates": [ [ [ 36.8826273, -1.3603704 ], [ 36.8827737, -1.3604192 ], [ 36.8830583, -1.3604273 ], [ 36.8834648, -1.3604111 ], [ 36.8836193, -1.3604111 ], [ 36.8836437, -1.3601753 ], [ 36.8832941, -1.3598014 ], [ 36.8830908, -1.3594519 ], [ 36.88292, -1.3592649 ], [ 36.882733, -1.3591267 ], [ 36.8825948, -1.3588422 ], [ 36.8824728, -1.3588748 ], [ 36.8824566, -1.3590373 ], [ 36.882294, -1.3590211 ], [ 36.8821069, -1.3588016 ], [ 36.8821151, -1.358509 ], [ 36.8820826, -1.358322 ], [ 36.881985, -1.3584277 ], [ 36.8819687, -1.358639 ], [ 36.8819606, -1.3588016 ], [ 36.8820744, -1.3590292 ], [ 36.8821883, -1.3591918 ], [ 36.8823834, -1.3593544 ], [ 36.8825704, -1.3594763 ], [ 36.8826355, -1.3595657 ], [ 36.8825541, -1.3597608 ], [ 36.8827086, -1.3599396 ], [ 36.8826761, -1.3601347 ], [ 36.8826273, -1.3603704 ] ] ] } },
{ "type": "Feature", "properties": { "element": "way", "id": 587385461, "natural": "water", "water": "reservoir", "name": "Ruai Dam", "notes": null, "name:ko": null, "species": null, "height": null, "source": null, "type": null, "name:botanical": null, "landuse:urban_green": null, "operator:description": null, "urban_green:cultivation": null, "urban_green:cultivation_consumer": null, "urban_green:cultivation_sale": null, "urban_green:cultivation_type": null, "urban_green:dimension_sqm": null, "urban_green:fence": null, "urban_green:number_of_caretakers": null, "urban_green:owner_hours_week": null, "watsan:other": null, "watsan:other_description": null, "watsan:water_availability": null, "urban_green:owner_distance": null, "watsan:urban_agriculture": null, "urban_green:cultivation_consumer_description": null, "urban_green:cultivation_supplies_purchase": null, "amenity": null, "denotation": null, "leaf_cycle": null, "leaf_type": null, "ele": null, "wood": null, "description": null, "trees": null, "circumference": null, "fixme": null, "genus": null, "short_name": null, "species:wikidata": null, "species:wikipedia": null, "golf": null, "created_by": null, "security": null, "security:black_spot": null, "security:description": null, "sercurity": null, "basin": null, "intermittent": null, "landuse": null, "reservoir_type": null, "man_made": null, "note": null, "salt": null, "tidal": null, "wetland": null, "leisure": null, "colour": null, "addr:city": null, "addr:housenumber": null, "addr:street": null }, "geometry": { "type": "Polygon", "coordinates": [ [ [ 36.8690796, -1.3443159 ], [ 36.8692758, -1.3441805 ], [ 36.8694375, -1.3440589 ], [ 36.8695609, -1.3439838 ], [ 36.8696736, -1.343906 ], [ 36.869746, -1.343847 ], [ 36.8698157, -1.3437853 ], [ 36.8698694, -1.3437049 ], [ 36.8699042, -1.3436218 ], [ 36.869923, -1.3435333 ], [ 36.869923, -1.3434689 ], [ 36.8698801, -1.3434019 ], [ 36.8697969, -1.3433402 ], [ 36.8697406, -1.3432866 ], [ 36.8696575, -1.3432222 ], [ 36.8696709, -1.3431713 ], [ 36.8697621, -1.3431364 ], [ 36.8698452, -1.3430962 ], [ 36.8697889, -1.3430667 ], [ 36.8696655, -1.3431203 ], [ 36.8695502, -1.3430908 ], [ 36.8694617, -1.3430989 ], [ 36.8694268, -1.3431445 ], [ 36.8694053, -1.3432222 ], [ 36.8694456, -1.3432544 ], [ 36.8694429, -1.3432839 ], [ 36.8694322, -1.3433349 ], [ 36.8693544, -1.3433644 ], [ 36.8691773, -1.3433885 ], [ 36.8690647, -1.3434287 ], [ 36.8689655, -1.3434958 ], [ 36.8688635, -1.3435547 ], [ 36.8688233, -1.3436084 ], [ 36.8687965, -1.3436861 ], [ 36.8687428, -1.343788 ], [ 36.8686999, -1.3438819 ], [ 36.8686945, -1.3439436 ], [ 36.8686945, -1.3440562 ], [ 36.8687294, -1.3441205 ], [ 36.8687723, -1.3441608 ], [ 36.8687992, -1.3442385 ], [ 36.8688635, -1.3442653 ], [ 36.8688957, -1.344319 ], [ 36.8690003, -1.3443404 ], [ 36.8690796, -1.3443159 ] ] ] } },
{ "type": "Feature", "properties": { "element": "way", "id": 587389330, "natural": "water", "water": "reservoir", "name": "Upper Karen Dam", "notes": null, "name:ko": null, "species": null, "height": null, "source": null, "type": null, "name:botanical": null, "landuse:urban_green": null, "operator:description": null, "urban_green:cultivation": null, "urban_green:cultivation_consumer": null, "urban_green:cultivation_sale": null, "urban_green:cultivation_type": null, "urban_green:dimension_sqm": null, "urban_green:fence": null, "urban_green:number_of_caretakers": null, "urban_green:owner_hours_week": null, "watsan:other": null, "watsan:other_description": null, "watsan:water_availability": null, "urban_green:owner_distance": null, "watsan:urban_agriculture": null, "urban_green:cultivation_consumer_description": null, "urban_green:cultivation_supplies_purchase": null, "amenity": null, "denotation": null, "leaf_cycle": null, "leaf_type": null, "ele": null, "wood": null, "description": null, "trees": null, "circumference": null, "fixme": null, "genus": null, "short_name": null, "species:wikidata": null, "species:wikipedia": null, "golf": null, "created_by": null, "security": null, "security:black_spot": null, "security:description": null, "sercurity": null, "basin": null, "intermittent": null, "landuse": null, "reservoir_type": null, "man_made": null, "note": null, "salt": null, "tidal": null, "wetland": null, "leisure": null, "colour": null, "addr:city": null, "addr:housenumber": null, "addr:street": null }, "geometry": { "type": "Polygon", "coordinates": [ [ [ 36.852695, -1.3584117 ], [ 36.852695, -1.3584605 ], [ 36.8527072, -1.3585499 ], [ 36.8528129, -1.3586271 ], [ 36.8528983, -1.35868 ], [ 36.8530446, -1.3587653 ], [ 36.8531489, -1.3588721 ], [ 36.8532006, -1.3589729 ], [ 36.8532442, -1.3590644 ], [ 36.8533224, -1.3592279 ], [ 36.8534636, -1.3593441 ], [ 36.8536158, -1.3594154 ], [ 36.8537056, -1.3595044 ], [ 36.8537176, -1.3595908 ], [ 36.8537698, -1.3596326 ], [ 36.8538667, -1.3596489 ], [ 36.8539155, -1.3596125 ], [ 36.853939, -1.3595457 ], [ 36.8539715, -1.359375 ], [ 36.853939, -1.3592856 ], [ 36.8539309, -1.3592368 ], [ 36.8538496, -1.359062 ], [ 36.8538008, -1.3589604 ], [ 36.8537601, -1.3588629 ], [ 36.8537154, -1.3587572 ], [ 36.8536504, -1.3586271 ], [ 36.8535731, -1.358558 ], [ 36.8534471, -1.3585784 ], [ 36.8533331, -1.3586204 ], [ 36.8531948, -1.3585974 ], [ 36.8530319, -1.3584864 ], [ 36.8528444, -1.3583782 ], [ 36.8527458, -1.3582918 ], [ 36.852695, -1.3584117 ] ] ] } },
{ "type": "Feature", "properties": { "element": "way", "id": 595228072, "natural": "water", "water": null, "name": null, "notes": null, "name:ko": null, "species": null, "height": null, "source": null, "type": null, "name:botanical": null, "landuse:urban_green": null, "operator:description": null, "urban_green:cultivation": null, "urban_green:cultivation_consumer": null, "urban_green:cultivation_sale": null, "urban_green:cultivation_type": null, "urban_green:dimension_sqm": null, "urban_green:fence": null, "urban_green:number_of_caretakers": null, "urban_green:owner_hours_week": null, "watsan:other": null, "watsan:other_description": null, "watsan:water_availability": null, "urban_green:owner_distance": null, "watsan:urban_agriculture": null, "urban_green:cultivation_consumer_description": null, "urban_green:cultivation_supplies_purchase": null, "amenity": null, "denotation": null, "leaf_cycle": null, "leaf_type": null, "ele": null, "wood": null, "description": null, "trees": null, "circumference": null, "fixme": null, "genus": null, "short_name": null, "species:wikidata": null, "species:wikipedia": null, "golf": "water_hazard", "created_by": null, "security": null, "security:black_spot": null, "security:description": null, "sercurity": null, "basin": null, "intermittent": null, "landuse": null, "reservoir_type": null, "man_made": null, "note": null, "salt": null, "tidal": null, "wetland": null, "leisure": null, "colour": null, "addr:city": null, "addr:housenumber": null, "addr:street": null }, "geometry": { "type": "Polygon", "coordinates": [ [ [ 36.8798103, -1.2145539 ], [ 36.8797618, -1.2145311 ], [ 36.8797087, -1.2145244 ], [ 36.8796561, -1.2145346 ], [ 36.8796092, -1.2145605 ], [ 36.8795727, -1.2145996 ], [ 36.8795486, -1.2146537 ], [ 36.8795444, -1.2147127 ], [ 36.8795606, -1.2147697 ], [ 36.8795952, -1.2148176 ], [ 36.8796442, -1.2148509 ], [ 36.8797016, -1.2148654 ], [ 36.8797605, -1.2148595 ], [ 36.8798139, -1.2148339 ], [ 36.8798553, -1.2147916 ], [ 36.8798782, -1.2147432 ], [ 36.879885, -1.2146901 ], [ 36.8798751, -1.2146375 ], [ 36.8798493, -1.2145905 ], [ 36.8798103, -1.2145539 ] ] ] } },
{ "type": "Feature", "properties": { "element": "way", "id": 595915286, "natural": "water", "water": "lake", "name": "Maji Magic Aquapark", "notes": null, "name:ko": null, "species": null, "height": null, "source": null, "type": null, "name:botanical": null, "landuse:urban_green": null, "operator:description": null, "urban_green:cultivation": null, "urban_green:cultivation_consumer": null, "urban_green:cultivation_sale": null, "urban_green:cultivation_type": null, "urban_green:dimension_sqm": null, "urban_green:fence": null, "urban_green:number_of_caretakers": null, "urban_green:owner_hours_week": null, "watsan:other": null, "watsan:other_description": null, "watsan:water_availability": null, "urban_green:owner_distance": null, "watsan:urban_agriculture": null, "urban_green:cultivation_consumer_description": null, "urban_green:cultivation_supplies_purchase": null, "amenity": null, "denotation": null, "leaf_cycle": null, "leaf_type": null, "ele": null, "wood": null, "description": null, "trees": null, "circumference": null, "fixme": null, "genus": null, "short_name": null, "species:wikidata": null, "species:wikipedia": null, "golf": null, "created_by": null, "security": null, "security:black_spot": null, "security:description": null, "sercurity": null, "basin": null, "intermittent": null, "landuse": null, "reservoir_type": null, "man_made": "yes", "note": null, "salt": null, "tidal": null, "wetland": null, "leisure": null, "colour": null, "addr:city": null, "addr:housenumber": null, "addr:street": null }, "geometry": { "type": "Polygon", "coordinates": [ [ [ 36.7146431, -1.3276539 ], [ 36.7145559, -1.32769 ], [ 36.7144577, -1.3277327 ], [ 36.7143235, -1.3278201 ], [ 36.7141865, -1.327959 ], [ 36.7140788, -1.3281046 ], [ 36.714038, -1.3281971 ], [ 36.7140385, -1.3282405 ], [ 36.7140677, -1.3282844 ], [ 36.714104, -1.3283353 ], [ 36.7141252, -1.3284019 ], [ 36.714134, -1.3284405 ], [ 36.7141499, -1.3284826 ], [ 36.7142281, -1.3285917 ], [ 36.7142827, -1.3286417 ], [ 36.7143343, -1.328689 ], [ 36.7143952, -1.3287095 ], [ 36.7144678, -1.3287538 ], [ 36.7145318, -1.3287765 ], [ 36.7145764, -1.3288099 ], [ 36.7146045, -1.3288343 ], [ 36.7146403, -1.3288764 ], [ 36.7146507, -1.3289223 ], [ 36.7146799, -1.3289663 ], [ 36.7147136, -1.3290014 ], [ 36.7147625, -1.329025 ], [ 36.714802, -1.3290528 ], [ 36.7148217, -1.3290773 ], [ 36.7148405, -1.3291171 ], [ 36.7148672, -1.3291757 ], [ 36.7149013, -1.3292266 ], [ 36.7149295, -1.3292473 ], [ 36.7149767, -1.3292322 ], [ 36.7150134, -1.3292137 ], [ 36.7150444, -1.329216 ], [ 36.7150607, -1.3292433 ], [ 36.7150852, -1.3292725 ], [ 36.7151184, -1.32929 ], [ 36.715174, -1.3292967 ], [ 36.7152668, -1.3292733 ], [ 36.7153075, -1.3292548 ], [ 36.7153919, -1.3292132 ], [ 36.7153231, -1.3290798 ], [ 36.7153649, -1.3290575 ], [ 36.715445, -1.3292019 ], [ 36.715524, -1.3291839 ], [ 36.7155652, -1.3291554 ], [ 36.7155905, -1.3291198 ], [ 36.7156361, -1.3290155 ], [ 36.7156703, -1.3289139 ], [ 36.7157051, -1.3286561 ], [ 36.7157634, -1.3284065 ], [ 36.7158187, -1.3282534 ], [ 36.7158213, -1.3281986 ], [ 36.7157978, -1.3281482 ], [ 36.7157563, -1.3281092 ], [ 36.7156893, -1.3281222 ], [ 36.715645, -1.3281504 ], [ 36.7156202, -1.3282266 ], [ 36.715563, -1.3283745 ], [ 36.7155083, -1.3284549 ], [ 36.7154449, -1.3285027 ], [ 36.7153903, -1.3285268 ], [ 36.715284, -1.3286015 ], [ 36.7152387, -1.3286765 ], [ 36.7152066, -1.3286885 ], [ 36.7151298, -1.3287176 ], [ 36.7150622, -1.3287348 ], [ 36.7149881, -1.3287184 ], [ 36.7148868, -1.3286938 ], [ 36.7147702, -1.3286257 ], [ 36.7145966, -1.3285123 ], [ 36.7144819, -1.3284164 ], [ 36.7143868, -1.3283084 ], [ 36.7143588, -1.3281913 ], [ 36.7143514, -1.3280826 ], [ 36.7143832, -1.3279848 ], [ 36.7144398, -1.3279122 ], [ 36.7145292, -1.3278482 ], [ 36.7146604, -1.3277876 ], [ 36.7147655, -1.3277138 ], [ 36.7148122, -1.3276687 ], [ 36.7148116, -1.3276483 ], [ 36.7147852, -1.3276251 ], [ 36.7147458, -1.3276243 ], [ 36.7146431, -1.3276539 ] ] ] } },
{ "type": "Feature", "properties": { "element": "way", "id": 619163045, "natural": "water", "water": "pond", "name": "Thoma's Njeru pool", "notes": null, "name:ko": null, "species": null, "height": null, "source": null, "type": null, "name:botanical": null, "landuse:urban_green": null, "operator:description": null, "urban_green:cultivation": null, "urban_green:cultivation_consumer": null, "urban_green:cultivation_sale": null, "urban_green:cultivation_type": null, "urban_green:dimension_sqm": null, "urban_green:fence": null, "urban_green:number_of_caretakers": null, "urban_green:owner_hours_week": null, "watsan:other": null, "watsan:other_description": null, "watsan:water_availability": null, "urban_green:owner_distance": null, "watsan:urban_agriculture": null, "urban_green:cultivation_consumer_description": null, "urban_green:cultivation_supplies_purchase": null, "amenity": null, "denotation": null, "leaf_cycle": null, "leaf_type": null, "ele": null, "wood": null, "description": null, "trees": null, "circumference": null, "fixme": null, "genus": null, "short_name": null, "species:wikidata": null, "species:wikipedia": null, "golf": null, "created_by": null, "security": null, "security:black_spot": null, "security:description": null, "sercurity": null, "basin": null, "intermittent": "yes", "landuse": null, "reservoir_type": null, "man_made": null, "note": "by dmucooke@gmail.com", "salt": null, "tidal": null, "wetland": null, "leisure": null, "colour": null, "addr:city": null, "addr:housenumber": null, "addr:street": null }, "geometry": { "type": "Polygon", "coordinates": [ [ [ 36.8067017, -1.2878337 ], [ 36.8068319, -1.2877677 ], [ 36.8068675, -1.2878377 ], [ 36.8067373, -1.2879038 ], [ 36.8067017, -1.2878337 ] ] ] } },
{ "type": "Feature", "properties": { "element": "way", "id": 674747240, "natural": "water", "water": "lake", "name": null, "notes": null, "name:ko": null, "species": null, "height": null, "source": null, "type": null, "name:botanical": null, "landuse:urban_green": null, "operator:description": null, "urban_green:cultivation": null, "urban_green:cultivation_consumer": null, "urban_green:cultivation_sale": null, "urban_green:cultivation_type": null, "urban_green:dimension_sqm": null, "urban_green:fence": null, "urban_green:number_of_caretakers": null, "urban_green:owner_hours_week": null, "watsan:other": null, "watsan:other_description": null, "watsan:water_availability": null, "urban_green:owner_distance": null, "watsan:urban_agriculture": null, "urban_green:cultivation_consumer_description": null, "urban_green:cultivation_supplies_purchase": null, "amenity": null, "denotation": null, "leaf_cycle": null, "leaf_type": null, "ele": null, "wood": null, "description": null, "trees": null, "circumference": null, "fixme": null, "genus": null, "short_name": null, "species:wikidata": null, "species:wikipedia": null, "golf": null, "created_by": null, "security": null, "security:black_spot": null, "security:description": null, "sercurity": null, "basin": null, "intermittent": null, "landuse": null, "reservoir_type": null, "man_made": null, "note": null, "salt": null, "tidal": null, "wetland": null, "leisure": null, "colour": null, "addr:city": null, "addr:housenumber": null, "addr:street": null }, "geometry": { "type": "Polygon", "coordinates": [ [ [ 36.7307761, -1.2993044 ], [ 36.7314919, -1.2993647 ], [ 36.7321173, -1.2993195 ], [ 36.7327878, -1.2991161 ], [ 36.7330063, -1.2989278 ], [ 36.7334584, -1.2988525 ], [ 36.733368, -1.2989429 ], [ 36.7333605, -1.2992894 ], [ 36.7329159, -1.299666 ], [ 36.7326522, -1.30002 ], [ 36.7325317, -1.3002837 ], [ 36.7323056, -1.300698 ], [ 36.7321625, -1.3008411 ], [ 36.7319214, -1.3010972 ], [ 36.7318008, -1.3012855 ], [ 36.7317104, -1.3013684 ], [ 36.7313337, -1.3013006 ], [ 36.7311378, -1.3013156 ], [ 36.7309494, -1.3011801 ], [ 36.7311302, -1.301052 ], [ 36.7317631, -1.3007658 ], [ 36.7320645, -1.3003515 ], [ 36.7320947, -1.3000652 ], [ 36.7319967, -1.2998242 ], [ 36.7314919, -1.2997338 ], [ 36.7311378, -1.2996208 ], [ 36.7309871, -1.2994702 ], [ 36.7307912, -1.2994174 ], [ 36.7307761, -1.2993044 ] ] ] } },
{ "type": "Feature", "properties": { "element": "way", "id": 817241236, "natural": "water", "water": "pond", "name": null, "notes": null, "name:ko": null, "species": null, "height": null, "source": null, "type": null, "name:botanical": null, "landuse:urban_green": null, "operator:description": null, "urban_green:cultivation": null, "urban_green:cultivation_consumer": null, "urban_green:cultivation_sale": null, "urban_green:cultivation_type": null, "urban_green:dimension_sqm": null, "urban_green:fence": null, "urban_green:number_of_caretakers": null, "urban_green:owner_hours_week": null, "watsan:other": null, "watsan:other_description": null, "watsan:water_availability": null, "urban_green:owner_distance": null, "watsan:urban_agriculture": null, "urban_green:cultivation_consumer_description": null, "urban_green:cultivation_supplies_purchase": null, "amenity": null, "denotation": null, "leaf_cycle": null, "leaf_type": null, "ele": null, "wood": null, "description": null, "trees": null, "circumference": null, "fixme": null, "genus": null, "short_name": null, "species:wikidata": null, "species:wikipedia": null, "golf": null, "created_by": null, "security": null, "security:black_spot": null, "security:description": null, "sercurity": null, "basin": null, "intermittent": null, "landuse": null, "reservoir_type": null, "man_made": null, "note": null, "salt": null, "tidal": null, "wetland": null, "leisure": null, "colour": null, "addr:city": null, "addr:housenumber": null, "addr:street": null }, "geometry": { "type": "Polygon", "coordinates": [ [ [ 36.7250295, -1.3690477 ], [ 36.7250071, -1.3691063 ], [ 36.7249669, -1.3691543 ], [ 36.7249131, -1.3691865 ], [ 36.7248518, -1.3691993 ], [ 36.7247906, -1.3691916 ], [ 36.7247352, -1.3691647 ], [ 36.7246914, -1.3691213 ], [ 36.7246639, -1.3690661 ], [ 36.7246557, -1.369005 ], [ 36.7246676, -1.3689446 ], [ 36.7246984, -1.3688912 ], [ 36.7247447, -1.3688505 ], [ 36.7248017, -1.3688269 ], [ 36.7248632, -1.368823 ], [ 36.7249236, -1.3688395 ], [ 36.7249754, -1.3688749 ], [ 36.7250126, -1.3689253 ], [ 36.7250314, -1.3689851 ], [ 36.7250295, -1.3690477 ] ] ] } },
{ "type": "Feature", "properties": { "element": "way", "id": 817900374, "natural": "water", "water": "pond", "name": null, "notes": null, "name:ko": null, "species": null, "height": null, "source": null, "type": null, "name:botanical": null, "landuse:urban_green": null, "operator:description": null, "urban_green:cultivation": null, "urban_green:cultivation_consumer": null, "urban_green:cultivation_sale": null, "urban_green:cultivation_type": null, "urban_green:dimension_sqm": null, "urban_green:fence": null, "urban_green:number_of_caretakers": null, "urban_green:owner_hours_week": null, "watsan:other": null, "watsan:other_description": null, "watsan:water_availability": null, "urban_green:owner_distance": null, "watsan:urban_agriculture": null, "urban_green:cultivation_consumer_description": null, "urban_green:cultivation_supplies_purchase": null, "amenity": null, "denotation": null, "leaf_cycle": null, "leaf_type": null, "ele": null, "wood": null, "description": null, "trees": null, "circumference": null, "fixme": null, "genus": null, "short_name": null, "species:wikidata": null, "species:wikipedia": null, "golf": null, "created_by": null, "security": null, "security:black_spot": null, "security:description": null, "sercurity": null, "basin": null, "intermittent": null, "landuse": null, "reservoir_type": null, "man_made": null, "note": null, "salt": null, "tidal": null, "wetland": null, "leisure": null, "colour": null, "addr:city": null, "addr:housenumber": null, "addr:street": null }, "geometry": { "type": "Polygon", "coordinates": [ [ [ 36.7166069, -1.3413438 ], [ 36.7165175, -1.3413078 ], [ 36.7164829, -1.3412689 ], [ 36.7164671, -1.3411925 ], [ 36.716545, -1.3411351 ], [ 36.7166515, -1.3411147 ], [ 36.7167164, -1.3411133 ], [ 36.7168403, -1.3410701 ], [ 36.7169368, -1.3410485 ], [ 36.71697, -1.3410585 ], [ 36.7170002, -1.3411104 ], [ 36.7169945, -1.3413178 ], [ 36.7169757, -1.3414374 ], [ 36.716957, -1.3415426 ], [ 36.7169195, -1.3415858 ], [ 36.7169123, -1.341629 ], [ 36.7168778, -1.341678 ], [ 36.7168432, -1.3416996 ], [ 36.7168187, -1.3416794 ], [ 36.7167625, -1.3416564 ], [ 36.7166948, -1.3416578 ], [ 36.7166371, -1.3416564 ], [ 36.7165982, -1.3416809 ], [ 36.7166227, -1.3417356 ], [ 36.7166386, -1.341786 ], [ 36.7166616, -1.3418249 ], [ 36.7166616, -1.3418725 ], [ 36.7166587, -1.3418854 ], [ 36.7166386, -1.3418854 ], [ 36.7166357, -1.3418379 ], [ 36.7166097, -1.3417817 ], [ 36.7165867, -1.3417356 ], [ 36.7165665, -1.3416852 ], [ 36.716542, -1.3416362 ], [ 36.7165507, -1.3415887 ], [ 36.7166054, -1.3415541 ], [ 36.7166285, -1.341521 ], [ 36.7166342, -1.3414446 ], [ 36.7166371, -1.3413783 ], [ 36.7166069, -1.3413438 ] ] ] } },
{ "type": "Feature", "properties": { "element": "way", "id": 822166038, "natural": "water", "water": "pond", "name": null, "notes": null, "name:ko": null, "species": null, "height": null, "source": null, "type": null, "name:botanical": null, "landuse:urban_green": null, "operator:description": null, "urban_green:cultivation": null, "urban_green:cultivation_consumer": null, "urban_green:cultivation_sale": null, "urban_green:cultivation_type": null, "urban_green:dimension_sqm": null, "urban_green:fence": null, "urban_green:number_of_caretakers": null, "urban_green:owner_hours_week": null, "watsan:other": null, "watsan:other_description": null, "watsan:water_availability": null, "urban_green:owner_distance": null, "watsan:urban_agriculture": null, "urban_green:cultivation_consumer_description": null, "urban_green:cultivation_supplies_purchase": null, "amenity": null, "denotation": null, "leaf_cycle": null, "leaf_type": null, "ele": null, "wood": null, "description": null, "trees": null, "circumference": null, "fixme": null, "genus": null, "short_name": null, "species:wikidata": null, "species:wikipedia": null, "golf": null, "created_by": null, "security": null, "security:black_spot": null, "security:description": null, "sercurity": null, "basin": null, "intermittent": "no", "landuse": null, "reservoir_type": null, "man_made": null, "note": null, "salt": null, "tidal": null, "wetland": null, "leisure": null, "colour": null, "addr:city": null, "addr:housenumber": null, "addr:street": null }, "geometry": { "type": "Polygon", "coordinates": [ [ [ 36.7443317, -1.259671 ], [ 36.7443277, -1.2596405 ], [ 36.7443673, -1.2596558 ], [ 36.7443846, -1.25967 ], [ 36.7443978, -1.2596944 ], [ 36.7444171, -1.2597046 ], [ 36.7444435, -1.2597046 ], [ 36.7444699, -1.2597046 ], [ 36.7444862, -1.2597046 ], [ 36.7444994, -1.2597046 ], [ 36.7445136, -1.2597076 ], [ 36.744535, -1.2597239 ], [ 36.7445401, -1.2597411 ], [ 36.7445553, -1.2597543 ], [ 36.7445787, -1.2597635 ], [ 36.7446072, -1.2597737 ], [ 36.7446305, -1.2597787 ], [ 36.7446498, -1.2597838 ], [ 36.744658, -1.2598021 ], [ 36.7446559, -1.2598224 ], [ 36.7446478, -1.2598326 ], [ 36.7446234, -1.2598407 ], [ 36.744598, -1.2598397 ], [ 36.7445817, -1.2598356 ], [ 36.7445665, -1.2598265 ], [ 36.7445452, -1.2598123 ], [ 36.7445269, -1.259795 ], [ 36.7444974, -1.2597869 ], [ 36.7444771, -1.2597797 ], [ 36.7444456, -1.2597797 ], [ 36.7444262, -1.2597747 ], [ 36.744412, -1.2597665 ], [ 36.7444039, -1.2597513 ], [ 36.7444018, -1.259735 ], [ 36.7443968, -1.2597178 ], [ 36.7443866, -1.2596995 ], [ 36.7443632, -1.2596802 ], [ 36.744348, -1.259672 ], [ 36.7443317, -1.259671 ] ] ] } },
{ "type": "Feature", "properties": { "element": "way", "id": 822166039, "natural": "water", "water": "pond", "name": null, "notes": null, "name:ko": null, "species": null, "height": null, "source": null, "type": null, "name:botanical": null, "landuse:urban_green": null, "operator:description": null, "urban_green:cultivation": null, "urban_green:cultivation_consumer": null, "urban_green:cultivation_sale": null, "urban_green:cultivation_type": null, "urban_green:dimension_sqm": null, "urban_green:fence": null, "urban_green:number_of_caretakers": null, "urban_green:owner_hours_week": null, "watsan:other": null, "watsan:other_description": null, "watsan:water_availability": null, "urban_green:owner_distance": null, "watsan:urban_agriculture": null, "urban_green:cultivation_consumer_description": null, "urban_green:cultivation_supplies_purchase": null, "amenity": null, "denotation": null, "leaf_cycle": null, "leaf_type": null, "ele": null, "wood": null, "description": null, "trees": null, "circumference": null, "fixme": null, "genus": null, "short_name": null, "species:wikidata": null, "species:wikipedia": null, "golf": null, "created_by": null, "security": null, "security:black_spot": null, "security:description": null, "sercurity": null, "basin": null, "intermittent": "no", "landuse": null, "reservoir_type": null, "man_made": null, "note": null, "salt": null, "tidal": null, "wetland": null, "leisure": null, "colour": null, "addr:city": null, "addr:housenumber": null, "addr:street": null }, "geometry": { "type": "Polygon", "coordinates": [ [ [ 36.7440055, -1.2596141 ], [ 36.7440177, -1.2596283 ], [ 36.7440268, -1.2596477 ], [ 36.7440339, -1.259671 ], [ 36.7440451, -1.2596812 ], [ 36.7440614, -1.2596792 ], [ 36.7440776, -1.2596954 ], [ 36.7440939, -1.2597046 ], [ 36.7441071, -1.2597218 ], [ 36.7441254, -1.259735 ], [ 36.7441406, -1.2597482 ], [ 36.7441559, -1.2597554 ], [ 36.7441732, -1.2597696 ], [ 36.7441874, -1.2597696 ], [ 36.7441976, -1.2597533 ], [ 36.7442108, -1.2597462 ], [ 36.7442159, -1.259735 ], [ 36.7442077, -1.2597208 ], [ 36.7441976, -1.2597096 ], [ 36.7441894, -1.2597025 ], [ 36.7441772, -1.2596852 ], [ 36.7441671, -1.2596802 ], [ 36.74416, -1.2596659 ], [ 36.7441498, -1.2596578 ], [ 36.7441437, -1.2596355 ], [ 36.7441315, -1.2596182 ], [ 36.7441142, -1.2596111 ], [ 36.7440908, -1.259605 ], [ 36.7440705, -1.259606 ], [ 36.7440543, -1.2596131 ], [ 36.7440319, -1.2596151 ], [ 36.7440055, -1.2596141 ] ] ] } },
{ "type": "Feature", "properties": { "element": "way", "id": 822166040, "natural": "water", "water": "pond", "name": null, "notes": null, "name:ko": null, "species": null, "height": null, "source": null, "type": null, "name:botanical": null, "landuse:urban_green": null, "operator:description": null, "urban_green:cultivation": null, "urban_green:cultivation_consumer": null, "urban_green:cultivation_sale": null, "urban_green:cultivation_type": null, "urban_green:dimension_sqm": null, "urban_green:fence": null, "urban_green:number_of_caretakers": null, "urban_green:owner_hours_week": null, "watsan:other": null, "watsan:other_description": null, "watsan:water_availability": null, "urban_green:owner_distance": null, "watsan:urban_agriculture": null, "urban_green:cultivation_consumer_description": null, "urban_green:cultivation_supplies_purchase": null, "amenity": null, "denotation": null, "leaf_cycle": null, "leaf_type": null, "ele": null, "wood": null, "description": null, "trees": null, "circumference": null, "fixme": null, "genus": null, "short_name": null, "species:wikidata": null, "species:wikipedia": null, "golf": null, "created_by": null, "security": null, "security:black_spot": null, "security:description": null, "sercurity": null, "basin": null, "intermittent": "no", "landuse": null, "reservoir_type": null, "man_made": null, "note": null, "salt": null, "tidal": null, "wetland": null, "leisure": null, "colour": null, "addr:city": null, "addr:housenumber": null, "addr:street": null }, "geometry": { "type": "Polygon", "coordinates": [ [ [ 36.7437859, -1.259608 ], [ 36.7437636, -1.2595979 ], [ 36.7437473, -1.2595897 ], [ 36.7437402, -1.2595592 ], [ 36.7437463, -1.2595349 ], [ 36.7437687, -1.2595206 ], [ 36.7438032, -1.2595217 ], [ 36.7438408, -1.2595176 ], [ 36.7438632, -1.2595125 ], [ 36.7438876, -1.2595267 ], [ 36.7438937, -1.2595542 ], [ 36.7438886, -1.2595806 ], [ 36.7438652, -1.2595877 ], [ 36.7438469, -1.2595745 ], [ 36.7438388, -1.2595857 ], [ 36.7438164, -1.2596009 ], [ 36.7437859, -1.259608 ] ] ] } },
{ "type": "Feature", "properties": { "element": "way", "id": 822230695, "natural": "water", "water": "pond", "name": null, "notes": null, "name:ko": null, "species": null, "height": null, "source": null, "type": null, "name:botanical": null, "landuse:urban_green": null, "operator:description": null, "urban_green:cultivation": null, "urban_green:cultivation_consumer": null, "urban_green:cultivation_sale": null, "urban_green:cultivation_type": null, "urban_green:dimension_sqm": null, "urban_green:fence": null, "urban_green:number_of_caretakers": null, "urban_green:owner_hours_week": null, "watsan:other": null, "watsan:other_description": null, "watsan:water_availability": null, "urban_green:owner_distance": null, "watsan:urban_agriculture": null, "urban_green:cultivation_consumer_description": null, "urban_green:cultivation_supplies_purchase": null, "amenity": null, "denotation": null, "leaf_cycle": null, "leaf_type": null, "ele": null, "wood": null, "description": null, "trees": null, "circumference": null, "fixme": null, "genus": null, "short_name": null, "species:wikidata": null, "species:wikipedia": null, "golf": null, "created_by": null, "security": null, "security:black_spot": null, "security:description": null, "sercurity": null, "basin": null, "intermittent": null, "landuse": null, "reservoir_type": null, "man_made": null, "note": null, "salt": null, "tidal": null, "wetland": null, "leisure": null, "colour": null, "addr:city": null, "addr:housenumber": null, "addr:street": null }, "geometry": { "type": "Polygon", "coordinates": [ [ [ 36.6970657, -1.3122186 ], [ 36.6970059, -1.3121488 ], [ 36.6972228, -1.3120266 ], [ 36.6972652, -1.3121089 ], [ 36.6970657, -1.3122186 ] ] ] } },
{ "type": "Feature", "properties": { "element": "way", "id": 822230696, "natural": "water", "water": "pond", "name": null, "notes": null, "name:ko": null, "species": null, "height": null, "source": null, "type": null, "name:botanical": null, "landuse:urban_green": null, "operator:description": null, "urban_green:cultivation": null, "urban_green:cultivation_consumer": null, "urban_green:cultivation_sale": null, "urban_green:cultivation_type": null, "urban_green:dimension_sqm": null, "urban_green:fence": null, "urban_green:number_of_caretakers": null, "urban_green:owner_hours_week": null, "watsan:other": null, "watsan:other_description": null, "watsan:water_availability": null, "urban_green:owner_distance": null, "watsan:urban_agriculture": null, "urban_green:cultivation_consumer_description": null, "urban_green:cultivation_supplies_purchase": null, "amenity": null, "denotation": null, "leaf_cycle": null, "leaf_type": null, "ele": null, "wood": null, "description": null, "trees": null, "circumference": null, "fixme": null, "genus": null, "short_name": null, "species:wikidata": null, "species:wikipedia": null, "golf": null, "created_by": null, "security": null, "security:black_spot": null, "security:description": null, "sercurity": null, "basin": null, "intermittent": null, "landuse": null, "reservoir_type": null, "man_made": null, "note": null, "salt": null, "tidal": null, "wetland": null, "leisure": null, "colour": null, "addr:city": null, "addr:housenumber": null, "addr:street": null }, "geometry": { "type": "Polygon", "coordinates": [ [ [ 36.6972677, -1.3118321 ], [ 36.6972303, -1.3117449 ], [ 36.6972578, -1.3116451 ], [ 36.6973426, -1.3115728 ], [ 36.6974174, -1.3115205 ], [ 36.6975246, -1.3115205 ], [ 36.6975994, -1.3115604 ], [ 36.6976244, -1.3116352 ], [ 36.6975845, -1.3117424 ], [ 36.6975196, -1.3118271 ], [ 36.6974298, -1.3118969 ], [ 36.6973351, -1.3118969 ], [ 36.6972677, -1.3118321 ] ] ] } },
{ "type": "Feature", "properties": { "element": "way", "id": 823759622, "natural": "water", "water": "pond", "name": null, "notes": null, "name:ko": null, "species": null, "height": null, "source": null, "type": null, "name:botanical": null, "landuse:urban_green": null, "operator:description": null, "urban_green:cultivation": null, "urban_green:cultivation_consumer": null, "urban_green:cultivation_sale": null, "urban_green:cultivation_type": null, "urban_green:dimension_sqm": null, "urban_green:fence": null, "urban_green:number_of_caretakers": null, "urban_green:owner_hours_week": null, "watsan:other": null, "watsan:other_description": null, "watsan:water_availability": null, "urban_green:owner_distance": null, "watsan:urban_agriculture": null, "urban_green:cultivation_consumer_description": null, "urban_green:cultivation_supplies_purchase": null, "amenity": null, "denotation": null, "leaf_cycle": null, "leaf_type": null, "ele": null, "wood": null, "description": null, "trees": null, "circumference": null, "fixme": null, "genus": null, "short_name": null, "species:wikidata": null, "species:wikipedia": null, "golf": null, "created_by": null, "security": null, "security:black_spot": null, "security:description": null, "sercurity": null, "basin": null, "intermittent": null, "landuse": null, "reservoir_type": null, "man_made": null, "note": null, "salt": null, "tidal": null, "wetland": null, "leisure": null, "colour": null, "addr:city": null, "addr:housenumber": null, "addr:street": null }, "geometry": { "type": "Polygon", "coordinates": [ [ [ 36.7139442, -1.3337161 ], [ 36.7138988, -1.3336725 ], [ 36.7138814, -1.3336081 ], [ 36.7139337, -1.3335453 ], [ 36.7139755, -1.3335349 ], [ 36.7140522, -1.3335593 ], [ 36.7140888, -1.3336377 ], [ 36.714101, -1.3337179 ], [ 36.7140906, -1.3337492 ], [ 36.7140069, -1.3337109 ], [ 36.7139442, -1.3337161 ] ] ] } },
{ "type": "Feature", "properties": { "element": "way", "id": 859350036, "natural": "water", "water": "lake", "name": null, "notes": null, "name:ko": null, "species": null, "height": null, "source": null, "type": null, "name:botanical": null, "landuse:urban_green": null, "operator:description": null, "urban_green:cultivation": null, "urban_green:cultivation_consumer": null, "urban_green:cultivation_sale": null, "urban_green:cultivation_type": null, "urban_green:dimension_sqm": null, "urban_green:fence": null, "urban_green:number_of_caretakers": null, "urban_green:owner_hours_week": null, "watsan:other": null, "watsan:other_description": null, "watsan:water_availability": null, "urban_green:owner_distance": null, "watsan:urban_agriculture": null, "urban_green:cultivation_consumer_description": null, "urban_green:cultivation_supplies_purchase": null, "amenity": null, "denotation": null, "leaf_cycle": null, "leaf_type": null, "ele": null, "wood": null, "description": null, "trees": null, "circumference": null, "fixme": null, "genus": null, "short_name": null, "species:wikidata": null, "species:wikipedia": null, "golf": null, "created_by": null, "security": null, "security:black_spot": null, "security:description": null, "sercurity": null, "basin": null, "intermittent": "yes", "landuse": null, "reservoir_type": null, "man_made": null, "note": null, "salt": null, "tidal": null, "wetland": null, "leisure": null, "colour": null, "addr:city": null, "addr:housenumber": null, "addr:street": null }, "geometry": { "type": "Polygon", "coordinates": [ [ [ 36.9746241, -1.2523269 ], [ 36.974549, -1.2523283 ], [ 36.9744994, -1.2523846 ], [ 36.9745007, -1.252461 ], [ 36.9745731, -1.2525133 ], [ 36.9745477, -1.2526554 ], [ 36.9744766, -1.2529209 ], [ 36.9748736, -1.2531247 ], [ 36.9755817, -1.2532856 ], [ 36.9759894, -1.2536932 ], [ 36.9763756, -1.2542402 ], [ 36.9766653, -1.2547229 ], [ 36.9770623, -1.2552378 ], [ 36.9776845, -1.2553343 ], [ 36.9779528, -1.2550983 ], [ 36.9779125, -1.2548033 ], [ 36.9781459, -1.2543957 ], [ 36.9783175, -1.2542724 ], [ 36.9786716, -1.2539828 ], [ 36.9788862, -1.253661 ], [ 36.9790042, -1.2535216 ], [ 36.9791061, -1.2533526 ], [ 36.9791597, -1.2532749 ], [ 36.9792778, -1.2531676 ], [ 36.9794146, -1.2529852 ], [ 36.9794413, -1.2528029 ], [ 36.9792026, -1.2527278 ], [ 36.9789184, -1.2526983 ], [ 36.9787762, -1.2531059 ], [ 36.9786877, -1.2530925 ], [ 36.9784704, -1.2530094 ], [ 36.9783658, -1.2527546 ], [ 36.9784597, -1.252583 ], [ 36.9780225, -1.2524704 ], [ 36.9778857, -1.2524865 ], [ 36.9777596, -1.2525535 ], [ 36.9777006, -1.2526983 ], [ 36.9775692, -1.2529102 ], [ 36.9775611, -1.2531381 ], [ 36.9777542, -1.2533177 ], [ 36.9776765, -1.2535377 ], [ 36.9775102, -1.2536288 ], [ 36.9773144, -1.2536047 ], [ 36.9771937, -1.2534519 ], [ 36.9768745, -1.2534304 ], [ 36.9767404, -1.2531703 ], [ 36.9767833, -1.2529102 ], [ 36.9767055, -1.252752 ], [ 36.9766734, -1.25265 ], [ 36.9766734, -1.2523873 ], [ 36.9766277, -1.2521352 ], [ 36.9765472, -1.2520252 ], [ 36.9762951, -1.2519314 ], [ 36.9760752, -1.2519341 ], [ 36.9759759, -1.2519019 ], [ 36.9758955, -1.2518912 ], [ 36.975823, -1.2519555 ], [ 36.975756, -1.2519341 ], [ 36.9757667, -1.2518027 ], [ 36.9758177, -1.2517008 ], [ 36.9758096, -1.2514863 ], [ 36.975764, -1.2512717 ], [ 36.9756567, -1.251143 ], [ 36.9755696, -1.2510921 ], [ 36.9753899, -1.2510545 ], [ 36.9752263, -1.2510304 ], [ 36.9751592, -1.2510398 ], [ 36.9751418, -1.2510854 ], [ 36.97519, -1.2511269 ], [ 36.9752222, -1.2511792 ], [ 36.9752249, -1.2512395 ], [ 36.9751927, -1.2512932 ], [ 36.9750546, -1.2513508 ], [ 36.9749835, -1.2513575 ], [ 36.9748709, -1.2513482 ], [ 36.9747931, -1.251324 ], [ 36.9747314, -1.2512717 ], [ 36.9747166, -1.2512369 ], [ 36.974671, -1.2512302 ], [ 36.9746482, -1.2512248 ], [ 36.9746134, -1.2512235 ], [ 36.9745906, -1.2512074 ], [ 36.9746107, -1.2511578 ], [ 36.9746952, -1.2511001 ], [ 36.9747676, -1.2511014 ], [ 36.9748601, -1.2510974 ], [ 36.9749755, -1.2511444 ], [ 36.975017, -1.2511014 ], [ 36.975017, -1.2510331 ], [ 36.97484, -1.2509754 ], [ 36.9746469, -1.2509486 ], [ 36.9744256, -1.2508588 ], [ 36.9743693, -1.2506845 ], [ 36.9742566, -1.2505557 ], [ 36.9741493, -1.2505343 ], [ 36.9740689, -1.2504632 ], [ 36.9740193, -1.2503546 ], [ 36.9739602, -1.2502836 ], [ 36.9738999, -1.2501589 ], [ 36.973861, -1.2500235 ], [ 36.9737913, -1.2499444 ], [ 36.9736598, -1.2498934 ], [ 36.9734895, -1.2498425 ], [ 36.9733071, -1.2498197 ], [ 36.9731717, -1.2498451 ], [ 36.9730577, -1.249947 ], [ 36.9730268, -1.2500342 ], [ 36.9730671, -1.2501723 ], [ 36.9731811, -1.2503359 ], [ 36.9733232, -1.2506201 ], [ 36.9734198, -1.250714 ], [ 36.9734788, -1.2508025 ], [ 36.9735646, -1.2509526 ], [ 36.9737416, -1.2512932 ], [ 36.9737698, -1.251383 ], [ 36.9737672, -1.2514769 ], [ 36.9738087, -1.2515721 ], [ 36.973853, -1.2516244 ], [ 36.9738637, -1.251674 ], [ 36.9739294, -1.2517625 ], [ 36.9739844, -1.2517732 ], [ 36.9740286, -1.2518751 ], [ 36.9740622, -1.251989 ], [ 36.9741239, -1.2520159 ], [ 36.9742084, -1.2520118 ], [ 36.9742848, -1.2520038 ], [ 36.9743009, -1.251981 ], [ 36.9743156, -1.2518992 ], [ 36.9743277, -1.2518536 ], [ 36.9743545, -1.2518315 ], [ 36.9744068, -1.2518456 ], [ 36.9744511, -1.2518121 ], [ 36.9744779, -1.2517987 ], [ 36.9744806, -1.2517678 ], [ 36.9744779, -1.2516639 ], [ 36.9745, -1.2516311 ], [ 36.9745544, -1.2515774 ], [ 36.9745772, -1.2515352 ], [ 36.9745986, -1.2515164 ], [ 36.9746154, -1.2515084 ], [ 36.9746194, -1.2514775 ], [ 36.9746422, -1.2514474 ], [ 36.9746657, -1.2514447 ], [ 36.9746918, -1.2514206 ], [ 36.9747133, -1.2514206 ], [ 36.9747367, -1.2514407 ], [ 36.9748494, -1.2515962 ], [ 36.9748682, -1.2517249 ], [ 36.9748172, -1.2519287 ], [ 36.9747555, -1.2519984 ], [ 36.9745839, -1.2520387 ], [ 36.9745409, -1.2520869 ], [ 36.9745597, -1.2521647 ], [ 36.9746429, -1.2522612 ], [ 36.9746241, -1.2523269 ] ] ] } },
{ "type": "Feature", "properties": { "element": "way", "id": 860344839, "natural": "water", "water": null, "name": null, "notes": null, "name:ko": null, "species": null, "height": null, "source": null, "type": null, "name:botanical": null, "landuse:urban_green": null, "operator:description": null, "urban_green:cultivation": null, "urban_green:cultivation_consumer": null, "urban_green:cultivation_sale": null, "urban_green:cultivation_type": null, "urban_green:dimension_sqm": null, "urban_green:fence": null, "urban_green:number_of_caretakers": null, "urban_green:owner_hours_week": null, "watsan:other": null, "watsan:other_description": null, "watsan:water_availability": null, "urban_green:owner_distance": null, "watsan:urban_agriculture": null, "urban_green:cultivation_consumer_description": null, "urban_green:cultivation_supplies_purchase": null, "amenity": null, "denotation": null, "leaf_cycle": null, "leaf_type": null, "ele": null, "wood": null, "description": null, "trees": null, "circumference": null, "fixme": null, "genus": null, "short_name": null, "species:wikidata": null, "species:wikipedia": null, "golf": null, "created_by": null, "security": null, "security:black_spot": null, "security:description": null, "sercurity": null, "basin": null, "intermittent": null, "landuse": null, "reservoir_type": null, "man_made": null, "note": null, "salt": null, "tidal": null, "wetland": null, "leisure": null, "colour": null, "addr:city": null, "addr:housenumber": null, "addr:street": null }, "geometry": { "type": "Polygon", "coordinates": [ [ [ 36.8120436, -1.2872078 ], [ 36.8120194, -1.2873371 ], [ 36.812065, -1.2873472 ], [ 36.8120934, -1.2873124 ], [ 36.8121042, -1.2872287 ], [ 36.8120436, -1.2872078 ] ] ] } },
{ "type": "Feature", "properties": { "element": "way", "id": 871204320, "natural": "water", "water": "river", "name": null, "notes": null, "name:ko": null, "species": null, "height": null, "source": null, "type": null, "name:botanical": null, "landuse:urban_green": null, "operator:description": null, "urban_green:cultivation": null, "urban_green:cultivation_consumer": null, "urban_green:cultivation_sale": null, "urban_green:cultivation_type": null, "urban_green:dimension_sqm": null, "urban_green:fence": null, "urban_green:number_of_caretakers": null, "urban_green:owner_hours_week": null, "watsan:other": null, "watsan:other_description": null, "watsan:water_availability": null, "urban_green:owner_distance": null, "watsan:urban_agriculture": null, "urban_green:cultivation_consumer_description": null, "urban_green:cultivation_supplies_purchase": null, "amenity": null, "denotation": null, "leaf_cycle": null, "leaf_type": null, "ele": null, "wood": null, "description": null, "trees": null, "circumference": null, "fixme": null, "genus": null, "short_name": null, "species:wikidata": null, "species:wikipedia": null, "golf": null, "created_by": null, "security": null, "security:black_spot": null, "security:description": null, "sercurity": null, "basin": null, "intermittent": null, "landuse": null, "reservoir_type": null, "man_made": null, "note": null, "salt": null, "tidal": null, "wetland": null, "leisure": null, "colour": null, "addr:city": null, "addr:housenumber": null, "addr:street": null }, "geometry": { "type": "Polygon", "coordinates": [ [ [ 36.9651453, -1.4439745 ], [ 36.9650538, -1.4438264 ], [ 36.9647614, -1.4438465 ], [ 36.9644985, -1.4439055 ], [ 36.9642196, -1.444002 ], [ 36.9638012, -1.4441521 ], [ 36.9634525, -1.4441575 ], [ 36.9630019, -1.444195 ], [ 36.9625781, -1.4442809 ], [ 36.962283, -1.444431 ], [ 36.9616608, -1.4446967 ], [ 36.9613818, -1.4446723 ], [ 36.9610063, -1.4445704 ], [ 36.9604967, -1.4443613 ], [ 36.9599173, -1.4439108 ], [ 36.9598047, -1.4436856 ], [ 36.9594292, -1.4434228 ], [ 36.9591448, -1.4432512 ], [ 36.9586459, -1.4431255 ], [ 36.9586138, -1.4432166 ], [ 36.9588981, -1.4433346 ], [ 36.9592092, -1.4435998 ], [ 36.9595579, -1.4439055 ], [ 36.9598744, -1.4441575 ], [ 36.9602445, -1.4445543 ], [ 36.9605771, -1.4448707 ], [ 36.9609097, -1.4450155 ], [ 36.9611726, -1.4450692 ], [ 36.9617412, -1.4451335 ], [ 36.962106, -1.4450263 ], [ 36.9624064, -1.4448654 ], [ 36.9626639, -1.4446616 ], [ 36.9630233, -1.4445061 ], [ 36.9633505, -1.4444769 ], [ 36.9635705, -1.4444554 ], [ 36.9638226, -1.4444769 ], [ 36.964123, -1.444434 ], [ 36.9644771, -1.4442058 ], [ 36.9646648, -1.4441736 ], [ 36.9648365, -1.4441736 ], [ 36.9649277, -1.4442111 ], [ 36.9649009, -1.4442969 ], [ 36.9647936, -1.4444042 ], [ 36.9646273, -1.4446455 ], [ 36.9644395, -1.4450155 ], [ 36.9641874, -1.4454821 ], [ 36.9639621, -1.4458521 ], [ 36.9637368, -1.4461578 ], [ 36.9635168, -1.4463562 ], [ 36.9633023, -1.4465546 ], [ 36.9631199, -1.4467852 ], [ 36.9630448, -1.4469729 ], [ 36.9630019, -1.4471124 ], [ 36.963077, -1.4471338 ], [ 36.9632164, -1.4468764 ], [ 36.9633345, -1.4467102 ], [ 36.9638602, -1.4463294 ], [ 36.964123, -1.4460076 ], [ 36.9643322, -1.4456859 ], [ 36.96452, -1.445348 ], [ 36.964697, -1.4449566 ], [ 36.9648633, -1.4446723 ], [ 36.9650672, -1.4444256 ], [ 36.9653032, -1.4443519 ], [ 36.9652345, -1.4441519 ], [ 36.9651453, -1.4439745 ] ] ] } },
{ "type": "Feature", "properties": { "element": "way", "id": 914690694, "natural": "water", "water": "basin", "name": null, "notes": null, "name:ko": null, "species": null, "height": null, "source": null, "type": null, "name:botanical": null, "landuse:urban_green": null, "operator:description": null, "urban_green:cultivation": null, "urban_green:cultivation_consumer": null, "urban_green:cultivation_sale": null, "urban_green:cultivation_type": null, "urban_green:dimension_sqm": null, "urban_green:fence": null, "urban_green:number_of_caretakers": null, "urban_green:owner_hours_week": null, "watsan:other": null, "watsan:other_description": null, "watsan:water_availability": null, "urban_green:owner_distance": null, "watsan:urban_agriculture": null, "urban_green:cultivation_consumer_description": null, "urban_green:cultivation_supplies_purchase": null, "amenity": null, "denotation": null, "leaf_cycle": null, "leaf_type": null, "ele": null, "wood": null, "description": null, "trees": null, "circumference": null, "fixme": null, "genus": null, "short_name": null, "species:wikidata": null, "species:wikipedia": null, "golf": null, "created_by": null, "security": null, "security:black_spot": null, "security:description": null, "sercurity": null, "basin": null, "intermittent": "yes", "landuse": null, "reservoir_type": null, "man_made": null, "note": null, "salt": null, "tidal": null, "wetland": null, "leisure": null, "colour": null, "addr:city": null, "addr:housenumber": null, "addr:street": null }, "geometry": { "type": "Polygon", "coordinates": [ [ [ 37.0304497, -1.2441038 ], [ 37.0309409, -1.2450418 ], [ 37.0316462, -1.2446389 ], [ 37.0312747, -1.2439779 ], [ 37.0311613, -1.2440408 ], [ 37.0311361, -1.2439905 ], [ 37.0312432, -1.2439212 ], [ 37.0311361, -1.243726 ], [ 37.0304497, -1.2441038 ] ] ] } },
{ "type": "Feature", "properties": { "element": "way", "id": 914690695, "natural": "water", "water": "basin", "name": null, "notes": null, "name:ko": null, "species": null, "height": null, "source": null, "type": null, "name:botanical": null, "landuse:urban_green": null, "operator:description": null, "urban_green:cultivation": null, "urban_green:cultivation_consumer": null, "urban_green:cultivation_sale": null, "urban_green:cultivation_type": null, "urban_green:dimension_sqm": null, "urban_green:fence": null, "urban_green:number_of_caretakers": null, "urban_green:owner_hours_week": null, "watsan:other": null, "watsan:other_description": null, "watsan:water_availability": null, "urban_green:owner_distance": null, "watsan:urban_agriculture": null, "urban_green:cultivation_consumer_description": null, "urban_green:cultivation_supplies_purchase": null, "amenity": null, "denotation": null, "leaf_cycle": null, "leaf_type": null, "ele": null, "wood": null, "description": null, "trees": null, "circumference": null, "fixme": null, "genus": null, "short_name": null, "species:wikidata": null, "species:wikipedia": null, "golf": null, "created_by": null, "security": null, "security:black_spot": null, "security:description": null, "sercurity": null, "basin": null, "intermittent": "yes", "landuse": null, "reservoir_type": null, "man_made": null, "note": null, "salt": null, "tidal": null, "wetland": null, "leisure": null, "colour": null, "addr:city": null, "addr:housenumber": null, "addr:street": null }, "geometry": { "type": "Polygon", "coordinates": [ [ [ 37.0296941, -1.2445256 ], [ 37.0301853, -1.2454636 ], [ 37.0308905, -1.2450607 ], [ 37.030519, -1.2443997 ], [ 37.0304057, -1.2444626 ], [ 37.0303805, -1.2444123 ], [ 37.0304875, -1.244343 ], [ 37.0303805, -1.2441478 ], [ 37.0296941, -1.2445256 ] ] ] } },
{ "type": "Feature", "properties": { "element": "way", "id": 914690696, "natural": "water", "water": "basin", "name": null, "notes": null, "name:ko": null, "species": null, "height": null, "source": null, "type": null, "name:botanical": null, "landuse:urban_green": null, "operator:description": null, "urban_green:cultivation": null, "urban_green:cultivation_consumer": null, "urban_green:cultivation_sale": null, "urban_green:cultivation_type": null, "urban_green:dimension_sqm": null, "urban_green:fence": null, "urban_green:number_of_caretakers": null, "urban_green:owner_hours_week": null, "watsan:other": null, "watsan:other_description": null, "watsan:water_availability": null, "urban_green:owner_distance": null, "watsan:urban_agriculture": null, "urban_green:cultivation_consumer_description": null, "urban_green:cultivation_supplies_purchase": null, "amenity": null, "denotation": null, "leaf_cycle": null, "leaf_type": null, "ele": null, "wood": null, "description": null, "trees": null, "circumference": null, "fixme": null, "genus": null, "short_name": null, "species:wikidata": null, "species:wikipedia": null, "golf": null, "created_by": null, "security": null, "security:black_spot": null, "security:description": null, "sercurity": null, "basin": null, "intermittent": "yes", "landuse": null, "reservoir_type": null, "man_made": null, "note": null, "salt": null, "tidal": null, "wetland": null, "leisure": null, "colour": null, "addr:city": null, "addr:housenumber": null, "addr:street": null }, "geometry": { "type": "Polygon", "coordinates": [ [ [ 37.0289636, -1.2449411 ], [ 37.0294548, -1.2458791 ], [ 37.0301601, -1.2454762 ], [ 37.0297885, -1.2448152 ], [ 37.0296752, -1.2448781 ], [ 37.02965, -1.2448278 ], [ 37.0297571, -1.2447585 ], [ 37.02965, -1.2445634 ], [ 37.0289636, -1.2449411 ] ] ] } },
{ "type": "Feature", "properties": { "element": "way", "id": 914690697, "natural": "water", "water": "basin", "name": null, "notes": null, "name:ko": null, "species": null, "height": null, "source": null, "type": null, "name:botanical": null, "landuse:urban_green": null, "operator:description": null, "urban_green:cultivation": null, "urban_green:cultivation_consumer": null, "urban_green:cultivation_sale": null, "urban_green:cultivation_type": null, "urban_green:dimension_sqm": null, "urban_green:fence": null, "urban_green:number_of_caretakers": null, "urban_green:owner_hours_week": null, "watsan:other": null, "watsan:other_description": null, "watsan:water_availability": null, "urban_green:owner_distance": null, "watsan:urban_agriculture": null, "urban_green:cultivation_consumer_description": null, "urban_green:cultivation_supplies_purchase": null, "amenity": null, "denotation": null, "leaf_cycle": null, "leaf_type": null, "ele": null, "wood": null, "description": null, "trees": null, "circumference": null, "fixme": null, "genus": null, "short_name": null, "species:wikidata": null, "species:wikipedia": null, "golf": null, "created_by": null, "security": null, "security:black_spot": null, "security:description": null, "sercurity": null, "basin": null, "intermittent": "yes", "landuse": null, "reservoir_type": null, "man_made": null, "note": null, "salt": null, "tidal": null, "wetland": null, "leisure": null, "colour": null, "addr:city": null, "addr:housenumber": null, "addr:street": null }, "geometry": { "type": "Polygon", "coordinates": [ [ [ 37.0255002, -1.2468676 ], [ 37.0259914, -1.2478056 ], [ 37.0266967, -1.2474027 ], [ 37.0263251, -1.2467416 ], [ 37.0262118, -1.2468046 ], [ 37.0261866, -1.2467542 ], [ 37.0262936, -1.246685 ], [ 37.0261866, -1.2464898 ], [ 37.0255002, -1.2468676 ] ] ] } },
{ "type": "Feature", "properties": { "element": "way", "id": 914690698, "natural": "water", "water": "basin", "name": null, "notes": null, "name:ko": null, "species": null, "height": null, "source": null, "type": null, "name:botanical": null, "landuse:urban_green": null, "operator:description": null, "urban_green:cultivation": null, "urban_green:cultivation_consumer": null, "urban_green:cultivation_sale": null, "urban_green:cultivation_type": null, "urban_green:dimension_sqm": null, "urban_green:fence": null, "urban_green:number_of_caretakers": null, "urban_green:owner_hours_week": null, "watsan:other": null, "watsan:other_description": null, "watsan:water_availability": null, "urban_green:owner_distance": null, "watsan:urban_agriculture": null, "urban_green:cultivation_consumer_description": null, "urban_green:cultivation_supplies_purchase": null, "amenity": null, "denotation": null, "leaf_cycle": null, "leaf_type": null, "ele": null, "wood": null, "description": null, "trees": null, "circumference": null, "fixme": null, "genus": null, "short_name": null, "species:wikidata": null, "species:wikipedia": null, "golf": null, "created_by": null, "security": null, "security:black_spot": null, "security:description": null, "sercurity": null, "basin": null, "intermittent": "yes", "landuse": null, "reservoir_type": null, "man_made": null, "note": null, "salt": null, "tidal": null, "wetland": null, "leisure": null, "colour": null, "addr:city": null, "addr:housenumber": null, "addr:street": null }, "geometry": { "type": "Polygon", "coordinates": [ [ [ 37.0247634, -1.2472768 ], [ 37.0252546, -1.2482148 ], [ 37.0259599, -1.2478119 ], [ 37.0255884, -1.2471509 ], [ 37.025475, -1.2472138 ], [ 37.0254498, -1.2471634 ], [ 37.0255569, -1.2470942 ], [ 37.0254498, -1.246899 ], [ 37.0247634, -1.2472768 ] ] ] } },
{ "type": "Feature", "properties": { "element": "way", "id": 914690699, "natural": "water", "water": "basin", "name": null, "notes": null, "name:ko": null, "species": null, "height": null, "source": null, "type": null, "name:botanical": null, "landuse:urban_green": null, "operator:description": null, "urban_green:cultivation": null, "urban_green:cultivation_consumer": null, "urban_green:cultivation_sale": null, "urban_green:cultivation_type": null, "urban_green:dimension_sqm": null, "urban_green:fence": null, "urban_green:number_of_caretakers": null, "urban_green:owner_hours_week": null, "watsan:other": null, "watsan:other_description": null, "watsan:water_availability": null, "urban_green:owner_distance": null, "watsan:urban_agriculture": null, "urban_green:cultivation_consumer_description": null, "urban_green:cultivation_supplies_purchase": null, "amenity": null, "denotation": null, "leaf_cycle": null, "leaf_type": null, "ele": null, "wood": null, "description": null, "trees": null, "circumference": null, "fixme": null, "genus": null, "short_name": null, "species:wikidata": null, "species:wikipedia": null, "golf": null, "created_by": null, "security": null, "security:black_spot": null, "security:description": null, "sercurity": null, "basin": null, "intermittent": "yes", "landuse": null, "reservoir_type": null, "man_made": null, "note": null, "salt": null, "tidal": null, "wetland": null, "leisure": null, "colour": null, "addr:city": null, "addr:housenumber": null, "addr:street": null }, "geometry": { "type": "Polygon", "coordinates": [ [ [ 37.0240204, -1.2476986 ], [ 37.0245116, -1.2486366 ], [ 37.0252168, -1.2482337 ], [ 37.0248453, -1.2475727 ], [ 37.024732, -1.2476356 ], [ 37.0247068, -1.2475853 ], [ 37.0248138, -1.247516 ], [ 37.0247068, -1.2473208 ], [ 37.0240204, -1.2476986 ] ] ] } },
{ "type": "Feature", "properties": { "element": "way", "id": 914690700, "natural": "water", "water": "basin", "name": null, "notes": null, "name:ko": null, "species": null, "height": null, "source": null, "type": null, "name:botanical": null, "landuse:urban_green": null, "operator:description": null, "urban_green:cultivation": null, "urban_green:cultivation_consumer": null, "urban_green:cultivation_sale": null, "urban_green:cultivation_type": null, "urban_green:dimension_sqm": null, "urban_green:fence": null, "urban_green:number_of_caretakers": null, "urban_green:owner_hours_week": null, "watsan:other": null, "watsan:other_description": null, "watsan:water_availability": null, "urban_green:owner_distance": null, "watsan:urban_agriculture": null, "urban_green:cultivation_consumer_description": null, "urban_green:cultivation_supplies_purchase": null, "amenity": null, "denotation": null, "leaf_cycle": null, "leaf_type": null, "ele": null, "wood": null, "description": null, "trees": null, "circumference": null, "fixme": null, "genus": null, "short_name": null, "species:wikidata": null, "species:wikipedia": null, "golf": null, "created_by": null, "security": null, "security:black_spot": null, "security:description": null, "sercurity": null, "basin": null, "intermittent": "yes", "landuse": null, "reservoir_type": null, "man_made": null, "note": null, "salt": null, "tidal": null, "wetland": null, "leisure": null, "colour": null, "addr:city": null, "addr:housenumber": null, "addr:street": null }, "geometry": { "type": "Polygon", "coordinates": [ [ [ 37.0287472, -1.2450642 ], [ 37.0292886, -1.2459742 ], [ 37.0285756, -1.2463633 ], [ 37.0282074, -1.2457004 ], [ 37.0283205, -1.2456369 ], [ 37.0282908, -1.2455891 ], [ 37.0281757, -1.2456439 ], [ 37.0280656, -1.2454505 ], [ 37.0287472, -1.2450642 ] ] ] } },
{ "type": "Feature", "properties": { "element": "way", "id": 914690701, "natural": "water", "water": "basin", "name": null, "notes": null, "name:ko": null, "species": null, "height": null, "source": null, "type": null, "name:botanical": null, "landuse:urban_green": null, "operator:description": null, "urban_green:cultivation": null, "urban_green:cultivation_consumer": null, "urban_green:cultivation_sale": null, "urban_green:cultivation_type": null, "urban_green:dimension_sqm": null, "urban_green:fence": null, "urban_green:number_of_caretakers": null, "urban_green:owner_hours_week": null, "watsan:other": null, "watsan:other_description": null, "watsan:water_availability": null, "urban_green:owner_distance": null, "watsan:urban_agriculture": null, "urban_green:cultivation_consumer_description": null, "urban_green:cultivation_supplies_purchase": null, "amenity": null, "denotation": null, "leaf_cycle": null, "leaf_type": null, "ele": null, "wood": null, "description": null, "trees": null, "circumference": null, "fixme": null, "genus": null, "short_name": null, "species:wikidata": null, "species:wikipedia": null, "golf": null, "created_by": null, "security": null, "security:black_spot": null, "security:description": null, "sercurity": null, "basin": null, "intermittent": "yes", "landuse": null, "reservoir_type": null, "man_made": null, "note": null, "salt": null, "tidal": null, "wetland": null, "leisure": null, "colour": null, "addr:city": null, "addr:housenumber": null, "addr:street": null }, "geometry": { "type": "Polygon", "coordinates": [ [ [ 37.028023, -1.2454608 ], [ 37.028533, -1.2463897 ], [ 37.02782, -1.2467788 ], [ 37.0274518, -1.2461159 ], [ 37.0275648, -1.2460525 ], [ 37.0275351, -1.2460046 ], [ 37.02742, -1.2460594 ], [ 37.0273099, -1.245866 ], [ 37.028023, -1.2454608 ] ] ] } },
{ "type": "Feature", "properties": { "element": "way", "id": 914690702, "natural": "water", "water": "basin", "name": null, "notes": null, "name:ko": null, "species": null, "height": null, "source": null, "type": null, "name:botanical": null, "landuse:urban_green": null, "operator:description": null, "urban_green:cultivation": null, "urban_green:cultivation_consumer": null, "urban_green:cultivation_sale": null, "urban_green:cultivation_type": null, "urban_green:dimension_sqm": null, "urban_green:fence": null, "urban_green:number_of_caretakers": null, "urban_green:owner_hours_week": null, "watsan:other": null, "watsan:other_description": null, "watsan:water_availability": null, "urban_green:owner_distance": null, "watsan:urban_agriculture": null, "urban_green:cultivation_consumer_description": null, "urban_green:cultivation_supplies_purchase": null, "amenity": null, "denotation": null, "leaf_cycle": null, "leaf_type": null, "ele": null, "wood": null, "description": null, "trees": null, "circumference": null, "fixme": null, "genus": null, "short_name": null, "species:wikidata": null, "species:wikipedia": null, "golf": null, "created_by": null, "security": null, "security:black_spot": null, "security:description": null, "sercurity": null, "basin": null, "intermittent": "yes", "landuse": null, "reservoir_type": null, "man_made": null, "note": null, "salt": null, "tidal": null, "wetland": null, "leisure": null, "colour": null, "addr:city": null, "addr:housenumber": null, "addr:street": null }, "geometry": { "type": "Polygon", "coordinates": [ [ [ 37.0272737, -1.2458826 ], [ 37.027771, -1.2468115 ], [ 37.0271021, -1.2471817 ], [ 37.0267339, -1.2465189 ], [ 37.026847, -1.2464554 ], [ 37.0268173, -1.2464075 ], [ 37.0267022, -1.2464623 ], [ 37.0265921, -1.2462689 ], [ 37.0272737, -1.2458826 ] ] ] } },
{ "type": "Feature", "properties": { "element": "way", "id": 915069348, "natural": "water", "water": "pond", "name": null, "notes": null, "name:ko": null, "species": null, "height": null, "source": null, "type": null, "name:botanical": null, "landuse:urban_green": null, "operator:description": null, "urban_green:cultivation": null, "urban_green:cultivation_consumer": null, "urban_green:cultivation_sale": null, "urban_green:cultivation_type": null, "urban_green:dimension_sqm": null, "urban_green:fence": null, "urban_green:number_of_caretakers": null, "urban_green:owner_hours_week": null, "watsan:other": null, "watsan:other_description": null, "watsan:water_availability": null, "urban_green:owner_distance": null, "watsan:urban_agriculture": null, "urban_green:cultivation_consumer_description": null, "urban_green:cultivation_supplies_purchase": null, "amenity": null, "denotation": null, "leaf_cycle": null, "leaf_type": null, "ele": null, "wood": null, "description": null, "trees": null, "circumference": null, "fixme": null, "genus": null, "short_name": null, "species:wikidata": null, "species:wikipedia": null, "golf": null, "created_by": null, "security": null, "security:black_spot": null, "security:description": null, "sercurity": null, "basin": null, "intermittent": null, "landuse": null, "reservoir_type": null, "man_made": null, "note": null, "salt": null, "tidal": null, "wetland": null, "leisure": null, "colour": null, "addr:city": null, "addr:housenumber": null, "addr:street": null }, "geometry": { "type": "Polygon", "coordinates": [ [ [ 37.0396409, -1.2321705 ], [ 37.0395367, -1.2322495 ], [ 37.0394787, -1.2323629 ], [ 37.0394858, -1.232462 ], [ 37.0395991, -1.2325463 ], [ 37.0396936, -1.2325871 ], [ 37.0397383, -1.232671 ], [ 37.0398197, -1.232699 ], [ 37.0398577, -1.2326493 ], [ 37.0398574, -1.2325674 ], [ 37.0398331, -1.2324856 ], [ 37.0399151, -1.2324554 ], [ 37.0399743, -1.2324585 ], [ 37.0400462, -1.2324955 ], [ 37.0401077, -1.2324684 ], [ 37.0401106, -1.2323942 ], [ 37.039958, -1.2322877 ], [ 37.0398434, -1.2322242 ], [ 37.0397358, -1.2321778 ], [ 37.0396409, -1.2321705 ] ] ] } },
{ "type": "Feature", "properties": { "element": "way", "id": 915069349, "natural": "water", "water": "pond", "name": null, "notes": null, "name:ko": null, "species": null, "height": null, "source": null, "type": null, "name:botanical": null, "landuse:urban_green": null, "operator:description": null, "urban_green:cultivation": null, "urban_green:cultivation_consumer": null, "urban_green:cultivation_sale": null, "urban_green:cultivation_type": null, "urban_green:dimension_sqm": null, "urban_green:fence": null, "urban_green:number_of_caretakers": null, "urban_green:owner_hours_week": null, "watsan:other": null, "watsan:other_description": null, "watsan:water_availability": null, "urban_green:owner_distance": null, "watsan:urban_agriculture": null, "urban_green:cultivation_consumer_description": null, "urban_green:cultivation_supplies_purchase": null, "amenity": null, "denotation": null, "leaf_cycle": null, "leaf_type": null, "ele": null, "wood": null, "description": null, "trees": null, "circumference": null, "fixme": null, "genus": null, "short_name": null, "species:wikidata": null, "species:wikipedia": null, "golf": null, "created_by": null, "security": null, "security:black_spot": null, "security:description": null, "sercurity": null, "basin": null, "intermittent": null, "landuse": null, "reservoir_type": null, "man_made": null, "note": null, "salt": null, "tidal": null, "wetland": null, "leisure": null, "colour": null, "addr:city": null, "addr:housenumber": null, "addr:street": null }, "geometry": { "type": "Polygon", "coordinates": [ [ [ 37.0418153, -1.2318614 ], [ 37.0417161, -1.2318221 ], [ 37.0416705, -1.2318329 ], [ 37.0416714, -1.2318716 ], [ 37.0417041, -1.2318963 ], [ 37.0416888, -1.2319353 ], [ 37.0416449, -1.231953 ], [ 37.0416216, -1.2319772 ], [ 37.041631, -1.2320467 ], [ 37.0416673, -1.2320919 ], [ 37.0417104, -1.2321037 ], [ 37.041742, -1.232138 ], [ 37.0417935, -1.2321709 ], [ 37.0418444, -1.2321633 ], [ 37.0419007, -1.2321595 ], [ 37.0419856, -1.2321585 ], [ 37.042059, -1.2321564 ], [ 37.042072, -1.2321216 ], [ 37.0420834, -1.2320701 ], [ 37.0421297, -1.2320307 ], [ 37.0421895, -1.2320339 ], [ 37.0422221, -1.2319976 ], [ 37.0422376, -1.2319477 ], [ 37.0422257, -1.2318828 ], [ 37.042186, -1.2318395 ], [ 37.0420525, -1.2318296 ], [ 37.0419964, -1.2318111 ], [ 37.0419574, -1.2318039 ], [ 37.0419326, -1.2317821 ], [ 37.041903, -1.2317532 ], [ 37.0418748, -1.2317702 ], [ 37.0418564, -1.2318141 ], [ 37.0418153, -1.2318614 ] ] ] } },
{ "type": "Feature", "properties": { "element": "way", "id": 963923386, "natural": "water", "water": null, "name": null, "notes": null, "name:ko": null, "species": null, "height": null, "source": null, "type": null, "name:botanical": null, "landuse:urban_green": null, "operator:description": null, "urban_green:cultivation": null, "urban_green:cultivation_consumer": null, "urban_green:cultivation_sale": null, "urban_green:cultivation_type": null, "urban_green:dimension_sqm": null, "urban_green:fence": null, "urban_green:number_of_caretakers": null, "urban_green:owner_hours_week": null, "watsan:other": null, "watsan:other_description": null, "watsan:water_availability": null, "urban_green:owner_distance": null, "watsan:urban_agriculture": null, "urban_green:cultivation_consumer_description": null, "urban_green:cultivation_supplies_purchase": null, "amenity": null, "denotation": null, "leaf_cycle": null, "leaf_type": null, "ele": null, "wood": null, "description": null, "trees": null, "circumference": null, "fixme": null, "genus": null, "short_name": null, "species:wikidata": null, "species:wikipedia": null, "golf": null, "created_by": null, "security": null, "security:black_spot": null, "security:description": null, "sercurity": null, "basin": null, "intermittent": null, "landuse": null, "reservoir_type": null, "man_made": null, "note": null, "salt": null, "tidal": null, "wetland": null, "leisure": null, "colour": null, "addr:city": null, "addr:housenumber": null, "addr:street": null }, "geometry": { "type": "Polygon", "coordinates": [ [ [ 36.7954339, -1.2115053 ], [ 36.7954266, -1.2114877 ], [ 36.7954256, -1.2114688 ], [ 36.7954307, -1.2114505 ], [ 36.7954416, -1.2114349 ], [ 36.795457, -1.2114237 ], [ 36.7954751, -1.2114182 ], [ 36.7954941, -1.2114188 ], [ 36.7955118, -1.2114257 ], [ 36.7955262, -1.2114378 ], [ 36.7955359, -1.2114539 ], [ 36.7955398, -1.2114723 ], [ 36.7955376, -1.2114909 ], [ 36.7955295, -1.2115079 ], [ 36.7955164, -1.2115213 ], [ 36.7954996, -1.2115297 ], [ 36.795481, -1.2115323 ], [ 36.7954626, -1.2115287 ], [ 36.7954463, -1.2115194 ], [ 36.7954339, -1.2115053 ] ] ] } },
{ "type": "Feature", "properties": { "element": "way", "id": 963923387, "natural": "water", "water": "lake", "name": "Two Rivers Lake", "notes": null, "name:ko": null, "species": null, "height": null, "source": null, "type": null, "name:botanical": null, "landuse:urban_green": null, "operator:description": null, "urban_green:cultivation": null, "urban_green:cultivation_consumer": null, "urban_green:cultivation_sale": null, "urban_green:cultivation_type": null, "urban_green:dimension_sqm": null, "urban_green:fence": null, "urban_green:number_of_caretakers": null, "urban_green:owner_hours_week": null, "watsan:other": null, "watsan:other_description": null, "watsan:water_availability": null, "urban_green:owner_distance": null, "watsan:urban_agriculture": null, "urban_green:cultivation_consumer_description": null, "urban_green:cultivation_supplies_purchase": null, "amenity": null, "denotation": null, "leaf_cycle": null, "leaf_type": null, "ele": null, "wood": null, "description": null, "trees": null, "circumference": null, "fixme": null, "genus": null, "short_name": null, "species:wikidata": null, "species:wikipedia": null, "golf": null, "created_by": null, "security": null, "security:black_spot": null, "security:description": null, "sercurity": null, "basin": null, "intermittent": null, "landuse": null, "reservoir_type": null, "man_made": null, "note": null, "salt": null, "tidal": null, "wetland": null, "leisure": null, "colour": null, "addr:city": null, "addr:housenumber": null, "addr:street": null }, "geometry": { "type": "Polygon", "coordinates": [ [ [ 36.7958773, -1.2095733 ], [ 36.7958484, -1.2095175 ], [ 36.7958131, -1.2094682 ], [ 36.795804, -1.2094514 ], [ 36.7957413, -1.209415 ], [ 36.7956907, -1.2093826 ], [ 36.7957838, -1.2091884 ], [ 36.7958323, -1.2092066 ], [ 36.7959234, -1.2092714 ], [ 36.7959901, -1.2093563 ], [ 36.7960002, -1.2093866 ], [ 36.7960124, -1.2094231 ], [ 36.7960245, -1.2095019 ], [ 36.7960427, -1.2095788 ], [ 36.7960366, -1.2096354 ], [ 36.7960205, -1.2096981 ], [ 36.7960164, -1.2097366 ], [ 36.7960124, -1.209773 ], [ 36.7960144, -1.2098276 ], [ 36.7960245, -1.2098619 ], [ 36.7960629, -1.2099287 ], [ 36.7960973, -1.2099732 ], [ 36.7961479, -1.2100399 ], [ 36.7961843, -1.2100682 ], [ 36.7962511, -1.2101127 ], [ 36.796328, -1.2102098 ], [ 36.7963583, -1.2102786 ], [ 36.7964008, -1.2103817 ], [ 36.7964089, -1.2104768 ], [ 36.7964149, -1.2105355 ], [ 36.7964352, -1.2106042 ], [ 36.7964675, -1.2106932 ], [ 36.7965141, -1.210764 ], [ 36.7966294, -1.2108894 ], [ 36.7966617, -1.2109096 ], [ 36.7967042, -1.2109501 ], [ 36.796775, -1.2110209 ], [ 36.7968438, -1.2111078 ], [ 36.7969086, -1.2111806 ], [ 36.7969692, -1.2112615 ], [ 36.7970077, -1.2113344 ], [ 36.7970562, -1.2114132 ], [ 36.7970805, -1.2114517 ], [ 36.797125, -1.2115103 ], [ 36.7970724, -1.2115649 ], [ 36.7970259, -1.2116054 ], [ 36.7969794, -1.2116398 ], [ 36.7969571, -1.2116519 ], [ 36.7969389, -1.2116317 ], [ 36.7969207, -1.2115993 ], [ 36.7968903, -1.2115447 ], [ 36.7968519, -1.2114699 ], [ 36.7968297, -1.2114213 ], [ 36.7968115, -1.2113667 ], [ 36.7967912, -1.2113283 ], [ 36.7967548, -1.2112696 ], [ 36.7967326, -1.2112231 ], [ 36.796688, -1.2111786 ], [ 36.7966537, -1.2111099 ], [ 36.7966294, -1.2110431 ], [ 36.7966253, -1.2109683 ], [ 36.7966011, -1.2109258 ], [ 36.7965242, -1.2108854 ], [ 36.7964554, -1.2108469 ], [ 36.7963947, -1.2108247 ], [ 36.7963623, -1.2108065 ], [ 36.7963138, -1.2107883 ], [ 36.7962875, -1.210762 ], [ 36.7962652, -1.2107296 ], [ 36.796243, -1.2107074 ], [ 36.7962248, -1.2106689 ], [ 36.7962207, -1.2106285 ], [ 36.7962228, -1.2105759 ], [ 36.7962288, -1.2105557 ], [ 36.7962349, -1.2105193 ], [ 36.7962531, -1.2104849 ], [ 36.7962652, -1.2104323 ], [ 36.7962632, -1.2103817 ], [ 36.7962612, -1.2103352 ], [ 36.796247, -1.2102948 ], [ 36.7962147, -1.210226 ], [ 36.7961863, -1.2101856 ], [ 36.7961257, -1.210137 ], [ 36.7961014, -1.2101148 ], [ 36.7960549, -1.2100844 ], [ 36.7960409, -1.2100705 ], [ 36.7960083, -1.2100379 ], [ 36.7959739, -1.2099975 ], [ 36.7959456, -1.2099267 ], [ 36.7959416, -1.2098721 ], [ 36.7959335, -1.2097992 ], [ 36.7959274, -1.2097305 ], [ 36.7959132, -1.2096799 ], [ 36.795895, -1.2096273 ], [ 36.7958773, -1.2095733 ] ] ] } },
{ "type": "Feature", "properties": { "element": "way", "id": 963925213, "natural": "water", "water": null, "name": null, "notes": null, "name:ko": null, "species": null, "height": null, "source": null, "type": null, "name:botanical": null, "landuse:urban_green": null, "operator:description": null, "urban_green:cultivation": null, "urban_green:cultivation_consumer": null, "urban_green:cultivation_sale": null, "urban_green:cultivation_type": null, "urban_green:dimension_sqm": null, "urban_green:fence": null, "urban_green:number_of_caretakers": null, "urban_green:owner_hours_week": null, "watsan:other": null, "watsan:other_description": null, "watsan:water_availability": null, "urban_green:owner_distance": null, "watsan:urban_agriculture": null, "urban_green:cultivation_consumer_description": null, "urban_green:cultivation_supplies_purchase": null, "amenity": null, "denotation": null, "leaf_cycle": null, "leaf_type": null, "ele": null, "wood": null, "description": null, "trees": null, "circumference": null, "fixme": null, "genus": null, "short_name": null, "species:wikidata": null, "species:wikipedia": null, "golf": null, "created_by": null, "security": null, "security:black_spot": null, "security:description": null, "sercurity": null, "basin": null, "intermittent": null, "landuse": null, "reservoir_type": null, "man_made": null, "note": null, "salt": null, "tidal": null, "wetland": null, "leisure": null, "colour": null, "addr:city": null, "addr:housenumber": null, "addr:street": null }, "geometry": { "type": "Polygon", "coordinates": [ [ [ 36.7960995, -1.2094479 ], [ 36.7960896, -1.2095048 ], [ 36.7960896, -1.2095221 ], [ 36.7961069, -1.2095431 ], [ 36.7962516, -1.2096173 ], [ 36.7964136, -1.2092884 ], [ 36.7964384, -1.2091907 ], [ 36.7964347, -1.2091648 ], [ 36.7964124, -1.20914 ], [ 36.7963889, -1.2091264 ], [ 36.7963592, -1.209119 ], [ 36.7963283, -1.2091153 ], [ 36.7963023, -1.2091203 ], [ 36.7962677, -1.2091413 ], [ 36.7962541, -1.2091648 ], [ 36.7962405, -1.2091858 ], [ 36.7962343, -1.2092266 ], [ 36.7962331, -1.20926 ], [ 36.796217, -1.2092946 ], [ 36.7961824, -1.2092785 ], [ 36.7960995, -1.2094479 ] ] ] } },
{ "type": "Feature", "properties": { "element": "way", "id": 980734891, "natural": "water", "water": null, "name": null, "notes": null, "name:ko": null, "species": null, "height": null, "source": null, "type": null, "name:botanical": null, "landuse:urban_green": null, "operator:description": null, "urban_green:cultivation": null, "urban_green:cultivation_consumer": null, "urban_green:cultivation_sale": null, "urban_green:cultivation_type": null, "urban_green:dimension_sqm": null, "urban_green:fence": null, "urban_green:number_of_caretakers": null, "urban_green:owner_hours_week": null, "watsan:other": null, "watsan:other_description": null, "watsan:water_availability": null, "urban_green:owner_distance": null, "watsan:urban_agriculture": null, "urban_green:cultivation_consumer_description": null, "urban_green:cultivation_supplies_purchase": null, "amenity": null, "denotation": null, "leaf_cycle": null, "leaf_type": null, "ele": null, "wood": null, "description": null, "trees": null, "circumference": null, "fixme": null, "genus": null, "short_name": null, "species:wikidata": null, "species:wikipedia": null, "golf": null, "created_by": null, "security": null, "security:black_spot": null, "security:description": null, "sercurity": null, "basin": null, "intermittent": null, "landuse": null, "reservoir_type": null, "man_made": null, "note": null, "salt": null, "tidal": null, "wetland": null, "leisure": null, "colour": null, "addr:city": null, "addr:housenumber": null, "addr:street": null }, "geometry": { "type": "Polygon", "coordinates": [ [ [ 36.8924251, -1.3505227 ], [ 36.8924922, -1.3527081 ], [ 36.8928972, -1.3527108 ], [ 36.8929294, -1.3518152 ], [ 36.8929321, -1.3511529 ], [ 36.8929133, -1.3509491 ], [ 36.8928623, -1.3507748 ], [ 36.8927953, -1.3506327 ], [ 36.8927175, -1.350512 ], [ 36.8924949, -1.3505093 ], [ 36.8924251, -1.3505227 ] ] ] } },
{ "type": "Feature", "properties": { "element": "way", "id": 1039136404, "natural": "water", "water": "pond", "name": null, "notes": null, "name:ko": null, "species": null, "height": null, "source": null, "type": null, "name:botanical": null, "landuse:urban_green": null, "operator:description": null, "urban_green:cultivation": null, "urban_green:cultivation_consumer": null, "urban_green:cultivation_sale": null, "urban_green:cultivation_type": null, "urban_green:dimension_sqm": null, "urban_green:fence": null, "urban_green:number_of_caretakers": null, "urban_green:owner_hours_week": null, "watsan:other": null, "watsan:other_description": null, "watsan:water_availability": null, "urban_green:owner_distance": null, "watsan:urban_agriculture": null, "urban_green:cultivation_consumer_description": null, "urban_green:cultivation_supplies_purchase": null, "amenity": null, "denotation": null, "leaf_cycle": null, "leaf_type": null, "ele": null, "wood": null, "description": null, "trees": null, "circumference": null, "fixme": null, "genus": null, "short_name": null, "species:wikidata": null, "species:wikipedia": null, "golf": null, "created_by": null, "security": null, "security:black_spot": null, "security:description": null, "sercurity": null, "basin": null, "intermittent": null, "landuse": null, "reservoir_type": null, "man_made": null, "note": null, "salt": null, "tidal": null, "wetland": null, "leisure": null, "colour": null, "addr:city": null, "addr:housenumber": null, "addr:street": null }, "geometry": { "type": "Polygon", "coordinates": [ [ [ 36.8463166, -1.2258148 ], [ 36.8463622, -1.225788 ], [ 36.8463622, -1.2258121 ], [ 36.8463998, -1.2258094 ], [ 36.8464011, -1.2258497 ], [ 36.8463609, -1.2258644 ], [ 36.8463233, -1.225851 ], [ 36.8463166, -1.2258148 ] ] ] } },
{ "type": "Feature", "properties": { "element": "way", "id": 1060547283, "natural": "water", "water": "wastewater", "name": null, "notes": null, "name:ko": null, "species": null, "height": null, "source": null, "type": null, "name:botanical": null, "landuse:urban_green": null, "operator:description": null, "urban_green:cultivation": null, "urban_green:cultivation_consumer": null, "urban_green:cultivation_sale": null, "urban_green:cultivation_type": null, "urban_green:dimension_sqm": null, "urban_green:fence": null, "urban_green:number_of_caretakers": null, "urban_green:owner_hours_week": null, "watsan:other": null, "watsan:other_description": null, "watsan:water_availability": null, "urban_green:owner_distance": null, "watsan:urban_agriculture": null, "urban_green:cultivation_consumer_description": null, "urban_green:cultivation_supplies_purchase": null, "amenity": null, "denotation": null, "leaf_cycle": null, "leaf_type": null, "ele": null, "wood": null, "description": null, "trees": null, "circumference": null, "fixme": null, "genus": null, "short_name": null, "species:wikidata": null, "species:wikipedia": null, "golf": null, "created_by": null, "security": null, "security:black_spot": null, "security:description": null, "sercurity": null, "basin": null, "intermittent": "no", "landuse": null, "reservoir_type": null, "man_made": null, "note": null, "salt": null, "tidal": null, "wetland": null, "leisure": null, "colour": null, "addr:city": null, "addr:housenumber": null, "addr:street": null }, "geometry": { "type": "Polygon", "coordinates": [ [ [ 36.721505, -1.270682 ], [ 36.7211712, -1.2705512 ], [ 36.7212375, -1.2703822 ], [ 36.7215713, -1.270513 ], [ 36.721505, -1.270682 ] ] ] } },
{ "type": "Feature", "properties": { "element": "way", "id": 1060547284, "natural": "water", "water": "wastewater", "name": null, "notes": null, "name:ko": null, "species": null, "height": null, "source": null, "type": null, "name:botanical": null, "landuse:urban_green": null, "operator:description": null, "urban_green:cultivation": null, "urban_green:cultivation_consumer": null, "urban_green:cultivation_sale": null, "urban_green:cultivation_type": null, "urban_green:dimension_sqm": null, "urban_green:fence": null, "urban_green:number_of_caretakers": null, "urban_green:owner_hours_week": null, "watsan:other": null, "watsan:other_description": null, "watsan:water_availability": null, "urban_green:owner_distance": null, "watsan:urban_agriculture": null, "urban_green:cultivation_consumer_description": null, "urban_green:cultivation_supplies_purchase": null, "amenity": null, "denotation": null, "leaf_cycle": null, "leaf_type": null, "ele": null, "wood": null, "description": null, "trees": null, "circumference": null, "fixme": null, "genus": null, "short_name": null, "species:wikidata": null, "species:wikipedia": null, "golf": null, "created_by": null, "security": null, "security:black_spot": null, "security:description": null, "sercurity": null, "basin": null, "intermittent": "no", "landuse": null, "reservoir_type": null, "man_made": null, "note": null, "salt": null, "tidal": null, "wetland": null, "leisure": null, "colour": null, "addr:city": null, "addr:housenumber": null, "addr:street": null }, "geometry": { "type": "Polygon", "coordinates": [ [ [ 36.7210137, -1.2704887 ], [ 36.7207231, -1.2703773 ], [ 36.7207685, -1.270259 ], [ 36.7210591, -1.2703704 ], [ 36.7210137, -1.2704887 ] ] ] } },
{ "type": "Feature", "properties": { "element": "way", "id": 1061145119, "natural": "water", "water": "wastewater", "name": null, "notes": null, "name:ko": null, "species": null, "height": null, "source": null, "type": null, "name:botanical": null, "landuse:urban_green": null, "operator:description": null, "urban_green:cultivation": null, "urban_green:cultivation_consumer": null, "urban_green:cultivation_sale": null, "urban_green:cultivation_type": null, "urban_green:dimension_sqm": null, "urban_green:fence": null, "urban_green:number_of_caretakers": null, "urban_green:owner_hours_week": null, "watsan:other": null, "watsan:other_description": null, "watsan:water_availability": null, "urban_green:owner_distance": null, "watsan:urban_agriculture": null, "urban_green:cultivation_consumer_description": null, "urban_green:cultivation_supplies_purchase": null, "amenity": null, "denotation": null, "leaf_cycle": null, "leaf_type": null, "ele": null, "wood": null, "description": null, "trees": null, "circumference": null, "fixme": null, "genus": null, "short_name": null, "species:wikidata": null, "species:wikipedia": null, "golf": null, "created_by": null, "security": null, "security:black_spot": null, "security:description": null, "sercurity": null, "basin": null, "intermittent": "no", "landuse": null, "reservoir_type": null, "man_made": null, "note": null, "salt": null, "tidal": null, "wetland": null, "leisure": null, "colour": null, "addr:city": null, "addr:housenumber": null, "addr:street": null }, "geometry": { "type": "Polygon", "coordinates": [ [ [ 36.7212233, -1.2709449 ], [ 36.720874, -1.2707967 ], [ 36.7209066, -1.2707198 ], [ 36.7212559, -1.2708681 ], [ 36.7212233, -1.2709449 ] ] ] } },
{ "type": "Feature", "properties": { "element": "way", "id": 1071597520, "natural": "water", "water": null, "name": null, "notes": null, "name:ko": null, "species": null, "height": null, "source": null, "type": null, "name:botanical": null, "landuse:urban_green": null, "operator:description": null, "urban_green:cultivation": null, "urban_green:cultivation_consumer": null, "urban_green:cultivation_sale": null, "urban_green:cultivation_type": null, "urban_green:dimension_sqm": null, "urban_green:fence": null, "urban_green:number_of_caretakers": null, "urban_green:owner_hours_week": null, "watsan:other": null, "watsan:other_description": null, "watsan:water_availability": null, "urban_green:owner_distance": null, "watsan:urban_agriculture": null, "urban_green:cultivation_consumer_description": null, "urban_green:cultivation_supplies_purchase": null, "amenity": null, "denotation": null, "leaf_cycle": null, "leaf_type": null, "ele": null, "wood": null, "description": null, "trees": null, "circumference": null, "fixme": null, "genus": null, "short_name": null, "species:wikidata": null, "species:wikipedia": null, "golf": null, "created_by": null, "security": null, "security:black_spot": null, "security:description": null, "sercurity": null, "basin": null, "intermittent": null, "landuse": null, "reservoir_type": null, "man_made": null, "note": null, "salt": null, "tidal": null, "wetland": null, "leisure": null, "colour": null, "addr:city": null, "addr:housenumber": null, "addr:street": null }, "geometry": { "type": "Polygon", "coordinates": [ [ [ 36.7950368, -1.2084655 ], [ 36.7950408, -1.2084172 ], [ 36.795073, -1.2083971 ], [ 36.7951146, -1.2083931 ], [ 36.7951991, -1.208436 ], [ 36.7952715, -1.2085097 ], [ 36.7953224, -1.2085821 ], [ 36.7953372, -1.2086358 ], [ 36.795305, -1.2087162 ], [ 36.7952313, -1.2087269 ], [ 36.7951843, -1.2086814 ], [ 36.7951159, -1.2086224 ], [ 36.795065, -1.2085231 ], [ 36.7950368, -1.2084655 ] ] ] } },
{ "type": "Feature", "properties": { "element": "way", "id": 1107213198, "natural": "water", "water": "wastewater", "name": null, "notes": null, "name:ko": null, "species": null, "height": null, "source": null, "type": null, "name:botanical": null, "landuse:urban_green": null, "operator:description": null, "urban_green:cultivation": null, "urban_green:cultivation_consumer": null, "urban_green:cultivation_sale": null, "urban_green:cultivation_type": null, "urban_green:dimension_sqm": null, "urban_green:fence": null, "urban_green:number_of_caretakers": null, "urban_green:owner_hours_week": null, "watsan:other": null, "watsan:other_description": null, "watsan:water_availability": null, "urban_green:owner_distance": null, "watsan:urban_agriculture": null, "urban_green:cultivation_consumer_description": null, "urban_green:cultivation_supplies_purchase": null, "amenity": null, "denotation": null, "leaf_cycle": null, "leaf_type": null, "ele": null, "wood": null, "description": null, "trees": null, "circumference": null, "fixme": null, "genus": null, "short_name": null, "species:wikidata": null, "species:wikipedia": null, "golf": null, "created_by": null, "security": null, "security:black_spot": null, "security:description": null, "sercurity": null, "basin": null, "intermittent": null, "landuse": null, "reservoir_type": null, "man_made": "wastewater_plant", "note": null, "salt": null, "tidal": null, "wetland": null, "leisure": null, "colour": null, "addr:city": null, "addr:housenumber": null, "addr:street": null }, "geometry": { "type": "Polygon", "coordinates": [ [ [ 36.740539, -1.2366239 ], [ 36.7409547, -1.2368824 ], [ 36.7409195, -1.237127 ], [ 36.7404187, -1.2368197 ], [ 36.740539, -1.2366239 ] ] ] } },
{ "type": "Feature", "properties": { "element": "way", "id": 1107213199, "natural": "water", "water": "wastewater", "name": null, "notes": null, "name:ko": null, "species": null, "height": null, "source": null, "type": null, "name:botanical": null, "landuse:urban_green": null, "operator:description": null, "urban_green:cultivation": null, "urban_green:cultivation_consumer": null, "urban_green:cultivation_sale": null, "urban_green:cultivation_type": null, "urban_green:dimension_sqm": null, "urban_green:fence": null, "urban_green:number_of_caretakers": null, "urban_green:owner_hours_week": null, "watsan:other": null, "watsan:other_description": null, "watsan:water_availability": null, "urban_green:owner_distance": null, "watsan:urban_agriculture": null, "urban_green:cultivation_consumer_description": null, "urban_green:cultivation_supplies_purchase": null, "amenity": null, "denotation": null, "leaf_cycle": null, "leaf_type": null, "ele": null, "wood": null, "description": null, "trees": null, "circumference": null, "fixme": null, "genus": null, "short_name": null, "species:wikidata": null, "species:wikipedia": null, "golf": null, "created_by": null, "security": null, "security:black_spot": null, "security:description": null, "sercurity": null, "basin": null, "intermittent": null, "landuse": null, "reservoir_type": null, "man_made": "wastewater_plant", "note": null, "salt": null, "tidal": null, "wetland": null, "leisure": null, "colour": null, "addr:city": null, "addr:housenumber": null, "addr:street": null }, "geometry": { "type": "Polygon", "coordinates": [ [ [ 36.7401022, -1.2373154 ], [ 36.7402653, -1.2370675 ], [ 36.7407969, -1.237417 ], [ 36.7406338, -1.2376649 ], [ 36.7401022, -1.2373154 ] ] ] } },
{ "type": "Feature", "properties": { "element": "way", "id": 1107213200, "natural": "water", "water": "wastewater", "name": null, "notes": null, "name:ko": null, "species": null, "height": null, "source": null, "type": null, "name:botanical": null, "landuse:urban_green": null, "operator:description": null, "urban_green:cultivation": null, "urban_green:cultivation_consumer": null, "urban_green:cultivation_sale": null, "urban_green:cultivation_type": null, "urban_green:dimension_sqm": null, "urban_green:fence": null, "urban_green:number_of_caretakers": null, "urban_green:owner_hours_week": null, "watsan:other": null, "watsan:other_description": null, "watsan:water_availability": null, "urban_green:owner_distance": null, "watsan:urban_agriculture": null, "urban_green:cultivation_consumer_description": null, "urban_green:cultivation_supplies_purchase": null, "amenity": null, "denotation": null, "leaf_cycle": null, "leaf_type": null, "ele": null, "wood": null, "description": null, "trees": null, "circumference": null, "fixme": null, "genus": null, "short_name": null, "species:wikidata": null, "species:wikipedia": null, "golf": null, "created_by": null, "security": null, "security:black_spot": null, "security:description": null, "sercurity": null, "basin": null, "intermittent": null, "landuse": null, "reservoir_type": null, "man_made": "wastewater_plant", "note": null, "salt": null, "tidal": null, "wetland": null, "leisure": null, "colour": null, "addr:city": null, "addr:housenumber": null, "addr:street": null }, "geometry": { "type": "Polygon", "coordinates": [ [ [ 36.7402615, -1.2375025 ], [ 36.740428, -1.2376095 ], [ 36.7403141, -1.2377866 ], [ 36.7401476, -1.2376796 ], [ 36.7402615, -1.2375025 ] ] ] } },
{ "type": "Feature", "properties": { "element": "way", "id": 1107213201, "natural": "water", "water": "wastewater", "name": null, "notes": null, "name:ko": null, "species": null, "height": null, "source": null, "type": null, "name:botanical": null, "landuse:urban_green": null, "operator:description": null, "urban_green:cultivation": null, "urban_green:cultivation_consumer": null, "urban_green:cultivation_sale": null, "urban_green:cultivation_type": null, "urban_green:dimension_sqm": null, "urban_green:fence": null, "urban_green:number_of_caretakers": null, "urban_green:owner_hours_week": null, "watsan:other": null, "watsan:other_description": null, "watsan:water_availability": null, "urban_green:owner_distance": null, "watsan:urban_agriculture": null, "urban_green:cultivation_consumer_description": null, "urban_green:cultivation_supplies_purchase": null, "amenity": null, "denotation": null, "leaf_cycle": null, "leaf_type": null, "ele": null, "wood": null, "description": null, "trees": null, "circumference": null, "fixme": null, "genus": null, "short_name": null, "species:wikidata": null, "species:wikipedia": null, "golf": null, "created_by": null, "security": null, "security:black_spot": null, "security:description": null, "sercurity": null, "basin": null, "intermittent": null, "landuse": null, "reservoir_type": null, "man_made": "wastewater_plant", "note": null, "salt": null, "tidal": null, "wetland": null, "leisure": null, "colour": null, "addr:city": null, "addr:housenumber": null, "addr:street": null }, "geometry": { "type": "Polygon", "coordinates": [ [ [ 36.7406829, -1.2378564 ], [ 36.7408037, -1.2376397 ], [ 36.7409896, -1.2377434 ], [ 36.7408688, -1.2379601 ], [ 36.7406829, -1.2378564 ] ] ] } },
{ "type": "Feature", "properties": { "element": "way", "id": 1120664981, "natural": "water", "water": "pond", "name": null, "notes": null, "name:ko": null, "species": null, "height": null, "source": null, "type": null, "name:botanical": null, "landuse:urban_green": null, "operator:description": null, "urban_green:cultivation": null, "urban_green:cultivation_consumer": null, "urban_green:cultivation_sale": null, "urban_green:cultivation_type": null, "urban_green:dimension_sqm": null, "urban_green:fence": null, "urban_green:number_of_caretakers": null, "urban_green:owner_hours_week": null, "watsan:other": null, "watsan:other_description": null, "watsan:water_availability": null, "urban_green:owner_distance": null, "watsan:urban_agriculture": null, "urban_green:cultivation_consumer_description": null, "urban_green:cultivation_supplies_purchase": null, "amenity": null, "denotation": null, "leaf_cycle": null, "leaf_type": null, "ele": null, "wood": null, "description": null, "trees": null, "circumference": null, "fixme": null, "genus": null, "short_name": null, "species:wikidata": null, "species:wikipedia": null, "golf": null, "created_by": null, "security": null, "security:black_spot": null, "security:description": null, "sercurity": null, "basin": null, "intermittent": null, "landuse": null, "reservoir_type": null, "man_made": null, "note": null, "salt": null, "tidal": null, "wetland": null, "leisure": null, "colour": null, "addr:city": null, "addr:housenumber": null, "addr:street": null }, "geometry": { "type": "Polygon", "coordinates": [ [ [ 36.816438, -1.2752131 ], [ 36.8165071, -1.2750777 ], [ 36.8165631, -1.2749387 ], [ 36.8166076, -1.2748238 ], [ 36.8165999, -1.2747737 ], [ 36.8165498, -1.2747429 ], [ 36.8164843, -1.2747429 ], [ 36.8164342, -1.2747776 ], [ 36.8164054, -1.2748213 ], [ 36.8163802, -1.2748007 ], [ 36.8163378, -1.2747776 ], [ 36.8162872, -1.2747682 ], [ 36.8162418, -1.2748007 ], [ 36.8162106, -1.2748739 ], [ 36.8162491, -1.2749626 ], [ 36.8163108, -1.2750589 ], [ 36.816438, -1.2752131 ] ] ] } },
{ "type": "Feature", "properties": { "element": "way", "id": 1136914477, "natural": "water", "water": "pond", "name": null, "notes": null, "name:ko": null, "species": null, "height": null, "source": null, "type": null, "name:botanical": null, "landuse:urban_green": null, "operator:description": null, "urban_green:cultivation": null, "urban_green:cultivation_consumer": null, "urban_green:cultivation_sale": null, "urban_green:cultivation_type": null, "urban_green:dimension_sqm": null, "urban_green:fence": null, "urban_green:number_of_caretakers": null, "urban_green:owner_hours_week": null, "watsan:other": null, "watsan:other_description": null, "watsan:water_availability": null, "urban_green:owner_distance": null, "watsan:urban_agriculture": null, "urban_green:cultivation_consumer_description": null, "urban_green:cultivation_supplies_purchase": null, "amenity": null, "denotation": null, "leaf_cycle": null, "leaf_type": null, "ele": null, "wood": null, "description": null, "trees": null, "circumference": null, "fixme": null, "genus": null, "short_name": null, "species:wikidata": null, "species:wikipedia": null, "golf": null, "created_by": null, "security": null, "security:black_spot": null, "security:description": null, "sercurity": null, "basin": null, "intermittent": null, "landuse": null, "reservoir_type": null, "man_made": null, "note": null, "salt": null, "tidal": null, "wetland": null, "leisure": null, "colour": null, "addr:city": null, "addr:housenumber": null, "addr:street": null }, "geometry": { "type": "Polygon", "coordinates": [ [ [ 36.8197687, -1.2319549 ], [ 36.8198775, -1.231937 ], [ 36.8199116, -1.231873 ], [ 36.8199183, -1.2318189 ], [ 36.8198569, -1.2317742 ], [ 36.8197623, -1.2317512 ], [ 36.8196262, -1.2317646 ], [ 36.8195043, -1.231789 ], [ 36.8194784, -1.2318216 ], [ 36.819485, -1.2319022 ], [ 36.8195495, -1.2319523 ], [ 36.8196348, -1.2319654 ], [ 36.8197687, -1.2319549 ] ] ] } },
{ "type": "Feature", "properties": { "element": "way", "id": 1170518666, "natural": "water", "water": "pond", "name": null, "notes": null, "name:ko": null, "species": null, "height": null, "source": null, "type": null, "name:botanical": null, "landuse:urban_green": null, "operator:description": null, "urban_green:cultivation": null, "urban_green:cultivation_consumer": null, "urban_green:cultivation_sale": null, "urban_green:cultivation_type": null, "urban_green:dimension_sqm": null, "urban_green:fence": null, "urban_green:number_of_caretakers": null, "urban_green:owner_hours_week": null, "watsan:other": null, "watsan:other_description": null, "watsan:water_availability": null, "urban_green:owner_distance": null, "watsan:urban_agriculture": null, "urban_green:cultivation_consumer_description": null, "urban_green:cultivation_supplies_purchase": null, "amenity": null, "denotation": null, "leaf_cycle": null, "leaf_type": null, "ele": null, "wood": null, "description": null, "trees": null, "circumference": null, "fixme": null, "genus": null, "short_name": null, "species:wikidata": null, "species:wikipedia": null, "golf": null, "created_by": null, "security": null, "security:black_spot": null, "security:description": null, "sercurity": null, "basin": null, "intermittent": null, "landuse": null, "reservoir_type": null, "man_made": null, "note": null, "salt": null, "tidal": null, "wetland": null, "leisure": null, "colour": null, "addr:city": null, "addr:housenumber": null, "addr:street": null }, "geometry": { "type": "Polygon", "coordinates": [ [ [ 36.8022781, -1.326254 ], [ 36.8022667, -1.326316 ], [ 36.8022566, -1.3263975 ], [ 36.8022526, -1.3264695 ], [ 36.8022596, -1.3265208 ], [ 36.8022878, -1.3265597 ], [ 36.802326, -1.3265812 ], [ 36.8023599, -1.3265805 ], [ 36.8024048, -1.3265637 ], [ 36.8024531, -1.3265376 ], [ 36.8024886, -1.3264987 ], [ 36.8025017, -1.3264766 ], [ 36.8025021, -1.3264414 ], [ 36.8024964, -1.3263975 ], [ 36.8024833, -1.3263559 ], [ 36.8024665, -1.3263187 ], [ 36.8024424, -1.3262554 ], [ 36.8023934, -1.3261555 ], [ 36.8023438, -1.3260489 ], [ 36.8022928, -1.3259121 ], [ 36.802262, -1.3259168 ], [ 36.8022727, -1.3260073 ], [ 36.8022862, -1.3261206 ], [ 36.8022781, -1.326254 ] ] ] } },
{ "type": "Feature", "properties": { "element": "way", "id": 1171087469, "natural": "water", "water": "pond", "name": null, "notes": null, "name:ko": null, "species": null, "height": null, "source": null, "type": null, "name:botanical": null, "landuse:urban_green": null, "operator:description": null, "urban_green:cultivation": null, "urban_green:cultivation_consumer": null, "urban_green:cultivation_sale": null, "urban_green:cultivation_type": null, "urban_green:dimension_sqm": null, "urban_green:fence": null, "urban_green:number_of_caretakers": null, "urban_green:owner_hours_week": null, "watsan:other": null, "watsan:other_description": null, "watsan:water_availability": null, "urban_green:owner_distance": null, "watsan:urban_agriculture": null, "urban_green:cultivation_consumer_description": null, "urban_green:cultivation_supplies_purchase": null, "amenity": null, "denotation": null, "leaf_cycle": null, "leaf_type": null, "ele": null, "wood": null, "description": null, "trees": null, "circumference": null, "fixme": null, "genus": null, "short_name": null, "species:wikidata": null, "species:wikipedia": null, "golf": null, "created_by": null, "security": null, "security:black_spot": null, "security:description": null, "sercurity": null, "basin": null, "intermittent": null, "landuse": null, "reservoir_type": null, "man_made": null, "note": null, "salt": null, "tidal": null, "wetland": null, "leisure": null, "colour": null, "addr:city": null, "addr:housenumber": null, "addr:street": null }, "geometry": { "type": "Polygon", "coordinates": [ [ [ 36.8016672, -1.3253008 ], [ 36.8016551, -1.3255206 ], [ 36.8016699, -1.325648 ], [ 36.8017061, -1.32588 ], [ 36.8017718, -1.325882 ], [ 36.8017564, -1.3257774 ], [ 36.8017256, -1.3256111 ], [ 36.8017101, -1.3254851 ], [ 36.8017034, -1.3253611 ], [ 36.8017001, -1.3252954 ], [ 36.8016672, -1.3253008 ] ] ] } },
{ "type": "Feature", "properties": { "element": "way", "id": 1211410005, "natural": "water", "water": null, "name": null, "notes": null, "name:ko": null, "species": null, "height": null, "source": null, "type": null, "name:botanical": null, "landuse:urban_green": null, "operator:description": null, "urban_green:cultivation": null, "urban_green:cultivation_consumer": null, "urban_green:cultivation_sale": null, "urban_green:cultivation_type": null, "urban_green:dimension_sqm": null, "urban_green:fence": null, "urban_green:number_of_caretakers": null, "urban_green:owner_hours_week": null, "watsan:other": null, "watsan:other_description": null, "watsan:water_availability": null, "urban_green:owner_distance": null, "watsan:urban_agriculture": null, "urban_green:cultivation_consumer_description": null, "urban_green:cultivation_supplies_purchase": null, "amenity": null, "denotation": null, "leaf_cycle": null, "leaf_type": null, "ele": null, "wood": null, "description": null, "trees": null, "circumference": null, "fixme": null, "genus": null, "short_name": null, "species:wikidata": null, "species:wikipedia": null, "golf": null, "created_by": null, "security": null, "security:black_spot": null, "security:description": null, "sercurity": null, "basin": null, "intermittent": null, "landuse": null, "reservoir_type": null, "man_made": null, "note": null, "salt": null, "tidal": null, "wetland": null, "leisure": null, "colour": null, "addr:city": null, "addr:housenumber": null, "addr:street": null }, "geometry": { "type": "Polygon", "coordinates": [ [ [ 36.8132853, -1.2221382 ], [ 36.8132966, -1.2221618 ], [ 36.8133091, -1.2221816 ], [ 36.8133194, -1.2221863 ], [ 36.8133346, -1.2221945 ], [ 36.813357, -1.2222021 ], [ 36.8133871, -1.2222072 ], [ 36.8134341, -1.2222282 ], [ 36.8134573, -1.2222364 ], [ 36.8134876, -1.2222413 ], [ 36.813517, -1.2222382 ], [ 36.8135624, -1.222231 ], [ 36.8135747, -1.2222246 ], [ 36.8135773, -1.2222217 ], [ 36.8135771, -1.2222183 ], [ 36.8135658, -1.2222141 ], [ 36.8135626, -1.2222013 ], [ 36.8135635, -1.2221959 ], [ 36.8135433, -1.2221936 ], [ 36.8135261, -1.2221897 ], [ 36.8135171, -1.2221672 ], [ 36.8135074, -1.2221589 ], [ 36.8134968, -1.222145 ], [ 36.8134278, -1.2221408 ], [ 36.8134185, -1.2221436 ], [ 36.8134041, -1.2221645 ], [ 36.813381, -1.2221594 ], [ 36.8133794, -1.2221708 ], [ 36.8133395, -1.2221594 ], [ 36.8133093, -1.2221373 ], [ 36.8132853, -1.2221382 ] ] ] } },
{ "type": "Feature", "properties": { "element": "way", "id": 1212403332, "natural": "water", "water": "pond", "name": null, "notes": null, "name:ko": null, "species": null, "height": null, "source": null, "type": null, "name:botanical": null, "landuse:urban_green": null, "operator:description": null, "urban_green:cultivation": null, "urban_green:cultivation_consumer": null, "urban_green:cultivation_sale": null, "urban_green:cultivation_type": null, "urban_green:dimension_sqm": null, "urban_green:fence": null, "urban_green:number_of_caretakers": null, "urban_green:owner_hours_week": null, "watsan:other": null, "watsan:other_description": null, "watsan:water_availability": null, "urban_green:owner_distance": null, "watsan:urban_agriculture": null, "urban_green:cultivation_consumer_description": null, "urban_green:cultivation_supplies_purchase": null, "amenity": null, "denotation": null, "leaf_cycle": null, "leaf_type": null, "ele": null, "wood": null, "description": null, "trees": null, "circumference": null, "fixme": null, "genus": null, "short_name": null, "species:wikidata": null, "species:wikipedia": null, "golf": null, "created_by": null, "security": null, "security:black_spot": null, "security:description": null, "sercurity": null, "basin": null, "intermittent": null, "landuse": null, "reservoir_type": null, "man_made": null, "note": null, "salt": null, "tidal": null, "wetland": null, "leisure": null, "colour": null, "addr:city": null, "addr:housenumber": null, "addr:street": null }, "geometry": { "type": "Polygon", "coordinates": [ [ [ 36.9117515, -1.2099109 ], [ 36.9117739, -1.2098645 ], [ 36.911863, -1.2098558 ], [ 36.9119299, -1.2097836 ], [ 36.911968, -1.2097207 ], [ 36.9120919, -1.2096238 ], [ 36.9123318, -1.2098756 ], [ 36.9125353, -1.2100654 ], [ 36.9127359, -1.2101497 ], [ 36.9129019, -1.2101516 ], [ 36.9129352, -1.210109 ], [ 36.9130064, -1.2101137 ], [ 36.9131283, -1.2101189 ], [ 36.9132349, -1.2100542 ], [ 36.9134923, -1.2098597 ], [ 36.9137206, -1.2097207 ], [ 36.9138169, -1.209658 ], [ 36.9139298, -1.2099539 ], [ 36.9139412, -1.2101873 ], [ 36.9139088, -1.2102888 ], [ 36.9138896, -1.2103455 ], [ 36.9138353, -1.2104149 ], [ 36.9137711, -1.2103753 ], [ 36.9137646, -1.2104517 ], [ 36.9136676, -1.2105809 ], [ 36.9135049, -1.2107002 ], [ 36.9134624, -1.210713 ], [ 36.9133552, -1.2106673 ], [ 36.9133266, -1.2106974 ], [ 36.9133566, -1.2107532 ], [ 36.9134008, -1.2108177 ], [ 36.9132231, -1.2110219 ], [ 36.9131374, -1.2110482 ], [ 36.9130702, -1.2110566 ], [ 36.9130215, -1.2110566 ], [ 36.9129649, -1.2110894 ], [ 36.9129649, -1.2111428 ], [ 36.9129633, -1.2112128 ], [ 36.9129286, -1.2112714 ], [ 36.9128701, -1.2112698 ], [ 36.9127764, -1.2112355 ], [ 36.9127497, -1.2111337 ], [ 36.9128015, -1.2110742 ], [ 36.9126581, -1.2110913 ], [ 36.9125271, -1.2110421 ], [ 36.9124092, -1.2110124 ], [ 36.9123327, -1.2110362 ], [ 36.9122841, -1.2110678 ], [ 36.912211, -1.2110594 ], [ 36.9121631, -1.2110756 ], [ 36.912067, -1.2110534 ], [ 36.9120607, -1.2109826 ], [ 36.9119955, -1.2109016 ], [ 36.9119492, -1.2108101 ], [ 36.9119666, -1.2107461 ], [ 36.9119294, -1.2106696 ], [ 36.9119144, -1.2105355 ], [ 36.9118898, -1.2104794 ], [ 36.9119306, -1.2104401 ], [ 36.9119953, -1.2103717 ], [ 36.9119669, -1.2102817 ], [ 36.9119088, -1.2101684 ], [ 36.9118911, -1.2100899 ], [ 36.9118863, -1.2100247 ], [ 36.9118743, -1.2099787 ], [ 36.9118141, -1.2099643 ], [ 36.9117515, -1.2099109 ] ] ] } },
{ "type": "Feature", "properties": { "element": "way", "id": 1212822218, "natural": "water", "water": "pond", "name": null, "notes": null, "name:ko": null, "species": null, "height": null, "source": null, "type": null, "name:botanical": null, "landuse:urban_green": null, "operator:description": null, "urban_green:cultivation": null, "urban_green:cultivation_consumer": null, "urban_green:cultivation_sale": null, "urban_green:cultivation_type": null, "urban_green:dimension_sqm": null, "urban_green:fence": null, "urban_green:number_of_caretakers": null, "urban_green:owner_hours_week": null, "watsan:other": null, "watsan:other_description": null, "watsan:water_availability": null, "urban_green:owner_distance": null, "watsan:urban_agriculture": null, "urban_green:cultivation_consumer_description": null, "urban_green:cultivation_supplies_purchase": null, "amenity": null, "denotation": null, "leaf_cycle": null, "leaf_type": null, "ele": null, "wood": null, "description": null, "trees": null, "circumference": null, "fixme": null, "genus": null, "short_name": null, "species:wikidata": null, "species:wikipedia": null, "golf": null, "created_by": null, "security": null, "security:black_spot": null, "security:description": null, "sercurity": null, "basin": null, "intermittent": null, "landuse": null, "reservoir_type": null, "man_made": null, "note": null, "salt": null, "tidal": null, "wetland": null, "leisure": null, "colour": null, "addr:city": null, "addr:housenumber": null, "addr:street": null }, "geometry": { "type": "Polygon", "coordinates": [ [ [ 36.8791833, -1.2321546 ], [ 36.8791741, -1.2321338 ], [ 36.8791765, -1.2321082 ], [ 36.8791925, -1.2320784 ], [ 36.879223, -1.2320666 ], [ 36.879239, -1.2320718 ], [ 36.8792352, -1.2321125 ], [ 36.8792209, -1.232145 ], [ 36.8792017, -1.2321583 ], [ 36.8791833, -1.2321546 ] ] ] } },
{ "type": "Feature", "properties": { "element": "way", "id": 1212822219, "natural": "water", "water": "pond", "name": null, "notes": null, "name:ko": null, "species": null, "height": null, "source": null, "type": null, "name:botanical": null, "landuse:urban_green": null, "operator:description": null, "urban_green:cultivation": null, "urban_green:cultivation_consumer": null, "urban_green:cultivation_sale": null, "urban_green:cultivation_type": null, "urban_green:dimension_sqm": null, "urban_green:fence": null, "urban_green:number_of_caretakers": null, "urban_green:owner_hours_week": null, "watsan:other": null, "watsan:other_description": null, "watsan:water_availability": null, "urban_green:owner_distance": null, "watsan:urban_agriculture": null, "urban_green:cultivation_consumer_description": null, "urban_green:cultivation_supplies_purchase": null, "amenity": null, "denotation": null, "leaf_cycle": null, "leaf_type": null, "ele": null, "wood": null, "description": null, "trees": null, "circumference": null, "fixme": null, "genus": null, "short_name": null, "species:wikidata": null, "species:wikipedia": null, "golf": null, "created_by": null, "security": null, "security:black_spot": null, "security:description": null, "sercurity": null, "basin": null, "intermittent": null, "landuse": null, "reservoir_type": null, "man_made": null, "note": null, "salt": null, "tidal": null, "wetland": null, "leisure": null, "colour": null, "addr:city": null, "addr:housenumber": null, "addr:street": null }, "geometry": { "type": "Polygon", "coordinates": [ [ [ 36.879106, -1.2321138 ], [ 36.8791202, -1.2320973 ], [ 36.8791379, -1.2320694 ], [ 36.8791504, -1.2320404 ], [ 36.879159, -1.2320199 ], [ 36.8791706, -1.2320171 ], [ 36.8791779, -1.2320297 ], [ 36.8791824, -1.2320538 ], [ 36.8791675, -1.2321016 ], [ 36.8791377, -1.2321171 ], [ 36.8791087, -1.2321251 ], [ 36.879106, -1.2321138 ] ] ] } },
{ "type": "Feature", "properties": { "element": "way", "id": 1228202051, "natural": "water", "water": "pond", "name": null, "notes": null, "name:ko": null, "species": null, "height": null, "source": null, "type": null, "name:botanical": null, "landuse:urban_green": null, "operator:description": null, "urban_green:cultivation": null, "urban_green:cultivation_consumer": null, "urban_green:cultivation_sale": null, "urban_green:cultivation_type": null, "urban_green:dimension_sqm": null, "urban_green:fence": null, "urban_green:number_of_caretakers": null, "urban_green:owner_hours_week": null, "watsan:other": null, "watsan:other_description": null, "watsan:water_availability": null, "urban_green:owner_distance": null, "watsan:urban_agriculture": null, "urban_green:cultivation_consumer_description": null, "urban_green:cultivation_supplies_purchase": null, "amenity": null, "denotation": null, "leaf_cycle": null, "leaf_type": null, "ele": null, "wood": null, "description": null, "trees": null, "circumference": null, "fixme": null, "genus": null, "short_name": null, "species:wikidata": null, "species:wikipedia": null, "golf": null, "created_by": null, "security": null, "security:black_spot": null, "security:description": null, "sercurity": null, "basin": null, "intermittent": null, "landuse": null, "reservoir_type": null, "man_made": null, "note": null, "salt": null, "tidal": null, "wetland": null, "leisure": null, "colour": null, "addr:city": null, "addr:housenumber": null, "addr:street": null }, "geometry": { "type": "Polygon", "coordinates": [ [ [ 36.8456858, -1.3288225 ], [ 36.8456684, -1.3287722 ], [ 36.8457095, -1.3287036 ], [ 36.8457516, -1.3287036 ], [ 36.8458065, -1.3287237 ], [ 36.8458394, -1.3287823 ], [ 36.8458431, -1.3288573 ], [ 36.8457809, -1.3289085 ], [ 36.8457223, -1.3288865 ], [ 36.8456858, -1.3288225 ] ] ] } },
{ "type": "Feature", "properties": { "element": "way", "id": 1275299184, "natural": "water", "water": "lake", "name": "Lake at The Hub Karen", "notes": null, "name:ko": null, "species": null, "height": null, "source": null, "type": null, "name:botanical": null, "landuse:urban_green": null, "operator:description": null, "urban_green:cultivation": null, "urban_green:cultivation_consumer": null, "urban_green:cultivation_sale": null, "urban_green:cultivation_type": null, "urban_green:dimension_sqm": null, "urban_green:fence": null, "urban_green:number_of_caretakers": null, "urban_green:owner_hours_week": null, "watsan:other": null, "watsan:other_description": null, "watsan:water_availability": null, "urban_green:owner_distance": null, "watsan:urban_agriculture": null, "urban_green:cultivation_consumer_description": null, "urban_green:cultivation_supplies_purchase": null, "amenity": null, "denotation": null, "leaf_cycle": null, "leaf_type": null, "ele": null, "wood": null, "description": null, "trees": null, "circumference": null, "fixme": null, "genus": null, "short_name": null, "species:wikidata": null, "species:wikipedia": null, "golf": null, "created_by": null, "security": null, "security:black_spot": null, "security:description": null, "sercurity": null, "basin": null, "intermittent": null, "landuse": null, "reservoir_type": null, "man_made": null, "note": null, "salt": null, "tidal": null, "wetland": null, "leisure": null, "colour": null, "addr:city": null, "addr:housenumber": null, "addr:street": null }, "geometry": { "type": "Polygon", "coordinates": [ [ [ 36.7028956, -1.3202557 ], [ 36.7029272, -1.3202793 ], [ 36.7029399, -1.3203093 ], [ 36.7029604, -1.320352 ], [ 36.7029825, -1.3204214 ], [ 36.7029967, -1.3204767 ], [ 36.703003, -1.320513 ], [ 36.7030093, -1.3205462 ], [ 36.7030378, -1.3206172 ], [ 36.7030725, -1.3206756 ], [ 36.703093, -1.3207009 ], [ 36.7031483, -1.3207356 ], [ 36.7031767, -1.3207451 ], [ 36.7032099, -1.3207498 ], [ 36.7032447, -1.3207498 ], [ 36.7032841, -1.3207309 ], [ 36.7033031, -1.3206835 ], [ 36.7033031, -1.3206488 ], [ 36.7032983, -1.3206046 ], [ 36.7032762, -1.3205477 ], [ 36.7032383, -1.3205114 ], [ 36.7032004, -1.3204846 ], [ 36.7031657, -1.3204704 ], [ 36.7031341, -1.3204609 ], [ 36.7030978, -1.3204356 ], [ 36.7030678, -1.3204072 ], [ 36.703033, -1.3203867 ], [ 36.7030204, -1.3203567 ], [ 36.7030046, -1.3202872 ], [ 36.7029999, -1.3202588 ], [ 36.7029951, -1.3202241 ], [ 36.7030062, -1.3201593 ], [ 36.7030157, -1.3201246 ], [ 36.7030157, -1.3200836 ], [ 36.7030157, -1.3200599 ], [ 36.7029857, -1.3200141 ], [ 36.7029462, -1.3199904 ], [ 36.7029067, -1.3199699 ], [ 36.7028656, -1.3199067 ], [ 36.702853, -1.3198483 ], [ 36.702853, -1.3198009 ], [ 36.7028467, -1.319752 ], [ 36.7028104, -1.3197078 ], [ 36.7027614, -1.3196888 ], [ 36.7027188, -1.3196904 ], [ 36.7026679, -1.3197346 ], [ 36.7026292, -1.3197967 ], [ 36.7026206, -1.3198469 ], [ 36.7026318, -1.319909 ], [ 36.7026635, -1.3199446 ], [ 36.7026903, -1.3199604 ], [ 36.7027519, -1.319992 ], [ 36.7027851, -1.3200283 ], [ 36.7028025, -1.3200536 ], [ 36.7028072, -1.3200851 ], [ 36.7028025, -1.3201246 ], [ 36.7027993, -1.3201562 ], [ 36.7027993, -1.3202004 ], [ 36.7028309, -1.320232 ], [ 36.7028672, -1.3202493 ], [ 36.7028956, -1.3202557 ] ] ] } },
{ "type": "Feature", "properties": { "element": "way", "id": 1275299193, "natural": "water", "water": "lake", "name": null, "notes": null, "name:ko": null, "species": null, "height": null, "source": null, "type": null, "name:botanical": null, "landuse:urban_green": null, "operator:description": null, "urban_green:cultivation": null, "urban_green:cultivation_consumer": null, "urban_green:cultivation_sale": null, "urban_green:cultivation_type": null, "urban_green:dimension_sqm": null, "urban_green:fence": null, "urban_green:number_of_caretakers": null, "urban_green:owner_hours_week": null, "watsan:other": null, "watsan:other_description": null, "watsan:water_availability": null, "urban_green:owner_distance": null, "watsan:urban_agriculture": null, "urban_green:cultivation_consumer_description": null, "urban_green:cultivation_supplies_purchase": null, "amenity": null, "denotation": null, "leaf_cycle": null, "leaf_type": null, "ele": null, "wood": null, "description": null, "trees": null, "circumference": null, "fixme": null, "genus": null, "short_name": null, "species:wikidata": null, "species:wikipedia": null, "golf": null, "created_by": null, "security": null, "security:black_spot": null, "security:description": null, "sercurity": null, "basin": null, "intermittent": null, "landuse": null, "reservoir_type": null, "man_made": null, "note": null, "salt": null, "tidal": null, "wetland": null, "leisure": null, "colour": null, "addr:city": null, "addr:housenumber": null, "addr:street": null }, "geometry": { "type": "Polygon", "coordinates": [ [ [ 36.7023806, -1.3194123 ], [ 36.7023661, -1.3193945 ], [ 36.7023549, -1.3193778 ], [ 36.7023479, -1.3193587 ], [ 36.702346, -1.3193365 ], [ 36.7023683, -1.3192975 ], [ 36.7024163, -1.3192663 ], [ 36.7024475, -1.3192573 ], [ 36.7025256, -1.3192897 ], [ 36.7025401, -1.3193309 ], [ 36.7025446, -1.3193588 ], [ 36.7025535, -1.3194179 ], [ 36.7025669, -1.3194737 ], [ 36.7025669, -1.3195082 ], [ 36.7025312, -1.3195383 ], [ 36.7024988, -1.3195473 ], [ 36.7024642, -1.3195473 ], [ 36.7024286, -1.3195305 ], [ 36.702404, -1.3195094 ], [ 36.7023906, -1.3194714 ], [ 36.7024007, -1.3194313 ], [ 36.7023806, -1.3194123 ] ] ] } },
{ "type": "Feature", "properties": { "element": "way", "id": 1275299194, "natural": "water", "water": "river", "name": null, "notes": null, "name:ko": null, "species": null, "height": null, "source": null, "type": null, "name:botanical": null, "landuse:urban_green": null, "operator:description": null, "urban_green:cultivation": null, "urban_green:cultivation_consumer": null, "urban_green:cultivation_sale": null, "urban_green:cultivation_type": null, "urban_green:dimension_sqm": null, "urban_green:fence": null, "urban_green:number_of_caretakers": null, "urban_green:owner_hours_week": null, "watsan:other": null, "watsan:other_description": null, "watsan:water_availability": null, "urban_green:owner_distance": null, "watsan:urban_agriculture": null, "urban_green:cultivation_consumer_description": null, "urban_green:cultivation_supplies_purchase": null, "amenity": null, "denotation": null, "leaf_cycle": null, "leaf_type": null, "ele": null, "wood": null, "description": null, "trees": null, "circumference": null, "fixme": null, "genus": null, "short_name": null, "species:wikidata": null, "species:wikipedia": null, "golf": null, "created_by": null, "security": null, "security:black_spot": null, "security:description": null, "sercurity": null, "basin": null, "intermittent": null, "landuse": null, "reservoir_type": null, "man_made": null, "note": null, "salt": null, "tidal": null, "wetland": null, "leisure": null, "colour": null, "addr:city": null, "addr:housenumber": null, "addr:street": null }, "geometry": { "type": "Polygon", "coordinates": [ [ [ 36.820697, -1.2780804 ], [ 36.8206309, -1.2782025 ], [ 36.8208486, -1.2784369 ], [ 36.8210581, -1.2786044 ], [ 36.8212794, -1.2787466 ], [ 36.8215685, -1.2788853 ], [ 36.821837, -1.2789561 ], [ 36.8219156, -1.2788412 ], [ 36.8215951, -1.2787142 ], [ 36.8213118, -1.2785814 ], [ 36.8210218, -1.2783506 ], [ 36.8207926, -1.2781508 ], [ 36.8207108, -1.278063 ], [ 36.820697, -1.2780804 ] ] ] } },
{ "type": "Feature", "properties": { "element": "way", "id": 1275299195, "natural": "water", "water": "river", "name": null, "notes": null, "name:ko": null, "species": null, "height": null, "source": null, "type": null, "name:botanical": null, "landuse:urban_green": null, "operator:description": null, "urban_green:cultivation": null, "urban_green:cultivation_consumer": null, "urban_green:cultivation_sale": null, "urban_green:cultivation_type": null, "urban_green:dimension_sqm": null, "urban_green:fence": null, "urban_green:number_of_caretakers": null, "urban_green:owner_hours_week": null, "watsan:other": null, "watsan:other_description": null, "watsan:water_availability": null, "urban_green:owner_distance": null, "watsan:urban_agriculture": null, "urban_green:cultivation_consumer_description": null, "urban_green:cultivation_supplies_purchase": null, "amenity": null, "denotation": null, "leaf_cycle": null, "leaf_type": null, "ele": null, "wood": null, "description": null, "trees": null, "circumference": null, "fixme": null, "genus": null, "short_name": null, "species:wikidata": null, "species:wikipedia": null, "golf": null, "created_by": null, "security": null, "security:black_spot": null, "security:description": null, "sercurity": null, "basin": null, "intermittent": null, "landuse": null, "reservoir_type": null, "man_made": null, "note": null, "salt": null, "tidal": null, "wetland": null, "leisure": null, "colour": null, "addr:city": null, "addr:housenumber": null, "addr:street": null }, "geometry": { "type": "Polygon", "coordinates": [ [ [ 36.8206432, -1.2779417 ], [ 36.8205339, -1.2781198 ], [ 36.8204168, -1.2779469 ], [ 36.8202871, -1.2777308 ], [ 36.8202087, -1.2775849 ], [ 36.8201168, -1.2774985 ], [ 36.8199628, -1.2774525 ], [ 36.8198493, -1.2774768 ], [ 36.8196682, -1.2775768 ], [ 36.8195683, -1.27762 ], [ 36.8194872, -1.2776227 ], [ 36.8193548, -1.277566 ], [ 36.8192867, -1.2774741 ], [ 36.8192565, -1.2773646 ], [ 36.8192413, -1.2772391 ], [ 36.8191908, -1.2770981 ], [ 36.8190564, -1.2770253 ], [ 36.8189127, -1.2769964 ], [ 36.818817, -1.2769474 ], [ 36.8187289, -1.2768613 ], [ 36.8186765, -1.2768014 ], [ 36.8186148, -1.2767135 ], [ 36.8185434, -1.2766718 ], [ 36.8184684, -1.2766636 ], [ 36.8183549, -1.2767258 ], [ 36.8182603, -1.2767906 ], [ 36.8181035, -1.2768717 ], [ 36.8179441, -1.2768446 ], [ 36.8177738, -1.2768257 ], [ 36.8176225, -1.2767285 ], [ 36.8175279, -1.2766123 ], [ 36.8174496, -1.2764853 ], [ 36.8174074, -1.276372 ], [ 36.8173765, -1.2762335 ], [ 36.8174384, -1.276163 ], [ 36.8175036, -1.2761368 ], [ 36.8176279, -1.2761773 ], [ 36.8177333, -1.2762421 ], [ 36.8178387, -1.2762773 ], [ 36.8178928, -1.2762421 ], [ 36.8178955, -1.2761827 ], [ 36.8177765, -1.2761055 ], [ 36.8176775, -1.2760444 ], [ 36.8175772, -1.275987 ], [ 36.8174739, -1.2759314 ], [ 36.8173929, -1.2758503 ], [ 36.8172847, -1.2757774 ], [ 36.8171653, -1.2757284 ], [ 36.8170442, -1.2757261 ], [ 36.8168983, -1.2758288 ], [ 36.8168118, -1.2759098 ], [ 36.8166658, -1.2760179 ], [ 36.8165415, -1.2760287 ], [ 36.8163497, -1.2760152 ], [ 36.8162091, -1.2759666 ], [ 36.8161092, -1.2759125 ], [ 36.816007, -1.2758915 ], [ 36.8158524, -1.2759071 ], [ 36.8155393, -1.2757899 ], [ 36.8152082, -1.275721 ], [ 36.8148712, -1.2756336 ], [ 36.8143894, -1.2754237 ], [ 36.8141428, -1.2752587 ], [ 36.8138678, -1.2750518 ], [ 36.8134489, -1.2746729 ], [ 36.8132566, -1.2745174 ], [ 36.8130823, -1.274465 ], [ 36.8129917, -1.2744922 ], [ 36.8129151, -1.2745353 ], [ 36.8127906, -1.274586 ], [ 36.8127744, -1.2744833 ], [ 36.8128419, -1.2743995 ], [ 36.8129095, -1.2743266 ], [ 36.8131359, -1.2743632 ], [ 36.8133466, -1.2744441 ], [ 36.8135355, -1.2745945 ], [ 36.8136973, -1.2747391 ], [ 36.8139804, -1.2749965 ], [ 36.8141932, -1.2751543 ], [ 36.8144493, -1.2752916 ], [ 36.8149173, -1.2755112 ], [ 36.8152765, -1.2755693 ], [ 36.8155416, -1.2756315 ], [ 36.8157659, -1.2756873 ], [ 36.8159038, -1.2756748 ], [ 36.8160065, -1.2756505 ], [ 36.8160902, -1.2756505 ], [ 36.8161858, -1.2756904 ], [ 36.8162416, -1.2757693 ], [ 36.8163686, -1.2758153 ], [ 36.8164902, -1.2758342 ], [ 36.8166199, -1.2758288 ], [ 36.8168172, -1.2756586 ], [ 36.8169226, -1.2755775 ], [ 36.8170793, -1.2755343 ], [ 36.8172995, -1.275576 ], [ 36.817483, -1.2756946 ], [ 36.8176092, -1.2757784 ], [ 36.8177594, -1.2758721 ], [ 36.8178873, -1.2759477 ], [ 36.8180576, -1.2761017 ], [ 36.8181062, -1.2762529 ], [ 36.818009, -1.2763772 ], [ 36.817909, -1.276434 ], [ 36.8177684, -1.276434 ], [ 36.8176662, -1.2763935 ], [ 36.8176441, -1.2764934 ], [ 36.8177549, -1.2765853 ], [ 36.8180333, -1.2766609 ], [ 36.8181333, -1.2766285 ], [ 36.8182765, -1.2765366 ], [ 36.81848, -1.2764692 ], [ 36.8186472, -1.276507 ], [ 36.8187745, -1.2765906 ], [ 36.8188467, -1.276669 ], [ 36.8188742, -1.2767372 ], [ 36.8189332, -1.2767798 ], [ 36.8190953, -1.2768257 ], [ 36.8192494, -1.2768852 ], [ 36.819352, -1.276996 ], [ 36.8194061, -1.2770878 ], [ 36.8194439, -1.2772337 ], [ 36.8194737, -1.277385 ], [ 36.8195088, -1.2774363 ], [ 36.8195764, -1.2774309 ], [ 36.8196929, -1.2773361 ], [ 36.8198142, -1.2772816 ], [ 36.8199736, -1.2772499 ], [ 36.8201358, -1.2772715 ], [ 36.8202358, -1.2773391 ], [ 36.820306, -1.277412 ], [ 36.8204114, -1.2775633 ], [ 36.8205249, -1.2777443 ], [ 36.8206432, -1.2779417 ] ] ] } },
{ "type": "Feature", "properties": { "element": "way", "id": 1280817832, "natural": "water", "water": "wastewater", "name": null, "notes": null, "name:ko": null, "species": null, "height": null, "source": null, "type": null, "name:botanical": null, "landuse:urban_green": null, "operator:description": null, "urban_green:cultivation": null, "urban_green:cultivation_consumer": null, "urban_green:cultivation_sale": null, "urban_green:cultivation_type": null, "urban_green:dimension_sqm": null, "urban_green:fence": null, "urban_green:number_of_caretakers": null, "urban_green:owner_hours_week": null, "watsan:other": null, "watsan:other_description": null, "watsan:water_availability": null, "urban_green:owner_distance": null, "watsan:urban_agriculture": null, "urban_green:cultivation_consumer_description": null, "urban_green:cultivation_supplies_purchase": null, "amenity": null, "denotation": null, "leaf_cycle": null, "leaf_type": null, "ele": null, "wood": null, "description": null, "trees": null, "circumference": null, "fixme": null, "genus": null, "short_name": null, "species:wikidata": null, "species:wikipedia": null, "golf": null, "created_by": null, "security": null, "security:black_spot": null, "security:description": null, "sercurity": null, "basin": null, "intermittent": "yes", "landuse": null, "reservoir_type": null, "man_made": null, "note": null, "salt": null, "tidal": null, "wetland": null, "leisure": null, "colour": null, "addr:city": null, "addr:housenumber": null, "addr:street": null }, "geometry": { "type": "Polygon", "coordinates": [ [ [ 36.8700977, -1.3127268 ], [ 36.8700832, -1.3127493 ], [ 36.8700879, -1.3128132 ], [ 36.8700944, -1.3128314 ], [ 36.8701103, -1.3128426 ], [ 36.8701283, -1.3128188 ], [ 36.8701369, -1.3127927 ], [ 36.8701262, -1.3127446 ], [ 36.8700977, -1.3127268 ] ] ] } },
{ "type": "Feature", "properties": { "element": "way", "id": 1281827274, "natural": "water", "water": "lake", "name": "Lily Lake", "notes": null, "name:ko": null, "species": null, "height": null, "source": null, "type": null, "name:botanical": null, "landuse:urban_green": null, "operator:description": null, "urban_green:cultivation": null, "urban_green:cultivation_consumer": null, "urban_green:cultivation_sale": null, "urban_green:cultivation_type": null, "urban_green:dimension_sqm": null, "urban_green:fence": null, "urban_green:number_of_caretakers": null, "urban_green:owner_hours_week": null, "watsan:other": null, "watsan:other_description": null, "watsan:water_availability": null, "urban_green:owner_distance": null, "watsan:urban_agriculture": null, "urban_green:cultivation_consumer_description": null, "urban_green:cultivation_supplies_purchase": null, "amenity": null, "denotation": null, "leaf_cycle": null, "leaf_type": null, "ele": null, "wood": null, "description": null, "trees": null, "circumference": null, "fixme": null, "genus": null, "short_name": null, "species:wikidata": null, "species:wikipedia": null, "golf": null, "created_by": null, "security": null, "security:black_spot": null, "security:description": null, "sercurity": null, "basin": null, "intermittent": null, "landuse": null, "reservoir_type": null, "man_made": null, "note": null, "salt": null, "tidal": null, "wetland": null, "leisure": null, "colour": null, "addr:city": null, "addr:housenumber": null, "addr:street": null }, "geometry": { "type": "Polygon", "coordinates": [ [ [ 36.8166711, -1.2900872 ], [ 36.8166858, -1.2899991 ], [ 36.8166837, -1.2899676 ], [ 36.8166564, -1.2899362 ], [ 36.8166229, -1.2899089 ], [ 36.8165452, -1.2898795 ], [ 36.8164613, -1.2898565 ], [ 36.8163396, -1.2898271 ], [ 36.8162452, -1.2898061 ], [ 36.8161843, -1.2898061 ], [ 36.8161486, -1.2898313 ], [ 36.8161402, -1.2898858 ], [ 36.8161423, -1.2899551 ], [ 36.8161717, -1.2900054 ], [ 36.8162137, -1.2900809 ], [ 36.816262, -1.2901564 ], [ 36.8163102, -1.2902089 ], [ 36.8163564, -1.2902467 ], [ 36.8164319, -1.2902655 ], [ 36.8165284, -1.2902928 ], [ 36.8165977, -1.290276 ], [ 36.8166313, -1.2902236 ], [ 36.8166522, -1.2901522 ], [ 36.8166544, -1.2901448 ], [ 36.8166711, -1.2900872 ] ] ] } },
{ "type": "Feature", "properties": { "element": "way", "id": 1281827282, "natural": "water", "water": "river", "name": null, "notes": null, "name:ko": null, "species": null, "height": null, "source": null, "type": null, "name:botanical": null, "landuse:urban_green": null, "operator:description": null, "urban_green:cultivation": null, "urban_green:cultivation_consumer": null, "urban_green:cultivation_sale": null, "urban_green:cultivation_type": null, "urban_green:dimension_sqm": null, "urban_green:fence": null, "urban_green:number_of_caretakers": null, "urban_green:owner_hours_week": null, "watsan:other": null, "watsan:other_description": null, "watsan:water_availability": null, "urban_green:owner_distance": null, "watsan:urban_agriculture": null, "urban_green:cultivation_consumer_description": null, "urban_green:cultivation_supplies_purchase": null, "amenity": null, "denotation": null, "leaf_cycle": null, "leaf_type": null, "ele": null, "wood": null, "description": null, "trees": null, "circumference": null, "fixme": null, "genus": null, "short_name": null, "species:wikidata": null, "species:wikipedia": null, "golf": null, "created_by": null, "security": null, "security:black_spot": null, "security:description": null, "sercurity": null, "basin": null, "intermittent": null, "landuse": null, "reservoir_type": null, "man_made": null, "note": null, "salt": null, "tidal": null, "wetland": null, "leisure": null, "colour": null, "addr:city": null, "addr:housenumber": null, "addr:street": null }, "geometry": { "type": "Polygon", "coordinates": [ [ [ 36.8149963, -1.2884341 ], [ 36.814959, -1.2883565 ], [ 36.8151098, -1.2883292 ], [ 36.8153219, -1.2883292 ], [ 36.8155469, -1.2883453 ], [ 36.8157269, -1.2883774 ], [ 36.8160322, -1.288461 ], [ 36.8162893, -1.2885574 ], [ 36.816495, -1.2886248 ], [ 36.8165811, -1.2886846 ], [ 36.8165427, -1.2887508 ], [ 36.8164821, -1.288763 ], [ 36.8163953, -1.2887051 ], [ 36.8163061, -1.2886746 ], [ 36.8161414, -1.2886184 ], [ 36.8159358, -1.2885477 ], [ 36.8157301, -1.2884931 ], [ 36.8155726, -1.2884513 ], [ 36.8153766, -1.2884288 ], [ 36.8151613, -1.2884256 ], [ 36.8149963, -1.2884341 ] ] ] } },
{ "type": "Feature", "properties": { "element": "way", "id": 1281837086, "natural": "water", "water": "pond", "name": null, "notes": null, "name:ko": null, "species": null, "height": null, "source": null, "type": null, "name:botanical": null, "landuse:urban_green": null, "operator:description": null, "urban_green:cultivation": null, "urban_green:cultivation_consumer": null, "urban_green:cultivation_sale": null, "urban_green:cultivation_type": null, "urban_green:dimension_sqm": null, "urban_green:fence": null, "urban_green:number_of_caretakers": null, "urban_green:owner_hours_week": null, "watsan:other": null, "watsan:other_description": null, "watsan:water_availability": null, "urban_green:owner_distance": null, "watsan:urban_agriculture": null, "urban_green:cultivation_consumer_description": null, "urban_green:cultivation_supplies_purchase": null, "amenity": null, "denotation": null, "leaf_cycle": null, "leaf_type": null, "ele": null, "wood": null, "description": null, "trees": null, "circumference": null, "fixme": null, "genus": null, "short_name": null, "species:wikidata": null, "species:wikipedia": null, "golf": null, "created_by": null, "security": null, "security:black_spot": null, "security:description": null, "sercurity": null, "basin": null, "intermittent": null, "landuse": null, "reservoir_type": null, "man_made": null, "note": null, "salt": null, "tidal": null, "wetland": null, "leisure": null, "colour": null, "addr:city": null, "addr:housenumber": null, "addr:street": null }, "geometry": { "type": "Polygon", "coordinates": [ [ [ 36.8157516, -1.2901903 ], [ 36.8158209, -1.2901532 ], [ 36.8158556, -1.290225 ], [ 36.8157788, -1.2902646 ], [ 36.8159026, -1.2905368 ], [ 36.8159595, -1.2905021 ], [ 36.8159793, -1.2905516 ], [ 36.8159348, -1.2905838 ], [ 36.8161402, -1.2909872 ], [ 36.816217, -1.290955 ], [ 36.8162442, -1.2910193 ], [ 36.8161353, -1.2910812 ], [ 36.8161109, -1.2910315 ], [ 36.8157364, -1.2902673 ], [ 36.8157095, -1.2902126 ], [ 36.8157516, -1.2901903 ] ] ] } },
{ "type": "Feature", "properties": { "element": "way", "id": 1281837087, "natural": "water", "water": "pond", "name": "Fountain", "notes": null, "name:ko": null, "species": null, "height": null, "source": null, "type": null, "name:botanical": null, "landuse:urban_green": null, "operator:description": null, "urban_green:cultivation": null, "urban_green:cultivation_consumer": null, "urban_green:cultivation_sale": null, "urban_green:cultivation_type": null, "urban_green:dimension_sqm": null, "urban_green:fence": null, "urban_green:number_of_caretakers": null, "urban_green:owner_hours_week": null, "watsan:other": null, "watsan:other_description": null, "watsan:water_availability": null, "urban_green:owner_distance": null, "watsan:urban_agriculture": null, "urban_green:cultivation_consumer_description": null, "urban_green:cultivation_supplies_purchase": null, "amenity": null, "denotation": null, "leaf_cycle": null, "leaf_type": null, "ele": null, "wood": null, "description": null, "trees": null, "circumference": null, "fixme": null, "genus": null, "short_name": null, "species:wikidata": null, "species:wikipedia": null, "golf": null, "created_by": null, "security": null, "security:black_spot": null, "security:description": null, "sercurity": null, "basin": null, "intermittent": null, "landuse": null, "reservoir_type": null, "man_made": null, "note": null, "salt": null, "tidal": null, "wetland": null, "leisure": null, "colour": null, "addr:city": null, "addr:housenumber": null, "addr:street": null }, "geometry": { "type": "Polygon", "coordinates": [ [ [ 36.8157516, -1.2901903 ], [ 36.8156823, -1.2901854 ], [ 36.8156452, -1.2902175 ], [ 36.8155932, -1.2902893 ], [ 36.8155239, -1.2903116 ], [ 36.8154793, -1.2903437 ], [ 36.8153877, -1.2904007 ], [ 36.8153605, -1.2904106 ], [ 36.8153036, -1.2904403 ], [ 36.8153036, -1.2904799 ], [ 36.8152615, -1.290512 ], [ 36.815212, -1.2905516 ], [ 36.8151897, -1.2906036 ], [ 36.8151724, -1.2906754 ], [ 36.8151622, -1.2906994 ], [ 36.8152293, -1.2908461 ], [ 36.815275, -1.2909397 ], [ 36.815358, -1.2909921 ], [ 36.8154051, -1.2910169 ], [ 36.8154744, -1.2910762 ], [ 36.8155412, -1.2911332 ], [ 36.8156328, -1.2911752 ], [ 36.815719, -1.2911891 ], [ 36.815764, -1.2911975 ], [ 36.815868, -1.2911827 ], [ 36.8159719, -1.2911356 ], [ 36.816028, -1.2911125 ], [ 36.8160982, -1.2910985 ], [ 36.8161353, -1.2910812 ], [ 36.8161109, -1.2910315 ], [ 36.8160363, -1.291054 ], [ 36.8159298, -1.2910787 ], [ 36.8158333, -1.2911302 ], [ 36.8158062, -1.2911418 ], [ 36.8157374, -1.2911463 ], [ 36.8156576, -1.2911158 ], [ 36.8155511, -1.2910589 ], [ 36.8155016, -1.2910193 ], [ 36.8154348, -1.2909773 ], [ 36.815358, -1.2909327 ], [ 36.8152764, -1.2907917 ], [ 36.8152516, -1.2907026 ], [ 36.8152442, -1.2906283 ], [ 36.8152615, -1.2905838 ], [ 36.8153184, -1.2905566 ], [ 36.8153634, -1.2905122 ], [ 36.8154001, -1.2904576 ], [ 36.8154942, -1.2904081 ], [ 36.815566, -1.2903858 ], [ 36.8156056, -1.2903611 ], [ 36.81566, -1.2903413 ], [ 36.8156798, -1.2902571 ], [ 36.8157364, -1.2902673 ], [ 36.8157516, -1.2901903 ] ] ] } },
{ "type": "Feature", "properties": { "element": "way", "id": 1281837094, "natural": "water", "water": "pond", "name": null, "notes": null, "name:ko": null, "species": null, "height": null, "source": null, "type": null, "name:botanical": null, "landuse:urban_green": null, "operator:description": null, "urban_green:cultivation": null, "urban_green:cultivation_consumer": null, "urban_green:cultivation_sale": null, "urban_green:cultivation_type": null, "urban_green:dimension_sqm": null, "urban_green:fence": null, "urban_green:number_of_caretakers": null, "urban_green:owner_hours_week": null, "watsan:other": null, "watsan:other_description": null, "watsan:water_availability": null, "urban_green:owner_distance": null, "watsan:urban_agriculture": null, "urban_green:cultivation_consumer_description": null, "urban_green:cultivation_supplies_purchase": null, "amenity": null, "denotation": null, "leaf_cycle": null, "leaf_type": null, "ele": null, "wood": null, "description": null, "trees": null, "circumference": null, "fixme": null, "genus": null, "short_name": null, "species:wikidata": null, "species:wikipedia": null, "golf": null, "created_by": null, "security": null, "security:black_spot": null, "security:description": null, "sercurity": null, "basin": null, "intermittent": null, "landuse": null, "reservoir_type": null, "man_made": null, "note": null, "salt": null, "tidal": null, "wetland": null, "leisure": null, "colour": null, "addr:city": null, "addr:housenumber": null, "addr:street": null }, "geometry": { "type": "Polygon", "coordinates": [ [ [ 36.8185352, -1.2900669 ], [ 36.8185371, -1.2900702 ], [ 36.8185378, -1.290074 ], [ 36.8185373, -1.2900778 ], [ 36.8185356, -1.2900813 ], [ 36.8185328, -1.290084 ], [ 36.8185294, -1.2900857 ], [ 36.8185255, -1.2900861 ], [ 36.8185217, -1.2900853 ], [ 36.8185183, -1.2900833 ], [ 36.8185158, -1.2900803 ], [ 36.8185144, -1.2900766 ], [ 36.8185143, -1.2900726 ], [ 36.8185155, -1.2900689 ], [ 36.8185179, -1.2900658 ], [ 36.8185212, -1.2900636 ], [ 36.8185249, -1.2900626 ], [ 36.8185287, -1.2900628 ], [ 36.8185323, -1.2900643 ], [ 36.8185352, -1.2900669 ] ] ] } },
{ "type": "Feature", "properties": { "element": "way", "id": 1281837108, "natural": "water", "water": "river", "name": null, "notes": null, "name:ko": null, "species": null, "height": null, "source": null, "type": null, "name:botanical": null, "landuse:urban_green": null, "operator:description": null, "urban_green:cultivation": null, "urban_green:cultivation_consumer": null, "urban_green:cultivation_sale": null, "urban_green:cultivation_type": null, "urban_green:dimension_sqm": null, "urban_green:fence": null, "urban_green:number_of_caretakers": null, "urban_green:owner_hours_week": null, "watsan:other": null, "watsan:other_description": null, "watsan:water_availability": null, "urban_green:owner_distance": null, "watsan:urban_agriculture": null, "urban_green:cultivation_consumer_description": null, "urban_green:cultivation_supplies_purchase": null, "amenity": null, "denotation": null, "leaf_cycle": null, "leaf_type": null, "ele": null, "wood": null, "description": null, "trees": null, "circumference": null, "fixme": null, "genus": null, "short_name": null, "species:wikidata": null, "species:wikipedia": null, "golf": null, "created_by": null, "security": null, "security:black_spot": null, "security:description": null, "sercurity": null, "basin": null, "intermittent": null, "landuse": null, "reservoir_type": null, "man_made": null, "note": null, "salt": null, "tidal": null, "wetland": null, "leisure": null, "colour": null, "addr:city": null, "addr:housenumber": null, "addr:street": null }, "geometry": { "type": "Polygon", "coordinates": [ [ [ 36.8166711, -1.2900872 ], [ 36.8169019, -1.2901372 ], [ 36.8168912, -1.2901928 ], [ 36.8166544, -1.2901448 ], [ 36.8166711, -1.2900872 ] ] ] } },
{ "type": "Feature", "properties": { "element": "way", "id": 1281841229, "natural": "water", "water": "pond", "name": null, "notes": null, "name:ko": null, "species": null, "height": null, "source": null, "type": null, "name:botanical": null, "landuse:urban_green": null, "operator:description": null, "urban_green:cultivation": null, "urban_green:cultivation_consumer": null, "urban_green:cultivation_sale": null, "urban_green:cultivation_type": null, "urban_green:dimension_sqm": null, "urban_green:fence": null, "urban_green:number_of_caretakers": null, "urban_green:owner_hours_week": null, "watsan:other": null, "watsan:other_description": null, "watsan:water_availability": null, "urban_green:owner_distance": null, "watsan:urban_agriculture": null, "urban_green:cultivation_consumer_description": null, "urban_green:cultivation_supplies_purchase": null, "amenity": null, "denotation": null, "leaf_cycle": null, "leaf_type": null, "ele": null, "wood": null, "description": null, "trees": null, "circumference": null, "fixme": null, "genus": null, "short_name": null, "species:wikidata": null, "species:wikipedia": null, "golf": null, "created_by": null, "security": null, "security:black_spot": null, "security:description": null, "sercurity": null, "basin": null, "intermittent": null, "landuse": null, "reservoir_type": null, "man_made": null, "note": null, "salt": null, "tidal": null, "wetland": null, "leisure": null, "colour": null, "addr:city": null, "addr:housenumber": null, "addr:street": null }, "geometry": { "type": "Polygon", "coordinates": [ [ [ 36.8198065, -1.2812043 ], [ 36.819805, -1.2812735 ], [ 36.8197806, -1.2813384 ], [ 36.819736, -1.2813914 ], [ 36.8196763, -1.2814267 ], [ 36.8196083, -1.2814401 ], [ 36.8195428, -1.2814312 ], [ 36.8194836, -1.2814021 ], [ 36.8194366, -1.2813557 ], [ 36.8194068, -1.2812968 ], [ 36.8193971, -1.2812315 ], [ 36.8194086, -1.2811665 ], [ 36.8194401, -1.2811085 ], [ 36.8194884, -1.2810634 ], [ 36.8195484, -1.281036 ], [ 36.8196174, -1.2810291 ], [ 36.8196847, -1.2810456 ], [ 36.8197428, -1.2810834 ], [ 36.819785, -1.2811384 ], [ 36.8198065, -1.2812043 ] ] ] } },
{ "type": "Feature", "properties": { "element": "way", "id": 1288661265, "natural": "water", "water": "river", "name": null, "notes": null, "name:ko": null, "species": null, "height": null, "source": null, "type": null, "name:botanical": null, "landuse:urban_green": null, "operator:description": null, "urban_green:cultivation": null, "urban_green:cultivation_consumer": null, "urban_green:cultivation_sale": null, "urban_green:cultivation_type": null, "urban_green:dimension_sqm": null, "urban_green:fence": null, "urban_green:number_of_caretakers": null, "urban_green:owner_hours_week": null, "watsan:other": null, "watsan:other_description": null, "watsan:water_availability": null, "urban_green:owner_distance": null, "watsan:urban_agriculture": null, "urban_green:cultivation_consumer_description": null, "urban_green:cultivation_supplies_purchase": null, "amenity": null, "denotation": null, "leaf_cycle": null, "leaf_type": null, "ele": null, "wood": null, "description": null, "trees": null, "circumference": null, "fixme": null, "genus": null, "short_name": null, "species:wikidata": null, "species:wikipedia": null, "golf": null, "created_by": null, "security": null, "security:black_spot": null, "security:description": null, "sercurity": null, "basin": null, "intermittent": null, "landuse": null, "reservoir_type": null, "man_made": null, "note": null, "salt": null, "tidal": null, "wetland": null, "leisure": null, "colour": null, "addr:city": null, "addr:housenumber": null, "addr:street": null }, "geometry": { "type": "Polygon", "coordinates": [ [ [ 36.9705903, -1.2507844 ], [ 36.9703352, -1.2505504 ], [ 36.9702293, -1.2503345 ], [ 36.9699436, -1.2501093 ], [ 36.9696701, -1.2498585 ], [ 36.9692329, -1.2497365 ], [ 36.9690196, -1.2496011 ], [ 36.9688801, -1.2494161 ], [ 36.9688359, -1.2492512 ], [ 36.9688828, -1.2490621 ], [ 36.968978, -1.248928 ], [ 36.9693053, -1.2487457 ], [ 36.9695561, -1.2485003 ], [ 36.969662, -1.2483864 ], [ 36.9698471, -1.2482107 ], [ 36.969941, -1.2481115 ], [ 36.9699557, -1.2479841 ], [ 36.9699705, -1.2477723 ], [ 36.9699128, -1.2475189 ], [ 36.9697854, -1.2473191 ], [ 36.9695708, -1.2471528 ], [ 36.9692959, -1.2470214 ], [ 36.9691256, -1.2469678 ], [ 36.9688466, -1.2469182 ], [ 36.9686146, -1.2469155 ], [ 36.9683987, -1.2469745 ], [ 36.9678368, -1.2470912 ], [ 36.9676463, -1.2471676 ], [ 36.9674572, -1.2472789 ], [ 36.9672547, -1.2473513 ], [ 36.9669262, -1.2473861 ], [ 36.966273, -1.2473942 ], [ 36.9656749, -1.2473835 ], [ 36.9656628, -1.2475886 ], [ 36.9658841, -1.2476328 ], [ 36.9661859, -1.2475899 ], [ 36.9670737, -1.2475832 ], [ 36.967413, -1.247539 ], [ 36.9677442, -1.2473969 ], [ 36.9680835, -1.2472212 ], [ 36.9683142, -1.2471595 ], [ 36.9685985, -1.2471515 ], [ 36.9689123, -1.247181 ], [ 36.9693831, -1.2473057 ], [ 36.9696137, -1.2475028 ], [ 36.9696861, -1.2477213 ], [ 36.9696419, -1.2479533 ], [ 36.9695011, -1.2482054 ], [ 36.9693871, -1.2483354 ], [ 36.9691363, -1.2485486 ], [ 36.9688091, -1.2487551 ], [ 36.9686991, -1.2489361 ], [ 36.9686347, -1.249168 ], [ 36.9686455, -1.2493195 ], [ 36.9687273, -1.2495716 ], [ 36.9688439, -1.2497124 ], [ 36.9690518, -1.2498357 ], [ 36.9693938, -1.2499738 ], [ 36.9696379, -1.2501052 ], [ 36.9699088, -1.2503533 ], [ 36.9701569, -1.2506885 ], [ 36.9703661, -1.2509513 ], [ 36.9705333, -1.2510355 ], [ 36.9706759, -1.2511135 ], [ 36.9709092, -1.2511779 ], [ 36.9711694, -1.2511779 ], [ 36.971451, -1.2510411 ], [ 36.97162, -1.2508802 ], [ 36.9717005, -1.250789 ], [ 36.9718842, -1.2504646 ], [ 36.972021, -1.2503533 ], [ 36.9722101, -1.2502246 ], [ 36.9723321, -1.250112 ], [ 36.9725507, -1.2498746 ], [ 36.9728753, -1.2497084 ], [ 36.9731945, -1.2495877 ], [ 36.9735432, -1.249459 ], [ 36.9737316, -1.2493564 ], [ 36.9738141, -1.2492532 ], [ 36.9739884, -1.2489455 ], [ 36.9738677, -1.2489187 ], [ 36.9737276, -1.24917 ], [ 36.9736324, -1.2492952 ], [ 36.9733634, -1.2493982 ], [ 36.973104, -1.2494717 ], [ 36.9728981, -1.2495193 ], [ 36.972709, -1.2495689 ], [ 36.9724488, -1.2497566 ], [ 36.9722584, -1.2499551 ], [ 36.9720304, -1.2500771 ], [ 36.9719151, -1.2501642 ], [ 36.9717087, -1.2503618 ], [ 36.9714069, -1.2507723 ], [ 36.9712045, -1.2509045 ], [ 36.970928, -1.2509633 ], [ 36.9707617, -1.250899 ], [ 36.9705903, -1.2507844 ] ] ] } },
{ "type": "Feature", "properties": { "element": "way", "id": 1298633782, "natural": "water", "water": null, "name": null, "notes": null, "name:ko": null, "species": null, "height": null, "source": null, "type": null, "name:botanical": null, "landuse:urban_green": null, "operator:description": null, "urban_green:cultivation": null, "urban_green:cultivation_consumer": null, "urban_green:cultivation_sale": null, "urban_green:cultivation_type": null, "urban_green:dimension_sqm": null, "urban_green:fence": null, "urban_green:number_of_caretakers": null, "urban_green:owner_hours_week": null, "watsan:other": null, "watsan:other_description": null, "watsan:water_availability": null, "urban_green:owner_distance": null, "watsan:urban_agriculture": null, "urban_green:cultivation_consumer_description": null, "urban_green:cultivation_supplies_purchase": null, "amenity": null, "denotation": null, "leaf_cycle": null, "leaf_type": null, "ele": null, "wood": null, "description": null, "trees": null, "circumference": null, "fixme": null, "genus": null, "short_name": null, "species:wikidata": null, "species:wikipedia": null, "golf": null, "created_by": null, "security": null, "security:black_spot": null, "security:description": null, "sercurity": null, "basin": null, "intermittent": null, "landuse": null, "reservoir_type": null, "man_made": null, "note": null, "salt": null, "tidal": null, "wetland": null, "leisure": null, "colour": null, "addr:city": null, "addr:housenumber": null, "addr:street": null }, "geometry": { "type": "Polygon", "coordinates": [ [ [ 36.9811576, -1.2472841 ], [ 36.9811766, -1.2472563 ], [ 36.9811957, -1.2472241 ], [ 36.9812206, -1.247205 ], [ 36.9812513, -1.2471933 ], [ 36.9812908, -1.2471919 ], [ 36.9813201, -1.2471977 ], [ 36.9813406, -1.2472021 ], [ 36.9813406, -1.2472197 ], [ 36.9813494, -1.2472372 ], [ 36.9813567, -1.2472504 ], [ 36.9813567, -1.2472694 ], [ 36.9813553, -1.2472899 ], [ 36.9813553, -1.2473016 ], [ 36.9813494, -1.2473148 ], [ 36.9813304, -1.2473221 ], [ 36.9813187, -1.2473295 ], [ 36.9811576, -1.2472841 ] ] ] } },
{ "type": "Feature", "properties": { "element": "way", "id": 1298633783, "natural": "water", "water": null, "name": null, "notes": null, "name:ko": null, "species": null, "height": null, "source": null, "type": null, "name:botanical": null, "landuse:urban_green": null, "operator:description": null, "urban_green:cultivation": null, "urban_green:cultivation_consumer": null, "urban_green:cultivation_sale": null, "urban_green:cultivation_type": null, "urban_green:dimension_sqm": null, "urban_green:fence": null, "urban_green:number_of_caretakers": null, "urban_green:owner_hours_week": null, "watsan:other": null, "watsan:other_description": null, "watsan:water_availability": null, "urban_green:owner_distance": null, "watsan:urban_agriculture": null, "urban_green:cultivation_consumer_description": null, "urban_green:cultivation_supplies_purchase": null, "amenity": null, "denotation": null, "leaf_cycle": null, "leaf_type": null, "ele": null, "wood": null, "description": null, "trees": null, "circumference": null, "fixme": null, "genus": null, "short_name": null, "species:wikidata": null, "species:wikipedia": null, "golf": null, "created_by": null, "security": null, "security:black_spot": null, "security:description": null, "sercurity": null, "basin": null, "intermittent": null, "landuse": null, "reservoir_type": null, "man_made": null, "note": null, "salt": null, "tidal": null, "wetland": null, "leisure": null, "colour": null, "addr:city": null, "addr:housenumber": null, "addr:street": null }, "geometry": { "type": "Polygon", "coordinates": [ [ [ 36.9814709, -1.2472402 ], [ 36.9814885, -1.2472431 ], [ 36.9815002, -1.2472563 ], [ 36.9815222, -1.2472621 ], [ 36.9815339, -1.2472636 ], [ 36.9815471, -1.2472694 ], [ 36.9815441, -1.2472855 ], [ 36.9815441, -1.2472973 ], [ 36.9815588, -1.2472973 ], [ 36.981569, -1.2473046 ], [ 36.9815749, -1.2473163 ], [ 36.9815764, -1.2473324 ], [ 36.9815632, -1.2473368 ], [ 36.9815441, -1.2473353 ], [ 36.9815207, -1.2473339 ], [ 36.9815002, -1.2473265 ], [ 36.9814724, -1.2473148 ], [ 36.9814563, -1.2473046 ], [ 36.9814519, -1.2472768 ], [ 36.9814709, -1.2472402 ] ] ] } },
{ "type": "Feature", "properties": { "element": "way", "id": 1298633784, "natural": "water", "water": null, "name": null, "notes": null, "name:ko": null, "species": null, "height": null, "source": null, "type": null, "name:botanical": null, "landuse:urban_green": null, "operator:description": null, "urban_green:cultivation": null, "urban_green:cultivation_consumer": null, "urban_green:cultivation_sale": null, "urban_green:cultivation_type": null, "urban_green:dimension_sqm": null, "urban_green:fence": null, "urban_green:number_of_caretakers": null, "urban_green:owner_hours_week": null, "watsan:other": null, "watsan:other_description": null, "watsan:water_availability": null, "urban_green:owner_distance": null, "watsan:urban_agriculture": null, "urban_green:cultivation_consumer_description": null, "urban_green:cultivation_supplies_purchase": null, "amenity": null, "denotation": null, "leaf_cycle": null, "leaf_type": null, "ele": null, "wood": null, "description": null, "trees": null, "circumference": null, "fixme": null, "genus": null, "short_name": null, "species:wikidata": null, "species:wikipedia": null, "golf": null, "created_by": null, "security": null, "security:black_spot": null, "security:description": null, "sercurity": null, "basin": null, "intermittent": null, "landuse": null, "reservoir_type": null, "man_made": null, "note": null, "salt": null, "tidal": null, "wetland": null, "leisure": null, "colour": null, "addr:city": null, "addr:housenumber": null, "addr:street": null }, "geometry": { "type": "Polygon", "coordinates": [ [ [ 36.980304, -1.2470499 ], [ 36.9803201, -1.247025 ], [ 36.9803435, -1.2470118 ], [ 36.9803567, -1.2469899 ], [ 36.9803684, -1.2469664 ], [ 36.9803787, -1.2469518 ], [ 36.9803889, -1.2469298 ], [ 36.980405, -1.2469093 ], [ 36.9804153, -1.2468903 ], [ 36.980427, -1.2468684 ], [ 36.9804343, -1.2468566 ], [ 36.980446, -1.2468332 ], [ 36.980424, -1.2468347 ], [ 36.9804035, -1.2468391 ], [ 36.9803831, -1.2468669 ], [ 36.9803596, -1.2468742 ], [ 36.9803494, -1.2468918 ], [ 36.9803406, -1.2469064 ], [ 36.980323, -1.2469211 ], [ 36.9803098, -1.246943 ], [ 36.9802952, -1.2469577 ], [ 36.980285, -1.2469723 ], [ 36.9802747, -1.2469855 ], [ 36.9802879, -1.2470191 ], [ 36.980304, -1.2470499 ] ] ] } },
{ "type": "Feature", "properties": { "element": "way", "id": 1298633922, "natural": "water", "water": null, "name": null, "notes": null, "name:ko": null, "species": null, "height": null, "source": null, "type": null, "name:botanical": null, "landuse:urban_green": null, "operator:description": null, "urban_green:cultivation": null, "urban_green:cultivation_consumer": null, "urban_green:cultivation_sale": null, "urban_green:cultivation_type": null, "urban_green:dimension_sqm": null, "urban_green:fence": null, "urban_green:number_of_caretakers": null, "urban_green:owner_hours_week": null, "watsan:other": null, "watsan:other_description": null, "watsan:water_availability": null, "urban_green:owner_distance": null, "watsan:urban_agriculture": null, "urban_green:cultivation_consumer_description": null, "urban_green:cultivation_supplies_purchase": null, "amenity": null, "denotation": null, "leaf_cycle": null, "leaf_type": null, "ele": null, "wood": null, "description": null, "trees": null, "circumference": null, "fixme": null, "genus": null, "short_name": null, "species:wikidata": null, "species:wikipedia": null, "golf": null, "created_by": null, "security": null, "security:black_spot": null, "security:description": null, "sercurity": null, "basin": null, "intermittent": null, "landuse": null, "reservoir_type": null, "man_made": null, "note": null, "salt": null, "tidal": null, "wetland": null, "leisure": null, "colour": null, "addr:city": null, "addr:housenumber": null, "addr:street": null }, "geometry": { "type": "Polygon", "coordinates": [ [ [ 36.9820911, -1.2470048 ], [ 36.9820779, -1.2469858 ], [ 36.9820926, -1.2469741 ], [ 36.9821072, -1.2469741 ], [ 36.9821248, -1.2469639 ], [ 36.9821511, -1.2469712 ], [ 36.9821687, -1.2469843 ], [ 36.9821833, -1.2469961 ], [ 36.9821585, -1.2469946 ], [ 36.9821526, -1.2470092 ], [ 36.9821365, -1.2470092 ], [ 36.9821248, -1.2470034 ], [ 36.9821101, -1.2469931 ], [ 36.9820911, -1.2470048 ] ] ] } },
{ "type": "Feature", "properties": { "element": "way", "id": 1298955976, "natural": "water", "water": "pond", "name": null, "notes": null, "name:ko": null, "species": null, "height": null, "source": null, "type": null, "name:botanical": null, "landuse:urban_green": null, "operator:description": null, "urban_green:cultivation": null, "urban_green:cultivation_consumer": null, "urban_green:cultivation_sale": null, "urban_green:cultivation_type": null, "urban_green:dimension_sqm": null, "urban_green:fence": null, "urban_green:number_of_caretakers": null, "urban_green:owner_hours_week": null, "watsan:other": null, "watsan:other_description": null, "watsan:water_availability": null, "urban_green:owner_distance": null, "watsan:urban_agriculture": null, "urban_green:cultivation_consumer_description": null, "urban_green:cultivation_supplies_purchase": null, "amenity": null, "denotation": null, "leaf_cycle": null, "leaf_type": null, "ele": null, "wood": null, "description": null, "trees": null, "circumference": null, "fixme": null, "genus": null, "short_name": null, "species:wikidata": null, "species:wikipedia": null, "golf": null, "created_by": null, "security": null, "security:black_spot": null, "security:description": null, "sercurity": null, "basin": null, "intermittent": null, "landuse": null, "reservoir_type": null, "man_made": null, "note": null, "salt": null, "tidal": null, "wetland": null, "leisure": null, "colour": null, "addr:city": null, "addr:housenumber": null, "addr:street": null }, "geometry": { "type": "Polygon", "coordinates": [ [ [ 36.9787378, -1.2476036 ], [ 36.9787717, -1.2475975 ], [ 36.9787994, -1.2475728 ], [ 36.9788117, -1.2475497 ], [ 36.9788256, -1.2475405 ], [ 36.9788348, -1.2475143 ], [ 36.9788348, -1.2474927 ], [ 36.9788425, -1.2474773 ], [ 36.9788656, -1.2474619 ], [ 36.9788949, -1.2474496 ], [ 36.9789103, -1.2474373 ], [ 36.9789288, -1.2474419 ], [ 36.9789627, -1.2474096 ], [ 36.978975, -1.2473803 ], [ 36.9789627, -1.2473556 ], [ 36.9789519, -1.2473418 ], [ 36.9789504, -1.2473171 ], [ 36.9789442, -1.247291 ], [ 36.9789149, -1.2472833 ], [ 36.9788949, -1.2472833 ], [ 36.9788733, -1.2472863 ], [ 36.9788317, -1.2473233 ], [ 36.9788548, -1.2473772 ], [ 36.9788533, -1.2473911 ], [ 36.978841, -1.2473865 ], [ 36.9788271, -1.2473618 ], [ 36.9788163, -1.2473449 ], [ 36.9787963, -1.2473279 ], [ 36.9787778, -1.2473279 ], [ 36.9787563, -1.2473387 ], [ 36.9787347, -1.2473433 ], [ 36.9787193, -1.2473633 ], [ 36.9787147, -1.2473988 ], [ 36.978727, -1.2474188 ], [ 36.9787455, -1.2474388 ], [ 36.9787717, -1.2474619 ], [ 36.9787593, -1.2474742 ], [ 36.9787362, -1.2474758 ], [ 36.9787285, -1.2474573 ], [ 36.9787254, -1.247485 ], [ 36.9787162, -1.2475174 ], [ 36.9787039, -1.2475158 ], [ 36.9786869, -1.2475158 ], [ 36.9786823, -1.2474927 ], [ 36.9786669, -1.2474819 ], [ 36.9786546, -1.2474973 ], [ 36.9786515, -1.2475112 ], [ 36.9786346, -1.2475235 ], [ 36.978613, -1.2474943 ], [ 36.9786053, -1.2474819 ], [ 36.9786037, -1.2474635 ], [ 36.978596, -1.2474419 ], [ 36.9785791, -1.2474588 ], [ 36.9785652, -1.2474404 ], [ 36.9785606, -1.2474296 ], [ 36.9785437, -1.2474265 ], [ 36.9785144, -1.2474265 ], [ 36.9784974, -1.2474311 ], [ 36.9784682, -1.2474511 ], [ 36.9784543, -1.247465 ], [ 36.9784389, -1.247465 ], [ 36.9784173, -1.247465 ], [ 36.9783773, -1.2474665 ], [ 36.9783588, -1.2474789 ], [ 36.978365, -1.2474912 ], [ 36.9783511, -1.2475081 ], [ 36.9782907, -1.2475562 ], [ 36.9782623, -1.2475491 ], [ 36.9782376, -1.2475792 ], [ 36.9782146, -1.2475863 ], [ 36.978211, -1.2476128 ], [ 36.9781925, -1.2475598 ], [ 36.9782433, -1.2475415 ], [ 36.9782575, -1.2475131 ], [ 36.9782392, -1.2475029 ], [ 36.9782148, -1.2474826 ], [ 36.9782148, -1.2474582 ], [ 36.978227, -1.2474338 ], [ 36.9782535, -1.2474155 ], [ 36.978227, -1.247385 ], [ 36.9781925, -1.2473485 ], [ 36.978126, -1.2473286 ], [ 36.9780747, -1.2473215 ], [ 36.9780818, -1.2473675 ], [ 36.9780906, -1.2474011 ], [ 36.9781048, -1.2474224 ], [ 36.9781083, -1.2474578 ], [ 36.9781083, -1.247479 ], [ 36.9781225, -1.2475374 ], [ 36.9781349, -1.2475551 ], [ 36.9781083, -1.2476276 ], [ 36.9780747, -1.2476966 ], [ 36.9780586, -1.2477595 ], [ 36.9781053, -1.2478202 ], [ 36.9781147, -1.2478925 ], [ 36.978117, -1.2479345 ], [ 36.9781287, -1.2479812 ], [ 36.9781777, -1.2480326 ], [ 36.9782342, -1.2480413 ], [ 36.9782993, -1.2480555 ], [ 36.9783623, -1.2480616 ], [ 36.9784802, -1.2481104 ], [ 36.9785859, -1.2481266 ], [ 36.9786652, -1.2481063 ], [ 36.9786875, -1.248088 ], [ 36.9786591, -1.2480291 ], [ 36.9786347, -1.2479762 ], [ 36.9786184, -1.2479254 ], [ 36.9786144, -1.247897 ], [ 36.9786306, -1.2478462 ], [ 36.978592, -1.247769 ], [ 36.9786794, -1.2478279 ], [ 36.9787749, -1.2478929 ], [ 36.9788136, -1.2478523 ], [ 36.978777, -1.2478137 ], [ 36.9787404, -1.2477791 ], [ 36.978716, -1.2477568 ], [ 36.9786855, -1.2477121 ], [ 36.9786144, -1.2476978 ], [ 36.9786347, -1.2476612 ], [ 36.9786408, -1.247647 ], [ 36.9786794, -1.2476247 ], [ 36.9787038, -1.2476145 ], [ 36.9787201, -1.2476104 ], [ 36.9787378, -1.2476036 ] ] ] } },
{ "type": "Feature", "properties": { "element": "way", "id": 1298955977, "natural": "water", "water": "pond", "name": null, "notes": null, "name:ko": null, "species": null, "height": null, "source": null, "type": null, "name:botanical": null, "landuse:urban_green": null, "operator:description": null, "urban_green:cultivation": null, "urban_green:cultivation_consumer": null, "urban_green:cultivation_sale": null, "urban_green:cultivation_type": null, "urban_green:dimension_sqm": null, "urban_green:fence": null, "urban_green:number_of_caretakers": null, "urban_green:owner_hours_week": null, "watsan:other": null, "watsan:other_description": null, "watsan:water_availability": null, "urban_green:owner_distance": null, "watsan:urban_agriculture": null, "urban_green:cultivation_consumer_description": null, "urban_green:cultivation_supplies_purchase": null, "amenity": null, "denotation": null, "leaf_cycle": null, "leaf_type": null, "ele": null, "wood": null, "description": null, "trees": null, "circumference": null, "fixme": null, "genus": null, "short_name": null, "species:wikidata": null, "species:wikipedia": null, "golf": null, "created_by": null, "security": null, "security:black_spot": null, "security:description": null, "sercurity": null, "basin": null, "intermittent": null, "landuse": null, "reservoir_type": null, "man_made": null, "note": null, "salt": null, "tidal": null, "wetland": null, "leisure": null, "colour": null, "addr:city": null, "addr:housenumber": null, "addr:street": null }, "geometry": { "type": "Polygon", "coordinates": [ [ [ 36.9781082, -1.2473036 ], [ 36.9780747, -1.2473215 ], [ 36.978033, -1.2472995 ], [ 36.9779781, -1.2472893 ], [ 36.9779781, -1.247269 ], [ 36.9779608, -1.247271 ], [ 36.9779512, -1.2472745 ], [ 36.9779427, -1.2472733 ], [ 36.9779362, -1.2472679 ], [ 36.9779315, -1.2472579 ], [ 36.9779296, -1.2472371 ], [ 36.9779327, -1.2472213 ], [ 36.9779362, -1.2472044 ], [ 36.9779407, -1.2471829 ], [ 36.9779334, -1.2471634 ], [ 36.9779448, -1.247144 ], [ 36.9779659, -1.2471289 ], [ 36.9779733, -1.2471256 ], [ 36.977983, -1.2471242 ], [ 36.9779924, -1.2471242 ], [ 36.9780112, -1.2471229 ], [ 36.9780242, -1.2471192 ], [ 36.9780336, -1.2471199 ], [ 36.9780554, -1.2471229 ], [ 36.9780913, -1.2471246 ], [ 36.978097, -1.2471185 ], [ 36.9781023, -1.2471081 ], [ 36.9781021, -1.2470989 ], [ 36.9780991, -1.2470916 ], [ 36.9780929, -1.2470832 ], [ 36.9780875, -1.2470758 ], [ 36.9780806, -1.247062 ], [ 36.9780833, -1.2470597 ], [ 36.9780864, -1.2470539 ], [ 36.9780933, -1.2470454 ], [ 36.9780956, -1.2470396 ], [ 36.9781025, -1.2470327 ], [ 36.9781149, -1.2470277 ], [ 36.9781249, -1.2470281 ], [ 36.9781418, -1.2470258 ], [ 36.9781568, -1.2470246 ], [ 36.9781688, -1.2470231 ], [ 36.9781844, -1.2470239 ], [ 36.9781915, -1.2470243 ], [ 36.9781981, -1.2470343 ], [ 36.978207, -1.2470376 ], [ 36.9782112, -1.2470345 ], [ 36.9782156, -1.247031 ], [ 36.9782267, -1.2470307 ], [ 36.9782273, -1.2470288 ], [ 36.9782317, -1.2470261 ], [ 36.9782342, -1.2470226 ], [ 36.97824, -1.2470187 ], [ 36.9782472, -1.2470163 ], [ 36.9782519, -1.2470169 ], [ 36.9782657, -1.2470192 ], [ 36.9782742, -1.2470239 ], [ 36.9782799, -1.2470265 ], [ 36.978286, -1.2470278 ], [ 36.9782951, -1.2470305 ], [ 36.9783034, -1.2470301 ], [ 36.9783124, -1.2470294 ], [ 36.9783206, -1.2470333 ], [ 36.97833, -1.2470359 ], [ 36.9783364, -1.2470406 ], [ 36.9783491, -1.2470408 ], [ 36.9783582, -1.2470359 ], [ 36.9783626, -1.2470359 ], [ 36.9783725, -1.2470359 ], [ 36.9783734, -1.2470262 ], [ 36.9783722, -1.2470192 ], [ 36.9783722, -1.247012 ], [ 36.9783631, -1.2469985 ], [ 36.9783491, -1.2469994 ], [ 36.9783415, -1.2469994 ], [ 36.9783249, -1.2469912 ], [ 36.9783232, -1.2469799 ], [ 36.9783267, -1.2469711 ], [ 36.9783353, -1.2469644 ], [ 36.9783463, -1.2469613 ], [ 36.9783538, -1.2469621 ], [ 36.978363, -1.246959 ], [ 36.9783698, -1.2469563 ], [ 36.9783784, -1.2469525 ], [ 36.978384, -1.2469482 ], [ 36.978388, -1.2469452 ], [ 36.9783961, -1.2469411 ], [ 36.9784018, -1.2469317 ], [ 36.9784043, -1.2469257 ], [ 36.9784063, -1.2469145 ], [ 36.9784046, -1.2469081 ], [ 36.9784031, -1.2469041 ], [ 36.9784018, -1.2468937 ], [ 36.9783948, -1.2468913 ], [ 36.9783859, -1.2468863 ], [ 36.9783777, -1.246887 ], [ 36.9783735, -1.2468885 ], [ 36.9783676, -1.2468936 ], [ 36.9783587, -1.2468958 ], [ 36.9783492, -1.2468978 ], [ 36.9783439, -1.2468932 ], [ 36.9783366, -1.2468907 ], [ 36.9783315, -1.2468857 ], [ 36.9783254, -1.2468815 ], [ 36.9783221, -1.2468802 ], [ 36.9783113, -1.2468788 ], [ 36.9783044, -1.2468781 ], [ 36.978299, -1.2468777 ], [ 36.9782898, -1.2468735 ], [ 36.9782644, -1.2468744 ], [ 36.9782563, -1.2468667 ], [ 36.9782451, -1.2468409 ], [ 36.9782344, -1.2468282 ], [ 36.9782363, -1.2468109 ], [ 36.9782401, -1.2468009 ], [ 36.9782478, -1.2467786 ], [ 36.9782494, -1.2467431 ], [ 36.9782256, -1.2467307 ], [ 36.9782087, -1.2467263 ], [ 36.9781902, -1.2467289 ], [ 36.9781778, -1.2467289 ], [ 36.9781627, -1.2467316 ], [ 36.9781331, -1.246725 ], [ 36.9781216, -1.2467152 ], [ 36.9780796, -1.2467112 ], [ 36.978076, -1.2466971 ], [ 36.9780579, -1.2466849 ], [ 36.9780472, -1.2466813 ], [ 36.978033, -1.2466843 ], [ 36.9780215, -1.2466757 ], [ 36.9780142, -1.2466675 ], [ 36.9780012, -1.2466602 ], [ 36.9779794, -1.2466471 ], [ 36.9779686, -1.2466247 ], [ 36.9779417, -1.2466062 ], [ 36.9779247, -1.246597 ], [ 36.9779055, -1.2465808 ], [ 36.9778793, -1.2465739 ], [ 36.9778508, -1.2465554 ], [ 36.9778331, -1.24655 ], [ 36.9778161, -1.2465431 ], [ 36.9777999, -1.24655 ], [ 36.9777737, -1.2465523 ], [ 36.9777607, -1.2465385 ], [ 36.9777514, -1.2465369 ], [ 36.9777322, -1.2465369 ], [ 36.9776936, -1.2465208 ], [ 36.9776667, -1.2465138 ], [ 36.9776567, -1.2465262 ], [ 36.977639, -1.2465292 ], [ 36.9776289, -1.2465585 ], [ 36.9776313, -1.2465716 ], [ 36.9776274, -1.2465908 ], [ 36.9776035, -1.2465901 ], [ 36.9775681, -1.2465939 ], [ 36.9775481, -1.2465978 ], [ 36.9775256, -1.2465999 ], [ 36.9775112, -1.246616 ], [ 36.9774914, -1.2466214 ], [ 36.9774727, -1.246619 ], [ 36.9774666, -1.2465969 ], [ 36.9774898, -1.2465516 ], [ 36.9775039, -1.2465374 ], [ 36.9775128, -1.2465213 ], [ 36.9775088, -1.2465086 ], [ 36.977506, -1.2464942 ], [ 36.9775041, -1.2464806 ], [ 36.9775073, -1.2464656 ], [ 36.9775154, -1.2464616 ], [ 36.97752, -1.2464579 ], [ 36.9775295, -1.2464616 ], [ 36.9775387, -1.2464573 ], [ 36.9775454, -1.2464483 ], [ 36.9775567, -1.2464405 ], [ 36.9775641, -1.2464308 ], [ 36.977573, -1.246426 ], [ 36.977588, -1.2464245 ], [ 36.977601, -1.2464158 ], [ 36.9776101, -1.2464036 ], [ 36.977621, -1.2463948 ], [ 36.9776292, -1.2463885 ], [ 36.9776389, -1.2463826 ], [ 36.9776481, -1.2463755 ], [ 36.977652, -1.2463677 ], [ 36.9776535, -1.2463627 ], [ 36.9776571, -1.2463559 ], [ 36.9776598, -1.2463486 ], [ 36.9776605, -1.2463442 ], [ 36.9776669, -1.2463355 ], [ 36.9776742, -1.2463288 ], [ 36.9776786, -1.2463216 ], [ 36.9776858, -1.2463146 ], [ 36.9776949, -1.2463089 ], [ 36.9777047, -1.2463027 ], [ 36.9777101, -1.2462936 ], [ 36.9777151, -1.2462852 ], [ 36.9777222, -1.2462804 ], [ 36.9777327, -1.246271 ], [ 36.9777389, -1.2462618 ], [ 36.9777467, -1.2462578 ], [ 36.9777562, -1.2462562 ], [ 36.9777557, -1.2462522 ], [ 36.9777504, -1.2462487 ], [ 36.9777546, -1.2462441 ], [ 36.977759, -1.246237 ], [ 36.9777751, -1.2462332 ], [ 36.9777792, -1.2462291 ], [ 36.9777667, -1.2462277 ], [ 36.9777646, -1.2462175 ], [ 36.9777678, -1.2462105 ], [ 36.9777699, -1.2462058 ], [ 36.9777687, -1.2461941 ], [ 36.9777618, -1.2461991 ], [ 36.9777583, -1.2462137 ], [ 36.9777533, -1.2462242 ], [ 36.9777472, -1.2462306 ], [ 36.9777408, -1.2462402 ], [ 36.9777344, -1.2462291 ], [ 36.9777329, -1.2462177 ], [ 36.9777312, -1.2462037 ], [ 36.9777367, -1.2461906 ], [ 36.9777507, -1.2462005 ], [ 36.9777568, -1.2461964 ], [ 36.977763, -1.246188 ], [ 36.9777557, -1.2461769 ], [ 36.9777496, -1.2461699 ], [ 36.9777376, -1.2461547 ], [ 36.977746, -1.2461448 ], [ 36.9777546, -1.246135 ], [ 36.9777663, -1.2461276 ], [ 36.9777749, -1.2461243 ], [ 36.9777859, -1.2461251 ], [ 36.9777935, -1.2461279 ], [ 36.9778052, -1.2461291 ], [ 36.9778263, -1.246136 ], [ 36.9778407, -1.246138 ], [ 36.9778549, -1.2461474 ], [ 36.9778658, -1.2461601 ], [ 36.9778765, -1.246168 ], [ 36.9778768, -1.2461823 ], [ 36.9778836, -1.2461988 ], [ 36.9778823, -1.2462153 ], [ 36.9778783, -1.2462283 ], [ 36.9778834, -1.2462383 ], [ 36.9778825, -1.2462491 ], [ 36.9778919, -1.2462622 ], [ 36.9779003, -1.2462695 ], [ 36.9779006, -1.2462841 ], [ 36.9779128, -1.2462959 ], [ 36.9779134, -1.2463194 ], [ 36.9779319, -1.2463247 ], [ 36.977953, -1.2463237 ], [ 36.9779806, -1.2463342 ], [ 36.9780029, -1.2463308 ], [ 36.9780287, -1.2463369 ], [ 36.9780406, -1.246345 ], [ 36.9780537, -1.2463585 ], [ 36.9780921, -1.2463714 ], [ 36.9780966, -1.2464086 ], [ 36.9780901, -1.2464386 ], [ 36.9781248, -1.2464509 ], [ 36.978145, -1.2464688 ], [ 36.9781723, -1.2464684 ], [ 36.9781893, -1.2464857 ], [ 36.978231, -1.2465037 ], [ 36.978248, -1.2465191 ], [ 36.9782888, -1.2464874 ], [ 36.9783219, -1.2464402 ], [ 36.9783554, -1.2464371 ], [ 36.9783763, -1.2464722 ], [ 36.9784025, -1.2464874 ], [ 36.9784294, -1.2465052 ], [ 36.9784455, -1.2465159 ], [ 36.9784689, -1.2465173 ], [ 36.9784931, -1.2465327 ], [ 36.9784971, -1.2465528 ], [ 36.9785159, -1.2465622 ], [ 36.9785434, -1.2465381 ], [ 36.9785675, -1.2465209 ], [ 36.9786129, -1.246513 ], [ 36.9786514, -1.2465322 ], [ 36.9787005, -1.2465475 ], [ 36.978704, -1.246582 ], [ 36.9787208, -1.2465873 ], [ 36.9787385, -1.2465793 ], [ 36.9787536, -1.2465607 ], [ 36.9787412, -1.2465439 ], [ 36.9787367, -1.246528 ], [ 36.9787624, -1.2465023 ], [ 36.9787615, -1.2464776 ], [ 36.9787748, -1.2464537 ], [ 36.9788238, -1.2465076 ], [ 36.9789017, -1.2465076 ], [ 36.9789875, -1.2465253 ], [ 36.9790114, -1.2465102 ], [ 36.9790194, -1.2464943 ], [ 36.9790185, -1.246481 ], [ 36.9790105, -1.2464669 ], [ 36.9790043, -1.246458 ], [ 36.9790043, -1.2464793 ], [ 36.9790105, -1.2464855 ], [ 36.9789982, -1.2464961 ], [ 36.9789928, -1.2464766 ], [ 36.9789787, -1.2464713 ], [ 36.9789769, -1.2464589 ], [ 36.9789698, -1.2464421 ], [ 36.9789698, -1.2464227 ], [ 36.9789751, -1.246412 ], [ 36.9789796, -1.2463997 ], [ 36.9789867, -1.2463846 ], [ 36.9789831, -1.2463652 ], [ 36.978982, -1.246341 ], [ 36.9789767, -1.2463224 ], [ 36.9789723, -1.2463118 ], [ 36.9789599, -1.2462932 ], [ 36.9789467, -1.2462791 ], [ 36.9789582, -1.2462693 ], [ 36.9790095, -1.2462596 ], [ 36.9790334, -1.2462578 ], [ 36.9790634, -1.246264 ], [ 36.9791153, -1.246256 ], [ 36.9791398, -1.246249 ], [ 36.9792122, -1.246228 ], [ 36.9792157, -1.2462175 ], [ 36.9792391, -1.2461965 ], [ 36.9792449, -1.2461801 ], [ 36.9793266, -1.2461509 ], [ 36.979371, -1.2461428 ], [ 36.9793874, -1.2461673 ], [ 36.9794257, -1.2462117 ], [ 36.9794715, -1.2462219 ], [ 36.9794999, -1.2462432 ], [ 36.9795192, -1.2462432 ], [ 36.9795385, -1.2462331 ], [ 36.9795538, -1.2462097 ], [ 36.9795944, -1.2462026 ], [ 36.9796097, -1.2461985 ], [ 36.9796705, -1.2462026 ], [ 36.9797394, -1.2461875 ], [ 36.9797709, -1.2461501 ], [ 36.9798083, -1.2461174 ], [ 36.9798433, -1.2461116 ], [ 36.97989, -1.2461093 ], [ 36.97993, -1.2461466 ], [ 36.9799639, -1.2461525 ], [ 36.9799977, -1.246156 ], [ 36.9800129, -1.246163 ], [ 36.9800374, -1.2462155 ], [ 36.9800386, -1.2462528 ], [ 36.9800374, -1.2462773 ], [ 36.9800433, -1.246303 ], [ 36.9800246, -1.2463299 ], [ 36.9800024, -1.2463941 ], [ 36.9799907, -1.2464314 ], [ 36.9799454, -1.2465083 ], [ 36.9799676, -1.2465736 ], [ 36.9799513, -1.246611 ], [ 36.9799197, -1.2466262 ], [ 36.9798871, -1.2466285 ], [ 36.9798298, -1.2466588 ], [ 36.9797796, -1.246646 ], [ 36.9797364, -1.2466378 ], [ 36.9796792, -1.246646 ], [ 36.979615, -1.2466378 ], [ 36.979593, -1.2466669 ], [ 36.9795603, -1.2466728 ], [ 36.9795089, -1.2466494 ], [ 36.9795007, -1.2466284 ], [ 36.9795019, -1.2466074 ], [ 36.9795089, -1.2465922 ], [ 36.9795217, -1.246577 ], [ 36.9795054, -1.2465712 ], [ 36.9794797, -1.2465805 ], [ 36.9794645, -1.246584 ], [ 36.979426, -1.2465945 ], [ 36.9794132, -1.2466132 ], [ 36.97939, -1.2466204 ], [ 36.9793713, -1.2466344 ], [ 36.979355, -1.2466344 ], [ 36.9793304, -1.2466356 ], [ 36.9793153, -1.2466251 ], [ 36.9793141, -1.2466379 ], [ 36.9793293, -1.2466461 ], [ 36.979348, -1.2466601 ], [ 36.9793608, -1.2466671 ], [ 36.9794017, -1.2467185 ], [ 36.9794332, -1.2467792 ], [ 36.979425, -1.2467908 ], [ 36.979418, -1.2468142 ], [ 36.9794087, -1.2468317 ], [ 36.9793682, -1.2468611 ], [ 36.9793366, -1.2468696 ], [ 36.9793105, -1.2468749 ], [ 36.9792758, -1.2468788 ], [ 36.9792558, -1.2468865 ], [ 36.9792542, -1.2469042 ], [ 36.9792203, -1.2468927 ], [ 36.9792065, -1.2468834 ], [ 36.9791918, -1.2468788 ], [ 36.9791787, -1.2468896 ], [ 36.9791941, -1.2469088 ], [ 36.9791903, -1.2469335 ], [ 36.9791779, -1.2469535 ], [ 36.9791625, -1.2469593 ], [ 36.9791383, -1.2469635 ], [ 36.9791194, -1.2469647 ], [ 36.9790985, -1.2469646 ], [ 36.9790766, -1.2469723 ], [ 36.979067, -1.2470012 ], [ 36.97906, -1.2470197 ], [ 36.9790424, -1.2470556 ], [ 36.9790389, -1.2470683 ], [ 36.9790247, -1.2470879 ], [ 36.9790228, -1.2471122 ], [ 36.9790239, -1.2471253 ], [ 36.9790135, -1.247128 ], [ 36.9789839, -1.2471222 ], [ 36.9789816, -1.2471076 ], [ 36.9789885, -1.2470937 ], [ 36.9789858, -1.2470645 ], [ 36.97899, -1.2470356 ], [ 36.9790047, -1.2470314 ], [ 36.9790174, -1.2470217 ], [ 36.9790201, -1.2470129 ], [ 36.9790162, -1.2469967 ], [ 36.9790074, -1.2469836 ], [ 36.9789912, -1.2469717 ], [ 36.9789742, -1.2469724 ], [ 36.9789646, -1.2469805 ], [ 36.9789557, -1.2469821 ], [ 36.9789534, -1.246974 ], [ 36.9789373, -1.2469713 ], [ 36.9789206, -1.2469694 ], [ 36.9789102, -1.2469734 ], [ 36.978892, -1.2469858 ], [ 36.9788869, -1.2469858 ], [ 36.978881, -1.2469909 ], [ 36.9788718, -1.2469938 ], [ 36.9788668, -1.2469981 ], [ 36.9788614, -1.2470077 ], [ 36.9788602, -1.2470158 ], [ 36.978851, -1.2470269 ], [ 36.9788452, -1.2470331 ], [ 36.9788259, -1.2470246 ], [ 36.9788171, -1.247015 ], [ 36.9788021, -1.2469838 ], [ 36.9787936, -1.2469707 ], [ 36.9787882, -1.2469688 ], [ 36.9787797, -1.24697 ], [ 36.9787751, -1.24698 ], [ 36.9787778, -1.2469842 ], [ 36.9787813, -1.2469919 ], [ 36.9787843, -1.2470108 ], [ 36.9787705, -1.2470304 ], [ 36.9787494, -1.2470325 ], [ 36.9787389, -1.247022 ], [ 36.9787226, -1.2470465 ], [ 36.9787144, -1.2470535 ], [ 36.9787056, -1.2470546 ], [ 36.9786904, -1.2470541 ], [ 36.9786764, -1.2470599 ], [ 36.97867, -1.2470669 ], [ 36.9786613, -1.2470792 ], [ 36.9786508, -1.2470932 ], [ 36.9786467, -1.2470984 ], [ 36.978642, -1.2471083 ], [ 36.9786356, -1.2471101 ], [ 36.978642, -1.2471241 ], [ 36.9786402, -1.2471323 ], [ 36.9786634, -1.2471413 ], [ 36.9786788, -1.2471467 ], [ 36.9787023, -1.2471467 ], [ 36.9787238, -1.2471514 ], [ 36.9787298, -1.2471641 ], [ 36.9787325, -1.2471815 ], [ 36.9787197, -1.2471902 ], [ 36.978701, -1.2471976 ], [ 36.9786748, -1.2472043 ], [ 36.9786634, -1.2472063 ], [ 36.9786614, -1.2472204 ], [ 36.9786446, -1.2472271 ], [ 36.9786366, -1.2472378 ], [ 36.9786239, -1.2472466 ], [ 36.9786138, -1.24726 ], [ 36.978609, -1.247289 ], [ 36.9785904, -1.2472907 ], [ 36.9785736, -1.2472916 ], [ 36.9785656, -1.2472863 ], [ 36.9785426, -1.2472934 ], [ 36.978547, -1.2473155 ], [ 36.9785364, -1.2473243 ], [ 36.9785331, -1.2473683 ], [ 36.9785057, -1.2473765 ], [ 36.9784843, -1.2473866 ], [ 36.9784711, -1.2473826 ], [ 36.9784477, -1.2473765 ], [ 36.9784467, -1.2473511 ], [ 36.978461, -1.2473358 ], [ 36.9784406, -1.2473318 ], [ 36.9784254, -1.2473358 ], [ 36.978402, -1.247347 ], [ 36.9783878, -1.247349 ], [ 36.9783695, -1.2473592 ], [ 36.9783542, -1.2473775 ], [ 36.9783288, -1.2473683 ], [ 36.9783309, -1.247349 ], [ 36.9783512, -1.2473236 ], [ 36.9783542, -1.2472799 ], [ 36.9783339, -1.2472677 ], [ 36.9783105, -1.2472657 ], [ 36.9783004, -1.2472505 ], [ 36.978277, -1.2472505 ], [ 36.9781082, -1.2473036 ] ] ] } },
{ "type": "Feature", "properties": { "element": "way", "id": 1298955978, "natural": "water", "water": "pond", "name": null, "notes": null, "name:ko": null, "species": null, "height": null, "source": null, "type": null, "name:botanical": null, "landuse:urban_green": null, "operator:description": null, "urban_green:cultivation": null, "urban_green:cultivation_consumer": null, "urban_green:cultivation_sale": null, "urban_green:cultivation_type": null, "urban_green:dimension_sqm": null, "urban_green:fence": null, "urban_green:number_of_caretakers": null, "urban_green:owner_hours_week": null, "watsan:other": null, "watsan:other_description": null, "watsan:water_availability": null, "urban_green:owner_distance": null, "watsan:urban_agriculture": null, "urban_green:cultivation_consumer_description": null, "urban_green:cultivation_supplies_purchase": null, "amenity": null, "denotation": null, "leaf_cycle": null, "leaf_type": null, "ele": null, "wood": null, "description": null, "trees": null, "circumference": null, "fixme": null, "genus": null, "short_name": null, "species:wikidata": null, "species:wikipedia": null, "golf": null, "created_by": null, "security": null, "security:black_spot": null, "security:description": null, "sercurity": null, "basin": null, "intermittent": null, "landuse": null, "reservoir_type": null, "man_made": null, "note": null, "salt": null, "tidal": null, "wetland": null, "leisure": null, "colour": null, "addr:city": null, "addr:housenumber": null, "addr:street": null }, "geometry": { "type": "Polygon", "coordinates": [ [ [ 36.9792949, -1.2470667 ], [ 36.9793021, -1.247085 ], [ 36.9793132, -1.2470779 ], [ 36.9793366, -1.2470677 ], [ 36.9793458, -1.2470535 ], [ 36.9793458, -1.2470393 ], [ 36.9793326, -1.2470301 ], [ 36.9793173, -1.2470129 ], [ 36.9793071, -1.2469905 ], [ 36.9793366, -1.2469803 ], [ 36.9793539, -1.2469793 ], [ 36.9793763, -1.2469681 ], [ 36.9794047, -1.2469803 ], [ 36.9794372, -1.2469702 ], [ 36.9794576, -1.246961 ], [ 36.9794809, -1.2469499 ], [ 36.9794647, -1.2469387 ], [ 36.9794901, -1.2469224 ], [ 36.9795053, -1.2469184 ], [ 36.9795257, -1.2469366 ], [ 36.9795402, -1.2469156 ], [ 36.9795798, -1.2469288 ], [ 36.9796133, -1.246941 ], [ 36.979656, -1.2469511 ], [ 36.9797004, -1.2469341 ], [ 36.9797119, -1.2469129 ], [ 36.9797393, -1.2469279 ], [ 36.979742, -1.2469589 ], [ 36.9797588, -1.2469633 ], [ 36.9797783, -1.2469695 ], [ 36.9797915, -1.2469863 ], [ 36.9797827, -1.2470146 ], [ 36.9797579, -1.2470571 ], [ 36.9797278, -1.2470766 ], [ 36.9797163, -1.2470916 ], [ 36.9796862, -1.2470996 ], [ 36.9796818, -1.2471226 ], [ 36.9796447, -1.2471367 ], [ 36.9796579, -1.2471588 ], [ 36.9796314, -1.2471756 ], [ 36.9795872, -1.2471588 ], [ 36.9795818, -1.2471668 ], [ 36.9795987, -1.2471889 ], [ 36.9795918, -1.2472062 ], [ 36.9795849, -1.2472185 ], [ 36.9795887, -1.2472285 ], [ 36.9795825, -1.2472393 ], [ 36.979581, -1.247247 ], [ 36.9795849, -1.2472539 ], [ 36.9796157, -1.2472616 ], [ 36.9796131, -1.2473519 ], [ 36.9794906, -1.2473696 ], [ 36.9794693, -1.2473484 ], [ 36.9794357, -1.2473369 ], [ 36.9794083, -1.2473227 ], [ 36.9793526, -1.2472856 ], [ 36.9793012, -1.2472422 ], [ 36.9792765, -1.2472015 ], [ 36.9792613, -1.2471947 ], [ 36.9792599, -1.2471304 ], [ 36.9792787, -1.247115 ], [ 36.9792968, -1.247119 ], [ 36.9792928, -1.2470955 ], [ 36.9792848, -1.2470776 ], [ 36.9792889, -1.2470653 ], [ 36.9792949, -1.2470667 ] ] ] } },
{ "type": "Feature", "properties": { "element": "way", "id": 1298959024, "natural": "water", "water": "pond", "name": null, "notes": null, "name:ko": null, "species": null, "height": null, "source": null, "type": null, "name:botanical": null, "landuse:urban_green": null, "operator:description": null, "urban_green:cultivation": null, "urban_green:cultivation_consumer": null, "urban_green:cultivation_sale": null, "urban_green:cultivation_type": null, "urban_green:dimension_sqm": null, "urban_green:fence": null, "urban_green:number_of_caretakers": null, "urban_green:owner_hours_week": null, "watsan:other": null, "watsan:other_description": null, "watsan:water_availability": null, "urban_green:owner_distance": null, "watsan:urban_agriculture": null, "urban_green:cultivation_consumer_description": null, "urban_green:cultivation_supplies_purchase": null, "amenity": null, "denotation": null, "leaf_cycle": null, "leaf_type": null, "ele": null, "wood": null, "description": null, "trees": null, "circumference": null, "fixme": null, "genus": null, "short_name": null, "species:wikidata": null, "species:wikipedia": null, "golf": null, "created_by": null, "security": null, "security:black_spot": null, "security:description": null, "sercurity": null, "basin": null, "intermittent": null, "landuse": null, "reservoir_type": null, "man_made": null, "note": null, "salt": null, "tidal": null, "wetland": null, "leisure": null, "colour": null, "addr:city": null, "addr:housenumber": null, "addr:street": null }, "geometry": { "type": "Polygon", "coordinates": [ [ [ 36.9765933, -1.2470031 ], [ 36.9765792, -1.2470376 ], [ 36.9765686, -1.2470544 ], [ 36.9765606, -1.2470969 ], [ 36.9765783, -1.2471155 ], [ 36.9765898, -1.2471349 ], [ 36.9766279, -1.2471641 ], [ 36.9766376, -1.2471889 ], [ 36.9766101, -1.2472233 ], [ 36.9766013, -1.2472693 ], [ 36.9765924, -1.2473321 ], [ 36.9765986, -1.2473675 ], [ 36.9766402, -1.2474064 ], [ 36.9766862, -1.247386 ], [ 36.9766685, -1.2473507 ], [ 36.9766526, -1.247317 ], [ 36.976649, -1.2472799 ], [ 36.9766773, -1.2472542 ], [ 36.9767357, -1.2472622 ], [ 36.9767853, -1.2473117 ], [ 36.9768297, -1.2473389 ], [ 36.9768395, -1.2473919 ], [ 36.9768253, -1.2474202 ], [ 36.9768313, -1.2474514 ], [ 36.9768658, -1.2474726 ], [ 36.9768817, -1.2474939 ], [ 36.976918, -1.2475018 ], [ 36.9769501, -1.2474732 ], [ 36.9769616, -1.2474378 ], [ 36.9769944, -1.2473927 ], [ 36.9770377, -1.2473721 ], [ 36.9770577, -1.2473174 ], [ 36.9770646, -1.2472881 ], [ 36.9770269, -1.247272 ], [ 36.9770223, -1.2472504 ], [ 36.9770423, -1.2472373 ], [ 36.977107, -1.2471803 ], [ 36.9771241, -1.247136 ], [ 36.977111, -1.2471263 ], [ 36.9771225, -1.247081 ], [ 36.9771271, -1.2470132 ], [ 36.9771086, -1.2469716 ], [ 36.9770008, -1.2469393 ], [ 36.9769453, -1.2469408 ], [ 36.9769084, -1.2469609 ], [ 36.9768375, -1.246947 ], [ 36.976749, -1.2469808 ], [ 36.9766516, -1.2469493 ], [ 36.976617, -1.2469786 ], [ 36.9765933, -1.2470031 ] ] ] } },
{ "type": "Feature", "properties": { "element": "way", "id": 1298968559, "natural": "water", "water": "pond", "name": null, "notes": null, "name:ko": null, "species": null, "height": null, "source": null, "type": null, "name:botanical": null, "landuse:urban_green": null, "operator:description": null, "urban_green:cultivation": null, "urban_green:cultivation_consumer": null, "urban_green:cultivation_sale": null, "urban_green:cultivation_type": null, "urban_green:dimension_sqm": null, "urban_green:fence": null, "urban_green:number_of_caretakers": null, "urban_green:owner_hours_week": null, "watsan:other": null, "watsan:other_description": null, "watsan:water_availability": null, "urban_green:owner_distance": null, "watsan:urban_agriculture": null, "urban_green:cultivation_consumer_description": null, "urban_green:cultivation_supplies_purchase": null, "amenity": null, "denotation": null, "leaf_cycle": null, "leaf_type": null, "ele": null, "wood": null, "description": null, "trees": null, "circumference": null, "fixme": null, "genus": null, "short_name": null, "species:wikidata": null, "species:wikipedia": null, "golf": null, "created_by": null, "security": null, "security:black_spot": null, "security:description": null, "sercurity": null, "basin": null, "intermittent": null, "landuse": null, "reservoir_type": null, "man_made": null, "note": null, "salt": null, "tidal": null, "wetland": null, "leisure": null, "colour": null, "addr:city": null, "addr:housenumber": null, "addr:street": null }, "geometry": { "type": "Polygon", "coordinates": [ [ [ 36.9767197, -1.2430796 ], [ 36.9767298, -1.2431002 ], [ 36.9767278, -1.243121 ], [ 36.976729, -1.2431336 ], [ 36.976741, -1.2431552 ], [ 36.9767466, -1.2431729 ], [ 36.9767502, -1.2431794 ], [ 36.9767566, -1.2431817 ], [ 36.9767696, -1.2431735 ], [ 36.9767775, -1.2431684 ], [ 36.9767865, -1.2431662 ], [ 36.9767863, -1.2431567 ], [ 36.9767955, -1.2431477 ], [ 36.9768116, -1.2431446 ], [ 36.9768165, -1.2431236 ], [ 36.9768155, -1.2431163 ], [ 36.9768317, -1.2431188 ], [ 36.9768401, -1.2431194 ], [ 36.9768432, -1.2430919 ], [ 36.9768476, -1.2430781 ], [ 36.9768525, -1.2430621 ], [ 36.9768419, -1.2430431 ], [ 36.9768361, -1.2430325 ], [ 36.9768224, -1.243005 ], [ 36.9767996, -1.2429903 ], [ 36.9767795, -1.2429849 ], [ 36.9767668, -1.242989 ], [ 36.9767688, -1.2429957 ], [ 36.9767678, -1.2430087 ], [ 36.9767644, -1.2430105 ], [ 36.9767594, -1.2430123 ], [ 36.9767553, -1.2430174 ], [ 36.9767571, -1.2430214 ], [ 36.9767581, -1.2430265 ], [ 36.9767528, -1.2430293 ], [ 36.9767492, -1.2430369 ], [ 36.9767492, -1.2430451 ], [ 36.9767517, -1.2430509 ], [ 36.9767446, -1.2430562 ], [ 36.976738, -1.2430608 ], [ 36.9767332, -1.2430656 ], [ 36.9767235, -1.243072 ], [ 36.9767197, -1.2430796 ] ] ] } },
{ "type": "Feature", "properties": { "element": "way", "id": 1298988096, "natural": "water", "water": "reservoir", "name": null, "notes": null, "name:ko": null, "species": null, "height": null, "source": null, "type": null, "name:botanical": null, "landuse:urban_green": null, "operator:description": null, "urban_green:cultivation": null, "urban_green:cultivation_consumer": null, "urban_green:cultivation_sale": null, "urban_green:cultivation_type": null, "urban_green:dimension_sqm": null, "urban_green:fence": null, "urban_green:number_of_caretakers": null, "urban_green:owner_hours_week": null, "watsan:other": null, "watsan:other_description": null, "watsan:water_availability": null, "urban_green:owner_distance": null, "watsan:urban_agriculture": null, "urban_green:cultivation_consumer_description": null, "urban_green:cultivation_supplies_purchase": null, "amenity": null, "denotation": null, "leaf_cycle": null, "leaf_type": null, "ele": null, "wood": null, "description": null, "trees": null, "circumference": null, "fixme": null, "genus": null, "short_name": null, "species:wikidata": null, "species:wikipedia": null, "golf": null, "created_by": null, "security": null, "security:black_spot": null, "security:description": null, "sercurity": null, "basin": null, "intermittent": null, "landuse": null, "reservoir_type": null, "man_made": null, "note": null, "salt": null, "tidal": null, "wetland": null, "leisure": null, "colour": null, "addr:city": null, "addr:housenumber": null, "addr:street": null }, "geometry": { "type": "Polygon", "coordinates": [ [ [ 36.9960158, -1.2449481 ], [ 36.9960705, -1.2450538 ], [ 36.9962143, -1.2449795 ], [ 36.9961596, -1.2448737 ], [ 36.9960158, -1.2449481 ] ] ] } },
{ "type": "Feature", "properties": { "element": "way", "id": 1298988098, "natural": "water", "water": "pond", "name": null, "notes": null, "name:ko": null, "species": null, "height": null, "source": null, "type": null, "name:botanical": null, "landuse:urban_green": null, "operator:description": null, "urban_green:cultivation": null, "urban_green:cultivation_consumer": null, "urban_green:cultivation_sale": null, "urban_green:cultivation_type": null, "urban_green:dimension_sqm": null, "urban_green:fence": null, "urban_green:number_of_caretakers": null, "urban_green:owner_hours_week": null, "watsan:other": null, "watsan:other_description": null, "watsan:water_availability": null, "urban_green:owner_distance": null, "watsan:urban_agriculture": null, "urban_green:cultivation_consumer_description": null, "urban_green:cultivation_supplies_purchase": null, "amenity": null, "denotation": null, "leaf_cycle": null, "leaf_type": null, "ele": null, "wood": null, "description": null, "trees": null, "circumference": null, "fixme": null, "genus": null, "short_name": null, "species:wikidata": null, "species:wikipedia": null, "golf": null, "created_by": null, "security": null, "security:black_spot": null, "security:description": null, "sercurity": null, "basin": null, "intermittent": null, "landuse": null, "reservoir_type": null, "man_made": null, "note": null, "salt": null, "tidal": null, "wetland": null, "leisure": null, "colour": null, "addr:city": null, "addr:housenumber": null, "addr:street": null }, "geometry": { "type": "Polygon", "coordinates": [ [ [ 36.9938233, -1.2461933 ], [ 36.993771, -1.2461919 ], [ 36.9937308, -1.2461986 ], [ 36.9936691, -1.246204 ], [ 36.9936168, -1.2462187 ], [ 36.993539, -1.2462268 ], [ 36.99348, -1.2462147 ], [ 36.9934653, -1.2461664 ], [ 36.9934626, -1.2461007 ], [ 36.9934612, -1.2460297 ], [ 36.9934575, -1.2459184 ], [ 36.9934763, -1.2459037 ], [ 36.9936017, -1.2458873 ], [ 36.9936638, -1.2459066 ], [ 36.9936929, -1.2458868 ], [ 36.9937058, -1.2458436 ], [ 36.9936918, -1.2458097 ], [ 36.993694, -1.2457671 ], [ 36.9936708, -1.2457278 ], [ 36.9936406, -1.2456807 ], [ 36.9936192, -1.245637 ], [ 36.9935857, -1.2456339 ], [ 36.9935572, -1.2456492 ], [ 36.9935176, -1.2456644 ], [ 36.993479, -1.2456614 ], [ 36.9934461, -1.2456462 ], [ 36.9934298, -1.2456229 ], [ 36.9934286, -1.245599 ], [ 36.9934245, -1.2455677 ], [ 36.9934146, -1.2454942 ], [ 36.9934204, -1.2454644 ], [ 36.9934143, -1.2454128 ], [ 36.9934079, -1.2453667 ], [ 36.9934155, -1.2453329 ], [ 36.9934289, -1.2453084 ], [ 36.9934377, -1.2452518 ], [ 36.9934564, -1.2452291 ], [ 36.9934803, -1.2452215 ], [ 36.9935188, -1.2452052 ], [ 36.9935446, -1.2451553 ], [ 36.9935662, -1.2451361 ], [ 36.9935837, -1.2451343 ], [ 36.9936059, -1.245125 ], [ 36.9936217, -1.2451145 ], [ 36.9936403, -1.2450964 ], [ 36.9936532, -1.245087 ], [ 36.9936747, -1.2450549 ], [ 36.9936992, -1.2450356 ], [ 36.9937226, -1.2449866 ], [ 36.9937337, -1.2449469 ], [ 36.9937541, -1.2449136 ], [ 36.9937623, -1.2448861 ], [ 36.9937553, -1.2448599 ], [ 36.9937465, -1.2448447 ], [ 36.993767, -1.2448429 ], [ 36.9937904, -1.2448449 ], [ 36.9938132, -1.2448733 ], [ 36.9938168, -1.2449003 ], [ 36.9938158, -1.2449302 ], [ 36.99382, -1.2449695 ], [ 36.9938394, -1.2450003 ], [ 36.9938407, -1.2450332 ], [ 36.9938407, -1.245066 ], [ 36.9938391, -1.2450966 ], [ 36.9938579, -1.2451463 ], [ 36.9938766, -1.2451516 ], [ 36.9938844, -1.2451676 ], [ 36.9938967, -1.2451842 ], [ 36.9938988, -1.2451941 ], [ 36.9939044, -1.2452461 ], [ 36.9938976, -1.2452586 ], [ 36.9938842, -1.2452599 ], [ 36.9938698, -1.2452612 ], [ 36.993835, -1.2452572 ], [ 36.9938601, -1.2454631 ], [ 36.9940754, -1.2454873 ], [ 36.9940828, -1.2455198 ], [ 36.9940559, -1.2456564 ], [ 36.9939958, -1.2457484 ], [ 36.9939577, -1.2457844 ], [ 36.9938809, -1.2458065 ], [ 36.9938838, -1.2458391 ], [ 36.9938939, -1.2459791 ], [ 36.9938907, -1.2460374 ], [ 36.9938888, -1.2461469 ], [ 36.9938714, -1.2461945 ], [ 36.9938459, -1.2461918 ], [ 36.9938233, -1.2461933 ] ] ] } },
{ "type": "Feature", "properties": { "element": "way", "id": 1299041755, "natural": "water", "water": "pond", "name": null, "notes": null, "name:ko": null, "species": null, "height": null, "source": null, "type": null, "name:botanical": null, "landuse:urban_green": null, "operator:description": null, "urban_green:cultivation": null, "urban_green:cultivation_consumer": null, "urban_green:cultivation_sale": null, "urban_green:cultivation_type": null, "urban_green:dimension_sqm": null, "urban_green:fence": null, "urban_green:number_of_caretakers": null, "urban_green:owner_hours_week": null, "watsan:other": null, "watsan:other_description": null, "watsan:water_availability": null, "urban_green:owner_distance": null, "watsan:urban_agriculture": null, "urban_green:cultivation_consumer_description": null, "urban_green:cultivation_supplies_purchase": null, "amenity": null, "denotation": null, "leaf_cycle": null, "leaf_type": null, "ele": null, "wood": null, "description": null, "trees": null, "circumference": null, "fixme": null, "genus": null, "short_name": null, "species:wikidata": null, "species:wikipedia": null, "golf": null, "created_by": null, "security": null, "security:black_spot": null, "security:description": null, "sercurity": null, "basin": null, "intermittent": null, "landuse": null, "reservoir_type": null, "man_made": null, "note": null, "salt": null, "tidal": null, "wetland": null, "leisure": null, "colour": null, "addr:city": null, "addr:housenumber": null, "addr:street": null }, "geometry": { "type": "Polygon", "coordinates": [ [ [ 36.9911945, -1.2429747 ], [ 36.9911886, -1.2429767 ], [ 36.9911831, -1.2429808 ], [ 36.9911796, -1.2429852 ], [ 36.9911872, -1.2429899 ], [ 36.9911787, -1.242994 ], [ 36.9911793, -1.2429972 ], [ 36.9911767, -1.2430021 ], [ 36.991171, -1.2430085 ], [ 36.9911795, -1.2430117 ], [ 36.9911859, -1.2430091 ], [ 36.991192, -1.2430132 ], [ 36.9911952, -1.2430129 ], [ 36.9912031, -1.2430135 ], [ 36.991213, -1.2430138 ], [ 36.991213, -1.2430167 ], [ 36.9912247, -1.2430176 ], [ 36.9912326, -1.2430202 ], [ 36.9912457, -1.2430184 ], [ 36.99126, -1.2430152 ], [ 36.9912688, -1.243019 ], [ 36.9912749, -1.2430259 ], [ 36.991289, -1.2430293 ], [ 36.9912981, -1.2430353 ], [ 36.9913058, -1.243043 ], [ 36.9913169, -1.2430447 ], [ 36.9913273, -1.2430474 ], [ 36.9913375, -1.2430488 ], [ 36.9913533, -1.2430546 ], [ 36.9913634, -1.2430608 ], [ 36.9913804, -1.2430636 ], [ 36.991388, -1.2430669 ], [ 36.9914057, -1.2430667 ], [ 36.9914151, -1.243066 ], [ 36.9914328, -1.24307 ], [ 36.9914465, -1.2430726 ], [ 36.9914453, -1.2430813 ], [ 36.9914489, -1.2430896 ], [ 36.9914627, -1.2430911 ], [ 36.9914831, -1.2430889 ], [ 36.9914931, -1.2430873 ], [ 36.991499, -1.2430714 ], [ 36.9915074, -1.2430587 ], [ 36.9915124, -1.2430486 ], [ 36.9915163, -1.2430363 ], [ 36.9915182, -1.243024 ], [ 36.9915205, -1.2430074 ], [ 36.9915221, -1.2429867 ], [ 36.9915236, -1.2429736 ], [ 36.9915327, -1.2429342 ], [ 36.9915468, -1.2429237 ], [ 36.9915573, -1.2428853 ], [ 36.9915733, -1.2428561 ], [ 36.9915662, -1.2428402 ], [ 36.9915425, -1.2428346 ], [ 36.9915275, -1.242847 ], [ 36.9915213, -1.2428267 ], [ 36.9915107, -1.2428223 ], [ 36.9914956, -1.2428205 ], [ 36.9914779, -1.2428187 ], [ 36.9914541, -1.2428187 ], [ 36.9914364, -1.2428249 ], [ 36.9914187, -1.2428426 ], [ 36.9914019, -1.2428877 ], [ 36.9913868, -1.2429028 ], [ 36.9913479, -1.2429134 ], [ 36.9913311, -1.2429222 ], [ 36.9913169, -1.2429275 ], [ 36.9912948, -1.2429337 ], [ 36.9912877, -1.2429558 ], [ 36.9912762, -1.2429603 ], [ 36.9912505, -1.242962 ], [ 36.9912355, -1.2429665 ], [ 36.9912178, -1.2429638 ], [ 36.9912072, -1.2429656 ], [ 36.9911945, -1.2429747 ] ] ] } },
{ "type": "Feature", "properties": { "element": "way", "id": 1299051247, "natural": "water", "water": "reservoir", "name": null, "notes": null, "name:ko": null, "species": null, "height": null, "source": null, "type": null, "name:botanical": null, "landuse:urban_green": null, "operator:description": null, "urban_green:cultivation": null, "urban_green:cultivation_consumer": null, "urban_green:cultivation_sale": null, "urban_green:cultivation_type": null, "urban_green:dimension_sqm": null, "urban_green:fence": null, "urban_green:number_of_caretakers": null, "urban_green:owner_hours_week": null, "watsan:other": null, "watsan:other_description": null, "watsan:water_availability": null, "urban_green:owner_distance": null, "watsan:urban_agriculture": null, "urban_green:cultivation_consumer_description": null, "urban_green:cultivation_supplies_purchase": null, "amenity": null, "denotation": null, "leaf_cycle": null, "leaf_type": null, "ele": null, "wood": null, "description": null, "trees": null, "circumference": null, "fixme": null, "genus": null, "short_name": null, "species:wikidata": null, "species:wikipedia": null, "golf": null, "created_by": null, "security": null, "security:black_spot": null, "security:description": null, "sercurity": null, "basin": null, "intermittent": null, "landuse": null, "reservoir_type": null, "man_made": null, "note": null, "salt": null, "tidal": null, "wetland": null, "leisure": null, "colour": null, "addr:city": null, "addr:housenumber": null, "addr:street": null }, "geometry": { "type": "Polygon", "coordinates": [ [ [ 36.9911533, -1.2456481 ], [ 36.9912576, -1.2456098 ], [ 36.9913408, -1.2458361 ], [ 36.9912365, -1.2458744 ], [ 36.9911533, -1.2456481 ] ] ] } },
{ "type": "Feature", "properties": { "element": "way", "id": 1299519753, "natural": "water", "water": "reservoir", "name": null, "notes": null, "name:ko": null, "species": null, "height": null, "source": null, "type": null, "name:botanical": null, "landuse:urban_green": null, "operator:description": null, "urban_green:cultivation": null, "urban_green:cultivation_consumer": null, "urban_green:cultivation_sale": null, "urban_green:cultivation_type": null, "urban_green:dimension_sqm": null, "urban_green:fence": null, "urban_green:number_of_caretakers": null, "urban_green:owner_hours_week": null, "watsan:other": null, "watsan:other_description": null, "watsan:water_availability": null, "urban_green:owner_distance": null, "watsan:urban_agriculture": null, "urban_green:cultivation_consumer_description": null, "urban_green:cultivation_supplies_purchase": null, "amenity": null, "denotation": null, "leaf_cycle": null, "leaf_type": null, "ele": null, "wood": null, "description": null, "trees": null, "circumference": null, "fixme": null, "genus": null, "short_name": null, "species:wikidata": null, "species:wikipedia": null, "golf": null, "created_by": null, "security": null, "security:black_spot": null, "security:description": null, "sercurity": null, "basin": null, "intermittent": null, "landuse": null, "reservoir_type": null, "man_made": null, "note": null, "salt": null, "tidal": null, "wetland": null, "leisure": null, "colour": null, "addr:city": null, "addr:housenumber": null, "addr:street": null }, "geometry": { "type": "Polygon", "coordinates": [ [ [ 36.9977133, -1.2445569 ], [ 36.997831, -1.2445025 ], [ 36.9977878, -1.2444091 ], [ 36.9976702, -1.2444634 ], [ 36.9977133, -1.2445569 ] ] ] } },
{ "type": "Feature", "properties": { "element": "way", "id": 1299519754, "natural": "water", "water": "reservoir", "name": null, "notes": null, "name:ko": null, "species": null, "height": null, "source": null, "type": null, "name:botanical": null, "landuse:urban_green": null, "operator:description": null, "urban_green:cultivation": null, "urban_green:cultivation_consumer": null, "urban_green:cultivation_sale": null, "urban_green:cultivation_type": null, "urban_green:dimension_sqm": null, "urban_green:fence": null, "urban_green:number_of_caretakers": null, "urban_green:owner_hours_week": null, "watsan:other": null, "watsan:other_description": null, "watsan:water_availability": null, "urban_green:owner_distance": null, "watsan:urban_agriculture": null, "urban_green:cultivation_consumer_description": null, "urban_green:cultivation_supplies_purchase": null, "amenity": null, "denotation": null, "leaf_cycle": null, "leaf_type": null, "ele": null, "wood": null, "description": null, "trees": null, "circumference": null, "fixme": null, "genus": null, "short_name": null, "species:wikidata": null, "species:wikipedia": null, "golf": null, "created_by": null, "security": null, "security:black_spot": null, "security:description": null, "sercurity": null, "basin": null, "intermittent": null, "landuse": null, "reservoir_type": null, "man_made": null, "note": null, "salt": null, "tidal": null, "wetland": null, "leisure": null, "colour": null, "addr:city": null, "addr:housenumber": null, "addr:street": null }, "geometry": { "type": "Polygon", "coordinates": [ [ [ 36.9966917, -1.2452813 ], [ 36.9969443, -1.2451526 ], [ 36.9967012, -1.2447215 ], [ 36.9966791, -1.2446106 ], [ 36.99663, -1.244606 ], [ 36.9965425, -1.244655 ], [ 36.9964958, -1.2446811 ], [ 36.996468, -1.2447089 ], [ 36.9964118, -1.2447261 ], [ 36.9964229, -1.2447999 ], [ 36.9964838, -1.2449101 ], [ 36.9965631, -1.2450951 ], [ 36.9966917, -1.2452813 ] ] ] } },
{ "type": "Feature", "properties": { "element": "way", "id": 1299925060, "natural": "water", "water": "pond", "name": null, "notes": null, "name:ko": null, "species": null, "height": null, "source": null, "type": null, "name:botanical": null, "landuse:urban_green": null, "operator:description": null, "urban_green:cultivation": null, "urban_green:cultivation_consumer": null, "urban_green:cultivation_sale": null, "urban_green:cultivation_type": null, "urban_green:dimension_sqm": null, "urban_green:fence": null, "urban_green:number_of_caretakers": null, "urban_green:owner_hours_week": null, "watsan:other": null, "watsan:other_description": null, "watsan:water_availability": null, "urban_green:owner_distance": null, "watsan:urban_agriculture": null, "urban_green:cultivation_consumer_description": null, "urban_green:cultivation_supplies_purchase": null, "amenity": null, "denotation": null, "leaf_cycle": null, "leaf_type": null, "ele": null, "wood": null, "description": null, "trees": null, "circumference": null, "fixme": null, "genus": null, "short_name": null, "species:wikidata": null, "species:wikipedia": null, "golf": null, "created_by": null, "security": null, "security:black_spot": null, "security:description": null, "sercurity": null, "basin": null, "intermittent": null, "landuse": null, "reservoir_type": null, "man_made": null, "note": null, "salt": null, "tidal": null, "wetland": null, "leisure": null, "colour": null, "addr:city": null, "addr:housenumber": null, "addr:street": null }, "geometry": { "type": "Polygon", "coordinates": [ [ [ 36.9852047, -1.2425735 ], [ 36.9851817, -1.2426531 ], [ 36.9851675, -1.2427079 ], [ 36.985125, -1.2427769 ], [ 36.985141, -1.2428406 ], [ 36.9851215, -1.2429026 ], [ 36.9851109, -1.2429928 ], [ 36.9851447, -1.2431265 ], [ 36.9851909, -1.2431881 ], [ 36.9852372, -1.2432004 ], [ 36.9852772, -1.2432128 ], [ 36.985325, -1.2431789 ], [ 36.9853542, -1.2431358 ], [ 36.9853619, -1.2431096 ], [ 36.9853558, -1.2430772 ], [ 36.9853126, -1.2430387 ], [ 36.9853435, -1.2430156 ], [ 36.9854236, -1.2429617 ], [ 36.9854236, -1.242934 ], [ 36.9854297, -1.2428909 ], [ 36.9854359, -1.2428416 ], [ 36.9855376, -1.2427692 ], [ 36.985624, -1.2426758 ], [ 36.985568, -1.2426198 ], [ 36.9854956, -1.2425638 ], [ 36.9854022, -1.2425497 ], [ 36.9852948, -1.2425357 ], [ 36.9852047, -1.2425735 ] ] ] } },
{ "type": "Feature", "properties": { "element": "way", "id": 1299925069, "natural": "water", "water": "reservoir", "name": null, "notes": null, "name:ko": null, "species": null, "height": null, "source": null, "type": null, "name:botanical": null, "landuse:urban_green": null, "operator:description": null, "urban_green:cultivation": null, "urban_green:cultivation_consumer": null, "urban_green:cultivation_sale": null, "urban_green:cultivation_type": null, "urban_green:dimension_sqm": null, "urban_green:fence": null, "urban_green:number_of_caretakers": null, "urban_green:owner_hours_week": null, "watsan:other": null, "watsan:other_description": null, "watsan:water_availability": null, "urban_green:owner_distance": null, "watsan:urban_agriculture": null, "urban_green:cultivation_consumer_description": null, "urban_green:cultivation_supplies_purchase": null, "amenity": null, "denotation": null, "leaf_cycle": null, "leaf_type": null, "ele": null, "wood": null, "description": null, "trees": null, "circumference": null, "fixme": null, "genus": null, "short_name": null, "species:wikidata": null, "species:wikipedia": null, "golf": null, "created_by": null, "security": null, "security:black_spot": null, "security:description": null, "sercurity": null, "basin": null, "intermittent": null, "landuse": null, "reservoir_type": null, "man_made": null, "note": null, "salt": null, "tidal": null, "wetland": null, "leisure": null, "colour": null, "addr:city": null, "addr:housenumber": null, "addr:street": null }, "geometry": { "type": "Polygon", "coordinates": [ [ [ 36.982987, -1.241264 ], [ 36.9829887, -1.2412996 ], [ 36.9829753, -1.2413124 ], [ 36.9829771, -1.2413486 ], [ 36.9829899, -1.2413644 ], [ 36.9829911, -1.241393 ], [ 36.98306, -1.2413959 ], [ 36.9830763, -1.2413749 ], [ 36.9830658, -1.2413527 ], [ 36.9830652, -1.2412622 ], [ 36.982987, -1.241264 ] ] ] } },
{ "type": "Feature", "properties": { "element": "way", "id": 1299925085, "natural": "water", "water": "pond", "name": null, "notes": null, "name:ko": null, "species": null, "height": null, "source": null, "type": null, "name:botanical": null, "landuse:urban_green": null, "operator:description": null, "urban_green:cultivation": null, "urban_green:cultivation_consumer": null, "urban_green:cultivation_sale": null, "urban_green:cultivation_type": null, "urban_green:dimension_sqm": null, "urban_green:fence": null, "urban_green:number_of_caretakers": null, "urban_green:owner_hours_week": null, "watsan:other": null, "watsan:other_description": null, "watsan:water_availability": null, "urban_green:owner_distance": null, "watsan:urban_agriculture": null, "urban_green:cultivation_consumer_description": null, "urban_green:cultivation_supplies_purchase": null, "amenity": null, "denotation": null, "leaf_cycle": null, "leaf_type": null, "ele": null, "wood": null, "description": null, "trees": null, "circumference": null, "fixme": null, "genus": null, "short_name": null, "species:wikidata": null, "species:wikipedia": null, "golf": null, "created_by": null, "security": null, "security:black_spot": null, "security:description": null, "sercurity": null, "basin": null, "intermittent": null, "landuse": null, "reservoir_type": null, "man_made": null, "note": null, "salt": null, "tidal": null, "wetland": null, "leisure": null, "colour": null, "addr:city": null, "addr:housenumber": null, "addr:street": null }, "geometry": { "type": "Polygon", "coordinates": [ [ [ 36.9836274, -1.2430553 ], [ 36.9836247, -1.2430684 ], [ 36.9836251, -1.2430791 ], [ 36.9836239, -1.243088 ], [ 36.9836274, -1.2430942 ], [ 36.9836316, -1.2430999 ], [ 36.9836301, -1.24312 ], [ 36.983627, -1.2431388 ], [ 36.9836162, -1.2431431 ], [ 36.9836132, -1.2431527 ], [ 36.9836024, -1.2431619 ], [ 36.9836045, -1.2431844 ], [ 36.9836102, -1.2431972 ], [ 36.9836186, -1.2432045 ], [ 36.9836332, -1.2432027 ], [ 36.9836411, -1.2431974 ], [ 36.9836602, -1.2431921 ], [ 36.9836703, -1.2431877 ], [ 36.9836783, -1.2431811 ], [ 36.9836885, -1.2431497 ], [ 36.9836845, -1.2431386 ], [ 36.9836628, -1.2431054 ], [ 36.9836544, -1.2430546 ], [ 36.9836274, -1.2430553 ] ] ] } },
{ "type": "Feature", "properties": { "element": "way", "id": 1300312352, "natural": "water", "water": "pond", "name": null, "notes": null, "name:ko": null, "species": null, "height": null, "source": null, "type": null, "name:botanical": null, "landuse:urban_green": null, "operator:description": null, "urban_green:cultivation": null, "urban_green:cultivation_consumer": null, "urban_green:cultivation_sale": null, "urban_green:cultivation_type": null, "urban_green:dimension_sqm": null, "urban_green:fence": null, "urban_green:number_of_caretakers": null, "urban_green:owner_hours_week": null, "watsan:other": null, "watsan:other_description": null, "watsan:water_availability": null, "urban_green:owner_distance": null, "watsan:urban_agriculture": null, "urban_green:cultivation_consumer_description": null, "urban_green:cultivation_supplies_purchase": null, "amenity": null, "denotation": null, "leaf_cycle": null, "leaf_type": null, "ele": null, "wood": null, "description": null, "trees": null, "circumference": null, "fixme": null, "genus": null, "short_name": null, "species:wikidata": null, "species:wikipedia": null, "golf": null, "created_by": null, "security": null, "security:black_spot": null, "security:description": null, "sercurity": null, "basin": null, "intermittent": null, "landuse": null, "reservoir_type": null, "man_made": null, "note": null, "salt": null, "tidal": null, "wetland": null, "leisure": null, "colour": null, "addr:city": null, "addr:housenumber": null, "addr:street": null }, "geometry": { "type": "Polygon", "coordinates": [ [ [ 36.9711272, -1.2541772 ], [ 36.9711084, -1.2541725 ], [ 36.9711077, -1.2541289 ], [ 36.9711218, -1.2540927 ], [ 36.9711748, -1.2540974 ], [ 36.9712935, -1.2541256 ], [ 36.9713096, -1.2541383 ], [ 36.9712915, -1.254202 ], [ 36.9712727, -1.2542047 ], [ 36.9711272, -1.2541772 ] ] ] } },
{ "type": "Feature", "properties": { "element": "way", "id": 1300312353, "natural": "water", "water": "pond", "name": null, "notes": null, "name:ko": null, "species": null, "height": null, "source": null, "type": null, "name:botanical": null, "landuse:urban_green": null, "operator:description": null, "urban_green:cultivation": null, "urban_green:cultivation_consumer": null, "urban_green:cultivation_sale": null, "urban_green:cultivation_type": null, "urban_green:dimension_sqm": null, "urban_green:fence": null, "urban_green:number_of_caretakers": null, "urban_green:owner_hours_week": null, "watsan:other": null, "watsan:other_description": null, "watsan:water_availability": null, "urban_green:owner_distance": null, "watsan:urban_agriculture": null, "urban_green:cultivation_consumer_description": null, "urban_green:cultivation_supplies_purchase": null, "amenity": null, "denotation": null, "leaf_cycle": null, "leaf_type": null, "ele": null, "wood": null, "description": null, "trees": null, "circumference": null, "fixme": null, "genus": null, "short_name": null, "species:wikidata": null, "species:wikipedia": null, "golf": null, "created_by": null, "security": null, "security:black_spot": null, "security:description": null, "sercurity": null, "basin": null, "intermittent": null, "landuse": null, "reservoir_type": null, "man_made": null, "note": null, "salt": null, "tidal": null, "wetland": null, "leisure": null, "colour": null, "addr:city": null, "addr:housenumber": null, "addr:street": null }, "geometry": { "type": "Polygon", "coordinates": [ [ [ 36.970639, -1.2549368 ], [ 36.9706363, -1.2549146 ], [ 36.9706585, -1.2548442 ], [ 36.9706665, -1.2548382 ], [ 36.970749, -1.2548577 ], [ 36.9707885, -1.2548845 ], [ 36.9707979, -1.2548959 ], [ 36.970761, -1.2549777 ], [ 36.9707409, -1.2549797 ], [ 36.9707114, -1.254971 ], [ 36.9706665, -1.2549502 ], [ 36.970639, -1.2549368 ] ] ] } },
{ "type": "Feature", "properties": { "element": "way", "id": 1301065382, "natural": "water", "water": "lake", "name": null, "notes": null, "name:ko": null, "species": null, "height": null, "source": null, "type": null, "name:botanical": null, "landuse:urban_green": null, "operator:description": null, "urban_green:cultivation": null, "urban_green:cultivation_consumer": null, "urban_green:cultivation_sale": null, "urban_green:cultivation_type": null, "urban_green:dimension_sqm": null, "urban_green:fence": null, "urban_green:number_of_caretakers": null, "urban_green:owner_hours_week": null, "watsan:other": null, "watsan:other_description": null, "watsan:water_availability": null, "urban_green:owner_distance": null, "watsan:urban_agriculture": null, "urban_green:cultivation_consumer_description": null, "urban_green:cultivation_supplies_purchase": null, "amenity": null, "denotation": null, "leaf_cycle": null, "leaf_type": null, "ele": null, "wood": null, "description": null, "trees": null, "circumference": null, "fixme": null, "genus": null, "short_name": null, "species:wikidata": null, "species:wikipedia": null, "golf": null, "created_by": null, "security": null, "security:black_spot": null, "security:description": null, "sercurity": null, "basin": null, "intermittent": "yes", "landuse": null, "reservoir_type": null, "man_made": null, "note": null, "salt": null, "tidal": null, "wetland": null, "leisure": null, "colour": null, "addr:city": null, "addr:housenumber": null, "addr:street": null }, "geometry": { "type": "Polygon", "coordinates": [ [ [ 36.9329774, -1.243054 ], [ 36.9329976, -1.2430018 ], [ 36.9329694, -1.2429723 ], [ 36.9329359, -1.2429763 ], [ 36.932909, -1.2429615 ], [ 36.9329412, -1.242869 ], [ 36.9329439, -1.2428288 ], [ 36.9329184, -1.2427778 ], [ 36.9329587, -1.2427296 ], [ 36.9330646, -1.2426853 ], [ 36.9330834, -1.2426183 ], [ 36.9331129, -1.2425647 ], [ 36.9331411, -1.2425352 ], [ 36.9331464, -1.2424775 ], [ 36.9331692, -1.2424185 ], [ 36.933137, -1.2423729 ], [ 36.9330847, -1.2423421 ], [ 36.9329734, -1.2422938 ], [ 36.9329251, -1.242271 ], [ 36.9329654, -1.2422348 ], [ 36.9329184, -1.242204 ], [ 36.932787, -1.2421088 ], [ 36.9327334, -1.2420431 ], [ 36.9327173, -1.2419774 ], [ 36.9326663, -1.241913 ], [ 36.9326113, -1.2419117 ], [ 36.9325322, -1.2418849 ], [ 36.9325174, -1.2418661 ], [ 36.9324316, -1.2418487 ], [ 36.9323377, -1.241854 ], [ 36.9322801, -1.2418936 ], [ 36.9322097, -1.2419144 ], [ 36.9321688, -1.2419043 ], [ 36.9321547, -1.2418829 ], [ 36.9321138, -1.2418782 ], [ 36.9321111, -1.24185 ], [ 36.9321419, -1.2418306 ], [ 36.9321654, -1.2417977 ], [ 36.9321862, -1.2417689 ], [ 36.9321996, -1.241722 ], [ 36.932205, -1.2416811 ], [ 36.9322371, -1.2416469 ], [ 36.9322713, -1.2416254 ], [ 36.9323102, -1.2416228 ], [ 36.9323431, -1.241665 ], [ 36.9323813, -1.241726 ], [ 36.9324008, -1.241783 ], [ 36.9324269, -1.2418078 ], [ 36.9324598, -1.2417924 ], [ 36.9324772, -1.2417307 ], [ 36.9325054, -1.2416824 ], [ 36.932549, -1.2416616 ], [ 36.9326167, -1.2416455 ], [ 36.9327199, -1.2416543 ], [ 36.9327857, -1.2416858 ], [ 36.9328473, -1.2417763 ], [ 36.9329453, -1.2418165 ], [ 36.9330056, -1.2418527 ], [ 36.933082, -1.2419385 ], [ 36.9331008, -1.2420015 ], [ 36.9331437, -1.2420981 ], [ 36.9332215, -1.2421718 ], [ 36.933251, -1.2422415 ], [ 36.9332899, -1.2422925 ], [ 36.933365, -1.2423045 ], [ 36.9334495, -1.2423394 ], [ 36.9334763, -1.242385 ], [ 36.9335031, -1.2424708 ], [ 36.9335635, -1.2424842 ], [ 36.9336171, -1.2424708 ], [ 36.9336775, -1.242511 ], [ 36.9336949, -1.2425486 ], [ 36.9337566, -1.2425754 ], [ 36.9338116, -1.2426049 ], [ 36.9338787, -1.2426076 ], [ 36.9339336, -1.2425901 ], [ 36.9339953, -1.2425673 ], [ 36.9340101, -1.2425513 ], [ 36.9340651, -1.2425687 ], [ 36.934116, -1.2425982 ], [ 36.934175, -1.2426304 ], [ 36.934289, -1.2426585 ], [ 36.9343749, -1.2426987 ], [ 36.9344299, -1.242739 ], [ 36.9344647, -1.2427644 ], [ 36.9345331, -1.2427792 ], [ 36.9345894, -1.2428087 ], [ 36.9345881, -1.2428342 ], [ 36.9345237, -1.2428663 ], [ 36.9344567, -1.2428704 ], [ 36.934391, -1.2428824 ], [ 36.9343534, -1.242932 ], [ 36.9343293, -1.2429669 ], [ 36.934289, -1.2430031 ], [ 36.9342837, -1.2430768 ], [ 36.9342193, -1.2432163 ], [ 36.9341603, -1.2432645 ], [ 36.9340047, -1.2433182 ], [ 36.9338411, -1.243353 ], [ 36.9336453, -1.2433477 ], [ 36.9334817, -1.2433289 ], [ 36.933369, -1.2432806 ], [ 36.9332591, -1.2432324 ], [ 36.9331732, -1.2431841 ], [ 36.9330686, -1.2431546 ], [ 36.9330043, -1.2431251 ], [ 36.9329774, -1.243054 ] ] ] } },
{ "type": "Feature", "properties": { "element": "way", "id": 1301684854, "natural": "water", "water": null, "name": null, "notes": null, "name:ko": null, "species": null, "height": null, "source": null, "type": null, "name:botanical": null, "landuse:urban_green": null, "operator:description": null, "urban_green:cultivation": null, "urban_green:cultivation_consumer": null, "urban_green:cultivation_sale": null, "urban_green:cultivation_type": null, "urban_green:dimension_sqm": null, "urban_green:fence": null, "urban_green:number_of_caretakers": null, "urban_green:owner_hours_week": null, "watsan:other": null, "watsan:other_description": null, "watsan:water_availability": null, "urban_green:owner_distance": null, "watsan:urban_agriculture": null, "urban_green:cultivation_consumer_description": null, "urban_green:cultivation_supplies_purchase": null, "amenity": null, "denotation": null, "leaf_cycle": null, "leaf_type": null, "ele": null, "wood": null, "description": null, "trees": null, "circumference": null, "fixme": null, "genus": null, "short_name": null, "species:wikidata": null, "species:wikipedia": null, "golf": null, "created_by": null, "security": null, "security:black_spot": null, "security:description": null, "sercurity": null, "basin": null, "intermittent": null, "landuse": null, "reservoir_type": null, "man_made": null, "note": null, "salt": null, "tidal": null, "wetland": null, "leisure": null, "colour": null, "addr:city": null, "addr:housenumber": null, "addr:street": null }, "geometry": { "type": "Polygon", "coordinates": [ [ [ 36.8427049, -1.2934623 ], [ 36.8420597, -1.2933067 ], [ 36.8418427, -1.2942762 ], [ 36.8424883, -1.2944307 ], [ 36.8427049, -1.2934623 ] ] ] } },
{ "type": "Feature", "properties": { "element": "way", "id": 1308265232, "natural": "water", "water": null, "name": null, "notes": null, "name:ko": null, "species": null, "height": null, "source": null, "type": null, "name:botanical": null, "landuse:urban_green": null, "operator:description": null, "urban_green:cultivation": null, "urban_green:cultivation_consumer": null, "urban_green:cultivation_sale": null, "urban_green:cultivation_type": null, "urban_green:dimension_sqm": null, "urban_green:fence": null, "urban_green:number_of_caretakers": null, "urban_green:owner_hours_week": null, "watsan:other": null, "watsan:other_description": null, "watsan:water_availability": null, "urban_green:owner_distance": null, "watsan:urban_agriculture": null, "urban_green:cultivation_consumer_description": null, "urban_green:cultivation_supplies_purchase": null, "amenity": null, "denotation": null, "leaf_cycle": null, "leaf_type": null, "ele": null, "wood": null, "description": null, "trees": null, "circumference": null, "fixme": null, "genus": null, "short_name": null, "species:wikidata": null, "species:wikipedia": null, "golf": null, "created_by": null, "security": null, "security:black_spot": null, "security:description": null, "sercurity": null, "basin": null, "intermittent": null, "landuse": null, "reservoir_type": null, "man_made": null, "note": null, "salt": null, "tidal": null, "wetland": null, "leisure": "swimming_pool", "colour": null, "addr:city": null, "addr:housenumber": null, "addr:street": null }, "geometry": { "type": "Polygon", "coordinates": [ [ [ 36.8394327, -1.253291 ], [ 36.8394059, -1.253307 ], [ 36.839418, -1.2533285 ], [ 36.8395078, -1.2533593 ], [ 36.839536, -1.2533191 ], [ 36.8394917, -1.2532923 ], [ 36.8394327, -1.253291 ] ] ] } },
{ "type": "Feature", "properties": { "element": "way", "id": 1308741812, "natural": "water", "water": null, "name": null, "notes": null, "name:ko": null, "species": null, "height": null, "source": null, "type": null, "name:botanical": null, "landuse:urban_green": null, "operator:description": null, "urban_green:cultivation": null, "urban_green:cultivation_consumer": null, "urban_green:cultivation_sale": null, "urban_green:cultivation_type": null, "urban_green:dimension_sqm": null, "urban_green:fence": null, "urban_green:number_of_caretakers": null, "urban_green:owner_hours_week": null, "watsan:other": null, "watsan:other_description": null, "watsan:water_availability": null, "urban_green:owner_distance": null, "watsan:urban_agriculture": null, "urban_green:cultivation_consumer_description": null, "urban_green:cultivation_supplies_purchase": null, "amenity": null, "denotation": null, "leaf_cycle": null, "leaf_type": null, "ele": null, "wood": null, "description": null, "trees": null, "circumference": null, "fixme": null, "genus": null, "short_name": null, "species:wikidata": null, "species:wikipedia": null, "golf": null, "created_by": null, "security": null, "security:black_spot": null, "security:description": null, "sercurity": null, "basin": null, "intermittent": null, "landuse": null, "reservoir_type": null, "man_made": null, "note": null, "salt": null, "tidal": null, "wetland": null, "leisure": null, "colour": null, "addr:city": null, "addr:housenumber": null, "addr:street": null }, "geometry": { "type": "Polygon", "coordinates": [ [ [ 36.7627008, -1.2446891 ], [ 36.762688, -1.2446912 ], [ 36.7626826, -1.2447113 ], [ 36.7626786, -1.2447327 ], [ 36.7626847, -1.2447387 ], [ 36.7627128, -1.2447455 ], [ 36.7627396, -1.2447522 ], [ 36.7627611, -1.2447568 ], [ 36.7627819, -1.2447508 ], [ 36.7627953, -1.2447387 ], [ 36.7627966, -1.244724 ], [ 36.762794, -1.2447025 ], [ 36.7627819, -1.2446851 ], [ 36.7627591, -1.2446798 ], [ 36.7627463, -1.2446818 ], [ 36.7627383, -1.2446871 ], [ 36.7627182, -1.2446938 ], [ 36.7627008, -1.2446891 ] ] ] } },
{ "type": "Feature", "properties": { "element": "way", "id": 1314955832, "natural": "water", "water": "reservoir", "name": null, "notes": null, "name:ko": null, "species": null, "height": null, "source": null, "type": null, "name:botanical": null, "landuse:urban_green": null, "operator:description": null, "urban_green:cultivation": null, "urban_green:cultivation_consumer": null, "urban_green:cultivation_sale": null, "urban_green:cultivation_type": null, "urban_green:dimension_sqm": null, "urban_green:fence": null, "urban_green:number_of_caretakers": null, "urban_green:owner_hours_week": null, "watsan:other": null, "watsan:other_description": null, "watsan:water_availability": null, "urban_green:owner_distance": null, "watsan:urban_agriculture": null, "urban_green:cultivation_consumer_description": null, "urban_green:cultivation_supplies_purchase": null, "amenity": null, "denotation": null, "leaf_cycle": null, "leaf_type": null, "ele": null, "wood": null, "description": null, "trees": null, "circumference": null, "fixme": null, "genus": null, "short_name": null, "species:wikidata": null, "species:wikipedia": null, "golf": null, "created_by": null, "security": null, "security:black_spot": null, "security:description": null, "sercurity": null, "basin": null, "intermittent": null, "landuse": null, "reservoir_type": null, "man_made": null, "note": null, "salt": null, "tidal": null, "wetland": null, "leisure": null, "colour": null, "addr:city": null, "addr:housenumber": null, "addr:street": null }, "geometry": { "type": "Polygon", "coordinates": [ [ [ 36.7609356, -1.3463049 ], [ 36.7610038, -1.3462929 ], [ 36.761072, -1.3463477 ], [ 36.76108, -1.3463892 ], [ 36.7609797, -1.3465897 ], [ 36.7608139, -1.3465028 ], [ 36.7609356, -1.3463049 ] ] ] } },
{ "type": "Feature", "properties": { "element": "way", "id": 1323234801, "natural": "water", "water": "pond", "name": null, "notes": null, "name:ko": null, "species": null, "height": null, "source": null, "type": null, "name:botanical": null, "landuse:urban_green": null, "operator:description": null, "urban_green:cultivation": null, "urban_green:cultivation_consumer": null, "urban_green:cultivation_sale": null, "urban_green:cultivation_type": null, "urban_green:dimension_sqm": null, "urban_green:fence": null, "urban_green:number_of_caretakers": null, "urban_green:owner_hours_week": null, "watsan:other": null, "watsan:other_description": null, "watsan:water_availability": null, "urban_green:owner_distance": null, "watsan:urban_agriculture": null, "urban_green:cultivation_consumer_description": null, "urban_green:cultivation_supplies_purchase": null, "amenity": null, "denotation": null, "leaf_cycle": null, "leaf_type": null, "ele": null, "wood": null, "description": null, "trees": null, "circumference": null, "fixme": null, "genus": null, "short_name": null, "species:wikidata": null, "species:wikipedia": null, "golf": null, "created_by": null, "security": null, "security:black_spot": null, "security:description": null, "sercurity": null, "basin": null, "intermittent": "yes", "landuse": null, "reservoir_type": null, "man_made": null, "note": null, "salt": null, "tidal": null, "wetland": null, "leisure": null, "colour": null, "addr:city": null, "addr:housenumber": null, "addr:street": null }, "geometry": { "type": "Polygon", "coordinates": [ [ [ 36.7620139, -1.3529831 ], [ 36.7619902, -1.352942 ], [ 36.761964, -1.3529894 ], [ 36.7620139, -1.3529831 ] ] ] } },
{ "type": "Feature", "properties": { "element": "way", "id": 1330073401, "natural": "water", "water": null, "name": null, "notes": null, "name:ko": null, "species": null, "height": null, "source": null, "type": null, "name:botanical": null, "landuse:urban_green": null, "operator:description": null, "urban_green:cultivation": null, "urban_green:cultivation_consumer": null, "urban_green:cultivation_sale": null, "urban_green:cultivation_type": null, "urban_green:dimension_sqm": null, "urban_green:fence": null, "urban_green:number_of_caretakers": null, "urban_green:owner_hours_week": null, "watsan:other": null, "watsan:other_description": null, "watsan:water_availability": null, "urban_green:owner_distance": null, "watsan:urban_agriculture": null, "urban_green:cultivation_consumer_description": null, "urban_green:cultivation_supplies_purchase": null, "amenity": null, "denotation": null, "leaf_cycle": null, "leaf_type": null, "ele": null, "wood": null, "description": null, "trees": null, "circumference": null, "fixme": null, "genus": null, "short_name": null, "species:wikidata": null, "species:wikipedia": null, "golf": "water_hazard", "created_by": null, "security": null, "security:black_spot": null, "security:description": null, "sercurity": null, "basin": null, "intermittent": null, "landuse": null, "reservoir_type": null, "man_made": null, "note": null, "salt": null, "tidal": null, "wetland": null, "leisure": null, "colour": "blue", "addr:city": null, "addr:housenumber": null, "addr:street": null }, "geometry": { "type": "Polygon", "coordinates": [ [ [ 36.8205207, -1.2961661 ], [ 36.8205677, -1.2961398 ], [ 36.820594, -1.2961342 ], [ 36.820609, -1.2961135 ], [ 36.8206371, -1.2961117 ], [ 36.8206709, -1.2961098 ], [ 36.8206972, -1.2961342 ], [ 36.8207197, -1.296153 ], [ 36.8207197, -1.2961699 ], [ 36.8207404, -1.2962093 ], [ 36.8207554, -1.2962318 ], [ 36.8207779, -1.2962731 ], [ 36.820793, -1.2963088 ], [ 36.8208136, -1.2963519 ], [ 36.8208418, -1.296397 ], [ 36.8208681, -1.2964326 ], [ 36.8208737, -1.296472 ], [ 36.8208587, -1.2964908 ], [ 36.8208662, -1.2965227 ], [ 36.8208399, -1.2965471 ], [ 36.8208117, -1.2965565 ], [ 36.8207723, -1.2965696 ], [ 36.8207254, -1.2965321 ], [ 36.8206766, -1.2965133 ], [ 36.8206522, -1.2964664 ], [ 36.820639, -1.296442 ], [ 36.8206146, -1.2964026 ], [ 36.820594, -1.2963594 ], [ 36.8205714, -1.2963125 ], [ 36.8205527, -1.2962731 ], [ 36.820532, -1.296228 ], [ 36.8205151, -1.2961961 ], [ 36.8205057, -1.2961755 ], [ 36.8205207, -1.2961661 ] ] ] } },
{ "type": "Feature", "properties": { "element": "way", "id": 1330073402, "natural": "water", "water": null, "name": null, "notes": null, "name:ko": null, "species": null, "height": null, "source": null, "type": null, "name:botanical": null, "landuse:urban_green": null, "operator:description": null, "urban_green:cultivation": null, "urban_green:cultivation_consumer": null, "urban_green:cultivation_sale": null, "urban_green:cultivation_type": null, "urban_green:dimension_sqm": null, "urban_green:fence": null, "urban_green:number_of_caretakers": null, "urban_green:owner_hours_week": null, "watsan:other": null, "watsan:other_description": null, "watsan:water_availability": null, "urban_green:owner_distance": null, "watsan:urban_agriculture": null, "urban_green:cultivation_consumer_description": null, "urban_green:cultivation_supplies_purchase": null, "amenity": null, "denotation": null, "leaf_cycle": null, "leaf_type": null, "ele": null, "wood": null, "description": null, "trees": null, "circumference": null, "fixme": null, "genus": null, "short_name": null, "species:wikidata": null, "species:wikipedia": null, "golf": "water_hazard", "created_by": null, "security": null, "security:black_spot": null, "security:description": null, "sercurity": null, "basin": null, "intermittent": null, "landuse": null, "reservoir_type": null, "man_made": null, "note": null, "salt": null, "tidal": null, "wetland": null, "leisure": null, "colour": null, "addr:city": null, "addr:housenumber": null, "addr:street": null }, "geometry": { "type": "Polygon", "coordinates": [ [ [ 36.8206571, -1.295819 ], [ 36.8207565, -1.2958166 ], [ 36.8208133, -1.2957977 ], [ 36.8209268, -1.2957528 ], [ 36.8209978, -1.2959467 ], [ 36.8210498, -1.2960791 ], [ 36.8210687, -1.2961595 ], [ 36.8209599, -1.2962683 ], [ 36.8208795, -1.296273 ], [ 36.8207943, -1.2961264 ], [ 36.8207044, -1.2959751 ], [ 36.8206713, -1.2959041 ], [ 36.820644, -1.295835 ], [ 36.8206571, -1.295819 ] ] ] } },
{ "type": "Feature", "properties": { "element": "way", "id": 1332632982, "natural": "water", "water": null, "name": null, "notes": null, "name:ko": null, "species": null, "height": null, "source": null, "type": null, "name:botanical": null, "landuse:urban_green": null, "operator:description": null, "urban_green:cultivation": null, "urban_green:cultivation_consumer": null, "urban_green:cultivation_sale": null, "urban_green:cultivation_type": null, "urban_green:dimension_sqm": null, "urban_green:fence": null, "urban_green:number_of_caretakers": null, "urban_green:owner_hours_week": null, "watsan:other": null, "watsan:other_description": null, "watsan:water_availability": null, "urban_green:owner_distance": null, "watsan:urban_agriculture": null, "urban_green:cultivation_consumer_description": null, "urban_green:cultivation_supplies_purchase": null, "amenity": null, "denotation": null, "leaf_cycle": null, "leaf_type": null, "ele": null, "wood": null, "description": null, "trees": null, "circumference": null, "fixme": null, "genus": null, "short_name": null, "species:wikidata": null, "species:wikipedia": null, "golf": "water_hazard", "created_by": null, "security": null, "security:black_spot": null, "security:description": null, "sercurity": null, "basin": null, "intermittent": null, "landuse": null, "reservoir_type": null, "man_made": null, "note": null, "salt": null, "tidal": null, "wetland": null, "leisure": null, "colour": "blue", "addr:city": null, "addr:housenumber": null, "addr:street": null }, "geometry": { "type": "Polygon", "coordinates": [ [ [ 36.8190955, -1.2950805 ], [ 36.8190724, -1.295129 ], [ 36.8190284, -1.2951545 ], [ 36.8190539, -1.2951869 ], [ 36.8190886, -1.2952077 ], [ 36.8191071, -1.295203 ], [ 36.8190951, -1.2952442 ], [ 36.8191478, -1.2952865 ], [ 36.8192154, -1.2953371 ], [ 36.8192633, -1.2953685 ], [ 36.8192882, -1.2953798 ], [ 36.819313, -1.2953788 ], [ 36.8193431, -1.2953719 ], [ 36.8193269, -1.2953603 ], [ 36.8193199, -1.2953395 ], [ 36.8192968, -1.2953279 ], [ 36.8193037, -1.2952817 ], [ 36.8193639, -1.2952771 ], [ 36.8193199, -1.2952331 ], [ 36.819276, -1.295203 ], [ 36.8192644, -1.2951822 ], [ 36.8192135, -1.2951475 ], [ 36.819158, -1.2951082 ], [ 36.8191372, -1.2950897 ], [ 36.8190955, -1.2950805 ] ] ] } },
{ "type": "Feature", "properties": { "element": "way", "id": 1336477457, "natural": "water", "water": null, "name": null, "notes": null, "name:ko": null, "species": null, "height": null, "source": null, "type": null, "name:botanical": null, "landuse:urban_green": null, "operator:description": null, "urban_green:cultivation": null, "urban_green:cultivation_consumer": null, "urban_green:cultivation_sale": null, "urban_green:cultivation_type": null, "urban_green:dimension_sqm": null, "urban_green:fence": null, "urban_green:number_of_caretakers": null, "urban_green:owner_hours_week": null, "watsan:other": null, "watsan:other_description": null, "watsan:water_availability": null, "urban_green:owner_distance": null, "watsan:urban_agriculture": null, "urban_green:cultivation_consumer_description": null, "urban_green:cultivation_supplies_purchase": null, "amenity": null, "denotation": null, "leaf_cycle": null, "leaf_type": null, "ele": null, "wood": null, "description": null, "trees": null, "circumference": null, "fixme": null, "genus": null, "short_name": null, "species:wikidata": null, "species:wikipedia": null, "golf": null, "created_by": null, "security": null, "security:black_spot": null, "security:description": null, "sercurity": null, "basin": null, "intermittent": null, "landuse": null, "reservoir_type": null, "man_made": null, "note": null, "salt": null, "tidal": null, "wetland": null, "leisure": null, "colour": null, "addr:city": null, "addr:housenumber": null, "addr:street": null }, "geometry": { "type": "Polygon", "coordinates": [ [ [ 36.8064457, -1.2623555 ], [ 36.8064196, -1.2623986 ], [ 36.8065174, -1.2624585 ], [ 36.8065396, -1.2624077 ], [ 36.8064457, -1.2623555 ] ] ] } }
]
}
