{
  "type": "FeatureCollection",
  "columns": {
    "area_ha": "Number",
    "area_m2": "Float",
    "class": "Short<0, 255>",
    "count": "Long<0, 4294967295>",
    "system:index": "String"
  },
  "features": [
    {
      "type": "Feature",
      "geometry": {
        "geodesic": false,
        "type": "Polygon",
        "coordinates": [
          [
            [
              36.74720366442044,
              -1.2772246709611357
            ],
            [
              36.74720366442044,
              -1.2775839970747835
            ],
            [
              36.74702400136362,
              -1.2775839970747835
            ],
            [
              36.74702400136362,
              -1.2777636601316074
            ],
            [
              36.74684433830679,
              -1.2777636601316074
            ],
            [
              36.74684433830679,
              -1.2779433231884312
            ],
            [
              36.74666467524997,
              -1.2779433231884312
            ],
            [
              36.74666467524997,
              -1.2788416384725507
            ],
            [
              36.74648501219315,
              -1.2788416384725507
            ],
            [
              36.74648501219315,
              -1.2790213015293748
            ],
            [
              36.74558669690903,
              -1.2790213015293748
            ],
            [
              36.74558669690903,
              -1.2788416384725507
            ],
            [
              36.7454070338522,
              -1.2788416384725507
            ],
            [
              36.7454070338522,
              -1.278482312358903
            ],
            [
              36.74504770773856,
              -1.278482312358903
            ],
            [
              36.74504770773856,
              -1.278661975415727
            ],
            [
              36.74486804468173,
              -1.278661975415727
            ],
            [
              36.74486804468173,
              -1.2788416384725507
            ],
            [
              36.744688381624904,
              -1.2788416384725507
            ],
            [
              36.744688381624904,
              -1.278661975415727
            ],
            [
              36.74432905551126,
              -1.278661975415727
            ],
            [
              36.74432905551126,
              -1.2790213015293748
            ],
            [
              36.744508718568085,
              -1.2790213015293748
            ],
            [
              36.744508718568085,
              -1.2797399537566703
            ],
            [
              36.74486804468173,
              -1.2797399537566703
            ],
            [
              36.74486804468173,
              -1.2799196168134943
            ],
            [
              36.74504770773856,
              -1.2799196168134943
            ],
            [
              36.74504770773856,
              -1.2800992798703181
            ],
            [
              36.7454070338522,
              -1.2800992798703181
            ],
            [
              36.7454070338522,
              -1.280278942927142
            ],
            [
              36.745946023022675,
              -1.280278942927142
            ],
            [
              36.745946023022675,
              -1.2800992798703181
            ],
            [
              36.74630534913632,
              -1.2800992798703181
            ],
            [
              36.74630534913632,
              -1.2799196168134943
            ],
            [
              36.74648501219315,
              -1.2799196168134943
            ],
            [
              36.74648501219315,
              -1.2797399537566703
            ],
            [
              36.747383327477266,
              -1.2797399537566703
            ],
            [
              36.747383327477266,
              -1.2795602906998464
            ],
            [
              36.74810197970456,
              -1.2795602906998464
            ],
            [
              36.74810197970456,
              -1.2797399537566703
            ],
            [
              36.748281642761384,
              -1.2797399537566703
            ],
            [
              36.748281642761384,
              -1.280278942927142
            ],
            [
              36.74810197970456,
              -1.280278942927142
            ],
            [
              36.74810197970456,
              -1.280458605983966
            ],
            [
              36.74774265359091,
              -1.280458605983966
            ],
            [
              36.74774265359091,
              -1.280278942927142
            ],
            [
              36.74720366442044,
              -1.280278942927142
            ],
            [
              36.74720366442044,
              -1.2808179320976136
            ],
            [
              36.74702400136362,
              -1.2808179320976136
            ],
            [
              36.74702400136362,
              -1.2811772582112615
            ],
            [
              36.74684433830679,
              -1.2811772582112615
            ],
            [
              36.74684433830679,
              -1.2817162473817332
            ],
            [
              36.74666467524997,
              -1.2817162473817332
            ],
            [
              36.74666467524997,
              -1.282075573495381
            ],
            [
              36.74648501219315,
              -1.282075573495381
            ],
            [
              36.74648501219315,
              -1.2822552365522049
            ],
            [
              36.74630534913632,
              -1.2822552365522049
            ],
            [
              36.74630534913632,
              -1.282434899609029
            ],
            [
              36.745946023022675,
              -1.282434899609029
            ],
            [
              36.745946023022675,
              -1.2826145626658527
            ],
            [
              36.74558669690903,
              -1.2826145626658527
            ],
            [
              36.74558669690903,
              -1.282434899609029
            ],
            [
              36.74522737079538,
              -1.282434899609029
            ],
            [
              36.74522737079538,
              -1.2822552365522049
            ],
            [
              36.74504770773856,
              -1.2822552365522049
            ],
            [
              36.74504770773856,
              -1.2817162473817332
            ],
            [
              36.74486804468173,
              -1.2817162473817332
            ],
            [
              36.74486804468173,
              -1.2815365843249094
            ],
            [
              36.74396972939761,
              -1.2815365843249094
            ],
            [
              36.74396972939761,
              -1.2817162473817332
            ],
            [
              36.743790066340786,
              -1.2817162473817332
            ],
            [
              36.743790066340786,
              -1.282434899609029
            ],
            [
              36.74414939245443,
              -1.282434899609029
            ],
            [
              36.74414939245443,
              -1.2826145626658527
            ],
            [
              36.744508718568085,
              -1.2826145626658527
            ],
            [
              36.744508718568085,
              -1.2827942257226768
            ],
            [
              36.744688381624904,
              -1.2827942257226768
            ],
            [
              36.744688381624904,
              -1.2831535518363244
            ],
            [
              36.74486804468173,
              -1.2831535518363244
            ],
            [
              36.74486804468173,
              -1.2849501824045635
            ],
            [
              36.744688381624904,
              -1.2849501824045635
            ],
            [
              36.744688381624904,
              -1.2851298454613875
            ],
            [
              36.74432905551126,
              -1.2851298454613875
            ],
            [
              36.74432905551126,
              -1.2853095085182114
            ],
            [
              36.74343074022714,
              -1.2853095085182114
            ],
            [
              36.74343074022714,
              -1.2863874868591547
            ],
            [
              36.74432905551126,
              -1.2863874868591547
            ],
            [
              36.74432905551126,
              -1.2867468129728026
            ],
            [
              36.744508718568085,
              -1.2867468129728026
            ],
            [
              36.744508718568085,
              -1.2872858021432743
            ],
            [
              36.74432905551126,
              -1.2872858021432743
            ],
            [
              36.74432905551126,
              -1.287465465200098
            ],
            [
              36.74414939245443,
              -1.287465465200098
            ],
            [
              36.74414939245443,
              -1.2876451282569221
            ],
            [
              36.74396972939761,
              -1.2876451282569221
            ],
            [
              36.74396972939761,
              -1.287465465200098
            ],
            [
              36.743790066340786,
              -1.287465465200098
            ],
            [
              36.743790066340786,
              -1.2867468129728026
            ],
            [
              36.74361040328397,
              -1.2867468129728026
            ],
            [
              36.74361040328397,
              -1.2865671499159788
            ],
            [
              36.74289175105667,
              -1.2865671499159788
            ],
            [
              36.74289175105667,
              -1.286207823802331
            ],
            [
              36.74271208799984,
              -1.286207823802331
            ],
            [
              36.74271208799984,
              -1.285848497688683
            ],
            [
              36.74217309882937,
              -1.285848497688683
            ],
            [
              36.74217309882937,
              -1.2860281607455069
            ],
            [
              36.741634109658904,
              -1.2860281607455069
            ],
            [
              36.741634109658904,
              -1.2854891715750352
            ],
            [
              36.74145444660208,
              -1.2854891715750352
            ],
            [
              36.74145444660208,
              -1.2853095085182114
            ],
            [
              36.74109512048843,
              -1.2853095085182114
            ],
            [
              36.74109512048843,
              -1.2854891715750352
            ],
            [
              36.740915457431605,
              -1.2854891715750352
            ],
            [
              36.740915457431605,
              -1.285848497688683
            ],
            [
              36.74073579437478,
              -1.285848497688683
            ],
            [
              36.74073579437478,
              -1.286207823802331
            ],
            [
              36.74109512048843,
              -1.286207823802331
            ],
            [
              36.74109512048843,
              -1.2863874868591547
            ],
            [
              36.741634109658904,
              -1.2863874868591547
            ],
            [
              36.741634109658904,
              -1.2865671499159788
            ],
            [
              36.74181377271572,
              -1.2865671499159788
            ],
            [
              36.74181377271572,
              -1.2867468129728026
            ],
            [
              36.74199343577255,
              -1.2867468129728026
            ],
            [
              36.74199343577255,
              -1.287465465200098
            ],
            [
              36.74181377271572,
              -1.287465465200098
            ],
            [
              36.74181377271572,
              -1.2889027696546895
            ],
            [
              36.74217309882937,
              -1.2889027696546895
            ],
            [
              36.74217309882937,
              -1.2887231065978655
            ],
            [
              36.742352761886195,
              -1.2887231065978655
            ],
            [
              36.742352761886195,
              -1.2885434435410417
            ],
            [
              36.74289175105667,
              -1.2885434435410417
            ],
            [
              36.74289175105667,
              -1.2887231065978655
            ],
            [
              36.743071414113494,
              -1.2887231065978655
            ],
            [
              36.743071414113494,
              -1.2889027696546895
            ],
            [
              36.743251077170314,
              -1.2889027696546895
            ],
            [
              36.743251077170314,
              -1.2890824327115133
            ],
            [
              36.743790066340786,
              -1.2890824327115133
            ],
            [
              36.743790066340786,
              -1.2894417588251612
            ],
            [
              36.74396972939761,
              -1.2894417588251612
            ],
            [
              36.74396972939761,
              -1.289621421881985
            ],
            [
              36.74432905551126,
              -1.289621421881985
            ],
            [
              36.74432905551126,
              -1.289980747995633
            ],
            [
              36.744508718568085,
              -1.289980747995633
            ],
            [
              36.744508718568085,
              -1.2901604110524567
            ],
            [
              36.744688381624904,
              -1.2901604110524567
            ],
            [
              36.744688381624904,
              -1.2905197371661046
            ],
            [
              36.74504770773856,
              -1.2905197371661046
            ],
            [
              36.74504770773856,
              -1.2906994002229284
            ],
            [
              36.74522737079538,
              -1.2906994002229284
            ],
            [
              36.74522737079538,
              -1.2908790632797524
            ],
            [
              36.745946023022675,
              -1.2908790632797524
            ],
            [
              36.745946023022675,
              -1.2906994002229284
            ],
            [
              36.74666467524997,
              -1.2906994002229284
            ],
            [
              36.74666467524997,
              -1.2903400741092808
            ],
            [
              36.74648501219315,
              -1.2903400741092808
            ],
            [
              36.74648501219315,
              -1.289980747995633
            ],
            [
              36.74630534913632,
              -1.289980747995633
            ],
            [
              36.74630534913632,
              -1.2898010849388089
            ],
            [
              36.745946023022675,
              -1.2898010849388089
            ],
            [
              36.745946023022675,
              -1.289980747995633
            ],
            [
              36.74576635996585,
              -1.289980747995633
            ],
            [
              36.74576635996585,
              -1.2901604110524567
            ],
            [
              36.7454070338522,
              -1.2901604110524567
            ],
            [
              36.7454070338522,
              -1.289980747995633
            ],
            [
              36.74504770773856,
              -1.289980747995633
            ],
            [
              36.74504770773856,
              -1.2898010849388089
            ],
            [
              36.74522737079538,
              -1.2898010849388089
            ],
            [
              36.74522737079538,
              -1.2894417588251612
            ],
            [
              36.7454070338522,
              -1.2894417588251612
            ],
            [
              36.7454070338522,
              -1.2889027696546895
            ],
            [
              36.74522737079538,
              -1.2889027696546895
            ],
            [
              36.74522737079538,
              -1.2885434435410417
            ],
            [
              36.74504770773856,
              -1.2885434435410417
            ],
            [
              36.74504770773856,
              -1.28800445437057
            ],
            [
              36.74522737079538,
              -1.28800445437057
            ],
            [
              36.74522737079538,
              -1.2876451282569221
            ],
            [
              36.7454070338522,
              -1.2876451282569221
            ],
            [
              36.7454070338522,
              -1.2871061390864504
            ],
            [
              36.74522737079538,
              -1.2871061390864504
            ],
            [
              36.74522737079538,
              -1.2867468129728026
            ],
            [
              36.7454070338522,
              -1.2867468129728026
            ],
            [
              36.7454070338522,
              -1.2863874868591547
            ],
            [
              36.74558669690903,
              -1.2863874868591547
            ],
            [
              36.74558669690903,
              -1.2867468129728026
            ],
            [
              36.74576635996585,
              -1.2867468129728026
            ],
            [
              36.74576635996585,
              -1.2869264760296264
            ],
            [
              36.745946023022675,
              -1.2869264760296264
            ],
            [
              36.745946023022675,
              -1.2867468129728026
            ],
            [
              36.746125686079495,
              -1.2867468129728026
            ],
            [
              36.746125686079495,
              -1.2869264760296264
            ],
            [
              36.74630534913632,
              -1.2869264760296264
            ],
            [
              36.74630534913632,
              -1.2871061390864504
            ],
            [
              36.74648501219315,
              -1.2871061390864504
            ],
            [
              36.74648501219315,
              -1.2872858021432743
            ],
            [
              36.74666467524997,
              -1.2872858021432743
            ],
            [
              36.74666467524997,
              -1.28800445437057
            ],
            [
              36.74684433830679,
              -1.28800445437057
            ],
            [
              36.74684433830679,
              -1.2881841174273938
            ],
            [
              36.74666467524997,
              -1.2881841174273938
            ],
            [
              36.74666467524997,
              -1.2885434435410417
            ],
            [
              36.74702400136362,
              -1.2885434435410417
            ],
            [
              36.74702400136362,
              -1.2883637804842176
            ],
            [
              36.74720366442044,
              -1.2883637804842176
            ],
            [
              36.74720366442044,
              -1.2881841174273938
            ],
            [
              36.747383327477266,
              -1.2881841174273938
            ],
            [
              36.747383327477266,
              -1.28800445437057
            ],
            [
              36.74756299053409,
              -1.28800445437057
            ],
            [
              36.74756299053409,
              -1.287824791313746
            ],
            [
              36.74792231664774,
              -1.287824791313746
            ],
            [
              36.74792231664774,
              -1.2876451282569221
            ],
            [
              36.748281642761384,
              -1.2876451282569221
            ],
            [
              36.748281642761384,
              -1.2872858021432743
            ],
            [
              36.74864096887503,
              -1.2872858021432743
            ],
            [
              36.74864096887503,
              -1.2871061390864504
            ],
            [
              36.748820631931856,
              -1.2871061390864504
            ],
            [
              36.748820631931856,
              -1.2869264760296264
            ],
            [
              36.74900029498868,
              -1.2869264760296264
            ],
            [
              36.74900029498868,
              -1.2863874868591547
            ],
            [
              36.7491799580455,
              -1.2863874868591547
            ],
            [
              36.7491799580455,
              -1.285848497688683
            ],
            [
              36.74900029498868,
              -1.285848497688683
            ],
            [
              36.74900029498868,
              -1.2856688346318592
            ],
            [
              36.748820631931856,
              -1.2856688346318592
            ],
            [
              36.748820631931856,
              -1.2854891715750352
            ],
            [
              36.74864096887503,
              -1.2854891715750352
            ],
            [
              36.74864096887503,
              -1.2856688346318592
            ],
            [
              36.74846130581821,
              -1.2856688346318592
            ],
            [
              36.74846130581821,
              -1.2854891715750352
            ],
            [
              36.748281642761384,
              -1.2854891715750352
            ],
            [
              36.748281642761384,
              -1.2856688346318592
            ],
            [
              36.74810197970456,
              -1.2856688346318592
            ],
            [
              36.74810197970456,
              -1.285848497688683
            ],
            [
              36.747383327477266,
              -1.285848497688683
            ],
            [
              36.747383327477266,
              -1.2854891715750352
            ],
            [
              36.74702400136362,
              -1.2854891715750352
            ],
            [
              36.74702400136362,
              -1.2851298454613875
            ],
            [
              36.74666467524997,
              -1.2851298454613875
            ],
            [
              36.74666467524997,
              -1.2849501824045635
            ],
            [
              36.74648501219315,
              -1.2849501824045635
            ],
            [
              36.74648501219315,
              -1.2845908562909156
            ],
            [
              36.74666467524997,
              -1.2845908562909156
            ],
            [
              36.74666467524997,
              -1.2844111932340918
            ],
            [
              36.74684433830679,
              -1.2844111932340918
            ],
            [
              36.74684433830679,
              -1.2836925410067963
            ],
            [
              36.74702400136362,
              -1.2836925410067963
            ],
            [
              36.74702400136362,
              -1.2835128779499723
            ],
            [
              36.747383327477266,
              -1.2835128779499723
            ],
            [
              36.747383327477266,
              -1.2831535518363244
            ],
            [
              36.74756299053409,
              -1.2831535518363244
            ],
            [
              36.74756299053409,
              -1.2827942257226768
            ],
            [
              36.74774265359091,
              -1.2827942257226768
            ],
            [
              36.74774265359091,
              -1.282434899609029
            ],
            [
              36.74756299053409,
              -1.282434899609029
            ],
            [
              36.74756299053409,
              -1.2818959104385572
            ],
            [
              36.74792231664774,
              -1.2818959104385572
            ],
            [
              36.74792231664774,
              -1.282075573495381
            ],
            [
              36.74810197970456,
              -1.282075573495381
            ],
            [
              36.74810197970456,
              -1.2826145626658527
            ],
            [
              36.748281642761384,
              -1.2826145626658527
            ],
            [
              36.748281642761384,
              -1.2827942257226768
            ],
            [
              36.74846130581821,
              -1.2827942257226768
            ],
            [
              36.74846130581821,
              -1.2826145626658527
            ],
            [
              36.74900029498868,
              -1.2826145626658527
            ],
            [
              36.74900029498868,
              -1.282434899609029
            ],
            [
              36.7491799580455,
              -1.282434899609029
            ],
            [
              36.7491799580455,
              -1.2818959104385572
            ],
            [
              36.74900029498868,
              -1.2818959104385572
            ],
            [
              36.74900029498868,
              -1.2815365843249094
            ],
            [
              36.748820631931856,
              -1.2815365843249094
            ],
            [
              36.748820631931856,
              -1.2811772582112615
            ],
            [
              36.74900029498868,
              -1.2811772582112615
            ],
            [
              36.74900029498868,
              -1.2808179320976136
            ],
            [
              36.7491799580455,
              -1.2808179320976136
            ],
            [
              36.7491799580455,
              -1.2806382690407898
            ],
            [
              36.749539284159155,
              -1.2806382690407898
            ],
            [
              36.749539284159155,
              -1.280458605983966
            ],
            [
              36.75025793638645,
              -1.280458605983966
            ],
            [
              36.75025793638645,
              -1.2800992798703181
            ],
            [
              36.75007827332962,
              -1.2800992798703181
            ],
            [
              36.75007827332962,
              -1.2793806276430224
            ],
            [
              36.7498986102728,
              -1.2793806276430224
            ],
            [
              36.7498986102728,
              -1.2792009645861986
            ],
            [
              36.749718947215975,
              -1.2792009645861986
            ],
            [
              36.749718947215975,
              -1.2790213015293748
            ],
            [
              36.749539284159155,
              -1.2790213015293748
            ],
            [
              36.749539284159155,
              -1.278661975415727
            ],
            [
              36.74935962110233,
              -1.278661975415727
            ],
            [
              36.74935962110233,
              -1.278302649302079
            ],
            [
              36.7491799580455,
              -1.278302649302079
            ],
            [
              36.7491799580455,
              -1.2779433231884312
            ],
            [
              36.748281642761384,
              -1.2779433231884312
            ],
            [
              36.748281642761384,
              -1.2781229862452552
            ],
            [
              36.74792231664774,
              -1.2781229862452552
            ],
            [
              36.74792231664774,
              -1.2779433231884312
            ],
            [
              36.74774265359091,
              -1.2779433231884312
            ],
            [
              36.74774265359091,
              -1.2777636601316074
            ],
            [
              36.74756299053409,
              -1.2777636601316074
            ],
            [
              36.74756299053409,
              -1.2774043340179595
            ],
            [
              36.747383327477266,
              -1.2774043340179595
            ],
            [
              36.747383327477266,
              -1.2772246709611357
            ],
            [
              36.74720366442044,
              -1.2772246709611357
            ]
          ],
          [
            [
              36.743071414113494,
              -1.28800445437057
            ],
            [
              36.74289175105667,
              -1.28800445437057
            ],
            [
              36.74289175105667,
              -1.2881841174273938
            ],
            [
              36.743071414113494,
              -1.2881841174273938
            ],
            [
              36.743071414113494,
              -1.28800445437057
            ]
          ],
          [
            [
              36.74289175105667,
              -1.287824791313746
            ],
            [
              36.74271208799984,
              -1.287824791313746
            ],
            [
              36.74271208799984,
              -1.28800445437057
            ],
            [
              36.74289175105667,
              -1.28800445437057
            ],
            [
              36.74289175105667,
              -1.287824791313746
            ]
          ],
          [
            [
              36.744688381624904,
              -1.2865671499159788
            ],
            [
              36.744508718568085,
              -1.2865671499159788
            ],
            [
              36.744508718568085,
              -1.2867468129728026
            ],
            [
              36.744688381624904,
              -1.2867468129728026
            ],
            [
              36.744688381624904,
              -1.2865671499159788
            ]
          ],
          [
            [
              36.7454070338522,
              -1.286207823802331
            ],
            [
              36.74522737079538,
              -1.286207823802331
            ],
            [
              36.74522737079538,
              -1.2863874868591547
            ],
            [
              36.7454070338522,
              -1.2863874868591547
            ],
            [
              36.7454070338522,
              -1.286207823802331
            ]
          ],
          [
            [
              36.74486804468173,
              -1.2851298454613875
            ],
            [
              36.744688381624904,
              -1.2851298454613875
            ],
            [
              36.744688381624904,
              -1.2853095085182114
            ],
            [
              36.74486804468173,
              -1.2853095085182114
            ],
            [
              36.74486804468173,
              -1.2851298454613875
            ]
          ]
        ]
      },
      "id": "+204534-7110",
      "properties": {
        "area_ha": 52.34958394134511,
        "area_m2": 523495.8394134511,
        "class": 0,
        "count": 1312
      }
    },
    {
      "type": "Feature",
      "geometry": {
        "geodesic": false,
        "type": "Polygon",
        "coordinates": [
          [
            [
              36.75528850197752,
              -1.2869264760296264
            ],
            [
              36.75528850197752,
              -1.2865671499159788
            ],
            [
              36.755468165034344,
              -1.2865671499159788
            ],
            [
              36.755468165034344,
              -1.2863874868591547
            ],
            [
              36.75582749114799,
              -1.2863874868591547
            ],
            [
              36.75582749114799,
              -1.286207823802331
            ],
            [
              36.75636648031846,
              -1.286207823802331
            ],
            [
              36.75636648031846,
              -1.2860281607455069
            ],
            [
              36.75654614337528,
              -1.2860281607455069
            ],
            [
              36.75654614337528,
              -1.2856688346318592
            ],
            [
              36.756186817261636,
              -1.2856688346318592
            ],
            [
              36.756186817261636,
              -1.285848497688683
            ],
            [
              36.75582749114799,
              -1.285848497688683
            ],
            [
              36.75582749114799,
              -1.2860281607455069
            ],
            [
              36.75564782809116,
              -1.2860281607455069
            ],
            [
              36.75564782809116,
              -1.2856688346318592
            ],
            [
              36.755468165034344,
              -1.2856688346318592
            ],
            [
              36.755468165034344,
              -1.2854891715750352
            ],
            [
              36.75528850197752,
              -1.2854891715750352
            ],
            [
              36.75528850197752,
              -1.2851298454613875
            ],
            [
              36.75510883892069,
              -1.2851298454613875
            ],
            [
              36.75510883892069,
              -1.2845908562909156
            ],
            [
              36.75528850197752,
              -1.2845908562909156
            ],
            [
              36.75528850197752,
              -1.2844111932340918
            ],
            [
              36.755468165034344,
              -1.2844111932340918
            ],
            [
              36.755468165034344,
              -1.284231530177268
            ],
            [
              36.75582749114799,
              -1.284231530177268
            ],
            [
              36.75582749114799,
              -1.284051867120444
            ],
            [
              36.75600715420481,
              -1.284051867120444
            ],
            [
              36.75600715420481,
              -1.2836925410067963
            ],
            [
              36.75528850197752,
              -1.2836925410067963
            ],
            [
              36.75528850197752,
              -1.2838722040636201
            ],
            [
              36.75456984975022,
              -1.2838722040636201
            ],
            [
              36.75456984975022,
              -1.2844111932340918
            ],
            [
              36.7543901866934,
              -1.2844111932340918
            ],
            [
              36.7543901866934,
              -1.2845908562909156
            ],
            [
              36.75456984975022,
              -1.2845908562909156
            ],
            [
              36.75456984975022,
              -1.2849501824045635
            ],
            [
              36.754749512807045,
              -1.2849501824045635
            ],
            [
              36.754749512807045,
              -1.2851298454613875
            ],
            [
              36.75456984975022,
              -1.2851298454613875
            ],
            [
              36.75456984975022,
              -1.2853095085182114
            ],
            [
              36.7543901866934,
              -1.2853095085182114
            ],
            [
              36.7543901866934,
              -1.2854891715750352
            ],
            [
              36.75421052363657,
              -1.2854891715750352
            ],
            [
              36.75421052363657,
              -1.2853095085182114
            ],
            [
              36.754030860579746,
              -1.2853095085182114
            ],
            [
              36.754030860579746,
              -1.2851298454613875
            ],
            [
              36.75385119752293,
              -1.2851298454613875
            ],
            [
              36.75385119752293,
              -1.2845908562909156
            ],
            [
              36.754030860579746,
              -1.2845908562909156
            ],
            [
              36.754030860579746,
              -1.2844111932340918
            ],
            [
              36.75385119752293,
              -1.2844111932340918
            ],
            [
              36.75385119752293,
              -1.284231530177268
            ],
            [
              36.7536715344661,
              -1.284231530177268
            ],
            [
              36.7536715344661,
              -1.284051867120444
            ],
            [
              36.752593556125156,
              -1.284051867120444
            ],
            [
              36.752593556125156,
              -1.2838722040636201
            ],
            [
              36.752413893068336,
              -1.2838722040636201
            ],
            [
              36.752413893068336,
              -1.2831535518363244
            ],
            [
              36.75223423001151,
              -1.2831535518363244
            ],
            [
              36.75223423001151,
              -1.2829738887795006
            ],
            [
              36.752413893068336,
              -1.2829738887795006
            ],
            [
              36.752413893068336,
              -1.2826145626658527
            ],
            [
              36.752593556125156,
              -1.2826145626658527
            ],
            [
              36.752593556125156,
              -1.282434899609029
            ],
            [
              36.753312208352455,
              -1.282434899609029
            ],
            [
              36.753312208352455,
              -1.2826145626658527
            ],
            [
              36.7536715344661,
              -1.2826145626658527
            ],
            [
              36.7536715344661,
              -1.2827942257226768
            ],
            [
              36.75385119752293,
              -1.2827942257226768
            ],
            [
              36.75385119752293,
              -1.2829738887795006
            ],
            [
              36.754030860579746,
              -1.2829738887795006
            ],
            [
              36.754030860579746,
              -1.2833332148931484
            ],
            [
              36.75456984975022,
              -1.2833332148931484
            ],
            [
              36.75456984975022,
              -1.2831535518363244
            ],
            [
              36.7543901866934,
              -1.2831535518363244
            ],
            [
              36.7543901866934,
              -1.2829738887795006
            ],
            [
              36.75421052363657,
              -1.2829738887795006
            ],
            [
              36.75421052363657,
              -1.2826145626658527
            ],
            [
              36.7543901866934,
              -1.2826145626658527
            ],
            [
              36.7543901866934,
              -1.2822552365522049
            ],
            [
              36.75492917586387,
              -1.2822552365522049
            ],
            [
              36.75492917586387,
              -1.282434899609029
            ],
            [
              36.75510883892069,
              -1.282434899609029
            ],
            [
              36.75510883892069,
              -1.2826145626658527
            ],
            [
              36.75582749114799,
              -1.2826145626658527
            ],
            [
              36.75582749114799,
              -1.282075573495381
            ],
            [
              36.75564782809116,
              -1.282075573495381
            ],
            [
              36.75564782809116,
              -1.2818959104385572
            ],
            [
              36.755468165034344,
              -1.2818959104385572
            ],
            [
              36.755468165034344,
              -1.2817162473817332
            ],
            [
              36.75564782809116,
              -1.2817162473817332
            ],
            [
              36.75564782809116,
              -1.2811772582112615
            ],
            [
              36.75582749114799,
              -1.2811772582112615
            ],
            [
              36.75582749114799,
              -1.2809975951544377
            ],
            [
              36.75600715420481,
              -1.2809975951544377
            ],
            [
              36.75600715420481,
              -1.2799196168134943
            ],
            [
              36.756186817261636,
              -1.2799196168134943
            ],
            [
              36.756186817261636,
              -1.2793806276430224
            ],
            [
              36.75636648031846,
              -1.2793806276430224
            ],
            [
              36.75636648031846,
              -1.2792009645861986
            ],
            [
              36.75654614337528,
              -1.2792009645861986
            ],
            [
              36.75654614337528,
              -1.2790213015293748
            ],
            [
              36.75672580643211,
              -1.2790213015293748
            ],
            [
              36.75672580643211,
              -1.2788416384725507
            ],
            [
              36.757085132545754,
              -1.2788416384725507
            ],
            [
              36.757085132545754,
              -1.2790213015293748
            ],
            [
              36.75726479560258,
              -1.2790213015293748
            ],
            [
              36.75726479560258,
              -1.2792009645861986
            ],
            [
              36.75744445865941,
              -1.2792009645861986
            ],
            [
              36.75744445865941,
              -1.2793806276430224
            ],
            [
              36.757624121716226,
              -1.2793806276430224
            ],
            [
              36.757624121716226,
              -1.2795602906998464
            ],
            [
              36.75798344782987,
              -1.2795602906998464
            ],
            [
              36.75798344782987,
              -1.2797399537566703
            ],
            [
              36.7581631108867,
              -1.2797399537566703
            ],
            [
              36.7581631108867,
              -1.2795602906998464
            ],
            [
              36.758342773943525,
              -1.2795602906998464
            ],
            [
              36.758342773943525,
              -1.278302649302079
            ],
            [
              36.7581631108867,
              -1.278302649302079
            ],
            [
              36.7581631108867,
              -1.2781229862452552
            ],
            [
              36.75780378477305,
              -1.2781229862452552
            ],
            [
              36.75780378477305,
              -1.278302649302079
            ],
            [
              36.757624121716226,
              -1.278302649302079
            ],
            [
              36.757624121716226,
              -1.278482312358903
            ],
            [
              36.75744445865941,
              -1.278482312358903
            ],
            [
              36.75744445865941,
              -1.278661975415727
            ],
            [
              36.75672580643211,
              -1.278661975415727
            ],
            [
              36.75672580643211,
              -1.278482312358903
            ],
            [
              36.75654614337528,
              -1.278482312358903
            ],
            [
              36.75654614337528,
              -1.278302649302079
            ],
            [
              36.756186817261636,
              -1.278302649302079
            ],
            [
              36.756186817261636,
              -1.2781229862452552
            ],
            [
              36.75600715420481,
              -1.2781229862452552
            ],
            [
              36.75600715420481,
              -1.2779433231884312
            ],
            [
              36.75582749114799,
              -1.2779433231884312
            ],
            [
              36.75582749114799,
              -1.2781229862452552
            ],
            [
              36.75564782809116,
              -1.2781229862452552
            ],
            [
              36.75564782809116,
              -1.278302649302079
            ],
            [
              36.755468165034344,
              -1.278302649302079
            ],
            [
              36.755468165034344,
              -1.2790213015293748
            ],
            [
              36.75528850197752,
              -1.2790213015293748
            ],
            [
              36.75528850197752,
              -1.2792009645861986
            ],
            [
              36.75510883892069,
              -1.2792009645861986
            ],
            [
              36.75510883892069,
              -1.2793806276430224
            ],
            [
              36.75528850197752,
              -1.2793806276430224
            ],
            [
              36.75528850197752,
              -1.280278942927142
            ],
            [
              36.75510883892069,
              -1.280278942927142
            ],
            [
              36.75510883892069,
              -1.280458605983966
            ],
            [
              36.75492917586387,
              -1.280458605983966
            ],
            [
              36.75492917586387,
              -1.2808179320976136
            ],
            [
              36.754749512807045,
              -1.2808179320976136
            ],
            [
              36.754749512807045,
              -1.2809975951544377
            ],
            [
              36.7543901866934,
              -1.2809975951544377
            ],
            [
              36.7543901866934,
              -1.2811772582112615
            ],
            [
              36.75385119752293,
              -1.2811772582112615
            ],
            [
              36.75385119752293,
              -1.2809975951544377
            ],
            [
              36.7536715344661,
              -1.2809975951544377
            ],
            [
              36.7536715344661,
              -1.2808179320976136
            ],
            [
              36.75349187140928,
              -1.2808179320976136
            ],
            [
              36.75349187140928,
              -1.280278942927142
            ],
            [
              36.7536715344661,
              -1.280278942927142
            ],
            [
              36.7536715344661,
              -1.2800992798703181
            ],
            [
              36.75385119752293,
              -1.2800992798703181
            ],
            [
              36.75385119752293,
              -1.2793806276430224
            ],
            [
              36.7536715344661,
              -1.2793806276430224
            ],
            [
              36.7536715344661,
              -1.2792009645861986
            ],
            [
              36.753312208352455,
              -1.2792009645861986
            ],
            [
              36.753312208352455,
              -1.2788416384725507
            ],
            [
              36.75313254529563,
              -1.2788416384725507
            ],
            [
              36.75313254529563,
              -1.2779433231884312
            ],
            [
              36.75295288223881,
              -1.2779433231884312
            ],
            [
              36.75295288223881,
              -1.2777636601316074
            ],
            [
              36.75277321918198,
              -1.2777636601316074
            ],
            [
              36.75277321918198,
              -1.278661975415727
            ],
            [
              36.75295288223881,
              -1.278661975415727
            ],
            [
              36.75295288223881,
              -1.2788416384725507
            ],
            [
              36.75313254529563,
              -1.2788416384725507
            ],
            [
              36.75313254529563,
              -1.2793806276430224
            ],
            [
              36.75295288223881,
              -1.2793806276430224
            ],
            [
              36.75295288223881,
              -1.2795602906998464
            ],
            [
              36.75277321918198,
              -1.2795602906998464
            ],
            [
              36.75277321918198,
              -1.2797399537566703
            ],
            [
              36.752593556125156,
              -1.2797399537566703
            ],
            [
              36.752593556125156,
              -1.2799196168134943
            ],
            [
              36.75223423001151,
              -1.2799196168134943
            ],
            [
              36.75223423001151,
              -1.2800992798703181
            ],
            [
              36.751874903897864,
              -1.2800992798703181
            ],
            [
              36.751874903897864,
              -1.2809975951544377
            ],
            [
              36.75205456695468,
              -1.2809975951544377
            ],
            [
              36.75205456695468,
              -1.2818959104385572
            ],
            [
              36.751874903897864,
              -1.2818959104385572
            ],
            [
              36.751874903897864,
              -1.282075573495381
            ],
            [
              36.75169524084104,
              -1.282075573495381
            ],
            [
              36.75169524084104,
              -1.2822552365522049
            ],
            [
              36.751156251670565,
              -1.2822552365522049
            ],
            [
              36.751156251670565,
              -1.2827942257226768
            ],
            [
              36.75133591472739,
              -1.2827942257226768
            ],
            [
              36.75133591472739,
              -1.2847705193477397
            ],
            [
              36.75169524084104,
              -1.2847705193477397
            ],
            [
              36.75169524084104,
              -1.2849501824045635
            ],
            [
              36.751874903897864,
              -1.2849501824045635
            ],
            [
              36.751874903897864,
              -1.2847705193477397
            ],
            [
              36.75277321918198,
              -1.2847705193477397
            ],
            [
              36.75277321918198,
              -1.2849501824045635
            ],
            [
              36.75295288223881,
              -1.2849501824045635
            ],
            [
              36.75295288223881,
              -1.2853095085182114
            ],
            [
              36.75277321918198,
              -1.2853095085182114
            ],
            [
              36.75277321918198,
              -1.2854891715750352
            ],
            [
              36.752593556125156,
              -1.2854891715750352
            ],
            [
              36.752593556125156,
              -1.2856688346318592
            ],
            [
              36.752413893068336,
              -1.2856688346318592
            ],
            [
              36.752413893068336,
              -1.285848497688683
            ],
            [
              36.752593556125156,
              -1.285848497688683
            ],
            [
              36.752593556125156,
              -1.2871061390864504
            ],
            [
              36.752413893068336,
              -1.2871061390864504
            ],
            [
              36.752413893068336,
              -1.2872858021432743
            ],
            [
              36.75223423001151,
              -1.2872858021432743
            ],
            [
              36.75223423001151,
              -1.287465465200098
            ],
            [
              36.75133591472739,
              -1.287465465200098
            ],
            [
              36.75133591472739,
              -1.2876451282569221
            ],
            [
              36.74935962110233,
              -1.2876451282569221
            ],
            [
              36.74935962110233,
              -1.287824791313746
            ],
            [
              36.74900029498868,
              -1.287824791313746
            ],
            [
              36.74900029498868,
              -1.28800445437057
            ],
            [
              36.748820631931856,
              -1.28800445437057
            ],
            [
              36.748820631931856,
              -1.2881841174273938
            ],
            [
              36.74864096887503,
              -1.2881841174273938
            ],
            [
              36.74864096887503,
              -1.2883637804842176
            ],
            [
              36.748820631931856,
              -1.2883637804842176
            ],
            [
              36.748820631931856,
              -1.2889027696546895
            ],
            [
              36.74900029498868,
              -1.2889027696546895
            ],
            [
              36.74900029498868,
              -1.2890824327115133
            ],
            [
              36.7491799580455,
              -1.2890824327115133
            ],
            [
              36.7491799580455,
              -1.2892620957683372
            ],
            [
              36.74900029498868,
              -1.2892620957683372
            ],
            [
              36.74900029498868,
              -1.289621421881985
            ],
            [
              36.748820631931856,
              -1.289621421881985
            ],
            [
              36.748820631931856,
              -1.2898010849388089
            ],
            [
              36.74864096887503,
              -1.2898010849388089
            ],
            [
              36.74864096887503,
              -1.289980747995633
            ],
            [
              36.74846130581821,
              -1.289980747995633
            ],
            [
              36.74846130581821,
              -1.2903400741092808
            ],
            [
              36.74810197970456,
              -1.2903400741092808
            ],
            [
              36.74810197970456,
              -1.2905197371661046
            ],
            [
              36.74792231664774,
              -1.2905197371661046
            ],
            [
              36.74792231664774,
              -1.2906994002229284
            ],
            [
              36.74684433830679,
              -1.2906994002229284
            ],
            [
              36.74684433830679,
              -1.2908790632797524
            ],
            [
              36.74702400136362,
              -1.2908790632797524
            ],
            [
              36.74702400136362,
              -1.2912383893934
            ],
            [
              36.74720366442044,
              -1.2912383893934
            ],
            [
              36.74720366442044,
              -1.2914180524502241
            ],
            [
              36.747383327477266,
              -1.2914180524502241
            ],
            [
              36.747383327477266,
              -1.291777378563872
            ],
            [
              36.74774265359091,
              -1.291777378563872
            ],
            [
              36.74774265359091,
              -1.291597715507048
            ],
            [
              36.74792231664774,
              -1.291597715507048
            ],
            [
              36.74792231664774,
              -1.2914180524502241
            ],
            [
              36.74810197970456,
              -1.2914180524502241
            ],
            [
              36.74810197970456,
              -1.2906994002229284
            ],
            [
              36.74846130581821,
              -1.2906994002229284
            ],
            [
              36.74846130581821,
              -1.2905197371661046
            ],
            [
              36.74864096887503,
              -1.2905197371661046
            ],
            [
              36.74864096887503,
              -1.2906994002229284
            ],
            [
              36.7491799580455,
              -1.2906994002229284
            ],
            [
              36.7491799580455,
              -1.2905197371661046
            ],
            [
              36.7498986102728,
              -1.2905197371661046
            ],
            [
              36.7498986102728,
              -1.2906994002229284
            ],
            [
              36.75079692555692,
              -1.2906994002229284
            ],
            [
              36.75079692555692,
              -1.2905197371661046
            ],
            [
              36.750976588613746,
              -1.2905197371661046
            ],
            [
              36.750976588613746,
              -1.2903400741092808
            ],
            [
              36.75133591472739,
              -1.2903400741092808
            ],
            [
              36.75133591472739,
              -1.2905197371661046
            ],
            [
              36.75151557778422,
              -1.2905197371661046
            ],
            [
              36.75151557778422,
              -1.2906994002229284
            ],
            [
              36.75169524084104,
              -1.2906994002229284
            ],
            [
              36.75169524084104,
              -1.2908790632797524
            ],
            [
              36.751874903897864,
              -1.2908790632797524
            ],
            [
              36.751874903897864,
              -1.2910587263365763
            ],
            [
              36.752413893068336,
              -1.2910587263365763
            ],
            [
              36.752413893068336,
              -1.2905197371661046
            ],
            [
              36.752593556125156,
              -1.2905197371661046
            ],
            [
              36.752593556125156,
              -1.289621421881985
            ],
            [
              36.75277321918198,
              -1.289621421881985
            ],
            [
              36.75277321918198,
              -1.2892620957683372
            ],
            [
              36.75295288223881,
              -1.2892620957683372
            ],
            [
              36.75295288223881,
              -1.2890824327115133
            ],
            [
              36.75313254529563,
              -1.2890824327115133
            ],
            [
              36.75313254529563,
              -1.2887231065978655
            ],
            [
              36.753312208352455,
              -1.2887231065978655
            ],
            [
              36.753312208352455,
              -1.2885434435410417
            ],
            [
              36.75349187140928,
              -1.2885434435410417
            ],
            [
              36.75349187140928,
              -1.2883637804842176
            ],
            [
              36.75385119752293,
              -1.2883637804842176
            ],
            [
              36.75385119752293,
              -1.2876451282569221
            ],
            [
              36.75421052363657,
              -1.2876451282569221
            ],
            [
              36.75421052363657,
              -1.287465465200098
            ],
            [
              36.754030860579746,
              -1.287465465200098
            ],
            [
              36.754030860579746,
              -1.2872858021432743
            ],
            [
              36.7536715344661,
              -1.2872858021432743
            ],
            [
              36.7536715344661,
              -1.2871061390864504
            ],
            [
              36.7543901866934,
              -1.2871061390864504
            ],
            [
              36.7543901866934,
              -1.2872858021432743
            ],
            [
              36.75456984975022,
              -1.2872858021432743
            ],
            [
              36.75456984975022,
              -1.287465465200098
            ],
            [
              36.754749512807045,
              -1.287465465200098
            ],
            [
              36.754749512807045,
              -1.2872858021432743
            ],
            [
              36.75492917586387,
              -1.2872858021432743
            ],
            [
              36.75492917586387,
              -1.2871061390864504
            ],
            [
              36.75510883892069,
              -1.2871061390864504
            ],
            [
              36.75510883892069,
              -1.2869264760296264
            ],
            [
              36.75528850197752,
              -1.2869264760296264
            ]
          ],
          [
            [
              36.75079692555692,
              -1.2881841174273938
            ],
            [
              36.75061726250009,
              -1.2881841174273938
            ],
            [
              36.75061726250009,
              -1.2883637804842176
            ],
            [
              36.75043759944327,
              -1.2883637804842176
            ],
            [
              36.75043759944327,
              -1.2885434435410417
            ],
            [
              36.75025793638645,
              -1.2885434435410417
            ],
            [
              36.75025793638645,
              -1.2887231065978655
            ],
            [
              36.75007827332962,
              -1.2887231065978655
            ],
            [
              36.75007827332962,
              -1.2889027696546895
            ],
            [
              36.75043759944327,
              -1.2889027696546895
            ],
            [
              36.75043759944327,
              -1.2892620957683372
            ],
            [
              36.75061726250009,
              -1.2892620957683372
            ],
            [
              36.75061726250009,
              -1.2894417588251612
            ],
            [
              36.75043759944327,
              -1.2894417588251612
            ],
            [
              36.75043759944327,
              -1.289621421881985
            ],
            [
              36.751156251670565,
              -1.289621421881985
            ],
            [
              36.751156251670565,
              -1.2898010849388089
            ],
            [
              36.75151557778422,
              -1.2898010849388089
            ],
            [
              36.75151557778422,
              -1.289621421881985
            ],
            [
              36.751874903897864,
              -1.289621421881985
            ],
            [
              36.751874903897864,
              -1.2898010849388089
            ],
            [
              36.75205456695468,
              -1.2898010849388089
            ],
            [
              36.75205456695468,
              -1.289621421881985
            ],
            [
              36.75223423001151,
              -1.289621421881985
            ],
            [
              36.75223423001151,
              -1.2890824327115133
            ],
            [
              36.75205456695468,
              -1.2890824327115133
            ],
            [
              36.75205456695468,
              -1.2889027696546895
            ],
            [
              36.75169524084104,
              -1.2889027696546895
            ],
            [
              36.75169524084104,
              -1.2887231065978655
            ],
            [
              36.751156251670565,
              -1.2887231065978655
            ],
            [
              36.751156251670565,
              -1.2883637804842176
            ],
            [
              36.75079692555692,
              -1.2883637804842176
            ],
            [
              36.75079692555692,
              -1.2881841174273938
            ]
          ]
        ]
      },
      "id": "+204565-7113",
      "properties": {
        "area_ha": 46.28467887792251,
        "area_m2": 462846.7887792251,
        "class": 0,
        "count": 1160
      }
    },
    {
      "type": "Feature",
      "geometry": {
        "geodesic": false,
        "type": "Polygon",
        "coordinates": [
          [
            [
              36.75528850197752,
              -1.2694991595177079
            ],
            [
              36.75528850197752,
              -1.2693194964608838
            ],
            [
              36.75564782809116,
              -1.2693194964608838
            ],
            [
              36.75564782809116,
              -1.268960170347236
            ],
            [
              36.75600715420481,
              -1.268960170347236
            ],
            [
              36.75600715420481,
              -1.2693194964608838
            ],
            [
              36.756186817261636,
              -1.2693194964608838
            ],
            [
              36.756186817261636,
              -1.268960170347236
            ],
            [
              36.75600715420481,
              -1.268960170347236
            ],
            [
              36.75600715420481,
              -1.2686008442335883
            ],
            [
              36.75582749114799,
              -1.2686008442335883
            ],
            [
              36.75582749114799,
              -1.2678821920062926
            ],
            [
              36.75600715420481,
              -1.2678821920062926
            ],
            [
              36.75600715420481,
              -1.2675228658926447
            ],
            [
              36.75636648031846,
              -1.2675228658926447
            ],
            [
              36.75636648031846,
              -1.267343202835821
            ],
            [
              36.75654614337528,
              -1.267343202835821
            ],
            [
              36.75654614337528,
              -1.267163539778997
            ],
            [
              36.75672580643211,
              -1.267163539778997
            ],
            [
              36.75672580643211,
              -1.2662652244948776
            ],
            [
              36.75654614337528,
              -1.2662652244948776
            ],
            [
              36.75654614337528,
              -1.2660855614380535
            ],
            [
              36.75636648031846,
              -1.2660855614380535
            ],
            [
              36.75636648031846,
              -1.2659058983812297
            ],
            [
              36.75582749114799,
              -1.2659058983812297
            ],
            [
              36.75582749114799,
              -1.2660855614380535
            ],
            [
              36.75600715420481,
              -1.2660855614380535
            ],
            [
              36.75600715420481,
              -1.266983876722173
            ],
            [
              36.75582749114799,
              -1.266983876722173
            ],
            [
              36.75582749114799,
              -1.267163539778997
            ],
            [
              36.75564782809116,
              -1.267163539778997
            ],
            [
              36.75564782809116,
              -1.267343202835821
            ],
            [
              36.755468165034344,
              -1.267343202835821
            ],
            [
              36.755468165034344,
              -1.2675228658926447
            ],
            [
              36.75528850197752,
              -1.2675228658926447
            ],
            [
              36.75528850197752,
              -1.2677025289494688
            ],
            [
              36.75510883892069,
              -1.2677025289494688
            ],
            [
              36.75510883892069,
              -1.2678821920062926
            ],
            [
              36.75492917586387,
              -1.2678821920062926
            ],
            [
              36.75492917586387,
              -1.2680618550631164
            ],
            [
              36.754749512807045,
              -1.2680618550631164
            ],
            [
              36.754749512807045,
              -1.2682415181199405
            ],
            [
              36.7543901866934,
              -1.2682415181199405
            ],
            [
              36.7543901866934,
              -1.2684211811767643
            ],
            [
              36.75421052363657,
              -1.2684211811767643
            ],
            [
              36.75421052363657,
              -1.2682415181199405
            ],
            [
              36.754030860579746,
              -1.2682415181199405
            ],
            [
              36.754030860579746,
              -1.2675228658926447
            ],
            [
              36.75421052363657,
              -1.2675228658926447
            ],
            [
              36.75421052363657,
              -1.267163539778997
            ],
            [
              36.7543901866934,
              -1.267163539778997
            ],
            [
              36.7543901866934,
              -1.2668042136653492
            ],
            [
              36.75456984975022,
              -1.2668042136653492
            ],
            [
              36.75456984975022,
              -1.2662652244948776
            ],
            [
              36.7543901866934,
              -1.2662652244948776
            ],
            [
              36.7543901866934,
              -1.2660855614380535
            ],
            [
              36.75421052363657,
              -1.2660855614380535
            ],
            [
              36.75421052363657,
              -1.2659058983812297
            ],
            [
              36.754030860579746,
              -1.2659058983812297
            ],
            [
              36.754030860579746,
              -1.265187246153934
            ],
            [
              36.75385119752293,
              -1.265187246153934
            ],
            [
              36.75385119752293,
              -1.2650075830971101
            ],
            [
              36.7536715344661,
              -1.2650075830971101
            ],
            [
              36.7536715344661,
              -1.265187246153934
            ],
            [
              36.75313254529563,
              -1.265187246153934
            ],
            [
              36.75313254529563,
              -1.2650075830971101
            ],
            [
              36.75277321918198,
              -1.2650075830971101
            ],
            [
              36.75277321918198,
              -1.2646482569834623
            ],
            [
              36.75295288223881,
              -1.2646482569834623
            ],
            [
              36.75295288223881,
              -1.2644685939266385
            ],
            [
              36.75313254529563,
              -1.2644685939266385
            ],
            [
              36.75313254529563,
              -1.2642889308698146
            ],
            [
              36.7536715344661,
              -1.2642889308698146
            ],
            [
              36.7536715344661,
              -1.2641092678129906
            ],
            [
              36.75385119752293,
              -1.2641092678129906
            ],
            [
              36.75385119752293,
              -1.2639296047561668
            ],
            [
              36.754030860579746,
              -1.2639296047561668
            ],
            [
              36.754030860579746,
              -1.2637499416993427
            ],
            [
              36.75385119752293,
              -1.2637499416993427
            ],
            [
              36.75385119752293,
              -1.263570278642519
            ],
            [
              36.754030860579746,
              -1.263570278642519
            ],
            [
              36.754030860579746,
              -1.263210952528871
            ],
            [
              36.75421052363657,
              -1.263210952528871
            ],
            [
              36.75421052363657,
              -1.2626719633583994
            ],
            [
              36.754030860579746,
              -1.2626719633583994
            ],
            [
              36.754030860579746,
              -1.2624923003015756
            ],
            [
              36.75385119752293,
              -1.2624923003015756
            ],
            [
              36.75385119752293,
              -1.2621329741879277
            ],
            [
              36.753312208352455,
              -1.2621329741879277
            ],
            [
              36.753312208352455,
              -1.2623126372447515
            ],
            [
              36.75313254529563,
              -1.2623126372447515
            ],
            [
              36.75313254529563,
              -1.2624923003015756
            ],
            [
              36.75223423001151,
              -1.2624923003015756
            ],
            [
              36.75223423001151,
              -1.263210952528871
            ],
            [
              36.75205456695468,
              -1.263210952528871
            ],
            [
              36.75205456695468,
              -1.263390615585695
            ],
            [
              36.75151557778422,
              -1.263390615585695
            ],
            [
              36.75151557778422,
              -1.2630312894720472
            ],
            [
              36.75133591472739,
              -1.2630312894720472
            ],
            [
              36.75133591472739,
              -1.2628516264152232
            ],
            [
              36.750976588613746,
              -1.2628516264152232
            ],
            [
              36.750976588613746,
              -1.2626719633583994
            ],
            [
              36.75079692555692,
              -1.2626719633583994
            ],
            [
              36.75079692555692,
              -1.2628516264152232
            ],
            [
              36.75043759944327,
              -1.2628516264152232
            ],
            [
              36.75043759944327,
              -1.2630312894720472
            ],
            [
              36.75007827332962,
              -1.2630312894720472
            ],
            [
              36.75007827332962,
              -1.263210952528871
            ],
            [
              36.7498986102728,
              -1.263210952528871
            ],
            [
              36.7498986102728,
              -1.263390615585695
            ],
            [
              36.749718947215975,
              -1.263390615585695
            ],
            [
              36.749718947215975,
              -1.2637499416993427
            ],
            [
              36.7498986102728,
              -1.2637499416993427
            ],
            [
              36.7498986102728,
              -1.2641092678129906
            ],
            [
              36.75043759944327,
              -1.2641092678129906
            ],
            [
              36.75043759944327,
              -1.2639296047561668
            ],
            [
              36.75133591472739,
              -1.2639296047561668
            ],
            [
              36.75133591472739,
              -1.2641092678129906
            ],
            [
              36.75169524084104,
              -1.2641092678129906
            ],
            [
              36.75169524084104,
              -1.2644685939266385
            ],
            [
              36.751874903897864,
              -1.2644685939266385
            ],
            [
              36.751874903897864,
              -1.2646482569834623
            ],
            [
              36.75205456695468,
              -1.2646482569834623
            ],
            [
              36.75205456695468,
              -1.2648279200402863
            ],
            [
              36.75223423001151,
              -1.2648279200402863
            ],
            [
              36.75223423001151,
              -1.265187246153934
            ],
            [
              36.752413893068336,
              -1.265187246153934
            ],
            [
              36.752413893068336,
              -1.265366909210758
            ],
            [
              36.75277321918198,
              -1.265366909210758
            ],
            [
              36.75277321918198,
              -1.2655465722675818
            ],
            [
              36.75295288223881,
              -1.2655465722675818
            ],
            [
              36.75295288223881,
              -1.2657262353244059
            ],
            [
              36.75313254529563,
              -1.2657262353244059
            ],
            [
              36.75313254529563,
              -1.2659058983812297
            ],
            [
              36.753312208352455,
              -1.2659058983812297
            ],
            [
              36.753312208352455,
              -1.2662652244948776
            ],
            [
              36.75313254529563,
              -1.2662652244948776
            ],
            [
              36.75313254529563,
              -1.2664448875517014
            ],
            [
              36.75169524084104,
              -1.2664448875517014
            ],
            [
              36.75169524084104,
              -1.2666245506085252
            ],
            [
              36.75151557778422,
              -1.2666245506085252
            ],
            [
              36.75151557778422,
              -1.2664448875517014
            ],
            [
              36.751156251670565,
              -1.2664448875517014
            ],
            [
              36.751156251670565,
              -1.2666245506085252
            ],
            [
              36.750976588613746,
              -1.2666245506085252
            ],
            [
              36.750976588613746,
              -1.2662652244948776
            ],
            [
              36.75079692555692,
              -1.2662652244948776
            ],
            [
              36.75079692555692,
              -1.2660855614380535
            ],
            [
              36.750976588613746,
              -1.2660855614380535
            ],
            [
              36.750976588613746,
              -1.2659058983812297
            ],
            [
              36.75079692555692,
              -1.2659058983812297
            ],
            [
              36.75079692555692,
              -1.2657262353244059
            ],
            [
              36.75061726250009,
              -1.2657262353244059
            ],
            [
              36.75061726250009,
              -1.2655465722675818
            ],
            [
              36.75043759944327,
              -1.2655465722675818
            ],
            [
              36.75043759944327,
              -1.265366909210758
            ],
            [
              36.75007827332962,
              -1.265366909210758
            ],
            [
              36.75007827332962,
              -1.265187246153934
            ],
            [
              36.749539284159155,
              -1.265187246153934
            ],
            [
              36.749539284159155,
              -1.2657262353244059
            ],
            [
              36.7491799580455,
              -1.2657262353244059
            ],
            [
              36.7491799580455,
              -1.2659058983812297
            ],
            [
              36.748820631931856,
              -1.2659058983812297
            ],
            [
              36.748820631931856,
              -1.2660855614380535
            ],
            [
              36.74864096887503,
              -1.2660855614380535
            ],
            [
              36.74864096887503,
              -1.2662652244948776
            ],
            [
              36.74846130581821,
              -1.2662652244948776
            ],
            [
              36.74846130581821,
              -1.2664448875517014
            ],
            [
              36.74810197970456,
              -1.2664448875517014
            ],
            [
              36.74810197970456,
              -1.2668042136653492
            ],
            [
              36.74792231664774,
              -1.2668042136653492
            ],
            [
              36.74792231664774,
              -1.2666245506085252
            ],
            [
              36.74756299053409,
              -1.2666245506085252
            ],
            [
              36.74756299053409,
              -1.2668042136653492
            ],
            [
              36.747383327477266,
              -1.2668042136653492
            ],
            [
              36.747383327477266,
              -1.266983876722173
            ],
            [
              36.74684433830679,
              -1.266983876722173
            ],
            [
              36.74684433830679,
              -1.2668042136653492
            ],
            [
              36.74666467524997,
              -1.2668042136653492
            ],
            [
              36.74666467524997,
              -1.2666245506085252
            ],
            [
              36.74630534913632,
              -1.2666245506085252
            ],
            [
              36.74630534913632,
              -1.2664448875517014
            ],
            [
              36.74504770773856,
              -1.2664448875517014
            ],
            [
              36.74504770773856,
              -1.266983876722173
            ],
            [
              36.74486804468173,
              -1.266983876722173
            ],
            [
              36.74486804468173,
              -1.267343202835821
            ],
            [
              36.744688381624904,
              -1.267343202835821
            ],
            [
              36.744688381624904,
              -1.2675228658926447
            ],
            [
              36.744508718568085,
              -1.2675228658926447
            ],
            [
              36.744508718568085,
              -1.2680618550631164
            ],
            [
              36.744688381624904,
              -1.2680618550631164
            ],
            [
              36.744688381624904,
              -1.2684211811767643
            ],
            [
              36.74486804468173,
              -1.2684211811767643
            ],
            [
              36.74486804468173,
              -1.2693194964608838
            ],
            [
              36.744688381624904,
              -1.2693194964608838
            ],
            [
              36.744688381624904,
              -1.2694991595177079
            ],
            [
              36.74432905551126,
              -1.2694991595177079
            ],
            [
              36.74432905551126,
              -1.2696788225745317
            ],
            [
              36.74414939245443,
              -1.2696788225745317
            ],
            [
              36.74414939245443,
              -1.2698584856313555
            ],
            [
              36.743790066340786,
              -1.2698584856313555
            ],
            [
              36.743790066340786,
              -1.2700381486881795
            ],
            [
              36.74361040328397,
              -1.2700381486881795
            ],
            [
              36.74361040328397,
              -1.2703974748018272
            ],
            [
              36.74343074022714,
              -1.2703974748018272
            ],
            [
              36.74343074022714,
              -1.2705771378586512
            ],
            [
              36.74253242494302,
              -1.2705771378586512
            ],
            [
              36.74253242494302,
              -1.271116127029123
            ],
            [
              36.74271208799984,
              -1.271116127029123
            ],
            [
              36.74271208799984,
              -1.2712957900859467
            ],
            [
              36.743071414113494,
              -1.2712957900859467
            ],
            [
              36.743071414113494,
              -1.2714754531427708
            ],
            [
              36.74289175105667,
              -1.2714754531427708
            ],
            [
              36.74289175105667,
              -1.2718347792564184
            ],
            [
              36.74271208799984,
              -1.2718347792564184
            ],
            [
              36.74271208799984,
              -1.2720144423132425
            ],
            [
              36.74253242494302,
              -1.2720144423132425
            ],
            [
              36.74253242494302,
              -1.2721941053700663
            ],
            [
              36.742352761886195,
              -1.2721941053700663
            ],
            [
              36.742352761886195,
              -1.2723737684268903
            ],
            [
              36.74199343577255,
              -1.2723737684268903
            ],
            [
              36.74199343577255,
              -1.272733094540538
            ],
            [
              36.74289175105667,
              -1.272733094540538
            ],
            [
              36.74289175105667,
              -1.272912757597362
            ],
            [
              36.743071414113494,
              -1.272912757597362
            ],
            [
              36.743071414113494,
              -1.2732720837110096
            ],
            [
              36.743251077170314,
              -1.2732720837110096
            ],
            [
              36.743251077170314,
              -1.2734517467678337
            ],
            [
              36.74361040328397,
              -1.2734517467678337
            ],
            [
              36.74361040328397,
              -1.2732720837110096
            ],
            [
              36.74486804468173,
              -1.2732720837110096
            ],
            [
              36.74486804468173,
              -1.2730924206541858
            ],
            [
              36.74504770773856,
              -1.2730924206541858
            ],
            [
              36.74504770773856,
              -1.272912757597362
            ],
            [
              36.7454070338522,
              -1.272912757597362
            ],
            [
              36.7454070338522,
              -1.2730924206541858
            ],
            [
              36.74558669690903,
              -1.2730924206541858
            ],
            [
              36.74558669690903,
              -1.2732720837110096
            ],
            [
              36.746125686079495,
              -1.2732720837110096
            ],
            [
              36.746125686079495,
              -1.2734517467678337
            ],
            [
              36.74630534913632,
              -1.2734517467678337
            ],
            [
              36.74630534913632,
              -1.2732720837110096
            ],
            [
              36.74648501219315,
              -1.2732720837110096
            ],
            [
              36.74648501219315,
              -1.272733094540538
            ],
            [
              36.74630534913632,
              -1.272733094540538
            ],
            [
              36.74630534913632,
              -1.2723737684268903
            ],
            [
              36.74648501219315,
              -1.2723737684268903
            ],
            [
              36.74648501219315,
              -1.2721941053700663
            ],
            [
              36.74666467524997,
              -1.2721941053700663
            ],
            [
              36.74666467524997,
              -1.2720144423132425
            ],
            [
              36.74702400136362,
              -1.2720144423132425
            ],
            [
              36.74702400136362,
              -1.2718347792564184
            ],
            [
              36.74720366442044,
              -1.2718347792564184
            ],
            [
              36.74720366442044,
              -1.2716551161995946
            ],
            [
              36.747383327477266,
              -1.2716551161995946
            ],
            [
              36.747383327477266,
              -1.2714754531427708
            ],
            [
              36.74756299053409,
              -1.2714754531427708
            ],
            [
              36.74756299053409,
              -1.2712957900859467
            ],
            [
              36.74702400136362,
              -1.2712957900859467
            ],
            [
              36.74702400136362,
              -1.271116127029123
            ],
            [
              36.74666467524997,
              -1.271116127029123
            ],
            [
              36.74666467524997,
              -1.270756800915475
            ],
            [
              36.74648501219315,
              -1.270756800915475
            ],
            [
              36.74648501219315,
              -1.2703974748018272
            ],
            [
              36.74630534913632,
              -1.2703974748018272
            ],
            [
              36.74630534913632,
              -1.26913983340406
            ],
            [
              36.74684433830679,
              -1.26913983340406
            ],
            [
              36.74684433830679,
              -1.268960170347236
            ],
            [
              36.74720366442044,
              -1.268960170347236
            ],
            [
              36.74720366442044,
              -1.2687805072904121
            ],
            [
              36.74756299053409,
              -1.2687805072904121
            ],
            [
              36.74756299053409,
              -1.2686008442335883
            ],
            [
              36.749718947215975,
              -1.2686008442335883
            ],
            [
              36.749718947215975,
              -1.2684211811767643
            ],
            [
              36.7498986102728,
              -1.2684211811767643
            ],
            [
              36.7498986102728,
              -1.2682415181199405
            ],
            [
              36.75025793638645,
              -1.2682415181199405
            ],
            [
              36.75025793638645,
              -1.2678821920062926
            ],
            [
              36.75043759944327,
              -1.2678821920062926
            ],
            [
              36.75043759944327,
              -1.2677025289494688
            ],
            [
              36.75061726250009,
              -1.2677025289494688
            ],
            [
              36.75061726250009,
              -1.2678821920062926
            ],
            [
              36.751874903897864,
              -1.2678821920062926
            ],
            [
              36.751874903897864,
              -1.2677025289494688
            ],
            [
              36.75205456695468,
              -1.2677025289494688
            ],
            [
              36.75205456695468,
              -1.2675228658926447
            ],
            [
              36.752413893068336,
              -1.2675228658926447
            ],
            [
              36.752413893068336,
              -1.267343202835821
            ],
            [
              36.752593556125156,
              -1.267343202835821
            ],
            [
              36.752593556125156,
              -1.2675228658926447
            ],
            [
              36.75313254529563,
              -1.2675228658926447
            ],
            [
              36.75313254529563,
              -1.2678821920062926
            ],
            [
              36.753312208352455,
              -1.2678821920062926
            ],
            [
              36.753312208352455,
              -1.2684211811767643
            ],
            [
              36.75313254529563,
              -1.2684211811767643
            ],
            [
              36.75313254529563,
              -1.2686008442335883
            ],
            [
              36.75295288223881,
              -1.2686008442335883
            ],
            [
              36.75295288223881,
              -1.2687805072904121
            ],
            [
              36.75277321918198,
              -1.2687805072904121
            ],
            [
              36.75277321918198,
              -1.2700381486881795
            ],
            [
              36.752593556125156,
              -1.2700381486881795
            ],
            [
              36.752593556125156,
              -1.2702178117450034
            ],
            [
              36.752413893068336,
              -1.2702178117450034
            ],
            [
              36.752413893068336,
              -1.2700381486881795
            ],
            [
              36.751874903897864,
              -1.2700381486881795
            ],
            [
              36.751874903897864,
              -1.2698584856313555
            ],
            [
              36.75151557778422,
              -1.2698584856313555
            ],
            [
              36.75151557778422,
              -1.2703974748018272
            ],
            [
              36.751874903897864,
              -1.2703974748018272
            ],
            [
              36.751874903897864,
              -1.270756800915475
            ],
            [
              36.75205456695468,
              -1.270756800915475
            ],
            [
              36.75205456695468,
              -1.270936463972299
            ],
            [
              36.752413893068336,
              -1.270936463972299
            ],
            [
              36.752413893068336,
              -1.271116127029123
            ],
            [
              36.75223423001151,
              -1.271116127029123
            ],
            [
              36.75223423001151,
              -1.2712957900859467
            ],
            [
              36.752413893068336,
              -1.2712957900859467
            ],
            [
              36.752413893068336,
              -1.271116127029123
            ],
            [
              36.752593556125156,
              -1.271116127029123
            ],
            [
              36.752593556125156,
              -1.270936463972299
            ],
            [
              36.75277321918198,
              -1.270936463972299
            ],
            [
              36.75277321918198,
              -1.270756800915475
            ],
            [
              36.75295288223881,
              -1.270756800915475
            ],
            [
              36.75295288223881,
              -1.2705771378586512
            ],
            [
              36.75313254529563,
              -1.2705771378586512
            ],
            [
              36.75313254529563,
              -1.2703974748018272
            ],
            [
              36.753312208352455,
              -1.2703974748018272
            ],
            [
              36.753312208352455,
              -1.2702178117450034
            ],
            [
              36.75349187140928,
              -1.2702178117450034
            ],
            [
              36.75349187140928,
              -1.2700381486881795
            ],
            [
              36.7536715344661,
              -1.2700381486881795
            ],
            [
              36.7536715344661,
              -1.2696788225745317
            ],
            [
              36.75385119752293,
              -1.2696788225745317
            ],
            [
              36.75385119752293,
              -1.2693194964608838
            ],
            [
              36.75421052363657,
              -1.2693194964608838
            ],
            [
              36.75421052363657,
              -1.26913983340406
            ],
            [
              36.7543901866934,
              -1.26913983340406
            ],
            [
              36.7543901866934,
              -1.2693194964608838
            ],
            [
              36.75456984975022,
              -1.2693194964608838
            ],
            [
              36.75456984975022,
              -1.2694991595177079
            ],
            [
              36.754749512807045,
              -1.2694991595177079
            ],
            [
              36.754749512807045,
              -1.2696788225745317
            ],
            [
              36.75510883892069,
              -1.2696788225745317
            ],
            [
              36.75510883892069,
              -1.2694991595177079
            ],
            [
              36.75528850197752,
              -1.2694991595177079
            ]
          ],
          [
            [
              36.75654614337528,
              -1.2666245506085252
            ],
            [
              36.75636648031846,
              -1.2666245506085252
            ],
            [
              36.75636648031846,
              -1.2668042136653492
            ],
            [
              36.756186817261636,
              -1.2668042136653492
            ],
            [
              36.756186817261636,
              -1.267163539778997
            ],
            [
              36.75654614337528,
              -1.267163539778997
            ],
            [
              36.75654614337528,
              -1.2666245506085252
            ]
          ],
          [
            [
              36.74630534913632,
              -1.267343202835821
            ],
            [
              36.746125686079495,
              -1.267343202835821
            ],
            [
              36.746125686079495,
              -1.2675228658926447
            ],
            [
              36.745946023022675,
              -1.2675228658926447
            ],
            [
              36.745946023022675,
              -1.2678821920062926
            ],
            [
              36.746125686079495,
              -1.2678821920062926
            ],
            [
              36.746125686079495,
              -1.2680618550631164
            ],
            [
              36.74648501219315,
              -1.2680618550631164
            ],
            [
              36.74648501219315,
              -1.2675228658926447
            ],
            [
              36.74630534913632,
              -1.2675228658926447
            ],
            [
              36.74630534913632,
              -1.267343202835821
            ]
          ],
          [
            [
              36.748820631931856,
              -1.2664448875517014
            ],
            [
              36.74864096887503,
              -1.2664448875517014
            ],
            [
              36.74864096887503,
              -1.2666245506085252
            ],
            [
              36.74846130581821,
              -1.2666245506085252
            ],
            [
              36.74846130581821,
              -1.2668042136653492
            ],
            [
              36.74864096887503,
              -1.2668042136653492
            ],
            [
              36.74864096887503,
              -1.267163539778997
            ],
            [
              36.74900029498868,
              -1.267163539778997
            ],
            [
              36.74900029498868,
              -1.266983876722173
            ],
            [
              36.748820631931856,
              -1.266983876722173
            ],
            [
              36.748820631931856,
              -1.2664448875517014
            ]
          ],
          [
            [
              36.75079692555692,
              -1.2662652244948776
            ],
            [
              36.75007827332962,
              -1.2662652244948776
            ],
            [
              36.75007827332962,
              -1.2668042136653492
            ],
            [
              36.749718947215975,
              -1.2668042136653492
            ],
            [
              36.749718947215975,
              -1.2677025289494688
            ],
            [
              36.7498986102728,
              -1.2677025289494688
            ],
            [
              36.7498986102728,
              -1.2675228658926447
            ],
            [
              36.75007827332962,
              -1.2675228658926447
            ],
            [
              36.75007827332962,
              -1.2677025289494688
            ],
            [
              36.75025793638645,
              -1.2677025289494688
            ],
            [
              36.75025793638645,
              -1.2675228658926447
            ],
            [
              36.75043759944327,
              -1.2675228658926447
            ],
            [
              36.75043759944327,
              -1.267343202835821
            ],
            [
              36.75061726250009,
              -1.267343202835821
            ],
            [
              36.75061726250009,
              -1.266983876722173
            ],
            [
              36.750976588613746,
              -1.266983876722173
            ],
            [
              36.750976588613746,
              -1.2666245506085252
            ],
            [
              36.75079692555692,
              -1.2666245506085252
            ],
            [
              36.75079692555692,
              -1.2662652244948776
            ]
          ],
          [
            [
              36.75277321918198,
              -1.263210952528871
            ],
            [
              36.75223423001151,
              -1.263210952528871
            ],
            [
              36.75223423001151,
              -1.263390615585695
            ],
            [
              36.752413893068336,
              -1.263390615585695
            ],
            [
              36.752413893068336,
              -1.263570278642519
            ],
            [
              36.752593556125156,
              -1.263570278642519
            ],
            [
              36.752593556125156,
              -1.263390615585695
            ],
            [
              36.75277321918198,
              -1.263390615585695
            ],
            [
              36.75277321918198,
              -1.263210952528871
            ]
          ]
        ]
      },
      "id": "+204570-7026",
      "properties": {
        "area_ha": 58.65424238532606,
        "area_m2": 586542.4238532606,
        "class": 0,
        "count": 1470
      }
    },
    {
      "type": "Feature",
      "geometry": {
        "geodesic": false,
        "type": "Polygon",
        "coordinates": [
          [
            [
              36.77253615543261,
              -1.3079470536780233
            ],
            [
              36.77253615543261,
              -1.3081267167348472
            ],
            [
              36.772356492375785,
              -1.3081267167348472
            ],
            [
              36.772356492375785,
              -1.3083063797916712
            ],
            [
              36.772176829318965,
              -1.3083063797916712
            ],
            [
              36.772176829318965,
              -1.3106419995303817
            ],
            [
              36.772356492375785,
              -1.3106419995303817
            ],
            [
              36.772356492375785,
              -1.3110013256440296
            ],
            [
              36.77253615543261,
              -1.3110013256440296
            ],
            [
              36.77253615543261,
              -1.3113606517576775
            ],
            [
              36.77271581848944,
              -1.3113606517576775
            ],
            [
              36.77271581848944,
              -1.3115403148145013
            ],
            [
              36.77289548154626,
              -1.3115403148145013
            ],
            [
              36.77289548154626,
              -1.3117199778713253
            ],
            [
              36.773075144603084,
              -1.3117199778713253
            ],
            [
              36.773075144603084,
              -1.3118996409281491
            ],
            [
              36.77325480765991,
              -1.3118996409281491
            ],
            [
              36.77325480765991,
              -1.3120793039849732
            ],
            [
              36.77343447071673,
              -1.3120793039849732
            ],
            [
              36.77343447071673,
              -1.312258967041797
            ],
            [
              36.773614133773556,
              -1.312258967041797
            ],
            [
              36.773614133773556,
              -1.3124386300986208
            ],
            [
              36.77379379683038,
              -1.3124386300986208
            ],
            [
              36.77379379683038,
              -1.3126182931554449
            ],
            [
              36.7739734598872,
              -1.3126182931554449
            ],
            [
              36.7739734598872,
              -1.3127979562122687
            ],
            [
              36.77415312294403,
              -1.3127979562122687
            ],
            [
              36.77415312294403,
              -1.3129776192690925
            ],
            [
              36.77433278600085,
              -1.3129776192690925
            ],
            [
              36.77433278600085,
              -1.3131572823259166
            ],
            [
              36.77487177517132,
              -1.3131572823259166
            ],
            [
              36.77487177517132,
              -1.3133369453827404
            ],
            [
              36.77541076434179,
              -1.3133369453827404
            ],
            [
              36.77541076434179,
              -1.3135166084395644
            ],
            [
              36.775770090455445,
              -1.3135166084395644
            ],
            [
              36.775770090455445,
              -1.3133369453827404
            ],
            [
              36.775949753512265,
              -1.3133369453827404
            ],
            [
              36.775949753512265,
              -1.3129776192690925
            ],
            [
              36.77612941656909,
              -1.3129776192690925
            ],
            [
              36.77612941656909,
              -1.3124386300986208
            ],
            [
              36.77630907962591,
              -1.3124386300986208
            ],
            [
              36.77630907962591,
              -1.3120793039849732
            ],
            [
              36.77648874268274,
              -1.3120793039849732
            ],
            [
              36.77648874268274,
              -1.3118996409281491
            ],
            [
              36.776668405739564,
              -1.3118996409281491
            ],
            [
              36.776668405739564,
              -1.3115403148145013
            ],
            [
              36.77648874268274,
              -1.3115403148145013
            ],
            [
              36.77648874268274,
              -1.3110013256440296
            ],
            [
              36.77684806879638,
              -1.3110013256440296
            ],
            [
              36.77684806879638,
              -1.3108216625872058
            ],
            [
              36.776668405739564,
              -1.3108216625872058
            ],
            [
              36.776668405739564,
              -1.3106419995303817
            ],
            [
              36.77684806879638,
              -1.3106419995303817
            ],
            [
              36.77684806879638,
              -1.3097436842462624
            ],
            [
              36.776668405739564,
              -1.3097436842462624
            ],
            [
              36.776668405739564,
              -1.3093843581326146
            ],
            [
              36.775770090455445,
              -1.3093843581326146
            ],
            [
              36.775770090455445,
              -1.3092046950757905
            ],
            [
              36.77559042739862,
              -1.3092046950757905
            ],
            [
              36.77559042739862,
              -1.3093843581326146
            ],
            [
              36.77541076434179,
              -1.3093843581326146
            ],
            [
              36.77541076434179,
              -1.3095640211894384
            ],
            [
              36.77559042739862,
              -1.3095640211894384
            ],
            [
              36.77559042739862,
              -1.3097436842462624
            ],
            [
              36.77505143822815,
              -1.3097436842462624
            ],
            [
              36.77505143822815,
              -1.3099233473030862
            ],
            [
              36.77433278600085,
              -1.3099233473030862
            ],
            [
              36.77433278600085,
              -1.31010301035991
            ],
            [
              36.774512449057674,
              -1.31010301035991
            ],
            [
              36.774512449057674,
              -1.310462336473558
            ],
            [
              36.77433278600085,
              -1.310462336473558
            ],
            [
              36.77433278600085,
              -1.310282673416734
            ],
            [
              36.77415312294403,
              -1.310282673416734
            ],
            [
              36.77415312294403,
              -1.31010301035991
            ],
            [
              36.7739734598872,
              -1.31010301035991
            ],
            [
              36.7739734598872,
              -1.3099233473030862
            ],
            [
              36.77343447071673,
              -1.3099233473030862
            ],
            [
              36.77343447071673,
              -1.3097436842462624
            ],
            [
              36.77325480765991,
              -1.3097436842462624
            ],
            [
              36.77325480765991,
              -1.3092046950757905
            ],
            [
              36.773075144603084,
              -1.3092046950757905
            ],
            [
              36.773075144603084,
              -1.3088453689621429
            ],
            [
              36.77325480765991,
              -1.3088453689621429
            ],
            [
              36.77325480765991,
              -1.308486042848495
            ],
            [
              36.77343447071673,
              -1.308486042848495
            ],
            [
              36.77343447071673,
              -1.3083063797916712
            ],
            [
              36.773614133773556,
              -1.3083063797916712
            ],
            [
              36.773614133773556,
              -1.3079470536780233
            ],
            [
              36.77253615543261,
              -1.3079470536780233
            ]
          ],
          [
            [
              36.77559042739862,
              -1.3108216625872058
            ],
            [
              36.77505143822815,
              -1.3108216625872058
            ],
            [
              36.77505143822815,
              -1.3110013256440296
            ],
            [
              36.77487177517132,
              -1.3110013256440296
            ],
            [
              36.77487177517132,
              -1.3118996409281491
            ],
            [
              36.77505143822815,
              -1.3118996409281491
            ],
            [
              36.77505143822815,
              -1.3120793039849732
            ],
            [
              36.77559042739862,
              -1.3120793039849732
            ],
            [
              36.77559042739862,
              -1.3118996409281491
            ],
            [
              36.775770090455445,
              -1.3118996409281491
            ],
            [
              36.775770090455445,
              -1.3117199778713253
            ],
            [
              36.775949753512265,
              -1.3117199778713253
            ],
            [
              36.775949753512265,
              -1.3111809887008536
            ],
            [
              36.775770090455445,
              -1.3111809887008536
            ],
            [
              36.775770090455445,
              -1.3110013256440296
            ],
            [
              36.77559042739862,
              -1.3110013256440296
            ],
            [
              36.77559042739862,
              -1.3108216625872058
            ]
          ],
          [
            [
              36.77415312294403,
              -1.310282673416734
            ],
            [
              36.7739734598872,
              -1.310282673416734
            ],
            [
              36.7739734598872,
              -1.310462336473558
            ],
            [
              36.77415312294403,
              -1.310462336473558
            ],
            [
              36.77415312294403,
              -1.310282673416734
            ]
          ],
          [
            [
              36.7739734598872,
              -1.31010301035991
            ],
            [
              36.77379379683038,
              -1.31010301035991
            ],
            [
              36.77379379683038,
              -1.310282673416734
            ],
            [
              36.7739734598872,
              -1.310282673416734
            ],
            [
              36.7739734598872,
              -1.31010301035991
            ]
          ]
        ]
      },
      "id": "+204680-7281",
      "properties": {
        "area_ha": 16.39897263164794,
        "area_m2": 163989.72631647938,
        "class": 0,
        "count": 411
      }
    },
    {
      "type": "Feature",
      "geometry": {
        "geodesic": false,
        "type": "Polygon",
        "coordinates": [
          [
            [
              36.78493290635346,
              -1.3061504231097842
            ],
            [
              36.78493290635346,
              -1.306330086166608
            ],
            [
              36.78439391718299,
              -1.306330086166608
            ],
            [
              36.78439391718299,
              -1.306509749223432
            ],
            [
              36.78403459106934,
              -1.306509749223432
            ],
            [
              36.78403459106934,
              -1.306689412280256
            ],
            [
              36.783854928012516,
              -1.306689412280256
            ],
            [
              36.783854928012516,
              -1.3068690753370797
            ],
            [
              36.7836752649557,
              -1.3068690753370797
            ],
            [
              36.7836752649557,
              -1.3075877275643755
            ],
            [
              36.78349560189887,
              -1.3075877275643755
            ],
            [
              36.78349560189887,
              -1.3074080645075516
            ],
            [
              36.783136275785225,
              -1.3074080645075516
            ],
            [
              36.783136275785225,
              -1.3075877275643755
            ],
            [
              36.7822379605011,
              -1.3075877275643755
            ],
            [
              36.7822379605011,
              -1.3077673906211993
            ],
            [
              36.78205829744428,
              -1.3077673906211993
            ],
            [
              36.78205829744428,
              -1.3079470536780233
            ],
            [
              36.78133964521698,
              -1.3079470536780233
            ],
            [
              36.78133964521698,
              -1.3081267167348472
            ],
            [
              36.781698971330634,
              -1.3081267167348472
            ],
            [
              36.781698971330634,
              -1.3083063797916712
            ],
            [
              36.78187863438745,
              -1.3083063797916712
            ],
            [
              36.78187863438745,
              -1.308486042848495
            ],
            [
              36.78205829744428,
              -1.308486042848495
            ],
            [
              36.78205829744428,
              -1.3086657059053188
            ],
            [
              36.7822379605011,
              -1.3086657059053188
            ],
            [
              36.7822379605011,
              -1.3088453689621429
            ],
            [
              36.782417623557926,
              -1.3088453689621429
            ],
            [
              36.782417623557926,
              -1.3090250320189667
            ],
            [
              36.78277694967157,
              -1.3090250320189667
            ],
            [
              36.78277694967157,
              -1.3088453689621429
            ],
            [
              36.783136275785225,
              -1.3088453689621429
            ],
            [
              36.783136275785225,
              -1.3086657059053188
            ],
            [
              36.783315938842044,
              -1.3086657059053188
            ],
            [
              36.783315938842044,
              -1.308486042848495
            ],
            [
              36.783854928012516,
              -1.308486042848495
            ],
            [
              36.783854928012516,
              -1.3086657059053188
            ],
            [
              36.78403459106934,
              -1.3086657059053188
            ],
            [
              36.78403459106934,
              -1.3090250320189667
            ],
            [
              36.78421425412616,
              -1.3090250320189667
            ],
            [
              36.78421425412616,
              -1.3092046950757905
            ],
            [
              36.78439391718299,
              -1.3092046950757905
            ],
            [
              36.78439391718299,
              -1.3093843581326146
            ],
            [
              36.784573580239815,
              -1.3093843581326146
            ],
            [
              36.784573580239815,
              -1.3097436842462624
            ],
            [
              36.78493290635346,
              -1.3097436842462624
            ],
            [
              36.78493290635346,
              -1.3099233473030862
            ],
            [
              36.78529223246711,
              -1.3099233473030862
            ],
            [
              36.78529223246711,
              -1.31010301035991
            ],
            [
              36.78565155858076,
              -1.31010301035991
            ],
            [
              36.78565155858076,
              -1.310282673416734
            ],
            [
              36.78547189552393,
              -1.310282673416734
            ],
            [
              36.78547189552393,
              -1.3108216625872058
            ],
            [
              36.78565155858076,
              -1.3108216625872058
            ],
            [
              36.78565155858076,
              -1.3110013256440296
            ],
            [
              36.786010884694406,
              -1.3110013256440296
            ],
            [
              36.786010884694406,
              -1.3111809887008536
            ],
            [
              36.78637021080805,
              -1.3111809887008536
            ],
            [
              36.78637021080805,
              -1.3110013256440296
            ],
            [
              36.78708886303535,
              -1.3110013256440296
            ],
            [
              36.78708886303535,
              -1.3111809887008536
            ],
            [
              36.78726852609217,
              -1.3111809887008536
            ],
            [
              36.78726852609217,
              -1.3117199778713253
            ],
            [
              36.78708886303535,
              -1.3117199778713253
            ],
            [
              36.78708886303535,
              -1.3118996409281491
            ],
            [
              36.78637021080805,
              -1.3118996409281491
            ],
            [
              36.78637021080805,
              -1.3120793039849732
            ],
            [
              36.78565155858076,
              -1.3120793039849732
            ],
            [
              36.78565155858076,
              -1.312258967041797
            ],
            [
              36.78511256941029,
              -1.312258967041797
            ],
            [
              36.78511256941029,
              -1.3124386300986208
            ],
            [
              36.784753243296635,
              -1.3124386300986208
            ],
            [
              36.784753243296635,
              -1.3126182931554449
            ],
            [
              36.78439391718299,
              -1.3126182931554449
            ],
            [
              36.78439391718299,
              -1.3127979562122687
            ],
            [
              36.78421425412616,
              -1.3127979562122687
            ],
            [
              36.78421425412616,
              -1.3131572823259166
            ],
            [
              36.78403459106934,
              -1.3131572823259166
            ],
            [
              36.78403459106934,
              -1.3135166084395644
            ],
            [
              36.783854928012516,
              -1.3135166084395644
            ],
            [
              36.783854928012516,
              -1.3136962714963882
            ],
            [
              36.782417623557926,
              -1.3136962714963882
            ],
            [
              36.782417623557926,
              -1.313875934553212
            ],
            [
              36.78205829744428,
              -1.313875934553212
            ],
            [
              36.78205829744428,
              -1.314055597610036
            ],
            [
              36.78133964521698,
              -1.314055597610036
            ],
            [
              36.78133964521698,
              -1.31423526066686
            ],
            [
              36.780980319103335,
              -1.31423526066686
            ],
            [
              36.780980319103335,
              -1.3144149237236837
            ],
            [
              36.78080065604651,
              -1.3144149237236837
            ],
            [
              36.78080065604651,
              -1.3145945867805078
            ],
            [
              36.78026166687604,
              -1.3145945867805078
            ],
            [
              36.78026166687604,
              -1.3147742498373316
            ],
            [
              36.78008200381922,
              -1.3147742498373316
            ],
            [
              36.78008200381922,
              -1.3145945867805078
            ],
            [
              36.77990234076239,
              -1.3145945867805078
            ],
            [
              36.77990234076239,
              -1.3147742498373316
            ],
            [
              36.779543014648745,
              -1.3147742498373316
            ],
            [
              36.779543014648745,
              -1.3149539128941556
            ],
            [
              36.77900402547827,
              -1.3149539128941556
            ],
            [
              36.77900402547827,
              -1.3153132390078033
            ],
            [
              36.77864469936463,
              -1.3153132390078033
            ],
            [
              36.77864469936463,
              -1.3154929020646273
            ],
            [
              36.7784650363078,
              -1.3154929020646273
            ],
            [
              36.7784650363078,
              -1.3156725651214511
            ],
            [
              36.77774638408051,
              -1.3156725651214511
            ],
            [
              36.77774638408051,
              -1.3154929020646273
            ],
            [
              36.777207394910036,
              -1.3154929020646273
            ],
            [
              36.777207394910036,
              -1.3153132390078033
            ],
            [
              36.77684806879638,
              -1.3153132390078033
            ],
            [
              36.77684806879638,
              -1.3151335759509795
            ],
            [
              36.776668405739564,
              -1.3151335759509795
            ],
            [
              36.776668405739564,
              -1.3147742498373316
            ],
            [
              36.77648874268274,
              -1.3147742498373316
            ],
            [
              36.77648874268274,
              -1.3144149237236837
            ],
            [
              36.77630907962591,
              -1.3144149237236837
            ],
            [
              36.77630907962591,
              -1.31423526066686
            ],
            [
              36.77612941656909,
              -1.31423526066686
            ],
            [
              36.77612941656909,
              -1.314055597610036
            ],
            [
              36.775949753512265,
              -1.314055597610036
            ],
            [
              36.775949753512265,
              -1.313875934553212
            ],
            [
              36.775770090455445,
              -1.313875934553212
            ],
            [
              36.775770090455445,
              -1.314055597610036
            ],
            [
              36.77559042739862,
              -1.314055597610036
            ],
            [
              36.77559042739862,
              -1.3144149237236837
            ],
            [
              36.77541076434179,
              -1.3144149237236837
            ],
            [
              36.77541076434179,
              -1.3156725651214511
            ],
            [
              36.77559042739862,
              -1.3156725651214511
            ],
            [
              36.77559042739862,
              -1.3163912173487469
            ],
            [
              36.77541076434179,
              -1.3163912173487469
            ],
            [
              36.77541076434179,
              -1.3165708804055707
            ],
            [
              36.77523110128497,
              -1.3165708804055707
            ],
            [
              36.77523110128497,
              -1.3169302065192185
            ],
            [
              36.775770090455445,
              -1.3169302065192185
            ],
            [
              36.775770090455445,
              -1.3171098695760424
            ],
            [
              36.777387057966855,
              -1.3171098695760424
            ],
            [
              36.777387057966855,
              -1.3169302065192185
            ],
            [
              36.77792604713733,
              -1.3169302065192185
            ],
            [
              36.77792604713733,
              -1.3171098695760424
            ],
            [
              36.778105710194154,
              -1.3171098695760424
            ],
            [
              36.778105710194154,
              -1.3172895326328664
            ],
            [
              36.778285373250974,
              -1.3172895326328664
            ],
            [
              36.778285373250974,
              -1.3174691956896902
            ],
            [
              36.7784650363078,
              -1.3174691956896902
            ],
            [
              36.7784650363078,
              -1.317828521803338
            ],
            [
              36.778824362421446,
              -1.317828521803338
            ],
            [
              36.778824362421446,
              -1.317648858746514
            ],
            [
              36.78008200381922,
              -1.317648858746514
            ],
            [
              36.78008200381922,
              -1.3172895326328664
            ],
            [
              36.78026166687604,
              -1.3172895326328664
            ],
            [
              36.78026166687604,
              -1.3171098695760424
            ],
            [
              36.78080065604651,
              -1.3171098695760424
            ],
            [
              36.78080065604651,
              -1.3169302065192185
            ],
            [
              36.780980319103335,
              -1.3169302065192185
            ],
            [
              36.780980319103335,
              -1.3167505434623945
            ],
            [
              36.78133964521698,
              -1.3167505434623945
            ],
            [
              36.78133964521698,
              -1.3165708804055707
            ],
            [
              36.78205829744428,
              -1.3165708804055707
            ],
            [
              36.78205829744428,
              -1.3167505434623945
            ],
            [
              36.7829566127284,
              -1.3167505434623945
            ],
            [
              36.7829566127284,
              -1.3165708804055707
            ],
            [
              36.783315938842044,
              -1.3165708804055707
            ],
            [
              36.783315938842044,
              -1.3163912173487469
            ],
            [
              36.78349560189887,
              -1.3163912173487469
            ],
            [
              36.78349560189887,
              -1.3162115542919228
            ],
            [
              36.783854928012516,
              -1.3162115542919228
            ],
            [
              36.783854928012516,
              -1.316031891235099
            ],
            [
              36.78439391718299,
              -1.316031891235099
            ],
            [
              36.78439391718299,
              -1.315852228178275
            ],
            [
              36.784753243296635,
              -1.315852228178275
            ],
            [
              36.784753243296635,
              -1.3156725651214511
            ],
            [
              36.786190547751225,
              -1.3156725651214511
            ],
            [
              36.786190547751225,
              -1.3154929020646273
            ],
            [
              36.7867295369217,
              -1.3154929020646273
            ],
            [
              36.7867295369217,
              -1.3156725651214511
            ],
            [
              36.78726852609217,
              -1.3156725651214511
            ],
            [
              36.78726852609217,
              -1.3154929020646273
            ],
            [
              36.78762785220582,
              -1.3154929020646273
            ],
            [
              36.78762785220582,
              -1.3153132390078033
            ],
            [
              36.78780751526264,
              -1.3153132390078033
            ],
            [
              36.78780751526264,
              -1.3151335759509795
            ],
            [
              36.78798717831947,
              -1.3151335759509795
            ],
            [
              36.78798717831947,
              -1.3149539128941556
            ],
            [
              36.78816684137629,
              -1.3149539128941556
            ],
            [
              36.78816684137629,
              -1.3145945867805078
            ],
            [
              36.788346504433115,
              -1.3145945867805078
            ],
            [
              36.788346504433115,
              -1.3144149237236837
            ],
            [
              36.78870583054676,
              -1.3144149237236837
            ],
            [
              36.78870583054676,
              -1.31423526066686
            ],
            [
              36.789783808887705,
              -1.31423526066686
            ],
            [
              36.789783808887705,
              -1.313875934553212
            ],
            [
              36.78996347194453,
              -1.313875934553212
            ],
            [
              36.78996347194453,
              -1.3136962714963882
            ],
            [
              36.79014313500135,
              -1.3136962714963882
            ],
            [
              36.79014313500135,
              -1.3131572823259166
            ],
            [
              36.79032279805818,
              -1.3131572823259166
            ],
            [
              36.79032279805818,
              -1.3127979562122687
            ],
            [
              36.79014313500135,
              -1.3127979562122687
            ],
            [
              36.79014313500135,
              -1.312258967041797
            ],
            [
              36.79032279805818,
              -1.312258967041797
            ],
            [
              36.79032279805818,
              -1.3118996409281491
            ],
            [
              36.790502461115004,
              -1.3118996409281491
            ],
            [
              36.790502461115004,
              -1.3117199778713253
            ],
            [
              36.79068212417182,
              -1.3117199778713253
            ],
            [
              36.79068212417182,
              -1.3106419995303817
            ],
            [
              36.79086178722865,
              -1.3106419995303817
            ],
            [
              36.79086178722865,
              -1.310462336473558
            ],
            [
              36.79068212417182,
              -1.310462336473558
            ],
            [
              36.79068212417182,
              -1.310282673416734
            ],
            [
              36.789783808887705,
              -1.310282673416734
            ],
            [
              36.789783808887705,
              -1.310462336473558
            ],
            [
              36.78942448277406,
              -1.310462336473558
            ],
            [
              36.78942448277406,
              -1.3106419995303817
            ],
            [
              36.78906515666041,
              -1.3106419995303817
            ],
            [
              36.78906515666041,
              -1.3108216625872058
            ],
            [
              36.78870583054676,
              -1.3108216625872058
            ],
            [
              36.78870583054676,
              -1.3110013256440296
            ],
            [
              36.78798717831947,
              -1.3110013256440296
            ],
            [
              36.78798717831947,
              -1.3108216625872058
            ],
            [
              36.78780751526264,
              -1.3108216625872058
            ],
            [
              36.78780751526264,
              -1.3106419995303817
            ],
            [
              36.78798717831947,
              -1.3106419995303817
            ],
            [
              36.78798717831947,
              -1.310282673416734
            ],
            [
              36.788346504433115,
              -1.310282673416734
            ],
            [
              36.788346504433115,
              -1.31010301035991
            ],
            [
              36.78852616748994,
              -1.31010301035991
            ],
            [
              36.78852616748994,
              -1.3099233473030862
            ],
            [
              36.78906515666041,
              -1.3099233473030862
            ],
            [
              36.78906515666041,
              -1.3097436842462624
            ],
            [
              36.789604145830886,
              -1.3097436842462624
            ],
            [
              36.789604145830886,
              -1.3095640211894384
            ],
            [
              36.78996347194453,
              -1.3095640211894384
            ],
            [
              36.78996347194453,
              -1.3093843581326146
            ],
            [
              36.79032279805818,
              -1.3093843581326146
            ],
            [
              36.79032279805818,
              -1.3088453689621429
            ],
            [
              36.78996347194453,
              -1.3088453689621429
            ],
            [
              36.78996347194453,
              -1.3086657059053188
            ],
            [
              36.789783808887705,
              -1.3086657059053188
            ],
            [
              36.789783808887705,
              -1.3083063797916712
            ],
            [
              36.789604145830886,
              -1.3083063797916712
            ],
            [
              36.789604145830886,
              -1.3081267167348472
            ],
            [
              36.789783808887705,
              -1.3081267167348472
            ],
            [
              36.789783808887705,
              -1.3075877275643755
            ],
            [
              36.789604145830886,
              -1.3075877275643755
            ],
            [
              36.789604145830886,
              -1.3072284014507276
            ],
            [
              36.78888549360359,
              -1.3072284014507276
            ],
            [
              36.78888549360359,
              -1.3070487383939038
            ],
            [
              36.78852616748994,
              -1.3070487383939038
            ],
            [
              36.78852616748994,
              -1.3068690753370797
            ],
            [
              36.788346504433115,
              -1.3068690753370797
            ],
            [
              36.788346504433115,
              -1.306689412280256
            ],
            [
              36.78816684137629,
              -1.306689412280256
            ],
            [
              36.78816684137629,
              -1.3068690753370797
            ],
            [
              36.78780751526264,
              -1.3068690753370797
            ],
            [
              36.78780751526264,
              -1.306689412280256
            ],
            [
              36.78762785220582,
              -1.306689412280256
            ],
            [
              36.78762785220582,
              -1.306509749223432
            ],
            [
              36.78565155858076,
              -1.306509749223432
            ],
            [
              36.78565155858076,
              -1.306330086166608
            ],
            [
              36.78547189552393,
              -1.306330086166608
            ],
            [
              36.78547189552393,
              -1.3061504231097842
            ],
            [
              36.78493290635346,
              -1.3061504231097842
            ]
          ],
          [
            [
              36.78421425412616,
              -1.3074080645075516
            ],
            [
              36.78403459106934,
              -1.3074080645075516
            ],
            [
              36.78403459106934,
              -1.3075877275643755
            ],
            [
              36.7836752649557,
              -1.3075877275643755
            ],
            [
              36.7836752649557,
              -1.3079470536780233
            ],
            [
              36.783854928012516,
              -1.3079470536780233
            ],
            [
              36.783854928012516,
              -1.3083063797916712
            ],
            [
              36.78439391718299,
              -1.3083063797916712
            ],
            [
              36.78439391718299,
              -1.3079470536780233
            ],
            [
              36.784573580239815,
              -1.3079470536780233
            ],
            [
              36.784573580239815,
              -1.3077673906211993
            ],
            [
              36.78439391718299,
              -1.3077673906211993
            ],
            [
              36.78439391718299,
              -1.3075877275643755
            ],
            [
              36.78421425412616,
              -1.3075877275643755
            ],
            [
              36.78421425412616,
              -1.3074080645075516
            ]
          ]
        ]
      },
      "id": "+204746-7271",
      "properties": {
        "area_ha": 83.94992126576925,
        "area_m2": 839499.2126576925,
        "class": 0,
        "count": 2104
      }
    },
    {
      "type": "Feature",
      "geometry": {
        "geodesic": false,
        "type": "Polygon",
        "coordinates": [
          [
            [
              36.792119428626414,
              -1.3097436842462624
            ],
            [
              36.792119428626414,
              -1.3099233473030862
            ],
            [
              36.791939765569595,
              -1.3099233473030862
            ],
            [
              36.791939765569595,
              -1.310282673416734
            ],
            [
              36.792119428626414,
              -1.310282673416734
            ],
            [
              36.792119428626414,
              -1.3110013256440296
            ],
            [
              36.791939765569595,
              -1.3110013256440296
            ],
            [
              36.791939765569595,
              -1.3111809887008536
            ],
            [
              36.79176010251277,
              -1.3111809887008536
            ],
            [
              36.79176010251277,
              -1.3115403148145013
            ],
            [
              36.79158043945595,
              -1.3115403148145013
            ],
            [
              36.79158043945595,
              -1.3118996409281491
            ],
            [
              36.79176010251277,
              -1.3118996409281491
            ],
            [
              36.79176010251277,
              -1.3129776192690925
            ],
            [
              36.79158043945595,
              -1.3129776192690925
            ],
            [
              36.79158043945595,
              -1.3131572823259166
            ],
            [
              36.79140077639912,
              -1.3131572823259166
            ],
            [
              36.79140077639912,
              -1.3135166084395644
            ],
            [
              36.791221113342296,
              -1.3135166084395644
            ],
            [
              36.791221113342296,
              -1.314055597610036
            ],
            [
              36.791041450285476,
              -1.314055597610036
            ],
            [
              36.791041450285476,
              -1.31423526066686
            ],
            [
              36.791221113342296,
              -1.31423526066686
            ],
            [
              36.791221113342296,
              -1.3144149237236837
            ],
            [
              36.791041450285476,
              -1.3144149237236837
            ],
            [
              36.791041450285476,
              -1.3149539128941556
            ],
            [
              36.79086178722865,
              -1.3149539128941556
            ],
            [
              36.79086178722865,
              -1.3153132390078033
            ],
            [
              36.79068212417182,
              -1.3153132390078033
            ],
            [
              36.79068212417182,
              -1.315852228178275
            ],
            [
              36.79086178722865,
              -1.315852228178275
            ],
            [
              36.79086178722865,
              -1.316031891235099
            ],
            [
              36.79176010251277,
              -1.316031891235099
            ],
            [
              36.79176010251277,
              -1.315852228178275
            ],
            [
              36.791939765569595,
              -1.315852228178275
            ],
            [
              36.791939765569595,
              -1.3156725651214511
            ],
            [
              36.792119428626414,
              -1.3156725651214511
            ],
            [
              36.792119428626414,
              -1.315852228178275
            ],
            [
              36.79247875474007,
              -1.315852228178275
            ],
            [
              36.79247875474007,
              -1.316031891235099
            ],
            [
              36.792658417796886,
              -1.316031891235099
            ],
            [
              36.792658417796886,
              -1.3162115542919228
            ],
            [
              36.792119428626414,
              -1.3162115542919228
            ],
            [
              36.792119428626414,
              -1.3163912173487469
            ],
            [
              36.791939765569595,
              -1.3163912173487469
            ],
            [
              36.791939765569595,
              -1.3165708804055707
            ],
            [
              36.79176010251277,
              -1.3165708804055707
            ],
            [
              36.79176010251277,
              -1.3167505434623945
            ],
            [
              36.791939765569595,
              -1.3167505434623945
            ],
            [
              36.791939765569595,
              -1.3174691956896902
            ],
            [
              36.792119428626414,
              -1.3174691956896902
            ],
            [
              36.792119428626414,
              -1.317828521803338
            ],
            [
              36.79247875474007,
              -1.317828521803338
            ],
            [
              36.79247875474007,
              -1.318008184860162
            ],
            [
              36.79283808085371,
              -1.318008184860162
            ],
            [
              36.79283808085371,
              -1.3181878479169857
            ],
            [
              36.79355673308101,
              -1.3181878479169857
            ],
            [
              36.79355673308101,
              -1.3183675109738098
            ],
            [
              36.79391605919466,
              -1.3183675109738098
            ],
            [
              36.79391605919466,
              -1.3185471740306336
            ],
            [
              36.7942753853083,
              -1.3185471740306336
            ],
            [
              36.7942753853083,
              -1.3187268370874576
            ],
            [
              36.79445504836513,
              -1.3187268370874576
            ],
            [
              36.79445504836513,
              -1.3189065001442815
            ],
            [
              36.79463471142195,
              -1.3189065001442815
            ],
            [
              36.79463471142195,
              -1.3190861632011053
            ],
            [
              36.79535336364925,
              -1.3190861632011053
            ],
            [
              36.79535336364925,
              -1.3189065001442815
            ],
            [
              36.795712689762894,
              -1.3189065001442815
            ],
            [
              36.795712689762894,
              -1.3187268370874576
            ],
            [
              36.79607201587655,
              -1.3187268370874576
            ],
            [
              36.79607201587655,
              -1.3185471740306336
            ],
            [
              36.79786864644478,
              -1.3185471740306336
            ],
            [
              36.79786864644478,
              -1.3187268370874576
            ],
            [
              36.798587298672075,
              -1.3187268370874576
            ],
            [
              36.798587298672075,
              -1.3185471740306336
            ],
            [
              36.79912628784255,
              -1.3185471740306336
            ],
            [
              36.79912628784255,
              -1.3183675109738098
            ],
            [
              36.799305950899374,
              -1.3183675109738098
            ],
            [
              36.799305950899374,
              -1.318008184860162
            ],
            [
              36.7994856139562,
              -1.318008184860162
            ],
            [
              36.7994856139562,
              -1.3174691956896902
            ],
            [
              36.79966527701302,
              -1.3174691956896902
            ],
            [
              36.79966527701302,
              -1.3172895326328664
            ],
            [
              36.799844940069846,
              -1.3172895326328664
            ],
            [
              36.799844940069846,
              -1.3167505434623945
            ],
            [
              36.7994856139562,
              -1.3167505434623945
            ],
            [
              36.7994856139562,
              -1.3165708804055707
            ],
            [
              36.799305950899374,
              -1.3165708804055707
            ],
            [
              36.799305950899374,
              -1.3163912173487469
            ],
            [
              36.79912628784255,
              -1.3163912173487469
            ],
            [
              36.79912628784255,
              -1.3162115542919228
            ],
            [
              36.7987669617289,
              -1.3162115542919228
            ],
            [
              36.7987669617289,
              -1.316031891235099
            ],
            [
              36.798587298672075,
              -1.316031891235099
            ],
            [
              36.798587298672075,
              -1.3162115542919228
            ],
            [
              36.79750932033114,
              -1.3162115542919228
            ],
            [
              36.79750932033114,
              -1.316031891235099
            ],
            [
              36.79732965727431,
              -1.316031891235099
            ],
            [
              36.79732965727431,
              -1.3154929020646273
            ],
            [
              36.79750932033114,
              -1.3154929020646273
            ],
            [
              36.79750932033114,
              -1.3153132390078033
            ],
            [
              36.79786864644478,
              -1.3153132390078033
            ],
            [
              36.79786864644478,
              -1.3151335759509795
            ],
            [
              36.798587298672075,
              -1.3151335759509795
            ],
            [
              36.798587298672075,
              -1.3153132390078033
            ],
            [
              36.7987669617289,
              -1.3153132390078033
            ],
            [
              36.7987669617289,
              -1.3154929020646273
            ],
            [
              36.79912628784255,
              -1.3154929020646273
            ],
            [
              36.79912628784255,
              -1.3153132390078033
            ],
            [
              36.799305950899374,
              -1.3153132390078033
            ],
            [
              36.799305950899374,
              -1.3151335759509795
            ],
            [
              36.7994856139562,
              -1.3151335759509795
            ],
            [
              36.7994856139562,
              -1.3149539128941556
            ],
            [
              36.79966527701302,
              -1.3149539128941556
            ],
            [
              36.79966527701302,
              -1.3147742498373316
            ],
            [
              36.799844940069846,
              -1.3147742498373316
            ],
            [
              36.799844940069846,
              -1.3145945867805078
            ],
            [
              36.80002460312667,
              -1.3145945867805078
            ],
            [
              36.80002460312667,
              -1.31423526066686
            ],
            [
              36.79966527701302,
              -1.31423526066686
            ],
            [
              36.79966527701302,
              -1.3129776192690925
            ],
            [
              36.7994856139562,
              -1.3129776192690925
            ],
            [
              36.7994856139562,
              -1.3127979562122687
            ],
            [
              36.799305950899374,
              -1.3127979562122687
            ],
            [
              36.799305950899374,
              -1.3126182931554449
            ],
            [
              36.79912628784255,
              -1.3126182931554449
            ],
            [
              36.79912628784255,
              -1.3124386300986208
            ],
            [
              36.79894662478573,
              -1.3124386300986208
            ],
            [
              36.79894662478573,
              -1.3120793039849732
            ],
            [
              36.7987669617289,
              -1.3120793039849732
            ],
            [
              36.7987669617289,
              -1.3118996409281491
            ],
            [
              36.798407635615256,
              -1.3118996409281491
            ],
            [
              36.798407635615256,
              -1.3117199778713253
            ],
            [
              36.79786864644478,
              -1.3117199778713253
            ],
            [
              36.79786864644478,
              -1.3115403148145013
            ],
            [
              36.79750932033114,
              -1.3115403148145013
            ],
            [
              36.79750932033114,
              -1.3113606517576775
            ],
            [
              36.79732965727431,
              -1.3113606517576775
            ],
            [
              36.79732965727431,
              -1.3111809887008536
            ],
            [
              36.796970331160665,
              -1.3111809887008536
            ],
            [
              36.796970331160665,
              -1.3110013256440296
            ],
            [
              36.79661100504701,
              -1.3110013256440296
            ],
            [
              36.79661100504701,
              -1.3111809887008536
            ],
            [
              36.796251678933366,
              -1.3111809887008536
            ],
            [
              36.796251678933366,
              -1.3118996409281491
            ],
            [
              36.79607201587655,
              -1.3118996409281491
            ],
            [
              36.79607201587655,
              -1.3120793039849732
            ],
            [
              36.79589235281972,
              -1.3120793039849732
            ],
            [
              36.79589235281972,
              -1.312258967041797
            ],
            [
              36.79535336364925,
              -1.312258967041797
            ],
            [
              36.79535336364925,
              -1.3120793039849732
            ],
            [
              36.79517370059242,
              -1.3120793039849732
            ],
            [
              36.79517370059242,
              -1.3115403148145013
            ],
            [
              36.7949940375356,
              -1.3115403148145013
            ],
            [
              36.7949940375356,
              -1.3111809887008536
            ],
            [
              36.79463471142195,
              -1.3111809887008536
            ],
            [
              36.79463471142195,
              -1.3110013256440296
            ],
            [
              36.79445504836513,
              -1.3110013256440296
            ],
            [
              36.79445504836513,
              -1.3108216625872058
            ],
            [
              36.7942753853083,
              -1.3108216625872058
            ],
            [
              36.7942753853083,
              -1.3106419995303817
            ],
            [
              36.794095722251484,
              -1.3106419995303817
            ],
            [
              36.794095722251484,
              -1.310282673416734
            ],
            [
              36.79391605919466,
              -1.310282673416734
            ],
            [
              36.79391605919466,
              -1.31010301035991
            ],
            [
              36.79373639613783,
              -1.31010301035991
            ],
            [
              36.79373639613783,
              -1.3099233473030862
            ],
            [
              36.79283808085371,
              -1.3099233473030862
            ],
            [
              36.79283808085371,
              -1.3097436842462624
            ],
            [
              36.792119428626414,
              -1.3097436842462624
            ]
          ],
          [
            [
              36.79589235281972,
              -1.3151335759509795
            ],
            [
              36.795712689762894,
              -1.3151335759509795
            ],
            [
              36.795712689762894,
              -1.3153132390078033
            ],
            [
              36.79463471142195,
              -1.3153132390078033
            ],
            [
              36.79463471142195,
              -1.3154929020646273
            ],
            [
              36.7942753853083,
              -1.3154929020646273
            ],
            [
              36.7942753853083,
              -1.3156725651214511
            ],
            [
              36.794095722251484,
              -1.3156725651214511
            ],
            [
              36.794095722251484,
              -1.316031891235099
            ],
            [
              36.7942753853083,
              -1.316031891235099
            ],
            [
              36.7942753853083,
              -1.3162115542919228
            ],
            [
              36.79445504836513,
              -1.3162115542919228
            ],
            [
              36.79445504836513,
              -1.3163912173487469
            ],
            [
              36.7949940375356,
              -1.3163912173487469
            ],
            [
              36.7949940375356,
              -1.3162115542919228
            ],
            [
              36.795712689762894,
              -1.3162115542919228
            ],
            [
              36.795712689762894,
              -1.316031891235099
            ],
            [
              36.79607201587655,
              -1.316031891235099
            ],
            [
              36.79607201587655,
              -1.315852228178275
            ],
            [
              36.79643134199019,
              -1.315852228178275
            ],
            [
              36.79643134199019,
              -1.3154929020646273
            ],
            [
              36.796251678933366,
              -1.3154929020646273
            ],
            [
              36.796251678933366,
              -1.3153132390078033
            ],
            [
              36.79589235281972,
              -1.3153132390078033
            ],
            [
              36.79589235281972,
              -1.3151335759509795
            ]
          ],
          [
            [
              36.796251678933366,
              -1.3129776192690925
            ],
            [
              36.795533026706075,
              -1.3129776192690925
            ],
            [
              36.795533026706075,
              -1.3131572823259166
            ],
            [
              36.79535336364925,
              -1.3131572823259166
            ],
            [
              36.79535336364925,
              -1.3133369453827404
            ],
            [
              36.79517370059242,
              -1.3133369453827404
            ],
            [
              36.79517370059242,
              -1.3135166084395644
            ],
            [
              36.79535336364925,
              -1.3135166084395644
            ],
            [
              36.79535336364925,
              -1.313875934553212
            ],
            [
              36.795533026706075,
              -1.313875934553212
            ],
            [
              36.795533026706075,
              -1.31423526066686
            ],
            [
              36.796251678933366,
              -1.31423526066686
            ],
            [
              36.796251678933366,
              -1.314055597610036
            ],
            [
              36.79643134199019,
              -1.314055597610036
            ],
            [
              36.79643134199019,
              -1.313875934553212
            ],
            [
              36.79661100504701,
              -1.313875934553212
            ],
            [
              36.79661100504701,
              -1.3135166084395644
            ],
            [
              36.79643134199019,
              -1.3135166084395644
            ],
            [
              36.79643134199019,
              -1.3131572823259166
            ],
            [
              36.796251678933366,
              -1.3131572823259166
            ],
            [
              36.796251678933366,
              -1.3129776192690925
            ]
          ],
          [
            [
              36.79804830950161,
              -1.312258967041797
            ],
            [
              36.79750932033114,
              -1.312258967041797
            ],
            [
              36.79750932033114,
              -1.3133369453827404
            ],
            [
              36.79768898338796,
              -1.3133369453827404
            ],
            [
              36.79768898338796,
              -1.314055597610036
            ],
            [
              36.79786864644478,
              -1.314055597610036
            ],
            [
              36.79786864644478,
              -1.31423526066686
            ],
            [
              36.79822797255843,
              -1.31423526066686
            ],
            [
              36.79822797255843,
              -1.314055597610036
            ],
            [
              36.798407635615256,
              -1.314055597610036
            ],
            [
              36.798407635615256,
              -1.3131572823259166
            ],
            [
              36.79822797255843,
              -1.3131572823259166
            ],
            [
              36.79822797255843,
              -1.3126182931554449
            ],
            [
              36.79804830950161,
              -1.3126182931554449
            ],
            [
              36.79804830950161,
              -1.312258967041797
            ]
          ],
          [
            [
              36.79301774391054,
              -1.3118996409281491
            ],
            [
              36.79247875474007,
              -1.3118996409281491
            ],
            [
              36.79247875474007,
              -1.3120793039849732
            ],
            [
              36.79229909168324,
              -1.3120793039849732
            ],
            [
              36.79229909168324,
              -1.312258967041797
            ],
            [
              36.792119428626414,
              -1.312258967041797
            ],
            [
              36.792119428626414,
              -1.3127979562122687
            ],
            [
              36.79229909168324,
              -1.3127979562122687
            ],
            [
              36.79229909168324,
              -1.3129776192690925
            ],
            [
              36.79247875474007,
              -1.3129776192690925
            ],
            [
              36.79247875474007,
              -1.3131572823259166
            ],
            [
              36.79229909168324,
              -1.3131572823259166
            ],
            [
              36.79229909168324,
              -1.3136962714963882
            ],
            [
              36.79247875474007,
              -1.3136962714963882
            ],
            [
              36.79247875474007,
              -1.313875934553212
            ],
            [
              36.792658417796886,
              -1.313875934553212
            ],
            [
              36.792658417796886,
              -1.314055597610036
            ],
            [
              36.79301774391054,
              -1.314055597610036
            ],
            [
              36.79301774391054,
              -1.313875934553212
            ],
            [
              36.79319740696736,
              -1.313875934553212
            ],
            [
              36.79319740696736,
              -1.3136962714963882
            ],
            [
              36.793377070024185,
              -1.3136962714963882
            ],
            [
              36.793377070024185,
              -1.3133369453827404
            ],
            [
              36.79319740696736,
              -1.3133369453827404
            ],
            [
              36.79319740696736,
              -1.3131572823259166
            ],
            [
              36.79301774391054,
              -1.3131572823259166
            ],
            [
              36.79301774391054,
              -1.3129776192690925
            ],
            [
              36.79283808085371,
              -1.3129776192690925
            ],
            [
              36.79283808085371,
              -1.3127979562122687
            ],
            [
              36.79301774391054,
              -1.3127979562122687
            ],
            [
              36.79301774391054,
              -1.312258967041797
            ],
            [
              36.79319740696736,
              -1.312258967041797
            ],
            [
              36.79319740696736,
              -1.3120793039849732
            ],
            [
              36.79301774391054,
              -1.3120793039849732
            ],
            [
              36.79301774391054,
              -1.3118996409281491
            ]
          ]
        ]
      },
      "id": "+204787-7291",
      "properties": {
        "area_ha": 62.76287898357345,
        "area_m2": 627628.7898357345,
        "class": 0,
        "count": 1573
      }
    },
    {
      "type": "Feature",
      "geometry": {
        "geodesic": false,
        "type": "Polygon",
        "coordinates": [
          [
            [
              36.83955047562793,
              -1.3061504231097842
            ],
            [
              36.83955047562793,
              -1.306330086166608
            ],
            [
              36.839370812571104,
              -1.306330086166608
            ],
            [
              36.839370812571104,
              -1.306509749223432
            ],
            [
              36.83901148645746,
              -1.306509749223432
            ],
            [
              36.83901148645746,
              -1.306689412280256
            ],
            [
              36.83883182340063,
              -1.306689412280256
            ],
            [
              36.83883182340063,
              -1.3068690753370797
            ],
            [
              36.838472497286986,
              -1.3068690753370797
            ],
            [
              36.838472497286986,
              -1.3070487383939038
            ],
            [
              36.83829283423016,
              -1.3070487383939038
            ],
            [
              36.83829283423016,
              -1.3074080645075516
            ],
            [
              36.83811317117334,
              -1.3074080645075516
            ],
            [
              36.83811317117334,
              -1.3077673906211993
            ],
            [
              36.837933508116514,
              -1.3077673906211993
            ],
            [
              36.837933508116514,
              -1.3079470536780233
            ],
            [
              36.83739451894604,
              -1.3079470536780233
            ],
            [
              36.83739451894604,
              -1.3077673906211993
            ],
            [
              36.837035192832396,
              -1.3077673906211993
            ],
            [
              36.837035192832396,
              -1.3075877275643755
            ],
            [
              36.83649620366192,
              -1.3075877275643755
            ],
            [
              36.83649620366192,
              -1.3077673906211993
            ],
            [
              36.8363165406051,
              -1.3077673906211993
            ],
            [
              36.8363165406051,
              -1.308486042848495
            ],
            [
              36.83649620366192,
              -1.308486042848495
            ],
            [
              36.83649620366192,
              -1.3086657059053188
            ],
            [
              36.837035192832396,
              -1.3086657059053188
            ],
            [
              36.837035192832396,
              -1.3088453689621429
            ],
            [
              36.83883182340063,
              -1.3088453689621429
            ],
            [
              36.83883182340063,
              -1.3090250320189667
            ],
            [
              36.83973013868475,
              -1.3090250320189667
            ],
            [
              36.83973013868475,
              -1.3092046950757905
            ],
            [
              36.83990980174158,
              -1.3092046950757905
            ],
            [
              36.83990980174158,
              -1.3093843581326146
            ],
            [
              36.8400894647984,
              -1.3093843581326146
            ],
            [
              36.8400894647984,
              -1.3095640211894384
            ],
            [
              36.84026912785522,
              -1.3095640211894384
            ],
            [
              36.84026912785522,
              -1.31010301035991
            ],
            [
              36.84044879091205,
              -1.31010301035991
            ],
            [
              36.84044879091205,
              -1.310462336473558
            ],
            [
              36.84062845396887,
              -1.310462336473558
            ],
            [
              36.84062845396887,
              -1.3106419995303817
            ],
            [
              36.84098778008252,
              -1.3106419995303817
            ],
            [
              36.84098778008252,
              -1.310462336473558
            ],
            [
              36.84116744313934,
              -1.310462336473558
            ],
            [
              36.84116744313934,
              -1.310282673416734
            ],
            [
              36.84134710619617,
              -1.310282673416734
            ],
            [
              36.84134710619617,
              -1.3097436842462624
            ],
            [
              36.840808117025695,
              -1.3097436842462624
            ],
            [
              36.840808117025695,
              -1.3095640211894384
            ],
            [
              36.84044879091205,
              -1.3095640211894384
            ],
            [
              36.84044879091205,
              -1.3090250320189667
            ],
            [
              36.84062845396887,
              -1.3090250320189667
            ],
            [
              36.84062845396887,
              -1.3086657059053188
            ],
            [
              36.840808117025695,
              -1.3086657059053188
            ],
            [
              36.840808117025695,
              -1.308486042848495
            ],
            [
              36.84116744313934,
              -1.308486042848495
            ],
            [
              36.84116744313934,
              -1.3083063797916712
            ],
            [
              36.84134710619617,
              -1.3083063797916712
            ],
            [
              36.84134710619617,
              -1.3081267167348472
            ],
            [
              36.841526769252994,
              -1.3081267167348472
            ],
            [
              36.841526769252994,
              -1.3074080645075516
            ],
            [
              36.84134710619617,
              -1.3074080645075516
            ],
            [
              36.84134710619617,
              -1.3072284014507276
            ],
            [
              36.84098778008252,
              -1.3072284014507276
            ],
            [
              36.84098778008252,
              -1.3070487383939038
            ],
            [
              36.84044879091205,
              -1.3070487383939038
            ],
            [
              36.84044879091205,
              -1.3068690753370797
            ],
            [
              36.84026912785522,
              -1.3068690753370797
            ],
            [
              36.84026912785522,
              -1.306689412280256
            ],
            [
              36.8400894647984,
              -1.306689412280256
            ],
            [
              36.8400894647984,
              -1.306509749223432
            ],
            [
              36.83990980174158,
              -1.306509749223432
            ],
            [
              36.83990980174158,
              -1.306330086166608
            ],
            [
              36.83973013868475,
              -1.306330086166608
            ],
            [
              36.83973013868475,
              -1.3061504231097842
            ],
            [
              36.83955047562793,
              -1.3061504231097842
            ]
          ]
        ]
      },
      "id": "+205048-7271",
      "properties": {
        "area_ha": 12.009966521007156,
        "area_m2": 120099.66521007156,
        "class": 0,
        "count": 301
      }
    },
    {
      "type": "Feature",
      "geometry": {
        "geodesic": false,
        "type": "Polygon",
        "coordinates": [
          [
            [
              36.847635313185,
              -1.3117199778713253
            ],
            [
              36.847275987071356,
              -1.3117199778713253
            ],
            [
              36.847275987071356,
              -1.3113606517576775
            ],
            [
              36.84709632401453,
              -1.3113606517576775
            ],
            [
              36.84709632401453,
              -1.3111809887008536
            ],
            [
              36.84691666095771,
              -1.3111809887008536
            ],
            [
              36.84691666095771,
              -1.3110013256440296
            ],
            [
              36.846736997900884,
              -1.3110013256440296
            ],
            [
              36.846736997900884,
              -1.3111809887008536
            ],
            [
              36.84655733484406,
              -1.3111809887008536
            ],
            [
              36.84655733484406,
              -1.3110013256440296
            ],
            [
              36.84619800873041,
              -1.3110013256440296
            ],
            [
              36.84619800873041,
              -1.3106419995303817
            ],
            [
              36.84601834567359,
              -1.3106419995303817
            ],
            [
              36.84601834567359,
              -1.310462336473558
            ],
            [
              36.84619800873041,
              -1.310462336473558
            ],
            [
              36.84619800873041,
              -1.31010301035991
            ],
            [
              36.84637767178724,
              -1.31010301035991
            ],
            [
              36.84637767178724,
              -1.3099233473030862
            ],
            [
              36.84655733484406,
              -1.3099233473030862
            ],
            [
              36.84655733484406,
              -1.3097436842462624
            ],
            [
              36.84637767178724,
              -1.3097436842462624
            ],
            [
              36.84637767178724,
              -1.3095640211894384
            ],
            [
              36.84619800873041,
              -1.3095640211894384
            ],
            [
              36.84619800873041,
              -1.3093843581326146
            ],
            [
              36.84547935650312,
              -1.3093843581326146
            ],
            [
              36.84547935650312,
              -1.3097436842462624
            ],
            [
              36.84529969344629,
              -1.3097436842462624
            ],
            [
              36.84529969344629,
              -1.3099233473030862
            ],
            [
              36.84512003038947,
              -1.3099233473030862
            ],
            [
              36.84512003038947,
              -1.3097436842462624
            ],
            [
              36.844581041218994,
              -1.3097436842462624
            ],
            [
              36.844581041218994,
              -1.310282673416734
            ],
            [
              36.84476070427582,
              -1.310282673416734
            ],
            [
              36.84476070427582,
              -1.310462336473558
            ],
            [
              36.844581041218994,
              -1.310462336473558
            ],
            [
              36.844581041218994,
              -1.3106419995303817
            ],
            [
              36.844401378162175,
              -1.3106419995303817
            ],
            [
              36.844401378162175,
              -1.3108216625872058
            ],
            [
              36.84422171510535,
              -1.3108216625872058
            ],
            [
              36.84422171510535,
              -1.3110013256440296
            ],
            [
              36.8438623889917,
              -1.3110013256440296
            ],
            [
              36.8438623889917,
              -1.3111809887008536
            ],
            [
              36.843682725934876,
              -1.3111809887008536
            ],
            [
              36.843682725934876,
              -1.3110013256440296
            ],
            [
              36.84332339982123,
              -1.3110013256440296
            ],
            [
              36.84332339982123,
              -1.3108216625872058
            ],
            [
              36.843143736764404,
              -1.3108216625872058
            ],
            [
              36.843143736764404,
              -1.3110013256440296
            ],
            [
              36.842964073707584,
              -1.3110013256440296
            ],
            [
              36.842964073707584,
              -1.3111809887008536
            ],
            [
              36.843143736764404,
              -1.3111809887008536
            ],
            [
              36.843143736764404,
              -1.3113606517576775
            ],
            [
              36.84332339982123,
              -1.3113606517576775
            ],
            [
              36.84332339982123,
              -1.3115403148145013
            ],
            [
              36.84350306287806,
              -1.3115403148145013
            ],
            [
              36.84350306287806,
              -1.3117199778713253
            ],
            [
              36.84332339982123,
              -1.3117199778713253
            ],
            [
              36.84332339982123,
              -1.3126182931554449
            ],
            [
              36.84350306287806,
              -1.3126182931554449
            ],
            [
              36.84350306287806,
              -1.3124386300986208
            ],
            [
              36.8438623889917,
              -1.3124386300986208
            ],
            [
              36.8438623889917,
              -1.312258967041797
            ],
            [
              36.84404205204853,
              -1.312258967041797
            ],
            [
              36.84404205204853,
              -1.3120793039849732
            ],
            [
              36.84476070427582,
              -1.3120793039849732
            ],
            [
              36.84476070427582,
              -1.312258967041797
            ],
            [
              36.84494036733265,
              -1.312258967041797
            ],
            [
              36.84494036733265,
              -1.3126182931554449
            ],
            [
              36.84512003038947,
              -1.3126182931554449
            ],
            [
              36.84512003038947,
              -1.3131572823259166
            ],
            [
              36.84529969344629,
              -1.3131572823259166
            ],
            [
              36.84529969344629,
              -1.3133369453827404
            ],
            [
              36.84547935650312,
              -1.3133369453827404
            ],
            [
              36.84547935650312,
              -1.3135166084395644
            ],
            [
              36.845838682616765,
              -1.3135166084395644
            ],
            [
              36.845838682616765,
              -1.3136962714963882
            ],
            [
              36.84619800873041,
              -1.3136962714963882
            ],
            [
              36.84619800873041,
              -1.313875934553212
            ],
            [
              36.84637767178724,
              -1.313875934553212
            ],
            [
              36.84637767178724,
              -1.3136962714963882
            ],
            [
              36.84655733484406,
              -1.3136962714963882
            ],
            [
              36.84655733484406,
              -1.31423526066686
            ],
            [
              36.84709632401453,
              -1.31423526066686
            ],
            [
              36.84709632401453,
              -1.3144149237236837
            ],
            [
              36.847635313185,
              -1.3144149237236837
            ],
            [
              36.847635313185,
              -1.314055597610036
            ],
            [
              36.84745565012818,
              -1.314055597610036
            ],
            [
              36.84745565012818,
              -1.313875934553212
            ],
            [
              36.84781497624183,
              -1.313875934553212
            ],
            [
              36.84781497624183,
              -1.3136962714963882
            ],
            [
              36.8483539654123,
              -1.3136962714963882
            ],
            [
              36.8483539654123,
              -1.313875934553212
            ],
            [
              36.84853362846912,
              -1.313875934553212
            ],
            [
              36.84853362846912,
              -1.31423526066686
            ],
            [
              36.84889295458277,
              -1.31423526066686
            ],
            [
              36.84889295458277,
              -1.3144149237236837
            ],
            [
              36.84907261763959,
              -1.3144149237236837
            ],
            [
              36.84907261763959,
              -1.3147742498373316
            ],
            [
              36.84925228069642,
              -1.3147742498373316
            ],
            [
              36.84925228069642,
              -1.314055597610036
            ],
            [
              36.849431943753245,
              -1.314055597610036
            ],
            [
              36.849431943753245,
              -1.3133369453827404
            ],
            [
              36.84997093292372,
              -1.3133369453827404
            ],
            [
              36.84997093292372,
              -1.3135166084395644
            ],
            [
              36.85015059598054,
              -1.3135166084395644
            ],
            [
              36.85015059598054,
              -1.3136962714963882
            ],
            [
              36.850330259037364,
              -1.3136962714963882
            ],
            [
              36.850330259037364,
              -1.314055597610036
            ],
            [
              36.850869248207836,
              -1.314055597610036
            ],
            [
              36.850869248207836,
              -1.3135166084395644
            ],
            [
              36.85068958515101,
              -1.3135166084395644
            ],
            [
              36.85068958515101,
              -1.3133369453827404
            ],
            [
              36.850869248207836,
              -1.3133369453827404
            ],
            [
              36.850869248207836,
              -1.3127979562122687
            ],
            [
              36.85068958515101,
              -1.3127979562122687
            ],
            [
              36.85068958515101,
              -1.3126182931554449
            ],
            [
              36.850869248207836,
              -1.3126182931554449
            ],
            [
              36.850869248207836,
              -1.3124386300986208
            ],
            [
              36.85050992209418,
              -1.3124386300986208
            ],
            [
              36.85050992209418,
              -1.3120793039849732
            ],
            [
              36.850330259037364,
              -1.3120793039849732
            ],
            [
              36.850330259037364,
              -1.3118996409281491
            ],
            [
              36.84979126986689,
              -1.3118996409281491
            ],
            [
              36.84979126986689,
              -1.3120793039849732
            ],
            [
              36.849611606810065,
              -1.3120793039849732
            ],
            [
              36.849611606810065,
              -1.3124386300986208
            ],
            [
              36.849431943753245,
              -1.3124386300986208
            ],
            [
              36.849431943753245,
              -1.3127979562122687
            ],
            [
              36.84925228069642,
              -1.3127979562122687
            ],
            [
              36.84925228069642,
              -1.3129776192690925
            ],
            [
              36.84907261763959,
              -1.3129776192690925
            ],
            [
              36.84907261763959,
              -1.3126182931554449
            ],
            [
              36.84889295458277,
              -1.3126182931554449
            ],
            [
              36.84889295458277,
              -1.3124386300986208
            ],
            [
              36.84871329152595,
              -1.3124386300986208
            ],
            [
              36.84871329152595,
              -1.3118996409281491
            ],
            [
              36.84853362846912,
              -1.3118996409281491
            ],
            [
              36.84853362846912,
              -1.3117199778713253
            ],
            [
              36.8483539654123,
              -1.3117199778713253
            ],
            [
              36.8483539654123,
              -1.3118996409281491
            ],
            [
              36.847635313185,
              -1.3118996409281491
            ],
            [
              36.847635313185,
              -1.3117199778713253
            ]
          ],
          [
            [
              36.84547935650312,
              -1.3099233473030862
            ],
            [
              36.84529969344629,
              -1.3099233473030862
            ],
            [
              36.84529969344629,
              -1.31010301035991
            ],
            [
              36.84547935650312,
              -1.31010301035991
            ],
            [
              36.84547935650312,
              -1.3099233473030862
            ]
          ],
          [
            [
              36.847275987071356,
              -1.3136962714963882
            ],
            [
              36.846736997900884,
              -1.3136962714963882
            ],
            [
              36.846736997900884,
              -1.314055597610036
            ],
            [
              36.84709632401453,
              -1.314055597610036
            ],
            [
              36.84709632401453,
              -1.313875934553212
            ],
            [
              36.847275987071356,
              -1.313875934553212
            ],
            [
              36.847275987071356,
              -1.3136962714963882
            ]
          ]
        ]
      },
      "id": "+205084-7289",
      "properties": {
        "area_ha": 20.907681106010024,
        "area_m2": 209076.81106010024,
        "class": 0,
        "count": 524
      }
    },
    {
      "type": "Feature",
      "geometry": {
        "geodesic": false,
        "type": "Polygon",
        "coordinates": [
          [
            [
              36.84979126986689,
              -1.2626719633583994
            ],
            [
              36.84979126986689,
              -1.2628516264152232
            ],
            [
              36.849431943753245,
              -1.2628516264152232
            ],
            [
              36.849431943753245,
              -1.2630312894720472
            ],
            [
              36.84925228069642,
              -1.2630312894720472
            ],
            [
              36.84925228069642,
              -1.2639296047561668
            ],
            [
              36.849431943753245,
              -1.2639296047561668
            ],
            [
              36.849431943753245,
              -1.2644685939266385
            ],
            [
              36.84925228069642,
              -1.2644685939266385
            ],
            [
              36.84925228069642,
              -1.2646482569834623
            ],
            [
              36.84907261763959,
              -1.2646482569834623
            ],
            [
              36.84907261763959,
              -1.2648279200402863
            ],
            [
              36.84871329152595,
              -1.2648279200402863
            ],
            [
              36.84871329152595,
              -1.2650075830971101
            ],
            [
              36.84853362846912,
              -1.2650075830971101
            ],
            [
              36.84853362846912,
              -1.265187246153934
            ],
            [
              36.8483539654123,
              -1.265187246153934
            ],
            [
              36.8483539654123,
              -1.2655465722675818
            ],
            [
              36.848174302355474,
              -1.2655465722675818
            ],
            [
              36.848174302355474,
              -1.2657262353244059
            ],
            [
              36.84853362846912,
              -1.2657262353244059
            ],
            [
              36.84853362846912,
              -1.2659058983812297
            ],
            [
              36.84871329152595,
              -1.2659058983812297
            ],
            [
              36.84871329152595,
              -1.2662652244948776
            ],
            [
              36.84907261763959,
              -1.2662652244948776
            ],
            [
              36.84907261763959,
              -1.2664448875517014
            ],
            [
              36.84925228069642,
              -1.2664448875517014
            ],
            [
              36.84925228069642,
              -1.2668042136653492
            ],
            [
              36.849431943753245,
              -1.2668042136653492
            ],
            [
              36.849431943753245,
              -1.2666245506085252
            ],
            [
              36.84997093292372,
              -1.2666245506085252
            ],
            [
              36.84997093292372,
              -1.2664448875517014
            ],
            [
              36.850330259037364,
              -1.2664448875517014
            ],
            [
              36.850330259037364,
              -1.2660855614380535
            ],
            [
              36.85050992209418,
              -1.2660855614380535
            ],
            [
              36.85050992209418,
              -1.2659058983812297
            ],
            [
              36.85068958515101,
              -1.2659058983812297
            ],
            [
              36.85068958515101,
              -1.2657262353244059
            ],
            [
              36.851048911264655,
              -1.2657262353244059
            ],
            [
              36.851048911264655,
              -1.2659058983812297
            ],
            [
              36.85122857432148,
              -1.2659058983812297
            ],
            [
              36.85122857432148,
              -1.2660855614380535
            ],
            [
              36.85230655266243,
              -1.2660855614380535
            ],
            [
              36.85230655266243,
              -1.2659058983812297
            ],
            [
              36.853204867946545,
              -1.2659058983812297
            ],
            [
              36.853204867946545,
              -1.2660855614380535
            ],
            [
              36.85338453100337,
              -1.2660855614380535
            ],
            [
              36.85338453100337,
              -1.2657262353244059
            ],
            [
              36.85374385711702,
              -1.2657262353244059
            ],
            [
              36.85374385711702,
              -1.2655465722675818
            ],
            [
              36.85392352017384,
              -1.2655465722675818
            ],
            [
              36.85392352017384,
              -1.265366909210758
            ],
            [
              36.85410318323066,
              -1.265366909210758
            ],
            [
              36.85410318323066,
              -1.2650075830971101
            ],
            [
              36.85392352017384,
              -1.2650075830971101
            ],
            [
              36.85392352017384,
              -1.2648279200402863
            ],
            [
              36.85374385711702,
              -1.2648279200402863
            ],
            [
              36.85374385711702,
              -1.2642889308698146
            ],
            [
              36.85356419406019,
              -1.2642889308698146
            ],
            [
              36.85356419406019,
              -1.2639296047561668
            ],
            [
              36.85338453100337,
              -1.2639296047561668
            ],
            [
              36.85338453100337,
              -1.263570278642519
            ],
            [
              36.85356419406019,
              -1.263570278642519
            ],
            [
              36.85356419406019,
              -1.263210952528871
            ],
            [
              36.85374385711702,
              -1.263210952528871
            ],
            [
              36.85374385711702,
              -1.263390615585695
            ],
            [
              36.85446250934431,
              -1.263390615585695
            ],
            [
              36.85446250934431,
              -1.263570278642519
            ],
            [
              36.85482183545796,
              -1.263570278642519
            ],
            [
              36.85482183545796,
              -1.263210952528871
            ],
            [
              36.854642172401135,
              -1.263210952528871
            ],
            [
              36.854642172401135,
              -1.2630312894720472
            ],
            [
              36.85446250934431,
              -1.2630312894720472
            ],
            [
              36.85446250934431,
              -1.2628516264152232
            ],
            [
              36.85374385711702,
              -1.2628516264152232
            ],
            [
              36.85374385711702,
              -1.2630312894720472
            ],
            [
              36.85338453100337,
              -1.2630312894720472
            ],
            [
              36.85338453100337,
              -1.2628516264152232
            ],
            [
              36.850330259037364,
              -1.2628516264152232
            ],
            [
              36.850330259037364,
              -1.2626719633583994
            ],
            [
              36.84979126986689,
              -1.2626719633583994
            ]
          ]
        ]
      },
      "id": "+205107-7029",
      "properties": {
        "area_ha": 19.91054898960765,
        "area_m2": 199105.48989607653,
        "class": 0,
        "count": 499
      }
    },
    {
      "type": "Feature",
      "geometry": {
        "geodesic": false,
        "type": "Polygon",
        "coordinates": [
          [
            [
              36.861110042446796,
              -1.2580007238809778
            ],
            [
              36.861110042446796,
              -1.2581803869378019
            ],
            [
              36.86093037938997,
              -1.2581803869378019
            ],
            [
              36.86093037938997,
              -1.2583600499946257
            ],
            [
              36.86075071633315,
              -1.2583600499946257
            ],
            [
              36.86075071633315,
              -1.2587193761082736
            ],
            [
              36.860571053276324,
              -1.2587193761082736
            ],
            [
              36.860571053276324,
              -1.2590787022219214
            ],
            [
              36.860391390219505,
              -1.2590787022219214
            ],
            [
              36.860391390219505,
              -1.259797354449217
            ],
            [
              36.86021172716268,
              -1.259797354449217
            ],
            [
              36.86021172716268,
              -1.2599770175060407
            ],
            [
              36.86003206410585,
              -1.2599770175060407
            ],
            [
              36.86003206410585,
              -1.2601566805628648
            ],
            [
              36.859672737992206,
              -1.2601566805628648
            ],
            [
              36.859672737992206,
              -1.2603363436196886
            ],
            [
              36.85931341187856,
              -1.2603363436196886
            ],
            [
              36.85931341187856,
              -1.2605160066765126
            ],
            [
              36.85913374882173,
              -1.2605160066765126
            ],
            [
              36.85913374882173,
              -1.2606956697333365
            ],
            [
              36.85895408576491,
              -1.2606956697333365
            ],
            [
              36.85895408576491,
              -1.2608753327901603
            ],
            [
              36.85859475965126,
              -1.2608753327901603
            ],
            [
              36.85859475965126,
              -1.2612346589038081
            ],
            [
              36.858235433537615,
              -1.2612346589038081
            ],
            [
              36.858235433537615,
              -1.261414321960632
            ],
            [
              36.85769644436714,
              -1.261414321960632
            ],
            [
              36.85769644436714,
              -1.261593985017456
            ],
            [
              36.856977792139844,
              -1.261593985017456
            ],
            [
              36.856977792139844,
              -1.2617736480742798
            ],
            [
              36.85625913991255,
              -1.2617736480742798
            ],
            [
              36.85625913991255,
              -1.261593985017456
            ],
            [
              36.85572015074208,
              -1.261593985017456
            ],
            [
              36.85572015074208,
              -1.261414321960632
            ],
            [
              36.85500149851478,
              -1.261414321960632
            ],
            [
              36.85500149851478,
              -1.2612346589038081
            ],
            [
              36.854642172401135,
              -1.2612346589038081
            ],
            [
              36.854642172401135,
              -1.2610549958469843
            ],
            [
              36.85446250934431,
              -1.2610549958469843
            ],
            [
              36.85446250934431,
              -1.2608753327901603
            ],
            [
              36.85392352017384,
              -1.2608753327901603
            ],
            [
              36.85392352017384,
              -1.2612346589038081
            ],
            [
              36.85410318323066,
              -1.2612346589038081
            ],
            [
              36.85410318323066,
              -1.261414321960632
            ],
            [
              36.85428284628749,
              -1.261414321960632
            ],
            [
              36.85428284628749,
              -1.2619533111311039
            ],
            [
              36.85446250934431,
              -1.2619533111311039
            ],
            [
              36.85446250934431,
              -1.2621329741879277
            ],
            [
              36.854642172401135,
              -1.2621329741879277
            ],
            [
              36.854642172401135,
              -1.2623126372447515
            ],
            [
              36.85482183545796,
              -1.2623126372447515
            ],
            [
              36.85482183545796,
              -1.2624923003015756
            ],
            [
              36.85518116157161,
              -1.2624923003015756
            ],
            [
              36.85518116157161,
              -1.2628516264152232
            ],
            [
              36.855360824628434,
              -1.2628516264152232
            ],
            [
              36.855360824628434,
              -1.263210952528871
            ],
            [
              36.85554048768525,
              -1.263210952528871
            ],
            [
              36.85554048768525,
              -1.263390615585695
            ],
            [
              36.85572015074208,
              -1.263390615585695
            ],
            [
              36.85572015074208,
              -1.263570278642519
            ],
            [
              36.85643880296937,
              -1.263570278642519
            ],
            [
              36.85643880296937,
              -1.263390615585695
            ],
            [
              36.8573371182535,
              -1.263390615585695
            ],
            [
              36.8573371182535,
              -1.263210952528871
            ],
            [
              36.85787610742397,
              -1.263210952528871
            ],
            [
              36.85787610742397,
              -1.263390615585695
            ],
            [
              36.858235433537615,
              -1.263390615585695
            ],
            [
              36.858235433537615,
              -1.263210952528871
            ],
            [
              36.85841509659444,
              -1.263210952528871
            ],
            [
              36.85841509659444,
              -1.2630312894720472
            ],
            [
              36.85859475965126,
              -1.2630312894720472
            ],
            [
              36.85859475965126,
              -1.2628516264152232
            ],
            [
              36.85877442270809,
              -1.2628516264152232
            ],
            [
              36.85877442270809,
              -1.2626719633583994
            ],
            [
              36.85949307493538,
              -1.2626719633583994
            ],
            [
              36.85949307493538,
              -1.2628516264152232
            ],
            [
              36.859672737992206,
              -1.2628516264152232
            ],
            [
              36.859672737992206,
              -1.2630312894720472
            ],
            [
              36.85949307493538,
              -1.2630312894720472
            ],
            [
              36.85949307493538,
              -1.263390615585695
            ],
            [
              36.859672737992206,
              -1.263390615585695
            ],
            [
              36.859672737992206,
              -1.263570278642519
            ],
            [
              36.86021172716268,
              -1.263570278642519
            ],
            [
              36.86021172716268,
              -1.263390615585695
            ],
            [
              36.861110042446796,
              -1.263390615585695
            ],
            [
              36.861110042446796,
              -1.263210952528871
            ],
            [
              36.862008357730915,
              -1.263210952528871
            ],
            [
              36.862008357730915,
              -1.2630312894720472
            ],
            [
              36.86254734690139,
              -1.2630312894720472
            ],
            [
              36.86254734690139,
              -1.2628516264152232
            ],
            [
              36.86290667301503,
              -1.2628516264152232
            ],
            [
              36.86290667301503,
              -1.2626719633583994
            ],
            [
              36.863265999128686,
              -1.2626719633583994
            ],
            [
              36.863265999128686,
              -1.2624923003015756
            ],
            [
              36.86362532524233,
              -1.2624923003015756
            ],
            [
              36.86362532524233,
              -1.2619533111311039
            ],
            [
              36.863265999128686,
              -1.2619533111311039
            ],
            [
              36.863265999128686,
              -1.2617736480742798
            ],
            [
              36.86290667301503,
              -1.2617736480742798
            ],
            [
              36.86290667301503,
              -1.261593985017456
            ],
            [
              36.86308633607186,
              -1.261593985017456
            ],
            [
              36.86308633607186,
              -1.2610549958469843
            ],
            [
              36.863265999128686,
              -1.2610549958469843
            ],
            [
              36.863265999128686,
              -1.2608753327901603
            ],
            [
              36.863445662185505,
              -1.2608753327901603
            ],
            [
              36.863445662185505,
              -1.2606956697333365
            ],
            [
              36.86380498829916,
              -1.2606956697333365
            ],
            [
              36.86380498829916,
              -1.2605160066765126
            ],
            [
              36.86398465135598,
              -1.2605160066765126
            ],
            [
              36.86398465135598,
              -1.2587193761082736
            ],
            [
              36.86380498829916,
              -1.2587193761082736
            ],
            [
              36.86380498829916,
              -1.2583600499946257
            ],
            [
              36.86362532524233,
              -1.2583600499946257
            ],
            [
              36.86362532524233,
              -1.2581803869378019
            ],
            [
              36.863265999128686,
              -1.2581803869378019
            ],
            [
              36.863265999128686,
              -1.2580007238809778
            ],
            [
              36.86272700995821,
              -1.2580007238809778
            ],
            [
              36.86272700995821,
              -1.257821060824154
            ],
            [
              36.86218802078774,
              -1.257821060824154
            ],
            [
              36.86218802078774,
              -1.25764139776733
            ],
            [
              36.86146936856044,
              -1.25764139776733
            ],
            [
              36.86146936856044,
              -1.257821060824154
            ],
            [
              36.86128970550362,
              -1.257821060824154
            ],
            [
              36.86128970550362,
              -1.2580007238809778
            ],
            [
              36.861110042446796,
              -1.2580007238809778
            ]
          ]
        ]
      },
      "id": "+205173-7001",
      "properties": {
        "area_ha": 35.27244338286233,
        "area_m2": 352724.43382862327,
        "class": 0,
        "count": 884
      }
    },
    {
      "type": "Feature",
      "geometry": {
        "geodesic": false,
        "type": "Polygon",
        "coordinates": [
          [
            [
              36.87117117362894,
              -1.2739907359383054
            ],
            [
              36.87117117362894,
              -1.2741703989951292
            ],
            [
              36.87099151057211,
              -1.2741703989951292
            ],
            [
              36.87099151057211,
              -1.2743500620519532
            ],
            [
              36.870811847515284,
              -1.2743500620519532
            ],
            [
              36.870811847515284,
              -1.274889051222425
            ],
            [
              36.870632184458465,
              -1.274889051222425
            ],
            [
              36.870632184458465,
              -1.2752483773360728
            ],
            [
              36.87045252140164,
              -1.2752483773360728
            ],
            [
              36.87045252140164,
              -1.2754280403928966
            ],
            [
              36.87027285834482,
              -1.2754280403928966
            ],
            [
              36.87027285834482,
              -1.276685681790664
            ],
            [
              36.87045252140164,
              -1.276685681790664
            ],
            [
              36.87045252140164,
              -1.2768653448474878
            ],
            [
              36.869913532231166,
              -1.2768653448474878
            ],
            [
              36.869913532231166,
              -1.2770450079043116
            ],
            [
              36.86973386917435,
              -1.2770450079043116
            ],
            [
              36.86973386917435,
              -1.2774043340179595
            ],
            [
              36.869913532231166,
              -1.2774043340179595
            ],
            [
              36.869913532231166,
              -1.2777636601316074
            ],
            [
              36.86955420611752,
              -1.2777636601316074
            ],
            [
              36.86955420611752,
              -1.2779433231884312
            ],
            [
              36.869374543060694,
              -1.2779433231884312
            ],
            [
              36.869374543060694,
              -1.2781229862452552
            ],
            [
              36.869194880003874,
              -1.2781229862452552
            ],
            [
              36.869194880003874,
              -1.278302649302079
            ],
            [
              36.86901521694705,
              -1.278302649302079
            ],
            [
              36.86901521694705,
              -1.278482312358903
            ],
            [
              36.86883555389022,
              -1.278482312358903
            ],
            [
              36.86883555389022,
              -1.278661975415727
            ],
            [
              36.868296564719756,
              -1.278661975415727
            ],
            [
              36.868296564719756,
              -1.2788416384725507
            ],
            [
              36.86811690166293,
              -1.2788416384725507
            ],
            [
              36.86811690166293,
              -1.2790213015293748
            ],
            [
              36.8679372386061,
              -1.2790213015293748
            ],
            [
              36.8679372386061,
              -1.2792009645861986
            ],
            [
              36.867757575549284,
              -1.2792009645861986
            ],
            [
              36.867757575549284,
              -1.2795602906998464
            ],
            [
              36.86757791249246,
              -1.2795602906998464
            ],
            [
              36.86757791249246,
              -1.2799196168134943
            ],
            [
              36.867757575549284,
              -1.2799196168134943
            ],
            [
              36.867757575549284,
              -1.2800992798703181
            ],
            [
              36.8679372386061,
              -1.2800992798703181
            ],
            [
              36.8679372386061,
              -1.280278942927142
            ],
            [
              36.86811690166293,
              -1.280278942927142
            ],
            [
              36.86811690166293,
              -1.2806382690407898
            ],
            [
              36.8686558908334,
              -1.2806382690407898
            ],
            [
              36.8686558908334,
              -1.280458605983966
            ],
            [
              36.86901521694705,
              -1.280458605983966
            ],
            [
              36.86901521694705,
              -1.280278942927142
            ],
            [
              36.86955420611752,
              -1.280278942927142
            ],
            [
              36.86955420611752,
              -1.2800992798703181
            ],
            [
              36.87009319528799,
              -1.2800992798703181
            ],
            [
              36.87009319528799,
              -1.2797399537566703
            ],
            [
              36.87027285834482,
              -1.2797399537566703
            ],
            [
              36.87027285834482,
              -1.2795602906998464
            ],
            [
              36.87009319528799,
              -1.2795602906998464
            ],
            [
              36.87009319528799,
              -1.2790213015293748
            ],
            [
              36.87027285834482,
              -1.2790213015293748
            ],
            [
              36.87027285834482,
              -1.2788416384725507
            ],
            [
              36.87045252140164,
              -1.2788416384725507
            ],
            [
              36.87045252140164,
              -1.278482312358903
            ],
            [
              36.870632184458465,
              -1.278482312358903
            ],
            [
              36.870632184458465,
              -1.278302649302079
            ],
            [
              36.87099151057211,
              -1.278302649302079
            ],
            [
              36.87099151057211,
              -1.2781229862452552
            ],
            [
              36.87135083668576,
              -1.2781229862452552
            ],
            [
              36.87135083668576,
              -1.2779433231884312
            ],
            [
              36.87153049974258,
              -1.2779433231884312
            ],
            [
              36.87153049974258,
              -1.2768653448474878
            ],
            [
              36.87171016279941,
              -1.2768653448474878
            ],
            [
              36.87171016279941,
              -1.2763263556770161
            ],
            [
              36.87188982585623,
              -1.2763263556770161
            ],
            [
              36.87188982585623,
              -1.2752483773360728
            ],
            [
              36.872069488913056,
              -1.2752483773360728
            ],
            [
              36.872069488913056,
              -1.2750687142792487
            ],
            [
              36.87188982585623,
              -1.2750687142792487
            ],
            [
              36.87188982585623,
              -1.274529725108777
            ],
            [
              36.87171016279941,
              -1.274529725108777
            ],
            [
              36.87171016279941,
              -1.2739907359383054
            ],
            [
              36.87117117362894,
              -1.2739907359383054
            ]
          ]
        ]
      },
      "id": "+205226-7092",
      "properties": {
        "area_ha": 13.286932837000666,
        "area_m2": 132869.32837000667,
        "class": 0,
        "count": 333
      }
    },
    {
      "type": "Feature",
      "geometry": {
        "geodesic": false,
        "type": "Polygon",
        "coordinates": [
          [
            [
              36.868476227776576,
              -1.2581803869378019
            ],
            [
              36.86883555389022,
              -1.2581803869378019
            ],
            [
              36.86883555389022,
              -1.2587193761082736
            ],
            [
              36.8686558908334,
              -1.2587193761082736
            ],
            [
              36.8686558908334,
              -1.2590787022219214
            ],
            [
              36.868476227776576,
              -1.2590787022219214
            ],
            [
              36.868476227776576,
              -1.2592583652787452
            ],
            [
              36.8686558908334,
              -1.2592583652787452
            ],
            [
              36.8686558908334,
              -1.259438028335569
            ],
            [
              36.869374543060694,
              -1.259438028335569
            ],
            [
              36.869374543060694,
              -1.2592583652787452
            ],
            [
              36.869913532231166,
              -1.2592583652787452
            ],
            [
              36.869913532231166,
              -1.259438028335569
            ],
            [
              36.87009319528799,
              -1.259438028335569
            ],
            [
              36.87009319528799,
              -1.2592583652787452
            ],
            [
              36.87027285834482,
              -1.2592583652787452
            ],
            [
              36.87027285834482,
              -1.2590787022219214
            ],
            [
              36.870632184458465,
              -1.2590787022219214
            ],
            [
              36.870632184458465,
              -1.2588990391650974
            ],
            [
              36.870811847515284,
              -1.2588990391650974
            ],
            [
              36.870811847515284,
              -1.2587193761082736
            ],
            [
              36.87099151057211,
              -1.2587193761082736
            ],
            [
              36.87099151057211,
              -1.2588990391650974
            ],
            [
              36.87117117362894,
              -1.2588990391650974
            ],
            [
              36.87117117362894,
              -1.2587193761082736
            ],
            [
              36.87188982585623,
              -1.2587193761082736
            ],
            [
              36.87188982585623,
              -1.2585397130514495
            ],
            [
              36.872069488913056,
              -1.2585397130514495
            ],
            [
              36.872069488913056,
              -1.2583600499946257
            ],
            [
              36.87224915196988,
              -1.2583600499946257
            ],
            [
              36.87224915196988,
              -1.2580007238809778
            ],
            [
              36.8724288150267,
              -1.2580007238809778
            ],
            [
              36.8724288150267,
              -1.257821060824154
            ],
            [
              36.87260847808353,
              -1.257821060824154
            ],
            [
              36.87260847808353,
              -1.2580007238809778
            ],
            [
              36.872967804197174,
              -1.2580007238809778
            ],
            [
              36.872967804197174,
              -1.257821060824154
            ],
            [
              36.87368645642447,
              -1.257821060824154
            ],
            [
              36.87368645642447,
              -1.25764139776733
            ],
            [
              36.87404578253812,
              -1.25764139776733
            ],
            [
              36.87404578253812,
              -1.2574617347105062
            ],
            [
              36.87494409782224,
              -1.2574617347105062
            ],
            [
              36.87494409782224,
              -1.25764139776733
            ],
            [
              36.87476443476541,
              -1.25764139776733
            ],
            [
              36.87476443476541,
              -1.2581803869378019
            ],
            [
              36.87494409782224,
              -1.2581803869378019
            ],
            [
              36.87494409782224,
              -1.2583600499946257
            ],
            [
              36.87476443476541,
              -1.2583600499946257
            ],
            [
              36.87476443476541,
              -1.2585397130514495
            ],
            [
              36.87512376087906,
              -1.2585397130514495
            ],
            [
              36.87512376087906,
              -1.2583600499946257
            ],
            [
              36.87530342393588,
              -1.2583600499946257
            ],
            [
              36.87530342393588,
              -1.2581803869378019
            ],
            [
              36.875842413106355,
              -1.2581803869378019
            ],
            [
              36.875842413106355,
              -1.2580007238809778
            ],
            [
              36.87602207616318,
              -1.2580007238809778
            ],
            [
              36.87602207616318,
              -1.257821060824154
            ],
            [
              36.876561065333654,
              -1.257821060824154
            ],
            [
              36.876561065333654,
              -1.25764139776733
            ],
            [
              36.8769203914473,
              -1.25764139776733
            ],
            [
              36.8769203914473,
              -1.257821060824154
            ],
            [
              36.877100054504126,
              -1.257821060824154
            ],
            [
              36.877100054504126,
              -1.2581803869378019
            ],
            [
              36.877279717560945,
              -1.2581803869378019
            ],
            [
              36.877279717560945,
              -1.2583600499946257
            ],
            [
              36.87745938061777,
              -1.2583600499946257
            ],
            [
              36.87745938061777,
              -1.2587193761082736
            ],
            [
              36.877998369788244,
              -1.2587193761082736
            ],
            [
              36.877998369788244,
              -1.2585397130514495
            ],
            [
              36.87817803284507,
              -1.2585397130514495
            ],
            [
              36.87817803284507,
              -1.2587193761082736
            ],
            [
              36.87835769590189,
              -1.2587193761082736
            ],
            [
              36.87835769590189,
              -1.2585397130514495
            ],
            [
              36.87817803284507,
              -1.2585397130514495
            ],
            [
              36.87817803284507,
              -1.2583600499946257
            ],
            [
              36.87781870673142,
              -1.2583600499946257
            ],
            [
              36.87781870673142,
              -1.25764139776733
            ],
            [
              36.8776390436746,
              -1.25764139776733
            ],
            [
              36.8776390436746,
              -1.2574617347105062
            ],
            [
              36.87745938061777,
              -1.2574617347105062
            ],
            [
              36.87745938061777,
              -1.2572820716536823
            ],
            [
              36.877279717560945,
              -1.2572820716536823
            ],
            [
              36.877279717560945,
              -1.2571024085968583
            ],
            [
              36.8769203914473,
              -1.2571024085968583
            ],
            [
              36.8769203914473,
              -1.2569227455400345
            ],
            [
              36.87674072839047,
              -1.2569227455400345
            ],
            [
              36.87674072839047,
              -1.2571024085968583
            ],
            [
              36.876561065333654,
              -1.2571024085968583
            ],
            [
              36.876561065333654,
              -1.2562040933127387
            ],
            [
              36.87638140227683,
              -1.2562040933127387
            ],
            [
              36.87638140227683,
              -1.255665104142267
            ],
            [
              36.876561065333654,
              -1.255665104142267
            ],
            [
              36.876561065333654,
              -1.2554854410854432
            ],
            [
              36.87638140227683,
              -1.2554854410854432
            ],
            [
              36.87638140227683,
              -1.255665104142267
            ],
            [
              36.87620173922001,
              -1.255665104142267
            ],
            [
              36.87620173922001,
              -1.2551261149717954
            ],
            [
              36.87674072839047,
              -1.2551261149717954
            ],
            [
              36.87674072839047,
              -1.2549464519149716
            ],
            [
              36.8769203914473,
              -1.2549464519149716
            ],
            [
              36.8769203914473,
              -1.2547667888581475
            ],
            [
              36.87674072839047,
              -1.2547667888581475
            ],
            [
              36.87674072839047,
              -1.2545871258013237
            ],
            [
              36.876561065333654,
              -1.2545871258013237
            ],
            [
              36.876561065333654,
              -1.2542277996876758
            ],
            [
              36.87638140227683,
              -1.2542277996876758
            ],
            [
              36.87638140227683,
              -1.253868473574028
            ],
            [
              36.87620173922001,
              -1.253868473574028
            ],
            [
              36.87620173922001,
              -1.2536888105172042
            ],
            [
              36.87602207616318,
              -1.2536888105172042
            ],
            [
              36.87602207616318,
              -1.2533294844035563
            ],
            [
              36.875842413106355,
              -1.2533294844035563
            ],
            [
              36.875842413106355,
              -1.2531498213467325
            ],
            [
              36.87530342393588,
              -1.2531498213467325
            ],
            [
              36.87530342393588,
              -1.2533294844035563
            ],
            [
              36.87512376087906,
              -1.2533294844035563
            ],
            [
              36.87512376087906,
              -1.2535091474603803
            ],
            [
              36.87494409782224,
              -1.2535091474603803
            ],
            [
              36.87494409782224,
              -1.2536888105172042
            ],
            [
              36.87476443476541,
              -1.2536888105172042
            ],
            [
              36.87476443476541,
              -1.253868473574028
            ],
            [
              36.87494409782224,
              -1.253868473574028
            ],
            [
              36.87494409782224,
              -1.2544074627444999
            ],
            [
              36.87512376087906,
              -1.2544074627444999
            ],
            [
              36.87512376087906,
              -1.2549464519149716
            ],
            [
              36.87494409782224,
              -1.2549464519149716
            ],
            [
              36.87494409782224,
              -1.2562040933127387
            ],
            [
              36.87476443476541,
              -1.2562040933127387
            ],
            [
              36.87476443476541,
              -1.2563837563695628
            ],
            [
              36.87458477170859,
              -1.2563837563695628
            ],
            [
              36.87458477170859,
              -1.2565634194263866
            ],
            [
              36.874225445594945,
              -1.2565634194263866
            ],
            [
              36.874225445594945,
              -1.2563837563695628
            ],
            [
              36.87386611948129,
              -1.2563837563695628
            ],
            [
              36.87386611948129,
              -1.256024430255915
            ],
            [
              36.87368645642447,
              -1.256024430255915
            ],
            [
              36.87368645642447,
              -1.255844767199091
            ],
            [
              36.87404578253812,
              -1.255844767199091
            ],
            [
              36.87404578253812,
              -1.2553057780286194
            ],
            [
              36.87386611948129,
              -1.2553057780286194
            ],
            [
              36.87386611948129,
              -1.2551261149717954
            ],
            [
              36.87368645642447,
              -1.2551261149717954
            ],
            [
              36.87368645642447,
              -1.2547667888581475
            ],
            [
              36.87278814114035,
              -1.2547667888581475
            ],
            [
              36.87278814114035,
              -1.2545871258013237
            ],
            [
              36.8724288150267,
              -1.2545871258013237
            ],
            [
              36.8724288150267,
              -1.2549464519149716
            ],
            [
              36.87260847808353,
              -1.2549464519149716
            ],
            [
              36.87260847808353,
              -1.2547667888581475
            ],
            [
              36.87278814114035,
              -1.2547667888581475
            ],
            [
              36.87278814114035,
              -1.2554854410854432
            ],
            [
              36.873147467254,
              -1.2554854410854432
            ],
            [
              36.873147467254,
              -1.255665104142267
            ],
            [
              36.87332713031082,
              -1.255665104142267
            ],
            [
              36.87332713031082,
              -1.255844767199091
            ],
            [
              36.873147467254,
              -1.255844767199091
            ],
            [
              36.873147467254,
              -1.2569227455400345
            ],
            [
              36.87260847808353,
              -1.2569227455400345
            ],
            [
              36.87260847808353,
              -1.2567430824832106
            ],
            [
              36.8724288150267,
              -1.2567430824832106
            ],
            [
              36.8724288150267,
              -1.2565634194263866
            ],
            [
              36.87171016279941,
              -1.2565634194263866
            ],
            [
              36.87171016279941,
              -1.2562040933127387
            ],
            [
              36.87153049974258,
              -1.2562040933127387
            ],
            [
              36.87153049974258,
              -1.256024430255915
            ],
            [
              36.87135083668576,
              -1.256024430255915
            ],
            [
              36.87135083668576,
              -1.255844767199091
            ],
            [
              36.87117117362894,
              -1.255844767199091
            ],
            [
              36.87117117362894,
              -1.255665104142267
            ],
            [
              36.87099151057211,
              -1.255665104142267
            ],
            [
              36.87099151057211,
              -1.2551261149717954
            ],
            [
              36.870811847515284,
              -1.2551261149717954
            ],
            [
              36.870811847515284,
              -1.2549464519149716
            ],
            [
              36.870632184458465,
              -1.2549464519149716
            ],
            [
              36.870632184458465,
              -1.2551261149717954
            ],
            [
              36.87045252140164,
              -1.2551261149717954
            ],
            [
              36.87045252140164,
              -1.2549464519149716
            ],
            [
              36.87027285834482,
              -1.2549464519149716
            ],
            [
              36.87027285834482,
              -1.2551261149717954
            ],
            [
              36.87009319528799,
              -1.2551261149717954
            ],
            [
              36.87009319528799,
              -1.2553057780286194
            ],
            [
              36.869913532231166,
              -1.2553057780286194
            ],
            [
              36.869913532231166,
              -1.255665104142267
            ],
            [
              36.86973386917435,
              -1.255665104142267
            ],
            [
              36.86973386917435,
              -1.255844767199091
            ],
            [
              36.869374543060694,
              -1.255844767199091
            ],
            [
              36.869374543060694,
              -1.2562040933127387
            ],
            [
              36.869194880003874,
              -1.2562040933127387
            ],
            [
              36.869194880003874,
              -1.2563837563695628
            ],
            [
              36.86901521694705,
              -1.2563837563695628
            ],
            [
              36.86901521694705,
              -1.2565634194263866
            ],
            [
              36.8686558908334,
              -1.2565634194263866
            ],
            [
              36.8686558908334,
              -1.2569227455400345
            ],
            [
              36.868476227776576,
              -1.2569227455400345
            ],
            [
              36.868476227776576,
              -1.2571024085968583
            ],
            [
              36.868296564719756,
              -1.2571024085968583
            ],
            [
              36.868296564719756,
              -1.2572820716536823
            ],
            [
              36.86811690166293,
              -1.2572820716536823
            ],
            [
              36.86811690166293,
              -1.25764139776733
            ],
            [
              36.868296564719756,
              -1.25764139776733
            ],
            [
              36.868296564719756,
              -1.2580007238809778
            ],
            [
              36.868476227776576,
              -1.2580007238809778
            ],
            [
              36.868476227776576,
              -1.2581803869378019
            ]
          ],
          [
            [
              36.87188982585623,
              -1.25764139776733
            ],
            [
              36.87171016279941,
              -1.25764139776733
            ],
            [
              36.87171016279941,
              -1.257821060824154
            ],
            [
              36.87188982585623,
              -1.257821060824154
            ],
            [
              36.87188982585623,
              -1.25764139776733
            ]
          ],
          [
            [
              36.87386611948129,
              -1.2563837563695628
            ],
            [
              36.87332713031082,
              -1.2563837563695628
            ],
            [
              36.87332713031082,
              -1.2567430824832106
            ],
            [
              36.873506793367646,
              -1.2567430824832106
            ],
            [
              36.873506793367646,
              -1.2565634194263866
            ],
            [
              36.87386611948129,
              -1.2565634194263866
            ],
            [
              36.87386611948129,
              -1.2563837563695628
            ]
          ],
          [
            [
              36.87602207616318,
              -1.2562040933127387
            ],
            [
              36.875842413106355,
              -1.2562040933127387
            ],
            [
              36.875842413106355,
              -1.2563837563695628
            ],
            [
              36.87602207616318,
              -1.2563837563695628
            ],
            [
              36.87602207616318,
              -1.2562040933127387
            ]
          ],
          [
            [
              36.873147467254,
              -1.2551261149717954
            ],
            [
              36.872967804197174,
              -1.2551261149717954
            ],
            [
              36.872967804197174,
              -1.2553057780286194
            ],
            [
              36.873147467254,
              -1.2553057780286194
            ],
            [
              36.873147467254,
              -1.2551261149717954
            ]
          ]
        ]
      },
      "id": "+205249-6976",
      "properties": {
        "area_ha": 30.80358765059156,
        "area_m2": 308035.8765059156,
        "class": 0,
        "count": 772
      }
    },
    {
      "type": "Feature",
      "geometry": {
        "geodesic": false,
        "type": "Polygon",
        "coordinates": [
          [
            [
              36.89129343599321,
              -1.2495565602102543
            ],
            [
              36.89129343599321,
              -1.2497362232670783
            ],
            [
              36.891113772936386,
              -1.2497362232670783
            ],
            [
              36.891113772936386,
              -1.2495565602102543
            ],
            [
              36.89093410987957,
              -1.2495565602102543
            ],
            [
              36.89093410987957,
              -1.2497362232670783
            ],
            [
              36.89057478376591,
              -1.2497362232670783
            ],
            [
              36.89057478376591,
              -1.2495565602102543
            ],
            [
              36.88985613153862,
              -1.2495565602102543
            ],
            [
              36.88985613153862,
              -1.2497362232670783
            ],
            [
              36.889676468481795,
              -1.2497362232670783
            ],
            [
              36.889676468481795,
              -1.2499158863239022
            ],
            [
              36.889496805424976,
              -1.2499158863239022
            ],
            [
              36.889496805424976,
              -1.2500955493807262
            ],
            [
              36.88931714236815,
              -1.2500955493807262
            ],
            [
              36.88931714236815,
              -1.25027521243755
            ],
            [
              36.888239164027205,
              -1.25027521243755
            ],
            [
              36.888239164027205,
              -1.2504548754943738
            ],
            [
              36.88770017485673,
              -1.2504548754943738
            ],
            [
              36.88770017485673,
              -1.25027521243755
            ],
            [
              36.88752051179991,
              -1.25027521243755
            ],
            [
              36.88752051179991,
              -1.2500955493807262
            ],
            [
              36.88716118568626,
              -1.2500955493807262
            ],
            [
              36.88716118568626,
              -1.2504548754943738
            ],
            [
              36.88698152262944,
              -1.2504548754943738
            ],
            [
              36.88698152262944,
              -1.2511735277216696
            ],
            [
              36.886801859572614,
              -1.2511735277216696
            ],
            [
              36.886801859572614,
              -1.2513531907784934
            ],
            [
              36.88662219651579,
              -1.2513531907784934
            ],
            [
              36.88662219651579,
              -1.2517125168921412
            ],
            [
              36.88787983791356,
              -1.2517125168921412
            ],
            [
              36.88787983791356,
              -1.251892179948965
            ],
            [
              36.888239164027205,
              -1.251892179948965
            ],
            [
              36.888239164027205,
              -1.252251506062613
            ],
            [
              36.888059500970385,
              -1.252251506062613
            ],
            [
              36.888059500970385,
              -1.2524311691194367
            ],
            [
              36.88787983791356,
              -1.2524311691194367
            ],
            [
              36.88787983791356,
              -1.2527904952330846
            ],
            [
              36.88770017485673,
              -1.2527904952330846
            ],
            [
              36.88770017485673,
              -1.2531498213467325
            ],
            [
              36.88752051179991,
              -1.2531498213467325
            ],
            [
              36.88752051179991,
              -1.2535091474603803
            ],
            [
              36.88734084874309,
              -1.2535091474603803
            ],
            [
              36.88734084874309,
              -1.2542277996876758
            ],
            [
              36.88716118568626,
              -1.2542277996876758
            ],
            [
              36.88716118568626,
              -1.2545871258013237
            ],
            [
              36.88698152262944,
              -1.2545871258013237
            ],
            [
              36.88698152262944,
              -1.2547667888581475
            ],
            [
              36.886801859572614,
              -1.2547667888581475
            ],
            [
              36.886801859572614,
              -1.2549464519149716
            ],
            [
              36.88644253345897,
              -1.2549464519149716
            ],
            [
              36.88644253345897,
              -1.2551261149717954
            ],
            [
              36.88626287040214,
              -1.2551261149717954
            ],
            [
              36.88626287040214,
              -1.2553057780286194
            ],
            [
              36.88608320734532,
              -1.2553057780286194
            ],
            [
              36.88608320734532,
              -1.2554854410854432
            ],
            [
              36.885903544288496,
              -1.2554854410854432
            ],
            [
              36.885903544288496,
              -1.2562040933127387
            ],
            [
              36.88608320734532,
              -1.2562040933127387
            ],
            [
              36.88608320734532,
              -1.2567430824832106
            ],
            [
              36.88644253345897,
              -1.2567430824832106
            ],
            [
              36.88644253345897,
              -1.2562040933127387
            ],
            [
              36.88662219651579,
              -1.2562040933127387
            ],
            [
              36.88662219651579,
              -1.255844767199091
            ],
            [
              36.886801859572614,
              -1.255844767199091
            ],
            [
              36.886801859572614,
              -1.255665104142267
            ],
            [
              36.88716118568626,
              -1.255665104142267
            ],
            [
              36.88716118568626,
              -1.2554854410854432
            ],
            [
              36.88752051179991,
              -1.2554854410854432
            ],
            [
              36.88752051179991,
              -1.2553057780286194
            ],
            [
              36.88770017485673,
              -1.2553057780286194
            ],
            [
              36.88770017485673,
              -1.2551261149717954
            ],
            [
              36.88787983791356,
              -1.2551261149717954
            ],
            [
              36.88787983791356,
              -1.254048136630852
            ],
            [
              36.888239164027205,
              -1.254048136630852
            ],
            [
              36.888239164027205,
              -1.253868473574028
            ],
            [
              36.889496805424976,
              -1.253868473574028
            ],
            [
              36.889496805424976,
              -1.2536888105172042
            ],
            [
              36.889676468481795,
              -1.2536888105172042
            ],
            [
              36.889676468481795,
              -1.2535091474603803
            ],
            [
              36.88985613153862,
              -1.2535091474603803
            ],
            [
              36.88985613153862,
              -1.2531498213467325
            ],
            [
              36.89003579459545,
              -1.2531498213467325
            ],
            [
              36.89003579459545,
              -1.2529701582899087
            ],
            [
              36.89021545765227,
              -1.2529701582899087
            ],
            [
              36.89021545765227,
              -1.2527904952330846
            ],
            [
              36.890395120709094,
              -1.2527904952330846
            ],
            [
              36.890395120709094,
              -1.2524311691194367
            ],
            [
              36.89057478376591,
              -1.2524311691194367
            ],
            [
              36.89057478376591,
              -1.252251506062613
            ],
            [
              36.89075444682274,
              -1.252251506062613
            ],
            [
              36.89075444682274,
              -1.251892179948965
            ],
            [
              36.89093410987957,
              -1.251892179948965
            ],
            [
              36.89093410987957,
              -1.2517125168921412
            ],
            [
              36.891832425163685,
              -1.2517125168921412
            ],
            [
              36.891832425163685,
              -1.251892179948965
            ],
            [
              36.89237141433416,
              -1.251892179948965
            ],
            [
              36.89237141433416,
              -1.2517125168921412
            ],
            [
              36.89255107739098,
              -1.2517125168921412
            ],
            [
              36.89255107739098,
              -1.2515328538353174
            ],
            [
              36.89237141433416,
              -1.2515328538353174
            ],
            [
              36.89237141433416,
              -1.2511735277216696
            ],
            [
              36.89219175127733,
              -1.2511735277216696
            ],
            [
              36.89219175127733,
              -1.2509938646648455
            ],
            [
              36.89129343599321,
              -1.2509938646648455
            ],
            [
              36.89129343599321,
              -1.2508142016080217
            ],
            [
              36.89147309905004,
              -1.2508142016080217
            ],
            [
              36.89147309905004,
              -1.2506345385511979
            ],
            [
              36.891832425163685,
              -1.2506345385511979
            ],
            [
              36.891832425163685,
              -1.2504548754943738
            ],
            [
              36.89201208822051,
              -1.2504548754943738
            ],
            [
              36.89201208822051,
              -1.25027521243755
            ],
            [
              36.891832425163685,
              -1.25027521243755
            ],
            [
              36.891832425163685,
              -1.2499158863239022
            ],
            [
              36.89165276210686,
              -1.2499158863239022
            ],
            [
              36.89165276210686,
              -1.2497362232670783
            ],
            [
              36.89147309905004,
              -1.2497362232670783
            ],
            [
              36.89147309905004,
              -1.2495565602102543
            ],
            [
              36.89129343599321,
              -1.2495565602102543
            ]
          ],
          [
            [
              36.88931714236815,
              -1.251892179948965
            ],
            [
              36.88877815319768,
              -1.251892179948965
            ],
            [
              36.88877815319768,
              -1.252071843005789
            ],
            [
              36.8889578162545,
              -1.252071843005789
            ],
            [
              36.8889578162545,
              -1.252251506062613
            ],
            [
              36.88913747931132,
              -1.252251506062613
            ],
            [
              36.88913747931132,
              -1.252071843005789
            ],
            [
              36.88931714236815,
              -1.252071843005789
            ],
            [
              36.88931714236815,
              -1.251892179948965
            ]
          ],
          [
            [
              36.89129343599321,
              -1.2511735277216696
            ],
            [
              36.891113772936386,
              -1.2511735277216696
            ],
            [
              36.891113772936386,
              -1.2513531907784934
            ],
            [
              36.89129343599321,
              -1.2513531907784934
            ],
            [
              36.89129343599321,
              -1.2511735277216696
            ]
          ],
          [
            [
              36.89093410987957,
              -1.2508142016080217
            ],
            [
              36.89075444682274,
              -1.2508142016080217
            ],
            [
              36.89075444682274,
              -1.2513531907784934
            ],
            [
              36.89093410987957,
              -1.2513531907784934
            ],
            [
              36.89093410987957,
              -1.2508142016080217
            ]
          ]
        ]
      },
      "id": "+205336-6956",
      "properties": {
        "area_ha": 20.269754730670467,
        "area_m2": 202697.54730670466,
        "class": 0,
        "count": 508
      }
    },
    {
      "type": "Feature",
      "geometry": {
        "geodesic": false,
        "type": "Polygon",
        "coordinates": [
          [
            [
              36.88752051179991,
              -1.2580007238809778
            ],
            [
              36.88752051179991,
              -1.2581803869378019
            ],
            [
              36.88716118568626,
              -1.2581803869378019
            ],
            [
              36.88716118568626,
              -1.2583600499946257
            ],
            [
              36.88698152262944,
              -1.2583600499946257
            ],
            [
              36.88698152262944,
              -1.2585397130514495
            ],
            [
              36.886801859572614,
              -1.2585397130514495
            ],
            [
              36.886801859572614,
              -1.2587193761082736
            ],
            [
              36.88662219651579,
              -1.2587193761082736
            ],
            [
              36.88662219651579,
              -1.2588990391650974
            ],
            [
              36.88644253345897,
              -1.2588990391650974
            ],
            [
              36.88644253345897,
              -1.2606956697333365
            ],
            [
              36.88608320734532,
              -1.2606956697333365
            ],
            [
              36.88608320734532,
              -1.2619533111311039
            ],
            [
              36.885903544288496,
              -1.2619533111311039
            ],
            [
              36.885903544288496,
              -1.2621329741879277
            ],
            [
              36.88608320734532,
              -1.2621329741879277
            ],
            [
              36.88608320734532,
              -1.2623126372447515
            ],
            [
              36.885903544288496,
              -1.2623126372447515
            ],
            [
              36.885903544288496,
              -1.2624923003015756
            ],
            [
              36.88572388123167,
              -1.2624923003015756
            ],
            [
              36.88572388123167,
              -1.2626719633583994
            ],
            [
              36.885364555118024,
              -1.2626719633583994
            ],
            [
              36.885364555118024,
              -1.2628516264152232
            ],
            [
              36.8851848920612,
              -1.2628516264152232
            ],
            [
              36.8851848920612,
              -1.2630312894720472
            ],
            [
              36.88500522900438,
              -1.2630312894720472
            ],
            [
              36.88500522900438,
              -1.263210952528871
            ],
            [
              36.88482556594755,
              -1.263210952528871
            ],
            [
              36.88482556594755,
              -1.2637499416993427
            ],
            [
              36.884645902890725,
              -1.2637499416993427
            ],
            [
              36.884645902890725,
              -1.2639296047561668
            ],
            [
              36.88482556594755,
              -1.2639296047561668
            ],
            [
              36.88482556594755,
              -1.2637499416993427
            ],
            [
              36.88608320734532,
              -1.2637499416993427
            ],
            [
              36.88608320734532,
              -1.2639296047561668
            ],
            [
              36.88626287040214,
              -1.2639296047561668
            ],
            [
              36.88626287040214,
              -1.2642889308698146
            ],
            [
              36.88608320734532,
              -1.2642889308698146
            ],
            [
              36.88608320734532,
              -1.2646482569834623
            ],
            [
              36.886801859572614,
              -1.2646482569834623
            ],
            [
              36.886801859572614,
              -1.2650075830971101
            ],
            [
              36.88716118568626,
              -1.2650075830971101
            ],
            [
              36.88716118568626,
              -1.265187246153934
            ],
            [
              36.88734084874309,
              -1.265187246153934
            ],
            [
              36.88734084874309,
              -1.265366909210758
            ],
            [
              36.88752051179991,
              -1.265366909210758
            ],
            [
              36.88752051179991,
              -1.2655465722675818
            ],
            [
              36.88734084874309,
              -1.2655465722675818
            ],
            [
              36.88734084874309,
              -1.2657262353244059
            ],
            [
              36.88716118568626,
              -1.2657262353244059
            ],
            [
              36.88716118568626,
              -1.2659058983812297
            ],
            [
              36.88698152262944,
              -1.2659058983812297
            ],
            [
              36.88698152262944,
              -1.2655465722675818
            ],
            [
              36.88608320734532,
              -1.2655465722675818
            ],
            [
              36.88608320734532,
              -1.265366909210758
            ],
            [
              36.88626287040214,
              -1.265366909210758
            ],
            [
              36.88626287040214,
              -1.2648279200402863
            ],
            [
              36.88500522900438,
              -1.2648279200402863
            ],
            [
              36.88500522900438,
              -1.2646482569834623
            ],
            [
              36.88482556594755,
              -1.2646482569834623
            ],
            [
              36.88482556594755,
              -1.2641092678129906
            ],
            [
              36.88392725066343,
              -1.2641092678129906
            ],
            [
              36.88392725066343,
              -1.2644685939266385
            ],
            [
              36.88374758760661,
              -1.2644685939266385
            ],
            [
              36.88374758760661,
              -1.2646482569834623
            ],
            [
              36.88392725066343,
              -1.2646482569834623
            ],
            [
              36.88392725066343,
              -1.265366909210758
            ],
            [
              36.88410691372026,
              -1.265366909210758
            ],
            [
              36.88410691372026,
              -1.2655465722675818
            ],
            [
              36.88428657677708,
              -1.2655465722675818
            ],
            [
              36.88428657677708,
              -1.2657262353244059
            ],
            [
              36.88554421817485,
              -1.2657262353244059
            ],
            [
              36.88554421817485,
              -1.2659058983812297
            ],
            [
              36.885364555118024,
              -1.2659058983812297
            ],
            [
              36.885364555118024,
              -1.2660855614380535
            ],
            [
              36.88572388123167,
              -1.2660855614380535
            ],
            [
              36.88572388123167,
              -1.2662652244948776
            ],
            [
              36.88554421817485,
              -1.2662652244948776
            ],
            [
              36.88554421817485,
              -1.2666245506085252
            ],
            [
              36.88572388123167,
              -1.2666245506085252
            ],
            [
              36.88572388123167,
              -1.2668042136653492
            ],
            [
              36.885903544288496,
              -1.2668042136653492
            ],
            [
              36.885903544288496,
              -1.266983876722173
            ],
            [
              36.88608320734532,
              -1.266983876722173
            ],
            [
              36.88608320734532,
              -1.267343202835821
            ],
            [
              36.88644253345897,
              -1.267343202835821
            ],
            [
              36.88644253345897,
              -1.267163539778997
            ],
            [
              36.88662219651579,
              -1.267163539778997
            ],
            [
              36.88662219651579,
              -1.2668042136653492
            ],
            [
              36.886801859572614,
              -1.2668042136653492
            ],
            [
              36.886801859572614,
              -1.2664448875517014
            ],
            [
              36.88698152262944,
              -1.2664448875517014
            ],
            [
              36.88698152262944,
              -1.2662652244948776
            ],
            [
              36.88716118568626,
              -1.2662652244948776
            ],
            [
              36.88716118568626,
              -1.2664448875517014
            ],
            [
              36.88752051179991,
              -1.2664448875517014
            ],
            [
              36.88752051179991,
              -1.2662652244948776
            ],
            [
              36.88787983791356,
              -1.2662652244948776
            ],
            [
              36.88787983791356,
              -1.2660855614380535
            ],
            [
              36.888239164027205,
              -1.2660855614380535
            ],
            [
              36.888239164027205,
              -1.2659058983812297
            ],
            [
              36.88841882708403,
              -1.2659058983812297
            ],
            [
              36.88841882708403,
              -1.2655465722675818
            ],
            [
              36.888239164027205,
              -1.2655465722675818
            ],
            [
              36.888239164027205,
              -1.265366909210758
            ],
            [
              36.888059500970385,
              -1.265366909210758
            ],
            [
              36.888059500970385,
              -1.265187246153934
            ],
            [
              36.88787983791356,
              -1.265187246153934
            ],
            [
              36.88787983791356,
              -1.2650075830971101
            ],
            [
              36.88770017485673,
              -1.2650075830971101
            ],
            [
              36.88770017485673,
              -1.2644685939266385
            ],
            [
              36.88752051179991,
              -1.2644685939266385
            ],
            [
              36.88752051179991,
              -1.2642889308698146
            ],
            [
              36.88734084874309,
              -1.2642889308698146
            ],
            [
              36.88734084874309,
              -1.263570278642519
            ],
            [
              36.88716118568626,
              -1.263570278642519
            ],
            [
              36.88716118568626,
              -1.263390615585695
            ],
            [
              36.88734084874309,
              -1.263390615585695
            ],
            [
              36.88734084874309,
              -1.263210952528871
            ],
            [
              36.886801859572614,
              -1.263210952528871
            ],
            [
              36.886801859572614,
              -1.263570278642519
            ],
            [
              36.88662219651579,
              -1.263570278642519
            ],
            [
              36.88662219651579,
              -1.263210952528871
            ],
            [
              36.88644253345897,
              -1.263210952528871
            ],
            [
              36.88644253345897,
              -1.2630312894720472
            ],
            [
              36.88662219651579,
              -1.2630312894720472
            ],
            [
              36.88662219651579,
              -1.2628516264152232
            ],
            [
              36.886801859572614,
              -1.2628516264152232
            ],
            [
              36.886801859572614,
              -1.2626719633583994
            ],
            [
              36.88698152262944,
              -1.2626719633583994
            ],
            [
              36.88698152262944,
              -1.2624923003015756
            ],
            [
              36.88716118568626,
              -1.2624923003015756
            ],
            [
              36.88716118568626,
              -1.2626719633583994
            ],
            [
              36.88787983791356,
              -1.2626719633583994
            ],
            [
              36.88787983791356,
              -1.2624923003015756
            ],
            [
              36.88770017485673,
              -1.2624923003015756
            ],
            [
              36.88770017485673,
              -1.2621329741879277
            ],
            [
              36.88716118568626,
              -1.2621329741879277
            ],
            [
              36.88716118568626,
              -1.2617736480742798
            ],
            [
              36.88698152262944,
              -1.2617736480742798
            ],
            [
              36.88698152262944,
              -1.261414321960632
            ],
            [
              36.88716118568626,
              -1.261414321960632
            ],
            [
              36.88716118568626,
              -1.2610549958469843
            ],
            [
              36.88734084874309,
              -1.2610549958469843
            ],
            [
              36.88734084874309,
              -1.2608753327901603
            ],
            [
              36.88752051179991,
              -1.2608753327901603
            ],
            [
              36.88752051179991,
              -1.2601566805628648
            ],
            [
              36.88787983791356,
              -1.2601566805628648
            ],
            [
              36.88787983791356,
              -1.2603363436196886
            ],
            [
              36.88770017485673,
              -1.2603363436196886
            ],
            [
              36.88770017485673,
              -1.2605160066765126
            ],
            [
              36.88787983791356,
              -1.2605160066765126
            ],
            [
              36.88787983791356,
              -1.2606956697333365
            ],
            [
              36.888059500970385,
              -1.2606956697333365
            ],
            [
              36.888059500970385,
              -1.2605160066765126
            ],
            [
              36.888239164027205,
              -1.2605160066765126
            ],
            [
              36.888239164027205,
              -1.2599770175060407
            ],
            [
              36.88841882708403,
              -1.2599770175060407
            ],
            [
              36.88841882708403,
              -1.259797354449217
            ],
            [
              36.88859849014085,
              -1.259797354449217
            ],
            [
              36.88859849014085,
              -1.259617691392393
            ],
            [
              36.88877815319768,
              -1.259617691392393
            ],
            [
              36.88877815319768,
              -1.259438028335569
            ],
            [
              36.88859849014085,
              -1.259438028335569
            ],
            [
              36.88859849014085,
              -1.2592583652787452
            ],
            [
              36.888239164027205,
              -1.2592583652787452
            ],
            [
              36.888239164027205,
              -1.2590787022219214
            ],
            [
              36.888059500970385,
              -1.2590787022219214
            ],
            [
              36.888059500970385,
              -1.2585397130514495
            ],
            [
              36.888239164027205,
              -1.2585397130514495
            ],
            [
              36.888239164027205,
              -1.2581803869378019
            ],
            [
              36.88877815319768,
              -1.2581803869378019
            ],
            [
              36.88877815319768,
              -1.2587193761082736
            ],
            [
              36.88913747931132,
              -1.2587193761082736
            ],
            [
              36.88913747931132,
              -1.2588990391650974
            ],
            [
              36.88931714236815,
              -1.2588990391650974
            ],
            [
              36.88931714236815,
              -1.2587193761082736
            ],
            [
              36.889676468481795,
              -1.2587193761082736
            ],
            [
              36.889676468481795,
              -1.2585397130514495
            ],
            [
              36.88985613153862,
              -1.2585397130514495
            ],
            [
              36.88985613153862,
              -1.2583600499946257
            ],
            [
              36.89021545765227,
              -1.2583600499946257
            ],
            [
              36.89021545765227,
              -1.2581803869378019
            ],
            [
              36.890395120709094,
              -1.2581803869378019
            ],
            [
              36.890395120709094,
              -1.2580007238809778
            ],
            [
              36.89057478376591,
              -1.2580007238809778
            ],
            [
              36.89057478376591,
              -1.257821060824154
            ],
            [
              36.89075444682274,
              -1.257821060824154
            ],
            [
              36.89075444682274,
              -1.25764139776733
            ],
            [
              36.89093410987957,
              -1.25764139776733
            ],
            [
              36.89093410987957,
              -1.2574617347105062
            ],
            [
              36.89147309905004,
              -1.2574617347105062
            ],
            [
              36.89147309905004,
              -1.2572820716536823
            ],
            [
              36.891832425163685,
              -1.2572820716536823
            ],
            [
              36.891832425163685,
              -1.2571024085968583
            ],
            [
              36.89201208822051,
              -1.2571024085968583
            ],
            [
              36.89201208822051,
              -1.2569227455400345
            ],
            [
              36.89219175127733,
              -1.2569227455400345
            ],
            [
              36.89219175127733,
              -1.2567430824832106
            ],
            [
              36.89237141433416,
              -1.2567430824832106
            ],
            [
              36.89237141433416,
              -1.2565634194263866
            ],
            [
              36.8927307404478,
              -1.2565634194263866
            ],
            [
              36.8927307404478,
              -1.2549464519149716
            ],
            [
              36.89291040350463,
              -1.2549464519149716
            ],
            [
              36.89291040350463,
              -1.2544074627444999
            ],
            [
              36.8927307404478,
              -1.2544074627444999
            ],
            [
              36.8927307404478,
              -1.2542277996876758
            ],
            [
              36.89291040350463,
              -1.2542277996876758
            ],
            [
              36.89291040350463,
              -1.253868473574028
            ],
            [
              36.89255107739098,
              -1.253868473574028
            ],
            [
              36.89255107739098,
              -1.2536888105172042
            ],
            [
              36.89237141433416,
              -1.2536888105172042
            ],
            [
              36.89237141433416,
              -1.2535091474603803
            ],
            [
              36.89219175127733,
              -1.2535091474603803
            ],
            [
              36.89219175127733,
              -1.2533294844035563
            ],
            [
              36.89147309905004,
              -1.2533294844035563
            ],
            [
              36.89147309905004,
              -1.2536888105172042
            ],
            [
              36.89165276210686,
              -1.2536888105172042
            ],
            [
              36.89165276210686,
              -1.2542277996876758
            ],
            [
              36.89147309905004,
              -1.2542277996876758
            ],
            [
              36.89147309905004,
              -1.2549464519149716
            ],
            [
              36.89129343599321,
              -1.2549464519149716
            ],
            [
              36.89129343599321,
              -1.2551261149717954
            ],
            [
              36.891113772936386,
              -1.2551261149717954
            ],
            [
              36.891113772936386,
              -1.2553057780286194
            ],
            [
              36.89093410987957,
              -1.2553057780286194
            ],
            [
              36.89093410987957,
              -1.2554854410854432
            ],
            [
              36.890395120709094,
              -1.2554854410854432
            ],
            [
              36.890395120709094,
              -1.255665104142267
            ],
            [
              36.89003579459545,
              -1.255665104142267
            ],
            [
              36.89003579459545,
              -1.2562040933127387
            ],
            [
              36.88985613153862,
              -1.2562040933127387
            ],
            [
              36.88985613153862,
              -1.2563837563695628
            ],
            [
              36.889676468481795,
              -1.2563837563695628
            ],
            [
              36.889676468481795,
              -1.2562040933127387
            ],
            [
              36.889496805424976,
              -1.2562040933127387
            ],
            [
              36.889496805424976,
              -1.255665104142267
            ],
            [
              36.889676468481795,
              -1.255665104142267
            ],
            [
              36.889676468481795,
              -1.2554854410854432
            ],
            [
              36.88985613153862,
              -1.2554854410854432
            ],
            [
              36.88985613153862,
              -1.2551261149717954
            ],
            [
              36.889496805424976,
              -1.2551261149717954
            ],
            [
              36.889496805424976,
              -1.2549464519149716
            ],
            [
              36.88931714236815,
              -1.2549464519149716
            ],
            [
              36.88931714236815,
              -1.2551261149717954
            ],
            [
              36.8889578162545,
              -1.2551261149717954
            ],
            [
              36.8889578162545,
              -1.2554854410854432
            ],
            [
              36.88877815319768,
              -1.2554854410854432
            ],
            [
              36.88877815319768,
              -1.255665104142267
            ],
            [
              36.8889578162545,
              -1.255665104142267
            ],
            [
              36.8889578162545,
              -1.2562040933127387
            ],
            [
              36.88913747931132,
              -1.2562040933127387
            ],
            [
              36.88913747931132,
              -1.2563837563695628
            ],
            [
              36.88931714236815,
              -1.2563837563695628
            ],
            [
              36.88931714236815,
              -1.2569227455400345
            ],
            [
              36.88913747931132,
              -1.2569227455400345
            ],
            [
              36.88913747931132,
              -1.2571024085968583
            ],
            [
              36.8889578162545,
              -1.2571024085968583
            ],
            [
              36.8889578162545,
              -1.2572820716536823
            ],
            [
              36.88859849014085,
              -1.2572820716536823
            ],
            [
              36.88859849014085,
              -1.2574617347105062
            ],
            [
              36.88841882708403,
              -1.2574617347105062
            ],
            [
              36.88841882708403,
              -1.25764139776733
            ],
            [
              36.88787983791356,
              -1.25764139776733
            ],
            [
              36.88787983791356,
              -1.257821060824154
            ],
            [
              36.88770017485673,
              -1.257821060824154
            ],
            [
              36.88770017485673,
              -1.2580007238809778
            ],
            [
              36.88752051179991,
              -1.2580007238809778
            ]
          ],
          [
            [
              36.88698152262944,
              -1.2659058983812297
            ],
            [
              36.886801859572614,
              -1.2659058983812297
            ],
            [
              36.886801859572614,
              -1.2660855614380535
            ],
            [
              36.88698152262944,
              -1.2660855614380535
            ],
            [
              36.88698152262944,
              -1.2659058983812297
            ]
          ],
          [
            [
              36.88770017485673,
              -1.2655465722675818
            ],
            [
              36.88752051179991,
              -1.2655465722675818
            ],
            [
              36.88752051179991,
              -1.2657262353244059
            ],
            [
              36.88770017485673,
              -1.2657262353244059
            ],
            [
              36.88770017485673,
              -1.2655465722675818
            ]
          ],
          [
            [
              36.88841882708403,
              -1.259438028335569
            ],
            [
              36.888239164027205,
              -1.259438028335569
            ],
            [
              36.888239164027205,
              -1.259617691392393
            ],
            [
              36.88841882708403,
              -1.259617691392393
            ],
            [
              36.88841882708403,
              -1.259438028335569
            ]
          ],
          [
            [
              36.88770017485673,
              -1.2592583652787452
            ],
            [
              36.88752051179991,
              -1.2592583652787452
            ],
            [
              36.88752051179991,
              -1.259438028335569
            ],
            [
              36.88770017485673,
              -1.259438028335569
            ],
            [
              36.88770017485673,
              -1.2592583652787452
            ]
          ],
          [
            [
              36.888059500970385,
              -1.2592583652787452
            ],
            [
              36.88787983791356,
              -1.2592583652787452
            ],
            [
              36.88787983791356,
              -1.259438028335569
            ],
            [
              36.888059500970385,
              -1.259438028335569
            ],
            [
              36.888059500970385,
              -1.2592583652787452
            ]
          ],
          [
            [
              36.88787983791356,
              -1.2588990391650974
            ],
            [
              36.88770017485673,
              -1.2588990391650974
            ],
            [
              36.88770017485673,
              -1.2592583652787452
            ],
            [
              36.88787983791356,
              -1.2592583652787452
            ],
            [
              36.88787983791356,
              -1.2588990391650974
            ]
          ]
        ]
      },
      "id": "+205340-6977",
      "properties": {
        "area_ha": 34.394635537073256,
        "area_m2": 343946.35537073255,
        "class": 0,
        "count": 862
      }
    },
    {
      "type": "Feature",
      "geometry": {
        "geodesic": false,
        "type": "Polygon",
        "coordinates": [
          [
            [
              36.893269729618275,
              -1.2044611329474544
            ],
            [
              36.893269729618275,
              -1.2046407960042782
            ],
            [
              36.89309006656145,
              -1.2046407960042782
            ],
            [
              36.89309006656145,
              -1.2055391112883977
            ],
            [
              36.8934493926751,
              -1.2055391112883977
            ],
            [
              36.8934493926751,
              -1.2057187743452218
            ],
            [
              36.89362905573192,
              -1.2057187743452218
            ],
            [
              36.89362905573192,
              -1.2064374265725173
            ],
            [
              36.89380871878875,
              -1.2064374265725173
            ],
            [
              36.89380871878875,
              -1.206976415742989
            ],
            [
              36.893988381845574,
              -1.206976415742989
            ],
            [
              36.893988381845574,
              -1.2076950679702847
            ],
            [
              36.89416804490239,
              -1.2076950679702847
            ],
            [
              36.89416804490239,
              -1.2078747310271085
            ],
            [
              36.89434770795922,
              -1.2078747310271085
            ],
            [
              36.89434770795922,
              -1.2075154049134609
            ],
            [
              36.894527371016046,
              -1.2075154049134609
            ],
            [
              36.894527371016046,
              -1.207156078799813
            ],
            [
              36.894707034072866,
              -1.207156078799813
            ],
            [
              36.894707034072866,
              -1.2064374265725173
            ],
            [
              36.89488669712969,
              -1.2064374265725173
            ],
            [
              36.89488669712969,
              -1.206976415742989
            ],
            [
              36.89578501241381,
              -1.206976415742989
            ],
            [
              36.89578501241381,
              -1.207156078799813
            ],
            [
              36.896144338527456,
              -1.207156078799813
            ],
            [
              36.896144338527456,
              -1.2073357418566368
            ],
            [
              36.89596467547064,
              -1.2073357418566368
            ],
            [
              36.89596467547064,
              -1.2075154049134609
            ],
            [
              36.895425686300165,
              -1.2075154049134609
            ],
            [
              36.895425686300165,
              -1.2076950679702847
            ],
            [
              36.89524602324334,
              -1.2076950679702847
            ],
            [
              36.89524602324334,
              -1.2078747310271085
            ],
            [
              36.89506636018651,
              -1.2078747310271085
            ],
            [
              36.89506636018651,
              -1.2080543940839326
            ],
            [
              36.89488669712969,
              -1.2080543940839326
            ],
            [
              36.89488669712969,
              -1.2085933832544042
            ],
            [
              36.894707034072866,
              -1.2085933832544042
            ],
            [
              36.894707034072866,
              -1.208773046311228
            ],
            [
              36.89488669712969,
              -1.208773046311228
            ],
            [
              36.89488669712969,
              -1.208952709368052
            ],
            [
              36.894707034072866,
              -1.208952709368052
            ],
            [
              36.894707034072866,
              -1.209132372424876
            ],
            [
              36.89488669712969,
              -1.209132372424876
            ],
            [
              36.89488669712969,
              -1.2093120354816997
            ],
            [
              36.89506636018651,
              -1.2093120354816997
            ],
            [
              36.89506636018651,
              -1.2098510246521714
            ],
            [
              36.89488669712969,
              -1.2098510246521714
            ],
            [
              36.89488669712969,
              -1.2105696768794671
            ],
            [
              36.895605349356984,
              -1.2105696768794671
            ],
            [
              36.895605349356984,
              -1.210929002993115
            ],
            [
              36.89578501241381,
              -1.210929002993115
            ],
            [
              36.89578501241381,
              -1.2112883291067629
            ],
            [
              36.896144338527456,
              -1.2112883291067629
            ],
            [
              36.896144338527456,
              -1.2114679921635867
            ],
            [
              36.89632400158428,
              -1.2114679921635867
            ],
            [
              36.89632400158428,
              -1.2112883291067629
            ],
            [
              36.89668332769793,
              -1.2112883291067629
            ],
            [
              36.89668332769793,
              -1.210929002993115
            ],
            [
              36.89650366464111,
              -1.210929002993115
            ],
            [
              36.89650366464111,
              -1.210749339936291
            ],
            [
              36.89668332769793,
              -1.210749339936291
            ],
            [
              36.89668332769793,
              -1.2103900138226433
            ],
            [
              36.896862990754755,
              -1.2103900138226433
            ],
            [
              36.896862990754755,
              -1.2102103507658193
            ],
            [
              36.896144338527456,
              -1.2102103507658193
            ],
            [
              36.896144338527456,
              -1.2100306877089955
            ],
            [
              36.89632400158428,
              -1.2100306877089955
            ],
            [
              36.89632400158428,
              -1.2098510246521714
            ],
            [
              36.89650366464111,
              -1.2098510246521714
            ],
            [
              36.89650366464111,
              -1.208952709368052
            ],
            [
              36.89668332769793,
              -1.208952709368052
            ],
            [
              36.89668332769793,
              -1.208773046311228
            ],
            [
              36.896862990754755,
              -1.208773046311228
            ],
            [
              36.896862990754755,
              -1.2085933832544042
            ],
            [
              36.897042653811575,
              -1.2085933832544042
            ],
            [
              36.897042653811575,
              -1.208773046311228
            ],
            [
              36.8972223168684,
              -1.208773046311228
            ],
            [
              36.8972223168684,
              -1.2085933832544042
            ],
            [
              36.89758164298205,
              -1.2085933832544042
            ],
            [
              36.89758164298205,
              -1.2084137201975802
            ],
            [
              36.89740197992523,
              -1.2084137201975802
            ],
            [
              36.89740197992523,
              -1.2082340571407564
            ],
            [
              36.8972223168684,
              -1.2082340571407564
            ],
            [
              36.8972223168684,
              -1.2073357418566368
            ],
            [
              36.896862990754755,
              -1.2073357418566368
            ],
            [
              36.896862990754755,
              -1.207156078799813
            ],
            [
              36.89668332769793,
              -1.207156078799813
            ],
            [
              36.89668332769793,
              -1.206976415742989
            ],
            [
              36.89650366464111,
              -1.206976415742989
            ],
            [
              36.89650366464111,
              -1.2066170896293413
            ],
            [
              36.89668332769793,
              -1.2066170896293413
            ],
            [
              36.89668332769793,
              -1.2064374265725173
            ],
            [
              36.896862990754755,
              -1.2064374265725173
            ],
            [
              36.896862990754755,
              -1.2062577635156935
            ],
            [
              36.897042653811575,
              -1.2062577635156935
            ],
            [
              36.897042653811575,
              -1.2060781004588697
            ],
            [
              36.8972223168684,
              -1.2060781004588697
            ],
            [
              36.8972223168684,
              -1.2058984374020456
            ],
            [
              36.89740197992523,
              -1.2058984374020456
            ],
            [
              36.89740197992523,
              -1.2057187743452218
            ],
            [
              36.89758164298205,
              -1.2057187743452218
            ],
            [
              36.89758164298205,
              -1.2055391112883977
            ],
            [
              36.8979409690957,
              -1.2055391112883977
            ],
            [
              36.8979409690957,
              -1.205359448231574
            ],
            [
              36.89847995826617,
              -1.205359448231574
            ],
            [
              36.89847995826617,
              -1.2055391112883977
            ],
            [
              36.89865962132299,
              -1.2055391112883977
            ],
            [
              36.89865962132299,
              -1.2057187743452218
            ],
            [
              36.89883928437982,
              -1.2057187743452218
            ],
            [
              36.89883928437982,
              -1.205359448231574
            ],
            [
              36.89901894743664,
              -1.205359448231574
            ],
            [
              36.89901894743664,
              -1.20517978517475
            ],
            [
              36.89865962132299,
              -1.20517978517475
            ],
            [
              36.89865962132299,
              -1.205000122117926
            ],
            [
              36.89847995826617,
              -1.205000122117926
            ],
            [
              36.89847995826617,
              -1.20517978517475
            ],
            [
              36.8979409690957,
              -1.20517978517475
            ],
            [
              36.8979409690957,
              -1.205000122117926
            ],
            [
              36.89776130603887,
              -1.205000122117926
            ],
            [
              36.89776130603887,
              -1.2048204590611022
            ],
            [
              36.8972223168684,
              -1.2048204590611022
            ],
            [
              36.8972223168684,
              -1.2046407960042782
            ],
            [
              36.897042653811575,
              -1.2046407960042782
            ],
            [
              36.897042653811575,
              -1.2048204590611022
            ],
            [
              36.89668332769793,
              -1.2048204590611022
            ],
            [
              36.89668332769793,
              -1.2042814698906306
            ],
            [
              36.897042653811575,
              -1.2042814698906306
            ],
            [
              36.897042653811575,
              -1.2041018068338065
            ],
            [
              36.896862990754755,
              -1.2041018068338065
            ],
            [
              36.896862990754755,
              -1.2039221437769827
            ],
            [
              36.8972223168684,
              -1.2039221437769827
            ],
            [
              36.8972223168684,
              -1.2035628176633348
            ],
            [
              36.89668332769793,
              -1.2035628176633348
            ],
            [
              36.89668332769793,
              -1.2041018068338065
            ],
            [
              36.89650366464111,
              -1.2041018068338065
            ],
            [
              36.89650366464111,
              -1.2042814698906306
            ],
            [
              36.89632400158428,
              -1.2042814698906306
            ],
            [
              36.89632400158428,
              -1.2044611329474544
            ],
            [
              36.896144338527456,
              -1.2044611329474544
            ],
            [
              36.896144338527456,
              -1.2048204590611022
            ],
            [
              36.89596467547064,
              -1.2048204590611022
            ],
            [
              36.89596467547064,
              -1.205000122117926
            ],
            [
              36.89578501241381,
              -1.205000122117926
            ],
            [
              36.89578501241381,
              -1.20517978517475
            ],
            [
              36.895605349356984,
              -1.20517978517475
            ],
            [
              36.895605349356984,
              -1.205359448231574
            ],
            [
              36.895425686300165,
              -1.205359448231574
            ],
            [
              36.895425686300165,
              -1.2055391112883977
            ],
            [
              36.89524602324334,
              -1.2055391112883977
            ],
            [
              36.89524602324334,
              -1.2060781004588697
            ],
            [
              36.89506636018651,
              -1.2060781004588697
            ],
            [
              36.89506636018651,
              -1.2058984374020456
            ],
            [
              36.89488669712969,
              -1.2058984374020456
            ],
            [
              36.89488669712969,
              -1.2060781004588697
            ],
            [
              36.89434770795922,
              -1.2060781004588697
            ],
            [
              36.89434770795922,
              -1.2057187743452218
            ],
            [
              36.89416804490239,
              -1.2057187743452218
            ],
            [
              36.89416804490239,
              -1.2058984374020456
            ],
            [
              36.893988381845574,
              -1.2058984374020456
            ],
            [
              36.893988381845574,
              -1.2057187743452218
            ],
            [
              36.89362905573192,
              -1.2057187743452218
            ],
            [
              36.89362905573192,
              -1.205359448231574
            ],
            [
              36.8934493926751,
              -1.205359448231574
            ],
            [
              36.8934493926751,
              -1.2046407960042782
            ],
            [
              36.89362905573192,
              -1.2046407960042782
            ],
            [
              36.89362905573192,
              -1.2044611329474544
            ],
            [
              36.893269729618275,
              -1.2044611329474544
            ]
          ],
          [
            [
              36.896144338527456,
              -1.205000122117926
            ],
            [
              36.89596467547064,
              -1.205000122117926
            ],
            [
              36.89596467547064,
              -1.20517978517475
            ],
            [
              36.896144338527456,
              -1.20517978517475
            ],
            [
              36.896144338527456,
              -1.205000122117926
            ]
          ]
        ]
      },
      "id": "+205368-6700",
      "properties": {
        "area_ha": 17.676480088127278,
        "area_m2": 176764.80088127276,
        "class": 0,
        "count": 443
      }
    },
    {
      "type": "Feature",
      "geometry": {
        "geodesic": false,
        "type": "Polygon",
        "coordinates": [
          [
            [
              36.897042653811575,
              -1.274889051222425
            ],
            [
              36.897042653811575,
              -1.2752483773360728
            ],
            [
              36.896862990754755,
              -1.2752483773360728
            ],
            [
              36.896862990754755,
              -1.2750687142792487
            ],
            [
              36.89632400158428,
              -1.2750687142792487
            ],
            [
              36.89632400158428,
              -1.2757873665065445
            ],
            [
              36.89650366464111,
              -1.2757873665065445
            ],
            [
              36.89650366464111,
              -1.2759670295633683
            ],
            [
              36.89632400158428,
              -1.2759670295633683
            ],
            [
              36.89632400158428,
              -1.2763263556770161
            ],
            [
              36.896144338527456,
              -1.2763263556770161
            ],
            [
              36.896144338527456,
              -1.276685681790664
            ],
            [
              36.89596467547064,
              -1.276685681790664
            ],
            [
              36.89596467547064,
              -1.2768653448474878
            ],
            [
              36.896144338527456,
              -1.2768653448474878
            ],
            [
              36.896144338527456,
              -1.2770450079043116
            ],
            [
              36.89668332769793,
              -1.2770450079043116
            ],
            [
              36.89668332769793,
              -1.2768653448474878
            ],
            [
              36.897042653811575,
              -1.2768653448474878
            ],
            [
              36.897042653811575,
              -1.276685681790664
            ],
            [
              36.8972223168684,
              -1.276685681790664
            ],
            [
              36.8972223168684,
              -1.2768653448474878
            ],
            [
              36.89740197992523,
              -1.2768653448474878
            ],
            [
              36.89740197992523,
              -1.2774043340179595
            ],
            [
              36.8972223168684,
              -1.2774043340179595
            ],
            [
              36.8972223168684,
              -1.2775839970747835
            ],
            [
              36.896862990754755,
              -1.2775839970747835
            ],
            [
              36.896862990754755,
              -1.2777636601316074
            ],
            [
              36.897042653811575,
              -1.2777636601316074
            ],
            [
              36.897042653811575,
              -1.278302649302079
            ],
            [
              36.8972223168684,
              -1.278302649302079
            ],
            [
              36.8972223168684,
              -1.278482312358903
            ],
            [
              36.89740197992523,
              -1.278482312358903
            ],
            [
              36.89740197992523,
              -1.278661975415727
            ],
            [
              36.89758164298205,
              -1.278661975415727
            ],
            [
              36.89758164298205,
              -1.2788416384725507
            ],
            [
              36.89776130603887,
              -1.2788416384725507
            ],
            [
              36.89776130603887,
              -1.278661975415727
            ],
            [
              36.8979409690957,
              -1.278661975415727
            ],
            [
              36.8979409690957,
              -1.2788416384725507
            ],
            [
              36.89847995826617,
              -1.2788416384725507
            ],
            [
              36.89847995826617,
              -1.2790213015293748
            ],
            [
              36.898300295209346,
              -1.2790213015293748
            ],
            [
              36.898300295209346,
              -1.2792009645861986
            ],
            [
              36.89812063215252,
              -1.2792009645861986
            ],
            [
              36.89812063215252,
              -1.2790213015293748
            ],
            [
              36.8979409690957,
              -1.2790213015293748
            ],
            [
              36.8979409690957,
              -1.2795602906998464
            ],
            [
              36.89776130603887,
              -1.2795602906998464
            ],
            [
              36.89776130603887,
              -1.2799196168134943
            ],
            [
              36.89758164298205,
              -1.2799196168134943
            ],
            [
              36.89758164298205,
              -1.2800992798703181
            ],
            [
              36.89740197992523,
              -1.2800992798703181
            ],
            [
              36.89740197992523,
              -1.280278942927142
            ],
            [
              36.89596467547064,
              -1.280278942927142
            ],
            [
              36.89596467547064,
              -1.2811772582112615
            ],
            [
              36.89578501241381,
              -1.2811772582112615
            ],
            [
              36.89578501241381,
              -1.2813569212680855
            ],
            [
              36.895605349356984,
              -1.2813569212680855
            ],
            [
              36.895605349356984,
              -1.2815365843249094
            ],
            [
              36.89578501241381,
              -1.2815365843249094
            ],
            [
              36.89578501241381,
              -1.2817162473817332
            ],
            [
              36.89596467547064,
              -1.2817162473817332
            ],
            [
              36.89596467547064,
              -1.2818959104385572
            ],
            [
              36.896144338527456,
              -1.2818959104385572
            ],
            [
              36.896144338527456,
              -1.2822552365522049
            ],
            [
              36.89578501241381,
              -1.2822552365522049
            ],
            [
              36.89578501241381,
              -1.282434899609029
            ],
            [
              36.89596467547064,
              -1.282434899609029
            ],
            [
              36.89596467547064,
              -1.2829738887795006
            ],
            [
              36.89578501241381,
              -1.2829738887795006
            ],
            [
              36.89578501241381,
              -1.2827942257226768
            ],
            [
              36.895605349356984,
              -1.2827942257226768
            ],
            [
              36.895605349356984,
              -1.2826145626658527
            ],
            [
              36.895425686300165,
              -1.2826145626658527
            ],
            [
              36.895425686300165,
              -1.2829738887795006
            ],
            [
              36.89524602324334,
              -1.2829738887795006
            ],
            [
              36.89524602324334,
              -1.2831535518363244
            ],
            [
              36.89506636018651,
              -1.2831535518363244
            ],
            [
              36.89506636018651,
              -1.2829738887795006
            ],
            [
              36.89488669712969,
              -1.2829738887795006
            ],
            [
              36.89488669712969,
              -1.2827942257226768
            ],
            [
              36.894527371016046,
              -1.2827942257226768
            ],
            [
              36.894527371016046,
              -1.2829738887795006
            ],
            [
              36.89434770795922,
              -1.2829738887795006
            ],
            [
              36.89434770795922,
              -1.284051867120444
            ],
            [
              36.894707034072866,
              -1.284051867120444
            ],
            [
              36.894707034072866,
              -1.284231530177268
            ],
            [
              36.89524602324334,
              -1.284231530177268
            ],
            [
              36.89524602324334,
              -1.2844111932340918
            ],
            [
              36.895425686300165,
              -1.2844111932340918
            ],
            [
              36.895425686300165,
              -1.2845908562909156
            ],
            [
              36.89596467547064,
              -1.2845908562909156
            ],
            [
              36.89596467547064,
              -1.284231530177268
            ],
            [
              36.896144338527456,
              -1.284231530177268
            ],
            [
              36.896144338527456,
              -1.2838722040636201
            ],
            [
              36.89632400158428,
              -1.2838722040636201
            ],
            [
              36.89632400158428,
              -1.2836925410067963
            ],
            [
              36.89668332769793,
              -1.2836925410067963
            ],
            [
              36.89668332769793,
              -1.2831535518363244
            ],
            [
              36.89650366464111,
              -1.2831535518363244
            ],
            [
              36.89650366464111,
              -1.282434899609029
            ],
            [
              36.896862990754755,
              -1.282434899609029
            ],
            [
              36.896862990754755,
              -1.2822552365522049
            ],
            [
              36.897042653811575,
              -1.2822552365522049
            ],
            [
              36.897042653811575,
              -1.282075573495381
            ],
            [
              36.8972223168684,
              -1.282075573495381
            ],
            [
              36.8972223168684,
              -1.2818959104385572
            ],
            [
              36.89758164298205,
              -1.2818959104385572
            ],
            [
              36.89758164298205,
              -1.2817162473817332
            ],
            [
              36.898300295209346,
              -1.2817162473817332
            ],
            [
              36.898300295209346,
              -1.2818959104385572
            ],
            [
              36.89847995826617,
              -1.2818959104385572
            ],
            [
              36.89847995826617,
              -1.282075573495381
            ],
            [
              36.89865962132299,
              -1.282075573495381
            ],
            [
              36.89865962132299,
              -1.282434899609029
            ],
            [
              36.89883928437982,
              -1.282434899609029
            ],
            [
              36.89883928437982,
              -1.2827942257226768
            ],
            [
              36.89901894743664,
              -1.2827942257226768
            ],
            [
              36.89901894743664,
              -1.2836925410067963
            ],
            [
              36.89883928437982,
              -1.2836925410067963
            ],
            [
              36.89883928437982,
              -1.2838722040636201
            ],
            [
              36.89901894743664,
              -1.2838722040636201
            ],
            [
              36.89901894743664,
              -1.284051867120444
            ],
            [
              36.89883928437982,
              -1.284051867120444
            ],
            [
              36.89883928437982,
              -1.2844111932340918
            ],
            [
              36.89901894743664,
              -1.2844111932340918
            ],
            [
              36.89901894743664,
              -1.2849501824045635
            ],
            [
              36.900456251891235,
              -1.2849501824045635
            ],
            [
              36.900456251891235,
              -1.284051867120444
            ],
            [
              36.90081557800488,
              -1.284051867120444
            ],
            [
              36.90081557800488,
              -1.2838722040636201
            ],
            [
              36.90117490411853,
              -1.2838722040636201
            ],
            [
              36.90117490411853,
              -1.2835128779499723
            ],
            [
              36.901713893289,
              -1.2835128779499723
            ],
            [
              36.901713893289,
              -1.2829738887795006
            ],
            [
              36.901893556345826,
              -1.2829738887795006
            ],
            [
              36.901893556345826,
              -1.2831535518363244
            ],
            [
              36.902073219402645,
              -1.2831535518363244
            ],
            [
              36.902073219402645,
              -1.282075573495381
            ],
            [
              36.901893556345826,
              -1.282075573495381
            ],
            [
              36.901893556345826,
              -1.2822552365522049
            ],
            [
              36.901713893289,
              -1.2822552365522049
            ],
            [
              36.901713893289,
              -1.282075573495381
            ],
            [
              36.90135456717535,
              -1.282075573495381
            ],
            [
              36.90135456717535,
              -1.2818959104385572
            ],
            [
              36.90117490411853,
              -1.2818959104385572
            ],
            [
              36.90117490411853,
              -1.2817162473817332
            ],
            [
              36.9009952410617,
              -1.2817162473817332
            ],
            [
              36.9009952410617,
              -1.2811772582112615
            ],
            [
              36.90081557800488,
              -1.2811772582112615
            ],
            [
              36.90081557800488,
              -1.2809975951544377
            ],
            [
              36.900635914948055,
              -1.2809975951544377
            ],
            [
              36.900635914948055,
              -1.2813569212680855
            ],
            [
              36.900456251891235,
              -1.2813569212680855
            ],
            [
              36.900456251891235,
              -1.2817162473817332
            ],
            [
              36.899737599663936,
              -1.2817162473817332
            ],
            [
              36.899737599663936,
              -1.282075573495381
            ],
            [
              36.899198610493464,
              -1.282075573495381
            ],
            [
              36.899198610493464,
              -1.2817162473817332
            ],
            [
              36.89901894743664,
              -1.2817162473817332
            ],
            [
              36.89901894743664,
              -1.2815365843249094
            ],
            [
              36.89883928437982,
              -1.2815365843249094
            ],
            [
              36.89883928437982,
              -1.2809975951544377
            ],
            [
              36.89937827355029,
              -1.2809975951544377
            ],
            [
              36.89937827355029,
              -1.2808179320976136
            ],
            [
              36.899737599663936,
              -1.2808179320976136
            ],
            [
              36.899737599663936,
              -1.2806382690407898
            ],
            [
              36.90009692577758,
              -1.2806382690407898
            ],
            [
              36.90009692577758,
              -1.280458605983966
            ],
            [
              36.900456251891235,
              -1.280458605983966
            ],
            [
              36.900456251891235,
              -1.2808179320976136
            ],
            [
              36.90081557800488,
              -1.2808179320976136
            ],
            [
              36.90081557800488,
              -1.280458605983966
            ],
            [
              36.900456251891235,
              -1.280458605983966
            ],
            [
              36.900456251891235,
              -1.2800992798703181
            ],
            [
              36.90027658883441,
              -1.2800992798703181
            ],
            [
              36.90027658883441,
              -1.2799196168134943
            ],
            [
              36.90009692577758,
              -1.2799196168134943
            ],
            [
              36.90009692577758,
              -1.2795602906998464
            ],
            [
              36.89991726272076,
              -1.2795602906998464
            ],
            [
              36.89991726272076,
              -1.2793806276430224
            ],
            [
              36.899737599663936,
              -1.2793806276430224
            ],
            [
              36.899737599663936,
              -1.2790213015293748
            ],
            [
              36.89955793660711,
              -1.2790213015293748
            ],
            [
              36.89955793660711,
              -1.2792009645861986
            ],
            [
              36.89937827355029,
              -1.2792009645861986
            ],
            [
              36.89937827355029,
              -1.2788416384725507
            ],
            [
              36.899198610493464,
              -1.2788416384725507
            ],
            [
              36.899198610493464,
              -1.278482312358903
            ],
            [
              36.89937827355029,
              -1.278482312358903
            ],
            [
              36.89937827355029,
              -1.278302649302079
            ],
            [
              36.89955793660711,
              -1.278302649302079
            ],
            [
              36.89955793660711,
              -1.2781229862452552
            ],
            [
              36.89937827355029,
              -1.2781229862452552
            ],
            [
              36.89937827355029,
              -1.2779433231884312
            ],
            [
              36.899198610493464,
              -1.2779433231884312
            ],
            [
              36.899198610493464,
              -1.2775839970747835
            ],
            [
              36.89901894743664,
              -1.2775839970747835
            ],
            [
              36.89901894743664,
              -1.2774043340179595
            ],
            [
              36.89883928437982,
              -1.2774043340179595
            ],
            [
              36.89883928437982,
              -1.2770450079043116
            ],
            [
              36.89865962132299,
              -1.2770450079043116
            ],
            [
              36.89865962132299,
              -1.2768653448474878
            ],
            [
              36.89847995826617,
              -1.2768653448474878
            ],
            [
              36.89847995826617,
              -1.27650601873384
            ],
            [
              36.898300295209346,
              -1.27650601873384
            ],
            [
              36.898300295209346,
              -1.2761466926201923
            ],
            [
              36.89812063215252,
              -1.2761466926201923
            ],
            [
              36.89812063215252,
              -1.2757873665065445
            ],
            [
              36.8979409690957,
              -1.2757873665065445
            ],
            [
              36.8979409690957,
              -1.2754280403928966
            ],
            [
              36.89776130603887,
              -1.2754280403928966
            ],
            [
              36.89776130603887,
              -1.2752483773360728
            ],
            [
              36.89758164298205,
              -1.2752483773360728
            ],
            [
              36.89758164298205,
              -1.274889051222425
            ],
            [
              36.897042653811575,
              -1.274889051222425
            ]
          ],
          [
            [
              36.90117490411853,
              -1.2822552365522049
            ],
            [
              36.900456251891235,
              -1.2822552365522049
            ],
            [
              36.900456251891235,
              -1.282434899609029
            ],
            [
              36.900635914948055,
              -1.282434899609029
            ],
            [
              36.900635914948055,
              -1.2826145626658527
            ],
            [
              36.90027658883441,
              -1.2826145626658527
            ],
            [
              36.90027658883441,
              -1.2827942257226768
            ],
            [
              36.89991726272076,
              -1.2827942257226768
            ],
            [
              36.89991726272076,
              -1.2829738887795006
            ],
            [
              36.900456251891235,
              -1.2829738887795006
            ],
            [
              36.900456251891235,
              -1.2831535518363244
            ],
            [
              36.9009952410617,
              -1.2831535518363244
            ],
            [
              36.9009952410617,
              -1.2827942257226768
            ],
            [
              36.90117490411853,
              -1.2827942257226768
            ],
            [
              36.90117490411853,
              -1.2822552365522049
            ]
          ],
          [
            [
              36.89632400158428,
              -1.2811772582112615
            ],
            [
              36.896144338527456,
              -1.2811772582112615
            ],
            [
              36.896144338527456,
              -1.2813569212680855
            ],
            [
              36.89632400158428,
              -1.2813569212680855
            ],
            [
              36.89632400158428,
              -1.2811772582112615
            ]
          ],
          [
            [
              36.89883928437982,
              -1.2790213015293748
            ],
            [
              36.89865962132299,
              -1.2790213015293748
            ],
            [
              36.89865962132299,
              -1.2792009645861986
            ],
            [
              36.89883928437982,
              -1.2792009645861986
            ],
            [
              36.89883928437982,
              -1.2790213015293748
            ]
          ],
          [
            [
              36.899198610493464,
              -1.2788416384725507
            ],
            [
              36.89901894743664,
              -1.2788416384725507
            ],
            [
              36.89901894743664,
              -1.2790213015293748
            ],
            [
              36.899198610493464,
              -1.2790213015293748
            ],
            [
              36.899198610493464,
              -1.2788416384725507
            ]
          ],
          [
            [
              36.89901894743664,
              -1.2777636601316074
            ],
            [
              36.89883928437982,
              -1.2777636601316074
            ],
            [
              36.89883928437982,
              -1.2779433231884312
            ],
            [
              36.89901894743664,
              -1.2779433231884312
            ],
            [
              36.89901894743664,
              -1.2777636601316074
            ]
          ],
          [
            [
              36.89865962132299,
              -1.2774043340179595
            ],
            [
              36.898300295209346,
              -1.2774043340179595
            ],
            [
              36.898300295209346,
              -1.2777636601316074
            ],
            [
              36.89812063215252,
              -1.2777636601316074
            ],
            [
              36.89812063215252,
              -1.2781229862452552
            ],
            [
              36.898300295209346,
              -1.2781229862452552
            ],
            [
              36.898300295209346,
              -1.2779433231884312
            ],
            [
              36.89847995826617,
              -1.2779433231884312
            ],
            [
              36.89847995826617,
              -1.2781229862452552
            ],
            [
              36.89883928437982,
              -1.2781229862452552
            ],
            [
              36.89883928437982,
              -1.2779433231884312
            ],
            [
              36.89865962132299,
              -1.2779433231884312
            ],
            [
              36.89865962132299,
              -1.2774043340179595
            ]
          ],
          [
            [
              36.89758164298205,
              -1.2752483773360728
            ],
            [
              36.8972223168684,
              -1.2752483773360728
            ],
            [
              36.8972223168684,
              -1.2754280403928966
            ],
            [
              36.89758164298205,
              -1.2754280403928966
            ],
            [
              36.89758164298205,
              -1.2752483773360728
            ]
          ]
        ]
      },
      "id": "+205370-7097",
      "properties": {
        "area_ha": 32.359428093049324,
        "area_m2": 323594.28093049326,
        "class": 0,
        "count": 811
      }
    },
    {
      "type": "Feature",
      "geometry": {
        "geodesic": false,
        "type": "Polygon",
        "coordinates": [
          [
            [
              36.90153423023217,
              -1.2491972340966067
            ],
            [
              36.90153423023217,
              -1.2493768971534305
            ],
            [
              36.90135456717535,
              -1.2493768971534305
            ],
            [
              36.90135456717535,
              -1.2495565602102543
            ],
            [
              36.90081557800488,
              -1.2495565602102543
            ],
            [
              36.90081557800488,
              -1.2497362232670783
            ],
            [
              36.900635914948055,
              -1.2497362232670783
            ],
            [
              36.900635914948055,
              -1.2500955493807262
            ],
            [
              36.90027658883441,
              -1.2500955493807262
            ],
            [
              36.90027658883441,
              -1.2504548754943738
            ],
            [
              36.89991726272076,
              -1.2504548754943738
            ],
            [
              36.89991726272076,
              -1.2506345385511979
            ],
            [
              36.899737599663936,
              -1.2506345385511979
            ],
            [
              36.899737599663936,
              -1.2508142016080217
            ],
            [
              36.89955793660711,
              -1.2508142016080217
            ],
            [
              36.89955793660711,
              -1.2509938646648455
            ],
            [
              36.89937827355029,
              -1.2509938646648455
            ],
            [
              36.89937827355029,
              -1.2513531907784934
            ],
            [
              36.89955793660711,
              -1.2513531907784934
            ],
            [
              36.89955793660711,
              -1.2515328538353174
            ],
            [
              36.899737599663936,
              -1.2515328538353174
            ],
            [
              36.899737599663936,
              -1.2517125168921412
            ],
            [
              36.89955793660711,
              -1.2517125168921412
            ],
            [
              36.89955793660711,
              -1.252071843005789
            ],
            [
              36.89937827355029,
              -1.252071843005789
            ],
            [
              36.89937827355029,
              -1.251892179948965
            ],
            [
              36.899198610493464,
              -1.251892179948965
            ],
            [
              36.899198610493464,
              -1.252071843005789
            ],
            [
              36.89883928437982,
              -1.252071843005789
            ],
            [
              36.89883928437982,
              -1.251892179948965
            ],
            [
              36.89847995826617,
              -1.251892179948965
            ],
            [
              36.89847995826617,
              -1.252071843005789
            ],
            [
              36.898300295209346,
              -1.252071843005789
            ],
            [
              36.898300295209346,
              -1.252251506062613
            ],
            [
              36.89847995826617,
              -1.252251506062613
            ],
            [
              36.89847995826617,
              -1.2527904952330846
            ],
            [
              36.898300295209346,
              -1.2527904952330846
            ],
            [
              36.898300295209346,
              -1.2526108321762608
            ],
            [
              36.8979409690957,
              -1.2526108321762608
            ],
            [
              36.8979409690957,
              -1.2527904952330846
            ],
            [
              36.89758164298205,
              -1.2527904952330846
            ],
            [
              36.89758164298205,
              -1.2529701582899087
            ],
            [
              36.89740197992523,
              -1.2529701582899087
            ],
            [
              36.89740197992523,
              -1.2531498213467325
            ],
            [
              36.8972223168684,
              -1.2531498213467325
            ],
            [
              36.8972223168684,
              -1.2533294844035563
            ],
            [
              36.896862990754755,
              -1.2533294844035563
            ],
            [
              36.896862990754755,
              -1.2535091474603803
            ],
            [
              36.89650366464111,
              -1.2535091474603803
            ],
            [
              36.89650366464111,
              -1.2536888105172042
            ],
            [
              36.89632400158428,
              -1.2536888105172042
            ],
            [
              36.89632400158428,
              -1.254048136630852
            ],
            [
              36.896144338527456,
              -1.254048136630852
            ],
            [
              36.896144338527456,
              -1.2542277996876758
            ],
            [
              36.89596467547064,
              -1.2542277996876758
            ],
            [
              36.89596467547064,
              -1.2544074627444999
            ],
            [
              36.89578501241381,
              -1.2544074627444999
            ],
            [
              36.89578501241381,
              -1.2545871258013237
            ],
            [
              36.895605349356984,
              -1.2545871258013237
            ],
            [
              36.895605349356984,
              -1.2547667888581475
            ],
            [
              36.895425686300165,
              -1.2547667888581475
            ],
            [
              36.895425686300165,
              -1.2549464519149716
            ],
            [
              36.89506636018651,
              -1.2549464519149716
            ],
            [
              36.89506636018651,
              -1.2551261149717954
            ],
            [
              36.89488669712969,
              -1.2551261149717954
            ],
            [
              36.89488669712969,
              -1.2553057780286194
            ],
            [
              36.894707034072866,
              -1.2553057780286194
            ],
            [
              36.894707034072866,
              -1.2554854410854432
            ],
            [
              36.89488669712969,
              -1.2554854410854432
            ],
            [
              36.89488669712969,
              -1.255665104142267
            ],
            [
              36.89524602324334,
              -1.255665104142267
            ],
            [
              36.89524602324334,
              -1.2554854410854432
            ],
            [
              36.895605349356984,
              -1.2554854410854432
            ],
            [
              36.895605349356984,
              -1.255665104142267
            ],
            [
              36.895425686300165,
              -1.255665104142267
            ],
            [
              36.895425686300165,
              -1.2562040933127387
            ],
            [
              36.89524602324334,
              -1.2562040933127387
            ],
            [
              36.89524602324334,
              -1.2563837563695628
            ],
            [
              36.89506636018651,
              -1.2563837563695628
            ],
            [
              36.89506636018651,
              -1.2567430824832106
            ],
            [
              36.895425686300165,
              -1.2567430824832106
            ],
            [
              36.895425686300165,
              -1.2563837563695628
            ],
            [
              36.897042653811575,
              -1.2563837563695628
            ],
            [
              36.897042653811575,
              -1.2562040933127387
            ],
            [
              36.89740197992523,
              -1.2562040933127387
            ],
            [
              36.89740197992523,
              -1.256024430255915
            ],
            [
              36.89776130603887,
              -1.256024430255915
            ],
            [
              36.89776130603887,
              -1.255844767199091
            ],
            [
              36.89865962132299,
              -1.255844767199091
            ],
            [
              36.89865962132299,
              -1.255665104142267
            ],
            [
              36.89847995826617,
              -1.255665104142267
            ],
            [
              36.89847995826617,
              -1.2554854410854432
            ],
            [
              36.89901894743664,
              -1.2554854410854432
            ],
            [
              36.89901894743664,
              -1.255665104142267
            ],
            [
              36.89937827355029,
              -1.255665104142267
            ],
            [
              36.89937827355029,
              -1.2554854410854432
            ],
            [
              36.899737599663936,
              -1.2554854410854432
            ],
            [
              36.899737599663936,
              -1.2553057780286194
            ],
            [
              36.89991726272076,
              -1.2553057780286194
            ],
            [
              36.89991726272076,
              -1.2547667888581475
            ],
            [
              36.90009692577758,
              -1.2547667888581475
            ],
            [
              36.90009692577758,
              -1.2545871258013237
            ],
            [
              36.90027658883441,
              -1.2545871258013237
            ],
            [
              36.90027658883441,
              -1.253868473574028
            ],
            [
              36.900456251891235,
              -1.253868473574028
            ],
            [
              36.900456251891235,
              -1.2536888105172042
            ],
            [
              36.900635914948055,
              -1.2536888105172042
            ],
            [
              36.900635914948055,
              -1.2535091474603803
            ],
            [
              36.90081557800488,
              -1.2535091474603803
            ],
            [
              36.90081557800488,
              -1.2533294844035563
            ],
            [
              36.90135456717535,
              -1.2533294844035563
            ],
            [
              36.90135456717535,
              -1.2535091474603803
            ],
            [
              36.90153423023217,
              -1.2535091474603803
            ],
            [
              36.90153423023217,
              -1.2536888105172042
            ],
            [
              36.901713893289,
              -1.2536888105172042
            ],
            [
              36.901713893289,
              -1.253868473574028
            ],
            [
              36.902073219402645,
              -1.253868473574028
            ],
            [
              36.902073219402645,
              -1.254048136630852
            ],
            [
              36.90225288245947,
              -1.254048136630852
            ],
            [
              36.90225288245947,
              -1.2542277996876758
            ],
            [
              36.90261220857312,
              -1.2542277996876758
            ],
            [
              36.90261220857312,
              -1.2524311691194367
            ],
            [
              36.9024325455163,
              -1.2524311691194367
            ],
            [
              36.9024325455163,
              -1.251892179948965
            ],
            [
              36.90225288245947,
              -1.251892179948965
            ],
            [
              36.90225288245947,
              -1.2517125168921412
            ],
            [
              36.9024325455163,
              -1.2517125168921412
            ],
            [
              36.9024325455163,
              -1.2500955493807262
            ],
            [
              36.90225288245947,
              -1.2500955493807262
            ],
            [
              36.90225288245947,
              -1.2499158863239022
            ],
            [
              36.902073219402645,
              -1.2499158863239022
            ],
            [
              36.902073219402645,
              -1.2497362232670783
            ],
            [
              36.901893556345826,
              -1.2497362232670783
            ],
            [
              36.901893556345826,
              -1.2493768971534305
            ],
            [
              36.901713893289,
              -1.2493768971534305
            ],
            [
              36.901713893289,
              -1.2491972340966067
            ],
            [
              36.90153423023217,
              -1.2491972340966067
            ]
          ],
          [
            [
              36.89937827355029,
              -1.2547667888581475
            ],
            [
              36.899198610493464,
              -1.2547667888581475
            ],
            [
              36.899198610493464,
              -1.2549464519149716
            ],
            [
              36.89937827355029,
              -1.2549464519149716
            ],
            [
              36.89937827355029,
              -1.2547667888581475
            ]
          ],
          [
            [
              36.89955793660711,
              -1.2545871258013237
            ],
            [
              36.89937827355029,
              -1.2545871258013237
            ],
            [
              36.89937827355029,
              -1.2547667888581475
            ],
            [
              36.89955793660711,
              -1.2547667888581475
            ],
            [
              36.89955793660711,
              -1.2545871258013237
            ]
          ],
          [
            [
              36.90135456717535,
              -1.2509938646648455
            ],
            [
              36.90117490411853,
              -1.2509938646648455
            ],
            [
              36.90117490411853,
              -1.2511735277216696
            ],
            [
              36.90135456717535,
              -1.2511735277216696
            ],
            [
              36.90135456717535,
              -1.2509938646648455
            ]
          ]
        ]
      },
      "id": "+205393-6954",
      "properties": {
        "area_ha": 30.564222957496984,
        "area_m2": 305642.22957496985,
        "class": 0,
        "count": 766
      }
    },
    {
      "type": "Feature",
      "geometry": {
        "geodesic": false,
        "type": "Polygon",
        "coordinates": [
          [
            [
              36.90315119774359,
              -1.1963762953903787
            ],
            [
              36.90315119774359,
              -1.1965559584472025
            ],
            [
              36.902791871629944,
              -1.1965559584472025
            ],
            [
              36.902791871629944,
              -1.1967356215040266
            ],
            [
              36.90261220857312,
              -1.1967356215040266
            ],
            [
              36.90261220857312,
              -1.1965559584472025
            ],
            [
              36.9024325455163,
              -1.1965559584472025
            ],
            [
              36.9024325455163,
              -1.1967356215040266
            ],
            [
              36.902073219402645,
              -1.1967356215040266
            ],
            [
              36.902073219402645,
              -1.1969152845608504
            ],
            [
              36.901893556345826,
              -1.1969152845608504
            ],
            [
              36.901893556345826,
              -1.1972746106744983
            ],
            [
              36.901713893289,
              -1.1972746106744983
            ],
            [
              36.901713893289,
              -1.1976339367881461
            ],
            [
              36.90153423023217,
              -1.1976339367881461
            ],
            [
              36.90153423023217,
              -1.19781359984497
            ],
            [
              36.90135456717535,
              -1.19781359984497
            ],
            [
              36.90135456717535,
              -1.1981729259586178
            ],
            [
              36.90117490411853,
              -1.1981729259586178
            ],
            [
              36.90117490411853,
              -1.1988915781859133
            ],
            [
              36.9009952410617,
              -1.1988915781859133
            ],
            [
              36.9009952410617,
              -1.1992509042995612
            ],
            [
              36.90081557800488,
              -1.1992509042995612
            ],
            [
              36.90081557800488,
              -1.199430567356385
            ],
            [
              36.900635914948055,
              -1.199430567356385
            ],
            [
              36.900635914948055,
              -1.199610230413209
            ],
            [
              36.90027658883441,
              -1.199610230413209
            ],
            [
              36.90027658883441,
              -1.1997898934700328
            ],
            [
              36.90009692577758,
              -1.1997898934700328
            ],
            [
              36.90009692577758,
              -1.1999695565268569
            ],
            [
              36.899737599663936,
              -1.1999695565268569
            ],
            [
              36.899737599663936,
              -1.2001492195836807
            ],
            [
              36.89937827355029,
              -1.2001492195836807
            ],
            [
              36.89937827355029,
              -1.2005085456973286
            ],
            [
              36.89901894743664,
              -1.2005085456973286
            ],
            [
              36.89901894743664,
              -1.2006882087541524
            ],
            [
              36.89883928437982,
              -1.2006882087541524
            ],
            [
              36.89883928437982,
              -1.2008678718109764
            ],
            [
              36.89991726272076,
              -1.2008678718109764
            ],
            [
              36.89991726272076,
              -1.2010475348678002
            ],
            [
              36.900456251891235,
              -1.2010475348678002
            ],
            [
              36.900456251891235,
              -1.201227197924624
            ],
            [
              36.90081557800488,
              -1.201227197924624
            ],
            [
              36.90081557800488,
              -1.201406860981448
            ],
            [
              36.9009952410617,
              -1.201406860981448
            ],
            [
              36.9009952410617,
              -1.201586524038272
            ],
            [
              36.90117490411853,
              -1.201586524038272
            ],
            [
              36.90117490411853,
              -1.2017661870950958
            ],
            [
              36.90135456717535,
              -1.2017661870950958
            ],
            [
              36.90135456717535,
              -1.2019458501519198
            ],
            [
              36.90153423023217,
              -1.2019458501519198
            ],
            [
              36.90153423023217,
              -1.2023051762655677
            ],
            [
              36.902073219402645,
              -1.2023051762655677
            ],
            [
              36.902073219402645,
              -1.2028441654360393
            ],
            [
              36.90225288245947,
              -1.2028441654360393
            ],
            [
              36.90225288245947,
              -1.203203491549687
            ],
            [
              36.902791871629944,
              -1.203203491549687
            ],
            [
              36.902791871629944,
              -1.2028441654360393
            ],
            [
              36.9024325455163,
              -1.2028441654360393
            ],
            [
              36.9024325455163,
              -1.2026645023792153
            ],
            [
              36.90261220857312,
              -1.2026645023792153
            ],
            [
              36.90261220857312,
              -1.2024848393223915
            ],
            [
              36.9024325455163,
              -1.2024848393223915
            ],
            [
              36.9024325455163,
              -1.2023051762655677
            ],
            [
              36.90297153468676,
              -1.2023051762655677
            ],
            [
              36.90297153468676,
              -1.2021255132087436
            ],
            [
              36.90369018691406,
              -1.2021255132087436
            ],
            [
              36.90369018691406,
              -1.2019458501519198
            ],
            [
              36.903330860800416,
              -1.2019458501519198
            ],
            [
              36.903330860800416,
              -1.2010475348678002
            ],
            [
              36.903510523857236,
              -1.2010475348678002
            ],
            [
              36.903510523857236,
              -1.2005085456973286
            ],
            [
              36.90369018691406,
              -1.2005085456973286
            ],
            [
              36.90369018691406,
              -1.2003288826405045
            ],
            [
              36.90530715442548,
              -1.2003288826405045
            ],
            [
              36.90530715442548,
              -1.2005085456973286
            ],
            [
              36.9054868174823,
              -1.2005085456973286
            ],
            [
              36.9054868174823,
              -1.2006882087541524
            ],
            [
              36.90584614359595,
              -1.2006882087541524
            ],
            [
              36.90584614359595,
              -1.2010475348678002
            ],
            [
              36.9062054697096,
              -1.2010475348678002
            ],
            [
              36.9062054697096,
              -1.201406860981448
            ],
            [
              36.906385132766424,
              -1.201406860981448
            ],
            [
              36.906385132766424,
              -1.2017661870950958
            ],
            [
              36.90728344805054,
              -1.2017661870950958
            ],
            [
              36.90728344805054,
              -1.2019458501519198
            ],
            [
              36.90764277416419,
              -1.2019458501519198
            ],
            [
              36.90764277416419,
              -1.2024848393223915
            ],
            [
              36.907822437221014,
              -1.2024848393223915
            ],
            [
              36.907822437221014,
              -1.2026645023792153
            ],
            [
              36.908002100277834,
              -1.2026645023792153
            ],
            [
              36.908002100277834,
              -1.2028441654360393
            ],
            [
              36.90818176333466,
              -1.2028441654360393
            ],
            [
              36.90818176333466,
              -1.2030238284928632
            ],
            [
              36.90872075250513,
              -1.2030238284928632
            ],
            [
              36.90872075250513,
              -1.203203491549687
            ],
            [
              36.90890041556195,
              -1.203203491549687
            ],
            [
              36.90890041556195,
              -1.203383154606511
            ],
            [
              36.90908007861878,
              -1.203383154606511
            ],
            [
              36.90908007861878,
              -1.2035628176633348
            ],
            [
              36.909259741675605,
              -1.2035628176633348
            ],
            [
              36.909259741675605,
              -1.2037424807201589
            ],
            [
              36.90979873084608,
              -1.2037424807201589
            ],
            [
              36.90979873084608,
              -1.2035628176633348
            ],
            [
              36.9099783939029,
              -1.2035628176633348
            ],
            [
              36.9099783939029,
              -1.203203491549687
            ],
            [
              36.91015805695972,
              -1.203203491549687
            ],
            [
              36.91015805695972,
              -1.2028441654360393
            ],
            [
              36.91033772001655,
              -1.2028441654360393
            ],
            [
              36.91033772001655,
              -1.2024848393223915
            ],
            [
              36.91051738307337,
              -1.2024848393223915
            ],
            [
              36.91051738307337,
              -1.2023051762655677
            ],
            [
              36.910697046130196,
              -1.2023051762655677
            ],
            [
              36.910697046130196,
              -1.2021255132087436
            ],
            [
              36.910876709187015,
              -1.2021255132087436
            ],
            [
              36.910876709187015,
              -1.2019458501519198
            ],
            [
              36.91105637224384,
              -1.2019458501519198
            ],
            [
              36.91105637224384,
              -1.201586524038272
            ],
            [
              36.91123603530067,
              -1.201586524038272
            ],
            [
              36.91123603530067,
              -1.201406860981448
            ],
            [
              36.91141569835749,
              -1.201406860981448
            ],
            [
              36.91141569835749,
              -1.201227197924624
            ],
            [
              36.91231401364161,
              -1.201227197924624
            ],
            [
              36.91231401364161,
              -1.201406860981448
            ],
            [
              36.91285300281208,
              -1.201406860981448
            ],
            [
              36.91285300281208,
              -1.201586524038272
            ],
            [
              36.913032665868904,
              -1.201586524038272
            ],
            [
              36.913032665868904,
              -1.2017661870950958
            ],
            [
              36.91321232892573,
              -1.2017661870950958
            ],
            [
              36.91321232892573,
              -1.2021255132087436
            ],
            [
              36.91339199198255,
              -1.2021255132087436
            ],
            [
              36.91339199198255,
              -1.2023051762655677
            ],
            [
              36.91357165503938,
              -1.2023051762655677
            ],
            [
              36.91357165503938,
              -1.2024848393223915
            ],
            [
              36.9137513180962,
              -1.2024848393223915
            ],
            [
              36.9137513180962,
              -1.2023051762655677
            ],
            [
              36.91393098115302,
              -1.2023051762655677
            ],
            [
              36.91393098115302,
              -1.2017661870950958
            ],
            [
              36.91411064420985,
              -1.2017661870950958
            ],
            [
              36.91411064420985,
              -1.201227197924624
            ],
            [
              36.914290307266675,
              -1.201227197924624
            ],
            [
              36.914290307266675,
              -1.2010475348678002
            ],
            [
              36.9137513180962,
              -1.2010475348678002
            ],
            [
              36.9137513180962,
              -1.201227197924624
            ],
            [
              36.91393098115302,
              -1.201227197924624
            ],
            [
              36.91393098115302,
              -1.201406860981448
            ],
            [
              36.913032665868904,
              -1.201406860981448
            ],
            [
              36.913032665868904,
              -1.201227197924624
            ],
            [
              36.91339199198255,
              -1.201227197924624
            ],
            [
              36.91339199198255,
              -1.2010475348678002
            ],
            [
              36.91321232892573,
              -1.2010475348678002
            ],
            [
              36.91321232892573,
              -1.2008678718109764
            ],
            [
              36.913032665868904,
              -1.2008678718109764
            ],
            [
              36.913032665868904,
              -1.2005085456973286
            ],
            [
              36.91285300281208,
              -1.2005085456973286
            ],
            [
              36.91285300281208,
              -1.2001492195836807
            ],
            [
              36.91231401364161,
              -1.2001492195836807
            ],
            [
              36.91231401364161,
              -1.2003288826405045
            ],
            [
              36.91177502447114,
              -1.2003288826405045
            ],
            [
              36.91177502447114,
              -1.2005085456973286
            ],
            [
              36.911595361414314,
              -1.2005085456973286
            ],
            [
              36.911595361414314,
              -1.2001492195836807
            ],
            [
              36.910697046130196,
              -1.2001492195836807
            ],
            [
              36.910697046130196,
              -1.2003288826405045
            ],
            [
              36.91051738307337,
              -1.2003288826405045
            ],
            [
              36.91051738307337,
              -1.2005085456973286
            ],
            [
              36.91033772001655,
              -1.2005085456973286
            ],
            [
              36.91033772001655,
              -1.2003288826405045
            ],
            [
              36.91015805695972,
              -1.2003288826405045
            ],
            [
              36.91015805695972,
              -1.2001492195836807
            ],
            [
              36.90961906778925,
              -1.2001492195836807
            ],
            [
              36.90961906778925,
              -1.1999695565268569
            ],
            [
              36.909439404732424,
              -1.1999695565268569
            ],
            [
              36.909439404732424,
              -1.1997898934700328
            ],
            [
              36.909259741675605,
              -1.1997898934700328
            ],
            [
              36.909259741675605,
              -1.1988915781859133
            ],
            [
              36.90890041556195,
              -1.1988915781859133
            ],
            [
              36.90890041556195,
              -1.1990712412427373
            ],
            [
              36.907822437221014,
              -1.1990712412427373
            ],
            [
              36.907822437221014,
              -1.1992509042995612
            ],
            [
              36.90764277416419,
              -1.1992509042995612
            ],
            [
              36.90764277416419,
              -1.1990712412427373
            ],
            [
              36.907103784993716,
              -1.1990712412427373
            ],
            [
              36.907103784993716,
              -1.1988915781859133
            ],
            [
              36.90692412193689,
              -1.1988915781859133
            ],
            [
              36.90692412193689,
              -1.1987119151290895
            ],
            [
              36.90674445888007,
              -1.1987119151290895
            ],
            [
              36.90674445888007,
              -1.1985322520722657
            ],
            [
              36.9062054697096,
              -1.1985322520722657
            ],
            [
              36.9062054697096,
              -1.1983525890154416
            ],
            [
              36.90584614359595,
              -1.1983525890154416
            ],
            [
              36.90584614359595,
              -1.1981729259586178
            ],
            [
              36.905666480539125,
              -1.1981729259586178
            ],
            [
              36.905666480539125,
              -1.19781359984497
            ],
            [
              36.9054868174823,
              -1.19781359984497
            ],
            [
              36.9054868174823,
              -1.197454273731322
            ],
            [
              36.90530715442548,
              -1.197454273731322
            ],
            [
              36.90530715442548,
              -1.1972746106744983
            ],
            [
              36.904947828311826,
              -1.1972746106744983
            ],
            [
              36.904947828311826,
              -1.1970949476176744
            ],
            [
              36.90476816525501,
              -1.1970949476176744
            ],
            [
              36.90476816525501,
              -1.1969152845608504
            ],
            [
              36.90458850219818,
              -1.1969152845608504
            ],
            [
              36.90458850219818,
              -1.1970949476176744
            ],
            [
              36.90440883914136,
              -1.1970949476176744
            ],
            [
              36.90440883914136,
              -1.1969152845608504
            ],
            [
              36.90386984997089,
              -1.1969152845608504
            ],
            [
              36.90386984997089,
              -1.1967356215040266
            ],
            [
              36.90369018691406,
              -1.1967356215040266
            ],
            [
              36.90369018691406,
              -1.1965559584472025
            ],
            [
              36.903510523857236,
              -1.1965559584472025
            ],
            [
              36.903510523857236,
              -1.1963762953903787
            ],
            [
              36.90315119774359,
              -1.1963762953903787
            ]
          ],
          [
            [
              36.902073219402645,
              -1.201227197924624
            ],
            [
              36.901893556345826,
              -1.201227197924624
            ],
            [
              36.901893556345826,
              -1.201406860981448
            ],
            [
              36.902073219402645,
              -1.201406860981448
            ],
            [
              36.902073219402645,
              -1.201227197924624
            ]
          ],
          [
            [
              36.9024325455163,
              -1.2003288826405045
            ],
            [
              36.902073219402645,
              -1.2003288826405045
            ],
            [
              36.902073219402645,
              -1.2006882087541524
            ],
            [
              36.901893556345826,
              -1.2006882087541524
            ],
            [
              36.901893556345826,
              -1.2010475348678002
            ],
            [
              36.90225288245947,
              -1.2010475348678002
            ],
            [
              36.90225288245947,
              -1.2008678718109764
            ],
            [
              36.90261220857312,
              -1.2008678718109764
            ],
            [
              36.90261220857312,
              -1.2006882087541524
            ],
            [
              36.9024325455163,
              -1.2006882087541524
            ],
            [
              36.9024325455163,
              -1.2003288826405045
            ]
          ],
          [
            [
              36.908541089448306,
              -1.2001492195836807
            ],
            [
              36.90764277416419,
              -1.2001492195836807
            ],
            [
              36.90764277416419,
              -1.2005085456973286
            ],
            [
              36.90728344805054,
              -1.2005085456973286
            ],
            [
              36.90728344805054,
              -1.2010475348678002
            ],
            [
              36.90746311110736,
              -1.2010475348678002
            ],
            [
              36.90746311110736,
              -1.201227197924624
            ],
            [
              36.90764277416419,
              -1.201227197924624
            ],
            [
              36.90764277416419,
              -1.201406860981448
            ],
            [
              36.90836142639149,
              -1.201406860981448
            ],
            [
              36.90836142639149,
              -1.201586524038272
            ],
            [
              36.909259741675605,
              -1.201586524038272
            ],
            [
              36.909259741675605,
              -1.201406860981448
            ],
            [
              36.909439404732424,
              -1.201406860981448
            ],
            [
              36.909439404732424,
              -1.2008678718109764
            ],
            [
              36.909259741675605,
              -1.2008678718109764
            ],
            [
              36.909259741675605,
              -1.2006882087541524
            ],
            [
              36.90890041556195,
              -1.2006882087541524
            ],
            [
              36.90890041556195,
              -1.2005085456973286
            ],
            [
              36.90872075250513,
              -1.2005085456973286
            ],
            [
              36.90872075250513,
              -1.2003288826405045
            ],
            [
              36.908541089448306,
              -1.2003288826405045
            ],
            [
              36.908541089448306,
              -1.2001492195836807
            ]
          ],
          [
            [
              36.90404951302771,
              -1.1999695565268569
            ],
            [
              36.90386984997089,
              -1.1999695565268569
            ],
            [
              36.90386984997089,
              -1.2001492195836807
            ],
            [
              36.90404951302771,
              -1.2001492195836807
            ],
            [
              36.90404951302771,
              -1.1999695565268569
            ]
          ],
          [
            [
              36.90530715442548,
              -1.1999695565268569
            ],
            [
              36.90512749136865,
              -1.1999695565268569
            ],
            [
              36.90512749136865,
              -1.2001492195836807
            ],
            [
              36.90530715442548,
              -1.2001492195836807
            ],
            [
              36.90530715442548,
              -1.1999695565268569
            ]
          ],
          [
            [
              36.9054868174823,
              -1.1997898934700328
            ],
            [
              36.90530715442548,
              -1.1997898934700328
            ],
            [
              36.90530715442548,
              -1.1999695565268569
            ],
            [
              36.9054868174823,
              -1.1999695565268569
            ],
            [
              36.9054868174823,
              -1.1997898934700328
            ]
          ],
          [
            [
              36.90908007861878,
              -1.1997898934700328
            ],
            [
              36.90890041556195,
              -1.1997898934700328
            ],
            [
              36.90890041556195,
              -1.1999695565268569
            ],
            [
              36.90908007861878,
              -1.1999695565268569
            ],
            [
              36.90908007861878,
              -1.1997898934700328
            ]
          ],
          [
            [
              36.90261220857312,
              -1.1990712412427373
            ],
            [
              36.9024325455163,
              -1.1990712412427373
            ],
            [
              36.9024325455163,
              -1.199610230413209
            ],
            [
              36.90261220857312,
              -1.199610230413209
            ],
            [
              36.90261220857312,
              -1.199430567356385
            ],
            [
              36.902791871629944,
              -1.199430567356385
            ],
            [
              36.902791871629944,
              -1.1992509042995612
            ],
            [
              36.90261220857312,
              -1.1992509042995612
            ],
            [
              36.90261220857312,
              -1.1990712412427373
            ]
          ],
          [
            [
              36.90297153468676,
              -1.1990712412427373
            ],
            [
              36.902791871629944,
              -1.1990712412427373
            ],
            [
              36.902791871629944,
              -1.1992509042995612
            ],
            [
              36.90297153468676,
              -1.1992509042995612
            ],
            [
              36.90297153468676,
              -1.1990712412427373
            ]
          ],
          [
            [
              36.903330860800416,
              -1.1990712412427373
            ],
            [
              36.90315119774359,
              -1.1990712412427373
            ],
            [
              36.90315119774359,
              -1.1992509042995612
            ],
            [
              36.903330860800416,
              -1.1992509042995612
            ],
            [
              36.903330860800416,
              -1.1990712412427373
            ]
          ],
          [
            [
              36.90440883914136,
              -1.1983525890154416
            ],
            [
              36.904229176084534,
              -1.1983525890154416
            ],
            [
              36.904229176084534,
              -1.1985322520722657
            ],
            [
              36.90369018691406,
              -1.1985322520722657
            ],
            [
              36.90369018691406,
              -1.1987119151290895
            ],
            [
              36.90386984997089,
              -1.1987119151290895
            ],
            [
              36.90386984997089,
              -1.1990712412427373
            ],
            [
              36.903510523857236,
              -1.1990712412427373
            ],
            [
              36.903510523857236,
              -1.1997898934700328
            ],
            [
              36.90369018691406,
              -1.1997898934700328
            ],
            [
              36.90369018691406,
              -1.199430567356385
            ],
            [
              36.90386984997089,
              -1.199430567356385
            ],
            [
              36.90386984997089,
              -1.1997898934700328
            ],
            [
              36.90404951302771,
              -1.1997898934700328
            ],
            [
              36.90404951302771,
              -1.199610230413209
            ],
            [
              36.904229176084534,
              -1.199610230413209
            ],
            [
              36.904229176084534,
              -1.1997898934700328
            ],
            [
              36.90476816525501,
              -1.1997898934700328
            ],
            [
              36.90476816525501,
              -1.1999695565268569
            ],
            [
              36.90512749136865,
              -1.1999695565268569
            ],
            [
              36.90512749136865,
              -1.1997898934700328
            ],
            [
              36.90530715442548,
              -1.1997898934700328
            ],
            [
              36.90530715442548,
              -1.1992509042995612
            ],
            [
              36.90512749136865,
              -1.1992509042995612
            ],
            [
              36.90512749136865,
              -1.1990712412427373
            ],
            [
              36.904947828311826,
              -1.1990712412427373
            ],
            [
              36.904947828311826,
              -1.1985322520722657
            ],
            [
              36.90440883914136,
              -1.1985322520722657
            ],
            [
              36.90440883914136,
              -1.1983525890154416
            ]
          ]
        ]
      },
      "id": "+205403-6660",
      "properties": {
        "area_ha": 46.88469322195616,
        "area_m2": 468846.9322195616,
        "class": 0,
        "count": 1175
      }
    },
    {
      "type": "Feature",
      "geometry": {
        "geodesic": false,
        "type": "Polygon",
        "coordinates": [
          [
            [
              36.893269729618275,
              -1.2644685939266385
            ],
            [
              36.893269729618275,
              -1.2648279200402863
            ],
            [
              36.89309006656145,
              -1.2648279200402863
            ],
            [
              36.89309006656145,
              -1.265187246153934
            ],
            [
              36.89291040350463,
              -1.265187246153934
            ],
            [
              36.89291040350463,
              -1.2655465722675818
            ],
            [
              36.8927307404478,
              -1.2655465722675818
            ],
            [
              36.8927307404478,
              -1.2659058983812297
            ],
            [
              36.89201208822051,
              -1.2659058983812297
            ],
            [
              36.89201208822051,
              -1.2660855614380535
            ],
            [
              36.891832425163685,
              -1.2660855614380535
            ],
            [
              36.891832425163685,
              -1.2662652244948776
            ],
            [
              36.89165276210686,
              -1.2662652244948776
            ],
            [
              36.89165276210686,
              -1.2664448875517014
            ],
            [
              36.89147309905004,
              -1.2664448875517014
            ],
            [
              36.89147309905004,
              -1.2666245506085252
            ],
            [
              36.89129343599321,
              -1.2666245506085252
            ],
            [
              36.89129343599321,
              -1.266983876722173
            ],
            [
              36.891113772936386,
              -1.266983876722173
            ],
            [
              36.891113772936386,
              -1.267163539778997
            ],
            [
              36.89093410987957,
              -1.267163539778997
            ],
            [
              36.89093410987957,
              -1.267343202835821
            ],
            [
              36.89057478376591,
              -1.267343202835821
            ],
            [
              36.89057478376591,
              -1.2675228658926447
            ],
            [
              36.890395120709094,
              -1.2675228658926447
            ],
            [
              36.890395120709094,
              -1.2680618550631164
            ],
            [
              36.89057478376591,
              -1.2680618550631164
            ],
            [
              36.89057478376591,
              -1.2682415181199405
            ],
            [
              36.891113772936386,
              -1.2682415181199405
            ],
            [
              36.891113772936386,
              -1.2677025289494688
            ],
            [
              36.89129343599321,
              -1.2677025289494688
            ],
            [
              36.89129343599321,
              -1.2678821920062926
            ],
            [
              36.89147309905004,
              -1.2678821920062926
            ],
            [
              36.89147309905004,
              -1.2684211811767643
            ],
            [
              36.89129343599321,
              -1.2684211811767643
            ],
            [
              36.89129343599321,
              -1.2696788225745317
            ],
            [
              36.891832425163685,
              -1.2696788225745317
            ],
            [
              36.891832425163685,
              -1.2700381486881795
            ],
            [
              36.89201208822051,
              -1.2700381486881795
            ],
            [
              36.89201208822051,
              -1.2702178117450034
            ],
            [
              36.891832425163685,
              -1.2702178117450034
            ],
            [
              36.891832425163685,
              -1.270936463972299
            ],
            [
              36.89201208822051,
              -1.270936463972299
            ],
            [
              36.89201208822051,
              -1.2712957900859467
            ],
            [
              36.89219175127733,
              -1.2712957900859467
            ],
            [
              36.89219175127733,
              -1.2716551161995946
            ],
            [
              36.89237141433416,
              -1.2716551161995946
            ],
            [
              36.89237141433416,
              -1.2718347792564184
            ],
            [
              36.89255107739098,
              -1.2718347792564184
            ],
            [
              36.89255107739098,
              -1.2721941053700663
            ],
            [
              36.8927307404478,
              -1.2721941053700663
            ],
            [
              36.8927307404478,
              -1.272733094540538
            ],
            [
              36.89255107739098,
              -1.272733094540538
            ],
            [
              36.89255107739098,
              -1.272912757597362
            ],
            [
              36.89309006656145,
              -1.272912757597362
            ],
            [
              36.89309006656145,
              -1.272733094540538
            ],
            [
              36.89362905573192,
              -1.272733094540538
            ],
            [
              36.89362905573192,
              -1.2725534314837141
            ],
            [
              36.89380871878875,
              -1.2725534314837141
            ],
            [
              36.89380871878875,
              -1.272733094540538
            ],
            [
              36.893988381845574,
              -1.272733094540538
            ],
            [
              36.893988381845574,
              -1.272912757597362
            ],
            [
              36.89416804490239,
              -1.272912757597362
            ],
            [
              36.89416804490239,
              -1.2732720837110096
            ],
            [
              36.893988381845574,
              -1.2732720837110096
            ],
            [
              36.893988381845574,
              -1.2738110728814815
            ],
            [
              36.89416804490239,
              -1.2738110728814815
            ],
            [
              36.89416804490239,
              -1.2739907359383054
            ],
            [
              36.894707034072866,
              -1.2739907359383054
            ],
            [
              36.894707034072866,
              -1.2738110728814815
            ],
            [
              36.89506636018651,
              -1.2738110728814815
            ],
            [
              36.89506636018651,
              -1.2734517467678337
            ],
            [
              36.89488669712969,
              -1.2734517467678337
            ],
            [
              36.89488669712969,
              -1.2732720837110096
            ],
            [
              36.894707034072866,
              -1.2732720837110096
            ],
            [
              36.894707034072866,
              -1.2730924206541858
            ],
            [
              36.894527371016046,
              -1.2730924206541858
            ],
            [
              36.894527371016046,
              -1.272912757597362
            ],
            [
              36.89434770795922,
              -1.272912757597362
            ],
            [
              36.89434770795922,
              -1.272733094540538
            ],
            [
              36.893988381845574,
              -1.272733094540538
            ],
            [
              36.893988381845574,
              -1.2725534314837141
            ],
            [
              36.89434770795922,
              -1.2725534314837141
            ],
            [
              36.89434770795922,
              -1.2721941053700663
            ],
            [
              36.894527371016046,
              -1.2721941053700663
            ],
            [
              36.894527371016046,
              -1.2716551161995946
            ],
            [
              36.89434770795922,
              -1.2716551161995946
            ],
            [
              36.89434770795922,
              -1.2712957900859467
            ],
            [
              36.893988381845574,
              -1.2712957900859467
            ],
            [
              36.893988381845574,
              -1.270936463972299
            ],
            [
              36.89380871878875,
              -1.270936463972299
            ],
            [
              36.89380871878875,
              -1.2703974748018272
            ],
            [
              36.89362905573192,
              -1.2703974748018272
            ],
            [
              36.89362905573192,
              -1.270756800915475
            ],
            [
              36.8934493926751,
              -1.270756800915475
            ],
            [
              36.8934493926751,
              -1.271116127029123
            ],
            [
              36.89362905573192,
              -1.271116127029123
            ],
            [
              36.89362905573192,
              -1.2716551161995946
            ],
            [
              36.8934493926751,
              -1.2716551161995946
            ],
            [
              36.8934493926751,
              -1.2718347792564184
            ],
            [
              36.893269729618275,
              -1.2718347792564184
            ],
            [
              36.893269729618275,
              -1.2716551161995946
            ],
            [
              36.89309006656145,
              -1.2716551161995946
            ],
            [
              36.89309006656145,
              -1.2714754531427708
            ],
            [
              36.89291040350463,
              -1.2714754531427708
            ],
            [
              36.89291040350463,
              -1.271116127029123
            ],
            [
              36.8927307404478,
              -1.271116127029123
            ],
            [
              36.8927307404478,
              -1.270936463972299
            ],
            [
              36.89255107739098,
              -1.270936463972299
            ],
            [
              36.89255107739098,
              -1.2702178117450034
            ],
            [
              36.89237141433416,
              -1.2702178117450034
            ],
            [
              36.89237141433416,
              -1.2700381486881795
            ],
            [
              36.89219175127733,
              -1.2700381486881795
            ],
            [
              36.89219175127733,
              -1.2696788225745317
            ],
            [
              36.89201208822051,
              -1.2696788225745317
            ],
            [
              36.89201208822051,
              -1.2693194964608838
            ],
            [
              36.891832425163685,
              -1.2693194964608838
            ],
            [
              36.891832425163685,
              -1.268960170347236
            ],
            [
              36.89201208822051,
              -1.268960170347236
            ],
            [
              36.89201208822051,
              -1.2687805072904121
            ],
            [
              36.89219175127733,
              -1.2687805072904121
            ],
            [
              36.89219175127733,
              -1.2686008442335883
            ],
            [
              36.89237141433416,
              -1.2686008442335883
            ],
            [
              36.89237141433416,
              -1.2684211811767643
            ],
            [
              36.89291040350463,
              -1.2684211811767643
            ],
            [
              36.89291040350463,
              -1.2686008442335883
            ],
            [
              36.89309006656145,
              -1.2686008442335883
            ],
            [
              36.89309006656145,
              -1.2684211811767643
            ],
            [
              36.893269729618275,
              -1.2684211811767643
            ],
            [
              36.893269729618275,
              -1.2687805072904121
            ],
            [
              36.8934493926751,
              -1.2687805072904121
            ],
            [
              36.8934493926751,
              -1.2686008442335883
            ],
            [
              36.89362905573192,
              -1.2686008442335883
            ],
            [
              36.89362905573192,
              -1.2684211811767643
            ],
            [
              36.89380871878875,
              -1.2684211811767643
            ],
            [
              36.89380871878875,
              -1.2680618550631164
            ],
            [
              36.89416804490239,
              -1.2680618550631164
            ],
            [
              36.89416804490239,
              -1.2678821920062926
            ],
            [
              36.894707034072866,
              -1.2678821920062926
            ],
            [
              36.894707034072866,
              -1.2677025289494688
            ],
            [
              36.89488669712969,
              -1.2677025289494688
            ],
            [
              36.89488669712969,
              -1.2675228658926447
            ],
            [
              36.89506636018651,
              -1.2675228658926447
            ],
            [
              36.89506636018651,
              -1.267343202835821
            ],
            [
              36.89488669712969,
              -1.267343202835821
            ],
            [
              36.89488669712969,
              -1.2664448875517014
            ],
            [
              36.894707034072866,
              -1.2664448875517014
            ],
            [
              36.894707034072866,
              -1.2660855614380535
            ],
            [
              36.89506636018651,
              -1.2660855614380535
            ],
            [
              36.89506636018651,
              -1.2659058983812297
            ],
            [
              36.895425686300165,
              -1.2659058983812297
            ],
            [
              36.895425686300165,
              -1.2660855614380535
            ],
            [
              36.895605349356984,
              -1.2660855614380535
            ],
            [
              36.895605349356984,
              -1.2662652244948776
            ],
            [
              36.89596467547064,
              -1.2662652244948776
            ],
            [
              36.89596467547064,
              -1.2664448875517014
            ],
            [
              36.896144338527456,
              -1.2664448875517014
            ],
            [
              36.896144338527456,
              -1.2666245506085252
            ],
            [
              36.89668332769793,
              -1.2666245506085252
            ],
            [
              36.89668332769793,
              -1.266983876722173
            ],
            [
              36.896862990754755,
              -1.266983876722173
            ],
            [
              36.896862990754755,
              -1.267163539778997
            ],
            [
              36.897042653811575,
              -1.267163539778997
            ],
            [
              36.897042653811575,
              -1.2675228658926447
            ],
            [
              36.89758164298205,
              -1.2675228658926447
            ],
            [
              36.89758164298205,
              -1.2677025289494688
            ],
            [
              36.89776130603887,
              -1.2677025289494688
            ],
            [
              36.89776130603887,
              -1.2678821920062926
            ],
            [
              36.89812063215252,
              -1.2678821920062926
            ],
            [
              36.89812063215252,
              -1.2680618550631164
            ],
            [
              36.89847995826617,
              -1.2680618550631164
            ],
            [
              36.89847995826617,
              -1.2678821920062926
            ],
            [
              36.89883928437982,
              -1.2678821920062926
            ],
            [
              36.89883928437982,
              -1.2677025289494688
            ],
            [
              36.899198610493464,
              -1.2677025289494688
            ],
            [
              36.899198610493464,
              -1.2675228658926447
            ],
            [
              36.89937827355029,
              -1.2675228658926447
            ],
            [
              36.89937827355029,
              -1.267343202835821
            ],
            [
              36.90027658883441,
              -1.267343202835821
            ],
            [
              36.90027658883441,
              -1.267163539778997
            ],
            [
              36.900456251891235,
              -1.267163539778997
            ],
            [
              36.900456251891235,
              -1.2666245506085252
            ],
            [
              36.900635914948055,
              -1.2666245506085252
            ],
            [
              36.900635914948055,
              -1.2664448875517014
            ],
            [
              36.900456251891235,
              -1.2664448875517014
            ],
            [
              36.900456251891235,
              -1.2662652244948776
            ],
            [
              36.90027658883441,
              -1.2662652244948776
            ],
            [
              36.90027658883441,
              -1.2664448875517014
            ],
            [
              36.89955793660711,
              -1.2664448875517014
            ],
            [
              36.89955793660711,
              -1.2666245506085252
            ],
            [
              36.899198610493464,
              -1.2666245506085252
            ],
            [
              36.899198610493464,
              -1.2660855614380535
            ],
            [
              36.89901894743664,
              -1.2660855614380535
            ],
            [
              36.89901894743664,
              -1.2659058983812297
            ],
            [
              36.899198610493464,
              -1.2659058983812297
            ],
            [
              36.899198610493464,
              -1.2657262353244059
            ],
            [
              36.89937827355029,
              -1.2657262353244059
            ],
            [
              36.89937827355029,
              -1.2655465722675818
            ],
            [
              36.89955793660711,
              -1.2655465722675818
            ],
            [
              36.89955793660711,
              -1.265366909210758
            ],
            [
              36.90027658883441,
              -1.265366909210758
            ],
            [
              36.90027658883441,
              -1.265187246153934
            ],
            [
              36.900456251891235,
              -1.265187246153934
            ],
            [
              36.900456251891235,
              -1.2650075830971101
            ],
            [
              36.90135456717535,
              -1.2650075830971101
            ],
            [
              36.90135456717535,
              -1.265366909210758
            ],
            [
              36.901713893289,
              -1.265366909210758
            ],
            [
              36.901713893289,
              -1.265187246153934
            ],
            [
              36.901893556345826,
              -1.265187246153934
            ],
            [
              36.901893556345826,
              -1.2650075830971101
            ],
            [
              36.901713893289,
              -1.2650075830971101
            ],
            [
              36.901713893289,
              -1.2648279200402863
            ],
            [
              36.902073219402645,
              -1.2648279200402863
            ],
            [
              36.902073219402645,
              -1.2646482569834623
            ],
            [
              36.90225288245947,
              -1.2646482569834623
            ],
            [
              36.90225288245947,
              -1.2644685939266385
            ],
            [
              36.9024325455163,
              -1.2644685939266385
            ],
            [
              36.9024325455163,
              -1.2642889308698146
            ],
            [
              36.90261220857312,
              -1.2642889308698146
            ],
            [
              36.90261220857312,
              -1.2641092678129906
            ],
            [
              36.902791871629944,
              -1.2641092678129906
            ],
            [
              36.902791871629944,
              -1.2639296047561668
            ],
            [
              36.903330860800416,
              -1.2639296047561668
            ],
            [
              36.903330860800416,
              -1.2637499416993427
            ],
            [
              36.903510523857236,
              -1.2637499416993427
            ],
            [
              36.903510523857236,
              -1.263570278642519
            ],
            [
              36.90369018691406,
              -1.263570278642519
            ],
            [
              36.90369018691406,
              -1.263390615585695
            ],
            [
              36.90386984997089,
              -1.263390615585695
            ],
            [
              36.90386984997089,
              -1.263210952528871
            ],
            [
              36.90404951302771,
              -1.263210952528871
            ],
            [
              36.90404951302771,
              -1.2628516264152232
            ],
            [
              36.904229176084534,
              -1.2628516264152232
            ],
            [
              36.904229176084534,
              -1.2624923003015756
            ],
            [
              36.90440883914136,
              -1.2624923003015756
            ],
            [
              36.90440883914136,
              -1.2623126372447515
            ],
            [
              36.90458850219818,
              -1.2623126372447515
            ],
            [
              36.90458850219818,
              -1.2621329741879277
            ],
            [
              36.90476816525501,
              -1.2621329741879277
            ],
            [
              36.90476816525501,
              -1.2619533111311039
            ],
            [
              36.904947828311826,
              -1.2619533111311039
            ],
            [
              36.904947828311826,
              -1.2617736480742798
            ],
            [
              36.90512749136865,
              -1.2617736480742798
            ],
            [
              36.90512749136865,
              -1.261593985017456
            ],
            [
              36.90530715442548,
              -1.261593985017456
            ],
            [
              36.90530715442548,
              -1.2610549958469843
            ],
            [
              36.9054868174823,
              -1.2610549958469843
            ],
            [
              36.9054868174823,
              -1.2606956697333365
            ],
            [
              36.90584614359595,
              -1.2606956697333365
            ],
            [
              36.90584614359595,
              -1.2605160066765126
            ],
            [
              36.90602580665277,
              -1.2605160066765126
            ],
            [
              36.90602580665277,
              -1.2603363436196886
            ],
            [
              36.9062054697096,
              -1.2603363436196886
            ],
            [
              36.9062054697096,
              -1.2599770175060407
            ],
            [
              36.90602580665277,
              -1.2599770175060407
            ],
            [
              36.90602580665277,
              -1.259797354449217
            ],
            [
              36.905666480539125,
              -1.259797354449217
            ],
            [
              36.905666480539125,
              -1.259617691392393
            ],
            [
              36.90530715442548,
              -1.259617691392393
            ],
            [
              36.90530715442548,
              -1.259797354449217
            ],
            [
              36.90512749136865,
              -1.259797354449217
            ],
            [
              36.90512749136865,
              -1.2599770175060407
            ],
            [
              36.904947828311826,
              -1.2599770175060407
            ],
            [
              36.904947828311826,
              -1.2605160066765126
            ],
            [
              36.90476816525501,
              -1.2605160066765126
            ],
            [
              36.90476816525501,
              -1.2610549958469843
            ],
            [
              36.90458850219818,
              -1.2610549958469843
            ],
            [
              36.90458850219818,
              -1.261414321960632
            ],
            [
              36.90440883914136,
              -1.261414321960632
            ],
            [
              36.90440883914136,
              -1.261593985017456
            ],
            [
              36.90386984997089,
              -1.261593985017456
            ],
            [
              36.90386984997089,
              -1.2617736480742798
            ],
            [
              36.902791871629944,
              -1.2617736480742798
            ],
            [
              36.902791871629944,
              -1.2612346589038081
            ],
            [
              36.9024325455163,
              -1.2612346589038081
            ],
            [
              36.9024325455163,
              -1.261593985017456
            ],
            [
              36.90261220857312,
              -1.261593985017456
            ],
            [
              36.90261220857312,
              -1.2621329741879277
            ],
            [
              36.9024325455163,
              -1.2621329741879277
            ],
            [
              36.9024325455163,
              -1.2623126372447515
            ],
            [
              36.901713893289,
              -1.2623126372447515
            ],
            [
              36.901713893289,
              -1.2617736480742798
            ],
            [
              36.902073219402645,
              -1.2617736480742798
            ],
            [
              36.902073219402645,
              -1.261593985017456
            ],
            [
              36.901713893289,
              -1.261593985017456
            ],
            [
              36.901713893289,
              -1.261414321960632
            ],
            [
              36.90135456717535,
              -1.261414321960632
            ],
            [
              36.90135456717535,
              -1.261593985017456
            ],
            [
              36.90117490411853,
              -1.261593985017456
            ],
            [
              36.90117490411853,
              -1.2617736480742798
            ],
            [
              36.90081557800488,
              -1.2617736480742798
            ],
            [
              36.90081557800488,
              -1.2619533111311039
            ],
            [
              36.900635914948055,
              -1.2619533111311039
            ],
            [
              36.900635914948055,
              -1.2621329741879277
            ],
            [
              36.900456251891235,
              -1.2621329741879277
            ],
            [
              36.900456251891235,
              -1.2623126372447515
            ],
            [
              36.90027658883441,
              -1.2623126372447515
            ],
            [
              36.90027658883441,
              -1.2624923003015756
            ],
            [
              36.90009692577758,
              -1.2624923003015756
            ],
            [
              36.90009692577758,
              -1.2628516264152232
            ],
            [
              36.89991726272076,
              -1.2628516264152232
            ],
            [
              36.89991726272076,
              -1.2626719633583994
            ],
            [
              36.899737599663936,
              -1.2626719633583994
            ],
            [
              36.899737599663936,
              -1.2628516264152232
            ],
            [
              36.89937827355029,
              -1.2628516264152232
            ],
            [
              36.89937827355029,
              -1.2630312894720472
            ],
            [
              36.89901894743664,
              -1.2630312894720472
            ],
            [
              36.89901894743664,
              -1.263390615585695
            ],
            [
              36.899198610493464,
              -1.263390615585695
            ],
            [
              36.899198610493464,
              -1.263570278642519
            ],
            [
              36.89955793660711,
              -1.263570278642519
            ],
            [
              36.89955793660711,
              -1.263390615585695
            ],
            [
              36.899737599663936,
              -1.263390615585695
            ],
            [
              36.899737599663936,
              -1.263210952528871
            ],
            [
              36.89991726272076,
              -1.263210952528871
            ],
            [
              36.89991726272076,
              -1.2630312894720472
            ],
            [
              36.900456251891235,
              -1.2630312894720472
            ],
            [
              36.900456251891235,
              -1.2628516264152232
            ],
            [
              36.900635914948055,
              -1.2628516264152232
            ],
            [
              36.900635914948055,
              -1.2630312894720472
            ],
            [
              36.90081557800488,
              -1.2630312894720472
            ],
            [
              36.90081557800488,
              -1.263210952528871
            ],
            [
              36.900635914948055,
              -1.263210952528871
            ],
            [
              36.900635914948055,
              -1.263570278642519
            ],
            [
              36.900456251891235,
              -1.263570278642519
            ],
            [
              36.900456251891235,
              -1.2637499416993427
            ],
            [
              36.90027658883441,
              -1.2637499416993427
            ],
            [
              36.90027658883441,
              -1.2639296047561668
            ],
            [
              36.899737599663936,
              -1.2639296047561668
            ],
            [
              36.899737599663936,
              -1.2642889308698146
            ],
            [
              36.89955793660711,
              -1.2642889308698146
            ],
            [
              36.89955793660711,
              -1.2646482569834623
            ],
            [
              36.899198610493464,
              -1.2646482569834623
            ],
            [
              36.899198610493464,
              -1.2644685939266385
            ],
            [
              36.89901894743664,
              -1.2644685939266385
            ],
            [
              36.89901894743664,
              -1.2646482569834623
            ],
            [
              36.89865962132299,
              -1.2646482569834623
            ],
            [
              36.89865962132299,
              -1.2648279200402863
            ],
            [
              36.89847995826617,
              -1.2648279200402863
            ],
            [
              36.89847995826617,
              -1.2650075830971101
            ],
            [
              36.898300295209346,
              -1.2650075830971101
            ],
            [
              36.898300295209346,
              -1.265187246153934
            ],
            [
              36.89812063215252,
              -1.265187246153934
            ],
            [
              36.89812063215252,
              -1.265366909210758
            ],
            [
              36.89776130603887,
              -1.265366909210758
            ],
            [
              36.89776130603887,
              -1.2655465722675818
            ],
            [
              36.8972223168684,
              -1.2655465722675818
            ],
            [
              36.8972223168684,
              -1.265366909210758
            ],
            [
              36.897042653811575,
              -1.265366909210758
            ],
            [
              36.897042653811575,
              -1.2650075830971101
            ],
            [
              36.8972223168684,
              -1.2650075830971101
            ],
            [
              36.8972223168684,
              -1.2644685939266385
            ],
            [
              36.897042653811575,
              -1.2644685939266385
            ],
            [
              36.897042653811575,
              -1.2630312894720472
            ],
            [
              36.8972223168684,
              -1.2630312894720472
            ],
            [
              36.8972223168684,
              -1.2628516264152232
            ],
            [
              36.89740197992523,
              -1.2628516264152232
            ],
            [
              36.89740197992523,
              -1.2626719633583994
            ],
            [
              36.89758164298205,
              -1.2626719633583994
            ],
            [
              36.89758164298205,
              -1.2619533111311039
            ],
            [
              36.89740197992523,
              -1.2619533111311039
            ],
            [
              36.89740197992523,
              -1.2617736480742798
            ],
            [
              36.8972223168684,
              -1.2617736480742798
            ],
            [
              36.8972223168684,
              -1.261414321960632
            ],
            [
              36.897042653811575,
              -1.261414321960632
            ],
            [
              36.897042653811575,
              -1.2610549958469843
            ],
            [
              36.896862990754755,
              -1.2610549958469843
            ],
            [
              36.896862990754755,
              -1.2606956697333365
            ],
            [
              36.89668332769793,
              -1.2606956697333365
            ],
            [
              36.89668332769793,
              -1.2603363436196886
            ],
            [
              36.89650366464111,
              -1.2603363436196886
            ],
            [
              36.89650366464111,
              -1.2599770175060407
            ],
            [
              36.894527371016046,
              -1.2599770175060407
            ],
            [
              36.894527371016046,
              -1.2601566805628648
            ],
            [
              36.89416804490239,
              -1.2601566805628648
            ],
            [
              36.89416804490239,
              -1.2603363436196886
            ],
            [
              36.893988381845574,
              -1.2603363436196886
            ],
            [
              36.893988381845574,
              -1.2605160066765126
            ],
            [
              36.89416804490239,
              -1.2605160066765126
            ],
            [
              36.89416804490239,
              -1.2610549958469843
            ],
            [
              36.89434770795922,
              -1.2610549958469843
            ],
            [
              36.89434770795922,
              -1.2619533111311039
            ],
            [
              36.895605349356984,
              -1.2619533111311039
            ],
            [
              36.895605349356984,
              -1.2621329741879277
            ],
            [
              36.89578501241381,
              -1.2621329741879277
            ],
            [
              36.89578501241381,
              -1.2630312894720472
            ],
            [
              36.895605349356984,
              -1.2630312894720472
            ],
            [
              36.895605349356984,
              -1.263210952528871
            ],
            [
              36.895425686300165,
              -1.263210952528871
            ],
            [
              36.895425686300165,
              -1.263390615585695
            ],
            [
              36.89488669712969,
              -1.263390615585695
            ],
            [
              36.89488669712969,
              -1.263570278642519
            ],
            [
              36.89434770795922,
              -1.263570278642519
            ],
            [
              36.89434770795922,
              -1.2637499416993427
            ],
            [
              36.89416804490239,
              -1.2637499416993427
            ],
            [
              36.89416804490239,
              -1.2639296047561668
            ],
            [
              36.89380871878875,
              -1.2639296047561668
            ],
            [
              36.89380871878875,
              -1.2641092678129906
            ],
            [
              36.89362905573192,
              -1.2641092678129906
            ],
            [
              36.89362905573192,
              -1.2642889308698146
            ],
            [
              36.8934493926751,
              -1.2642889308698146
            ],
            [
              36.8934493926751,
              -1.2644685939266385
            ],
            [
              36.893269729618275,
              -1.2644685939266385
            ]
          ],
          [
            [
              36.89165276210686,
              -1.2684211811767643
            ],
            [
              36.89147309905004,
              -1.2684211811767643
            ],
            [
              36.89147309905004,
              -1.268960170347236
            ],
            [
              36.89165276210686,
              -1.268960170347236
            ],
            [
              36.89165276210686,
              -1.2684211811767643
            ]
          ],
          [
            [
              36.89165276210686,
              -1.267343202835821
            ],
            [
              36.89147309905004,
              -1.267343202835821
            ],
            [
              36.89147309905004,
              -1.2678821920062926
            ],
            [
              36.89165276210686,
              -1.2678821920062926
            ],
            [
              36.89165276210686,
              -1.267343202835821
            ]
          ],
          [
            [
              36.89776130603887,
              -1.2668042136653492
            ],
            [
              36.89758164298205,
              -1.2668042136653492
            ],
            [
              36.89758164298205,
              -1.2675228658926447
            ],
            [
              36.89776130603887,
              -1.2675228658926447
            ],
            [
              36.89776130603887,
              -1.2668042136653492
            ]
          ],
          [
            [
              36.899198610493464,
              -1.2666245506085252
            ],
            [
              36.89901894743664,
              -1.2666245506085252
            ],
            [
              36.89901894743664,
              -1.2668042136653492
            ],
            [
              36.899198610493464,
              -1.2668042136653492
            ],
            [
              36.899198610493464,
              -1.2666245506085252
            ]
          ],
          [
            [
              36.895425686300165,
              -1.2642889308698146
            ],
            [
              36.89488669712969,
              -1.2642889308698146
            ],
            [
              36.89488669712969,
              -1.2646482569834623
            ],
            [
              36.895425686300165,
              -1.2646482569834623
            ],
            [
              36.895425686300165,
              -1.2642889308698146
            ]
          ],
          [
            [
              36.902073219402645,
              -1.263390615585695
            ],
            [
              36.901893556345826,
              -1.263390615585695
            ],
            [
              36.901893556345826,
              -1.2637499416993427
            ],
            [
              36.902073219402645,
              -1.2637499416993427
            ],
            [
              36.902073219402645,
              -1.263390615585695
            ]
          ]
        ]
      },
      "id": "+205415-7012",
      "properties": {
        "area_ha": 65.07835469643094,
        "area_m2": 650783.5469643093,
        "class": 0,
        "count": 1631
      }
    },
    {
      "type": "Feature",
      "geometry": {
        "geodesic": false,
        "type": "Polygon",
        "coordinates": [
          [
            [
              36.9062054697096,
              -1.179128641935284
            ],
            [
              36.9062054697096,
              -1.1793083049921078
            ],
            [
              36.906385132766424,
              -1.1793083049921078
            ],
            [
              36.906385132766424,
              -1.1800269572194033
            ],
            [
              36.9062054697096,
              -1.1800269572194033
            ],
            [
              36.9062054697096,
              -1.1803862833330512
            ],
            [
              36.90602580665277,
              -1.1803862833330512
            ],
            [
              36.90602580665277,
              -1.1805659463898752
            ],
            [
              36.90584614359595,
              -1.1805659463898752
            ],
            [
              36.90584614359595,
              -1.180745609446699
            ],
            [
              36.90440883914136,
              -1.180745609446699
            ],
            [
              36.90440883914136,
              -1.1805659463898752
            ],
            [
              36.90386984997089,
              -1.1805659463898752
            ],
            [
              36.90386984997089,
              -1.181104935560347
            ],
            [
              36.90404951302771,
              -1.181104935560347
            ],
            [
              36.90404951302771,
              -1.1812845986171707
            ],
            [
              36.904229176084534,
              -1.1812845986171707
            ],
            [
              36.904229176084534,
              -1.1814642616739948
            ],
            [
              36.90440883914136,
              -1.1814642616739948
            ],
            [
              36.90440883914136,
              -1.1825422400149381
            ],
            [
              36.904229176084534,
              -1.1825422400149381
            ],
            [
              36.904229176084534,
              -1.182721903071762
            ],
            [
              36.90404951302771,
              -1.182721903071762
            ],
            [
              36.90404951302771,
              -1.182901566128586
            ],
            [
              36.90315119774359,
              -1.182901566128586
            ],
            [
              36.90315119774359,
              -1.1830812291854098
            ],
            [
              36.90297153468676,
              -1.1830812291854098
            ],
            [
              36.90297153468676,
              -1.1832608922422336
            ],
            [
              36.902791871629944,
              -1.1832608922422336
            ],
            [
              36.902791871629944,
              -1.1834405552990577
            ],
            [
              36.90297153468676,
              -1.1834405552990577
            ],
            [
              36.90297153468676,
              -1.1837998814127053
            ],
            [
              36.90315119774359,
              -1.1837998814127053
            ],
            [
              36.90315119774359,
              -1.1841592075263532
            ],
            [
              36.903510523857236,
              -1.1841592075263532
            ],
            [
              36.903510523857236,
              -1.1843388705831772
            ],
            [
              36.90315119774359,
              -1.1843388705831772
            ],
            [
              36.90315119774359,
              -1.184518533640001
            ],
            [
              36.90297153468676,
              -1.184518533640001
            ],
            [
              36.90297153468676,
              -1.1846981966968249
            ],
            [
              36.90315119774359,
              -1.1846981966968249
            ],
            [
              36.90315119774359,
              -1.184877859753649
            ],
            [
              36.90297153468676,
              -1.184877859753649
            ],
            [
              36.90297153468676,
              -1.1850575228104727
            ],
            [
              36.90315119774359,
              -1.1850575228104727
            ],
            [
              36.90315119774359,
              -1.1852371858672965
            ],
            [
              36.90297153468676,
              -1.1852371858672965
            ],
            [
              36.90297153468676,
              -1.1854168489241206
            ],
            [
              36.903510523857236,
              -1.1854168489241206
            ],
            [
              36.903510523857236,
              -1.1855965119809444
            ],
            [
              36.90369018691406,
              -1.1855965119809444
            ],
            [
              36.90369018691406,
              -1.1850575228104727
            ],
            [
              36.90404951302771,
              -1.1850575228104727
            ],
            [
              36.90404951302771,
              -1.184877859753649
            ],
            [
              36.90386984997089,
              -1.184877859753649
            ],
            [
              36.90386984997089,
              -1.1846981966968249
            ],
            [
              36.90369018691406,
              -1.1846981966968249
            ],
            [
              36.90369018691406,
              -1.184518533640001
            ],
            [
              36.90386984997089,
              -1.184518533640001
            ],
            [
              36.90386984997089,
              -1.1843388705831772
            ],
            [
              36.90404951302771,
              -1.1843388705831772
            ],
            [
              36.90404951302771,
              -1.1841592075263532
            ],
            [
              36.904229176084534,
              -1.1841592075263532
            ],
            [
              36.904229176084534,
              -1.1839795444695294
            ],
            [
              36.90440883914136,
              -1.1839795444695294
            ],
            [
              36.90440883914136,
              -1.1837998814127053
            ],
            [
              36.90476816525501,
              -1.1837998814127053
            ],
            [
              36.90476816525501,
              -1.1839795444695294
            ],
            [
              36.90512749136865,
              -1.1839795444695294
            ],
            [
              36.90512749136865,
              -1.1846981966968249
            ],
            [
              36.904947828311826,
              -1.1846981966968249
            ],
            [
              36.904947828311826,
              -1.184877859753649
            ],
            [
              36.90476816525501,
              -1.184877859753649
            ],
            [
              36.90476816525501,
              -1.1850575228104727
            ],
            [
              36.90458850219818,
              -1.1850575228104727
            ],
            [
              36.90458850219818,
              -1.1852371858672965
            ],
            [
              36.90386984997089,
              -1.1852371858672965
            ],
            [
              36.90386984997089,
              -1.1854168489241206
            ],
            [
              36.90404951302771,
              -1.1854168489241206
            ],
            [
              36.90404951302771,
              -1.1857761750377684
            ],
            [
              36.904229176084534,
              -1.1857761750377684
            ],
            [
              36.904229176084534,
              -1.1855965119809444
            ],
            [
              36.90440883914136,
              -1.1855965119809444
            ],
            [
              36.90440883914136,
              -1.1854168489241206
            ],
            [
              36.90458850219818,
              -1.1854168489241206
            ],
            [
              36.90458850219818,
              -1.1852371858672965
            ],
            [
              36.90476816525501,
              -1.1852371858672965
            ],
            [
              36.90476816525501,
              -1.1854168489241206
            ],
            [
              36.904947828311826,
              -1.1854168489241206
            ],
            [
              36.904947828311826,
              -1.1852371858672965
            ],
            [
              36.90512749136865,
              -1.1852371858672965
            ],
            [
              36.90512749136865,
              -1.1854168489241206
            ],
            [
              36.905666480539125,
              -1.1854168489241206
            ],
            [
              36.905666480539125,
              -1.1855965119809444
            ],
            [
              36.90584614359595,
              -1.1855965119809444
            ],
            [
              36.90584614359595,
              -1.1859558380945923
            ],
            [
              36.90602580665277,
              -1.1859558380945923
            ],
            [
              36.90602580665277,
              -1.1863151642082401
            ],
            [
              36.90584614359595,
              -1.1863151642082401
            ],
            [
              36.90584614359595,
              -1.186674490321888
            ],
            [
              36.905666480539125,
              -1.186674490321888
            ],
            [
              36.905666480539125,
              -1.1872134794923597
            ],
            [
              36.9054868174823,
              -1.1872134794923597
            ],
            [
              36.9054868174823,
              -1.1873931425491835
            ],
            [
              36.905666480539125,
              -1.1873931425491835
            ],
            [
              36.905666480539125,
              -1.1875728056060073
            ],
            [
              36.9054868174823,
              -1.1875728056060073
            ],
            [
              36.9054868174823,
              -1.1877524686628314
            ],
            [
              36.90602580665277,
              -1.1877524686628314
            ],
            [
              36.90602580665277,
              -1.1875728056060073
            ],
            [
              36.906385132766424,
              -1.1875728056060073
            ],
            [
              36.906385132766424,
              -1.1877524686628314
            ],
            [
              36.90656479582324,
              -1.1877524686628314
            ],
            [
              36.90656479582324,
              -1.1879321317196552
            ],
            [
              36.90674445888007,
              -1.1879321317196552
            ],
            [
              36.90674445888007,
              -1.1884711208901269
            ],
            [
              36.90692412193689,
              -1.1884711208901269
            ],
            [
              36.90692412193689,
              -1.188650783946951
            ],
            [
              36.907103784993716,
              -1.188650783946951
            ],
            [
              36.907103784993716,
              -1.1884711208901269
            ],
            [
              36.90836142639149,
              -1.1884711208901269
            ],
            [
              36.90836142639149,
              -1.188291457833303
            ],
            [
              36.90818176333466,
              -1.188291457833303
            ],
            [
              36.90818176333466,
              -1.1873931425491835
            ],
            [
              36.908541089448306,
              -1.1873931425491835
            ],
            [
              36.908541089448306,
              -1.1872134794923597
            ],
            [
              36.90908007861878,
              -1.1872134794923597
            ],
            [
              36.90908007861878,
              -1.1873931425491835
            ],
            [
              36.90961906778925,
              -1.1873931425491835
            ],
            [
              36.90961906778925,
              -1.1872134794923597
            ],
            [
              36.909439404732424,
              -1.1872134794923597
            ],
            [
              36.909439404732424,
              -1.1870338164355356
            ],
            [
              36.90908007861878,
              -1.1870338164355356
            ],
            [
              36.90908007861878,
              -1.1868541533787118
            ],
            [
              36.90818176333466,
              -1.1868541533787118
            ],
            [
              36.90818176333466,
              -1.186674490321888
            ],
            [
              36.908002100277834,
              -1.186674490321888
            ],
            [
              36.908002100277834,
              -1.186494827265064
            ],
            [
              36.90764277416419,
              -1.186494827265064
            ],
            [
              36.90764277416419,
              -1.1863151642082401
            ],
            [
              36.90746311110736,
              -1.1863151642082401
            ],
            [
              36.90746311110736,
              -1.186135501151416
            ],
            [
              36.90728344805054,
              -1.186135501151416
            ],
            [
              36.90728344805054,
              -1.1859558380945923
            ],
            [
              36.907103784993716,
              -1.1859558380945923
            ],
            [
              36.907103784993716,
              -1.1857761750377684
            ],
            [
              36.90692412193689,
              -1.1857761750377684
            ],
            [
              36.90692412193689,
              -1.184877859753649
            ],
            [
              36.907103784993716,
              -1.184877859753649
            ],
            [
              36.907103784993716,
              -1.1846981966968249
            ],
            [
              36.90728344805054,
              -1.1846981966968249
            ],
            [
              36.90728344805054,
              -1.1843388705831772
            ],
            [
              36.90746311110736,
              -1.1843388705831772
            ],
            [
              36.90746311110736,
              -1.1841592075263532
            ],
            [
              36.90764277416419,
              -1.1841592075263532
            ],
            [
              36.90764277416419,
              -1.1839795444695294
            ],
            [
              36.907822437221014,
              -1.1839795444695294
            ],
            [
              36.907822437221014,
              -1.1834405552990577
            ],
            [
              36.908002100277834,
              -1.1834405552990577
            ],
            [
              36.908002100277834,
              -1.1832608922422336
            ],
            [
              36.90818176333466,
              -1.1832608922422336
            ],
            [
              36.90818176333466,
              -1.1830812291854098
            ],
            [
              36.90872075250513,
              -1.1830812291854098
            ],
            [
              36.90872075250513,
              -1.182901566128586
            ],
            [
              36.90908007861878,
              -1.182901566128586
            ],
            [
              36.90908007861878,
              -1.182362576958114
            ],
            [
              36.90890041556195,
              -1.182362576958114
            ],
            [
              36.90890041556195,
              -1.1821829139012903
            ],
            [
              36.90818176333466,
              -1.1821829139012903
            ],
            [
              36.90818176333466,
              -1.182362576958114
            ],
            [
              36.907822437221014,
              -1.182362576958114
            ],
            [
              36.907822437221014,
              -1.1825422400149381
            ],
            [
              36.90764277416419,
              -1.1825422400149381
            ],
            [
              36.90764277416419,
              -1.182362576958114
            ],
            [
              36.90746311110736,
              -1.182362576958114
            ],
            [
              36.90746311110736,
              -1.1821829139012903
            ],
            [
              36.90728344805054,
              -1.1821829139012903
            ],
            [
              36.90728344805054,
              -1.182721903071762
            ],
            [
              36.907103784993716,
              -1.182721903071762
            ],
            [
              36.907103784993716,
              -1.182901566128586
            ],
            [
              36.90728344805054,
              -1.182901566128586
            ],
            [
              36.90728344805054,
              -1.1830812291854098
            ],
            [
              36.90746311110736,
              -1.1830812291854098
            ],
            [
              36.90746311110736,
              -1.1834405552990577
            ],
            [
              36.90764277416419,
              -1.1834405552990577
            ],
            [
              36.90764277416419,
              -1.1836202183558815
            ],
            [
              36.90746311110736,
              -1.1836202183558815
            ],
            [
              36.90746311110736,
              -1.1839795444695294
            ],
            [
              36.90728344805054,
              -1.1839795444695294
            ],
            [
              36.90728344805054,
              -1.1841592075263532
            ],
            [
              36.907103784993716,
              -1.1841592075263532
            ],
            [
              36.907103784993716,
              -1.1843388705831772
            ],
            [
              36.906385132766424,
              -1.1843388705831772
            ],
            [
              36.906385132766424,
              -1.1839795444695294
            ],
            [
              36.9062054697096,
              -1.1839795444695294
            ],
            [
              36.9062054697096,
              -1.1837998814127053
            ],
            [
              36.906385132766424,
              -1.1837998814127053
            ],
            [
              36.906385132766424,
              -1.1830812291854098
            ],
            [
              36.90602580665277,
              -1.1830812291854098
            ],
            [
              36.90602580665277,
              -1.182901566128586
            ],
            [
              36.90584614359595,
              -1.182901566128586
            ],
            [
              36.90584614359595,
              -1.1821829139012903
            ],
            [
              36.90602580665277,
              -1.1821829139012903
            ],
            [
              36.90602580665277,
              -1.1820032508444664
            ],
            [
              36.90584614359595,
              -1.1820032508444664
            ],
            [
              36.90584614359595,
              -1.1818235877876424
            ],
            [
              36.90602580665277,
              -1.1818235877876424
            ],
            [
              36.90602580665277,
              -1.1814642616739948
            ],
            [
              36.9062054697096,
              -1.1814642616739948
            ],
            [
              36.9062054697096,
              -1.181104935560347
            ],
            [
              36.90692412193689,
              -1.181104935560347
            ],
            [
              36.90692412193689,
              -1.1809252725035229
            ],
            [
              36.90674445888007,
              -1.1809252725035229
            ],
            [
              36.90674445888007,
              -1.1805659463898752
            ],
            [
              36.90692412193689,
              -1.1805659463898752
            ],
            [
              36.90692412193689,
              -1.1802066202762274
            ],
            [
              36.90674445888007,
              -1.1802066202762274
            ],
            [
              36.90674445888007,
              -1.1800269572194033
            ],
            [
              36.90656479582324,
              -1.1800269572194033
            ],
            [
              36.90656479582324,
              -1.1798472941625795
            ],
            [
              36.90674445888007,
              -1.1798472941625795
            ],
            [
              36.90674445888007,
              -1.1796676311057557
            ],
            [
              36.90692412193689,
              -1.1796676311057557
            ],
            [
              36.90692412193689,
              -1.1793083049921078
            ],
            [
              36.90674445888007,
              -1.1793083049921078
            ],
            [
              36.90674445888007,
              -1.179128641935284
            ],
            [
              36.9062054697096,
              -1.179128641935284
            ]
          ],
          [
            [
              36.907103784993716,
              -1.188291457833303
            ],
            [
              36.90692412193689,
              -1.188291457833303
            ],
            [
              36.90692412193689,
              -1.1884711208901269
            ],
            [
              36.907103784993716,
              -1.1884711208901269
            ],
            [
              36.907103784993716,
              -1.188291457833303
            ]
          ],
          [
            [
              36.90369018691406,
              -1.1837998814127053
            ],
            [
              36.903510523857236,
              -1.1837998814127053
            ],
            [
              36.903510523857236,
              -1.1839795444695294
            ],
            [
              36.90369018691406,
              -1.1839795444695294
            ],
            [
              36.90369018691406,
              -1.1837998814127053
            ]
          ]
        ]
      },
      "id": "+205421-6564",
      "properties": {
        "area_ha": 25.696950568258654,
        "area_m2": 256969.50568258655,
        "class": 0,
        "count": 644
      }
    },
    {
      "type": "Feature",
      "geometry": {
        "geodesic": false,
        "type": "Polygon",
        "coordinates": [
          [
            [
              36.91231401364161,
              -1.238956439857644
            ],
            [
              36.91231401364161,
              -1.2391361029144679
            ],
            [
              36.91195468752796,
              -1.2391361029144679
            ],
            [
              36.91195468752796,
              -1.239315765971292
            ],
            [
              36.91177502447114,
              -1.239315765971292
            ],
            [
              36.91177502447114,
              -1.2394954290281157
            ],
            [
              36.91141569835749,
              -1.2394954290281157
            ],
            [
              36.91141569835749,
              -1.2396750920849398
            ],
            [
              36.910697046130196,
              -1.2396750920849398
            ],
            [
              36.910697046130196,
              -1.2394954290281157
            ],
            [
              36.9099783939029,
              -1.2394954290281157
            ],
            [
              36.9099783939029,
              -1.2396750920849398
            ],
            [
              36.909439404732424,
              -1.2396750920849398
            ],
            [
              36.909439404732424,
              -1.2394954290281157
            ],
            [
              36.90908007861878,
              -1.2394954290281157
            ],
            [
              36.90908007861878,
              -1.239315765971292
            ],
            [
              36.908002100277834,
              -1.239315765971292
            ],
            [
              36.908002100277834,
              -1.2394954290281157
            ],
            [
              36.90818176333466,
              -1.2394954290281157
            ],
            [
              36.90818176333466,
              -1.2400344181985874
            ],
            [
              36.90836142639149,
              -1.2400344181985874
            ],
            [
              36.90836142639149,
              -1.240573407369059
            ],
            [
              36.90818176333466,
              -1.240573407369059
            ],
            [
              36.90818176333466,
              -1.2407530704258831
            ],
            [
              36.90764277416419,
              -1.2407530704258831
            ],
            [
              36.90764277416419,
              -1.240573407369059
            ],
            [
              36.90746311110736,
              -1.240573407369059
            ],
            [
              36.90746311110736,
              -1.2403937443122353
            ],
            [
              36.90728344805054,
              -1.2403937443122353
            ],
            [
              36.90728344805054,
              -1.2400344181985874
            ],
            [
              36.907103784993716,
              -1.2400344181985874
            ],
            [
              36.907103784993716,
              -1.2396750920849398
            ],
            [
              36.90692412193689,
              -1.2396750920849398
            ],
            [
              36.90692412193689,
              -1.2398547551417636
            ],
            [
              36.90674445888007,
              -1.2398547551417636
            ],
            [
              36.90674445888007,
              -1.2400344181985874
            ],
            [
              36.90656479582324,
              -1.2400344181985874
            ],
            [
              36.90656479582324,
              -1.2402140812554114
            ],
            [
              36.90530715442548,
              -1.2402140812554114
            ],
            [
              36.90530715442548,
              -1.2400344181985874
            ],
            [
              36.90440883914136,
              -1.2400344181985874
            ],
            [
              36.90440883914136,
              -1.2398547551417636
            ],
            [
              36.90404951302771,
              -1.2398547551417636
            ],
            [
              36.90404951302771,
              -1.2400344181985874
            ],
            [
              36.90369018691406,
              -1.2400344181985874
            ],
            [
              36.90369018691406,
              -1.2402140812554114
            ],
            [
              36.903510523857236,
              -1.2402140812554114
            ],
            [
              36.903510523857236,
              -1.2403937443122353
            ],
            [
              36.90315119774359,
              -1.2403937443122353
            ],
            [
              36.90315119774359,
              -1.240573407369059
            ],
            [
              36.90297153468676,
              -1.240573407369059
            ],
            [
              36.90297153468676,
              -1.2407530704258831
            ],
            [
              36.902791871629944,
              -1.2407530704258831
            ],
            [
              36.902791871629944,
              -1.240932733482707
            ],
            [
              36.90297153468676,
              -1.240932733482707
            ],
            [
              36.90297153468676,
              -1.242729364050946
            ],
            [
              36.902791871629944,
              -1.242729364050946
            ],
            [
              36.902791871629944,
              -1.2429090271077698
            ],
            [
              36.90261220857312,
              -1.2429090271077698
            ],
            [
              36.90261220857312,
              -1.243088690164594
            ],
            [
              36.9024325455163,
              -1.243088690164594
            ],
            [
              36.9024325455163,
              -1.2432683532214177
            ],
            [
              36.90225288245947,
              -1.2432683532214177
            ],
            [
              36.90225288245947,
              -1.2434480162782415
            ],
            [
              36.90153423023217,
              -1.2434480162782415
            ],
            [
              36.90153423023217,
              -1.2438073423918894
            ],
            [
              36.90135456717535,
              -1.2438073423918894
            ],
            [
              36.90135456717535,
              -1.244346331562361
            ],
            [
              36.90153423023217,
              -1.244346331562361
            ],
            [
              36.90153423023217,
              -1.244705657676009
            ],
            [
              36.901713893289,
              -1.244705657676009
            ],
            [
              36.901713893289,
              -1.2450649837896568
            ],
            [
              36.901893556345826,
              -1.2450649837896568
            ],
            [
              36.901893556345826,
              -1.2452446468464806
            ],
            [
              36.902073219402645,
              -1.2452446468464806
            ],
            [
              36.902073219402645,
              -1.2466819513010718
            ],
            [
              36.90225288245947,
              -1.2466819513010718
            ],
            [
              36.90225288245947,
              -1.2470412774147197
            ],
            [
              36.9024325455163,
              -1.2470412774147197
            ],
            [
              36.9024325455163,
              -1.2472209404715435
            ],
            [
              36.90297153468676,
              -1.2472209404715435
            ],
            [
              36.90297153468676,
              -1.2470412774147197
            ],
            [
              36.90315119774359,
              -1.2470412774147197
            ],
            [
              36.90315119774359,
              -1.2468616143578959
            ],
            [
              36.903510523857236,
              -1.2468616143578959
            ],
            [
              36.903510523857236,
              -1.2466819513010718
            ],
            [
              36.90369018691406,
              -1.2466819513010718
            ],
            [
              36.90369018691406,
              -1.2463226251874242
            ],
            [
              36.90386984997089,
              -1.2463226251874242
            ],
            [
              36.90386984997089,
              -1.2461429621306002
            ],
            [
              36.90404951302771,
              -1.2461429621306002
            ],
            [
              36.90404951302771,
              -1.2457836360169523
            ],
            [
              36.904229176084534,
              -1.2457836360169523
            ],
            [
              36.904229176084534,
              -1.2452446468464806
            ],
            [
              36.90404951302771,
              -1.2452446468464806
            ],
            [
              36.90404951302771,
              -1.2454243099033047
            ],
            [
              36.90369018691406,
              -1.2454243099033047
            ],
            [
              36.90369018691406,
              -1.2456039729601285
            ],
            [
              36.903330860800416,
              -1.2456039729601285
            ],
            [
              36.903330860800416,
              -1.2457836360169523
            ],
            [
              36.902791871629944,
              -1.2457836360169523
            ],
            [
              36.902791871629944,
              -1.2456039729601285
            ],
            [
              36.90261220857312,
              -1.2456039729601285
            ],
            [
              36.90261220857312,
              -1.244885320732833
            ],
            [
              36.902791871629944,
              -1.244885320732833
            ],
            [
              36.902791871629944,
              -1.244705657676009
            ],
            [
              36.90297153468676,
              -1.244705657676009
            ],
            [
              36.90297153468676,
              -1.2445259946191851
            ],
            [
              36.90369018691406,
              -1.2445259946191851
            ],
            [
              36.90369018691406,
              -1.244705657676009
            ],
            [
              36.904229176084534,
              -1.244705657676009
            ],
            [
              36.904229176084534,
              -1.2445259946191851
            ],
            [
              36.90458850219818,
              -1.2445259946191851
            ],
            [
              36.90458850219818,
              -1.244346331562361
            ],
            [
              36.904947828311826,
              -1.244346331562361
            ],
            [
              36.904947828311826,
              -1.2441666685055373
            ],
            [
              36.90530715442548,
              -1.2441666685055373
            ],
            [
              36.90530715442548,
              -1.2439870054487134
            ],
            [
              36.905666480539125,
              -1.2439870054487134
            ],
            [
              36.905666480539125,
              -1.2438073423918894
            ],
            [
              36.90584614359595,
              -1.2438073423918894
            ],
            [
              36.90584614359595,
              -1.2436276793350656
            ],
            [
              36.9062054697096,
              -1.2436276793350656
            ],
            [
              36.9062054697096,
              -1.2434480162782415
            ],
            [
              36.906385132766424,
              -1.2434480162782415
            ],
            [
              36.906385132766424,
              -1.2432683532214177
            ],
            [
              36.90656479582324,
              -1.2432683532214177
            ],
            [
              36.90656479582324,
              -1.243088690164594
            ],
            [
              36.90692412193689,
              -1.243088690164594
            ],
            [
              36.90692412193689,
              -1.2429090271077698
            ],
            [
              36.90746311110736,
              -1.2429090271077698
            ],
            [
              36.90746311110736,
              -1.243088690164594
            ],
            [
              36.90764277416419,
              -1.243088690164594
            ],
            [
              36.90764277416419,
              -1.2432683532214177
            ],
            [
              36.907822437221014,
              -1.2432683532214177
            ],
            [
              36.907822437221014,
              -1.2436276793350656
            ],
            [
              36.908002100277834,
              -1.2436276793350656
            ],
            [
              36.908002100277834,
              -1.2438073423918894
            ],
            [
              36.908541089448306,
              -1.2438073423918894
            ],
            [
              36.908541089448306,
              -1.2436276793350656
            ],
            [
              36.90890041556195,
              -1.2436276793350656
            ],
            [
              36.90890041556195,
              -1.2432683532214177
            ],
            [
              36.90908007861878,
              -1.2432683532214177
            ],
            [
              36.90908007861878,
              -1.243088690164594
            ],
            [
              36.909259741675605,
              -1.243088690164594
            ],
            [
              36.909259741675605,
              -1.2429090271077698
            ],
            [
              36.909439404732424,
              -1.2429090271077698
            ],
            [
              36.909439404732424,
              -1.242729364050946
            ],
            [
              36.90961906778925,
              -1.242729364050946
            ],
            [
              36.90961906778925,
              -1.2425497009941222
            ],
            [
              36.90979873084608,
              -1.2425497009941222
            ],
            [
              36.90979873084608,
              -1.2421903748804743
            ],
            [
              36.91015805695972,
              -1.2421903748804743
            ],
            [
              36.91015805695972,
              -1.2420107118236503
            ],
            [
              36.91033772001655,
              -1.2420107118236503
            ],
            [
              36.91033772001655,
              -1.2416513857100027
            ],
            [
              36.91051738307337,
              -1.2416513857100027
            ],
            [
              36.91051738307337,
              -1.2414717226531786
            ],
            [
              36.910697046130196,
              -1.2414717226531786
            ],
            [
              36.910697046130196,
              -1.2412920595963548
            ],
            [
              36.910876709187015,
              -1.2412920595963548
            ],
            [
              36.910876709187015,
              -1.241112396539531
            ],
            [
              36.91105637224384,
              -1.241112396539531
            ],
            [
              36.91105637224384,
              -1.240932733482707
            ],
            [
              36.91123603530067,
              -1.240932733482707
            ],
            [
              36.91123603530067,
              -1.2407530704258831
            ],
            [
              36.91141569835749,
              -1.2407530704258831
            ],
            [
              36.91141569835749,
              -1.2403937443122353
            ],
            [
              36.911595361414314,
              -1.2403937443122353
            ],
            [
              36.911595361414314,
              -1.2400344181985874
            ],
            [
              36.91177502447114,
              -1.2400344181985874
            ],
            [
              36.91177502447114,
              -1.2398547551417636
            ],
            [
              36.91195468752796,
              -1.2398547551417636
            ],
            [
              36.91195468752796,
              -1.2396750920849398
            ],
            [
              36.912134350584786,
              -1.2396750920849398
            ],
            [
              36.912134350584786,
              -1.2394954290281157
            ],
            [
              36.91231401364161,
              -1.2394954290281157
            ],
            [
              36.91231401364161,
              -1.2391361029144679
            ],
            [
              36.91249367669843,
              -1.2391361029144679
            ],
            [
              36.91249367669843,
              -1.238956439857644
            ],
            [
              36.91231401364161,
              -1.238956439857644
            ]
          ]
        ]
      },
      "id": "+205453-6897",
      "properties": {
        "area_ha": 42.57462414336715,
        "area_m2": 425746.24143367156,
        "class": 0,
        "count": 1067
      }
    },
    {
      "type": "Feature",
      "geometry": {
        "geodesic": false,
        "type": "Polygon",
        "coordinates": [
          [
            [
              36.9137513180962,
              -1.2441666685055373
            ],
            [
              36.9137513180962,
              -1.244346331562361
            ],
            [
              36.91339199198255,
              -1.244346331562361
            ],
            [
              36.91339199198255,
              -1.2445259946191851
            ],
            [
              36.91267333975526,
              -1.2445259946191851
            ],
            [
              36.91267333975526,
              -1.244346331562361
            ],
            [
              36.91231401364161,
              -1.244346331562361
            ],
            [
              36.91231401364161,
              -1.2441666685055373
            ],
            [
              36.91195468752796,
              -1.2441666685055373
            ],
            [
              36.91195468752796,
              -1.244346331562361
            ],
            [
              36.91177502447114,
              -1.244346331562361
            ],
            [
              36.91177502447114,
              -1.2445259946191851
            ],
            [
              36.911595361414314,
              -1.2445259946191851
            ],
            [
              36.911595361414314,
              -1.244705657676009
            ],
            [
              36.91141569835749,
              -1.244705657676009
            ],
            [
              36.91141569835749,
              -1.2450649837896568
            ],
            [
              36.91123603530067,
              -1.2450649837896568
            ],
            [
              36.91123603530067,
              -1.2452446468464806
            ],
            [
              36.91105637224384,
              -1.2452446468464806
            ],
            [
              36.91105637224384,
              -1.2454243099033047
            ],
            [
              36.910876709187015,
              -1.2454243099033047
            ],
            [
              36.910876709187015,
              -1.2456039729601285
            ],
            [
              36.910697046130196,
              -1.2456039729601285
            ],
            [
              36.910697046130196,
              -1.2457836360169523
            ],
            [
              36.91051738307337,
              -1.2457836360169523
            ],
            [
              36.91051738307337,
              -1.2456039729601285
            ],
            [
              36.91015805695972,
              -1.2456039729601285
            ],
            [
              36.91015805695972,
              -1.2452446468464806
            ],
            [
              36.90979873084608,
              -1.2452446468464806
            ],
            [
              36.90979873084608,
              -1.2450649837896568
            ],
            [
              36.909439404732424,
              -1.2450649837896568
            ],
            [
              36.909439404732424,
              -1.2452446468464806
            ],
            [
              36.90908007861878,
              -1.2452446468464806
            ],
            [
              36.90908007861878,
              -1.2454243099033047
            ],
            [
              36.90872075250513,
              -1.2454243099033047
            ],
            [
              36.90872075250513,
              -1.2452446468464806
            ],
            [
              36.908002100277834,
              -1.2452446468464806
            ],
            [
              36.908002100277834,
              -1.2454243099033047
            ],
            [
              36.907822437221014,
              -1.2454243099033047
            ],
            [
              36.907822437221014,
              -1.2456039729601285
            ],
            [
              36.90728344805054,
              -1.2456039729601285
            ],
            [
              36.90728344805054,
              -1.2457836360169523
            ],
            [
              36.90656479582324,
              -1.2457836360169523
            ],
            [
              36.90656479582324,
              -1.2459632990737763
            ],
            [
              36.906385132766424,
              -1.2459632990737763
            ],
            [
              36.906385132766424,
              -1.2461429621306002
            ],
            [
              36.9062054697096,
              -1.2461429621306002
            ],
            [
              36.9062054697096,
              -1.2463226251874242
            ],
            [
              36.90602580665277,
              -1.2463226251874242
            ],
            [
              36.90602580665277,
              -1.2466819513010718
            ],
            [
              36.90584614359595,
              -1.2466819513010718
            ],
            [
              36.90584614359595,
              -1.2468616143578959
            ],
            [
              36.9054868174823,
              -1.2468616143578959
            ],
            [
              36.9054868174823,
              -1.2470412774147197
            ],
            [
              36.904947828311826,
              -1.2470412774147197
            ],
            [
              36.904947828311826,
              -1.2472209404715435
            ],
            [
              36.90476816525501,
              -1.2472209404715435
            ],
            [
              36.90476816525501,
              -1.2474006035283676
            ],
            [
              36.90458850219818,
              -1.2474006035283676
            ],
            [
              36.90458850219818,
              -1.2475802665851914
            ],
            [
              36.90440883914136,
              -1.2475802665851914
            ],
            [
              36.90440883914136,
              -1.2477599296420154
            ],
            [
              36.904229176084534,
              -1.2477599296420154
            ],
            [
              36.904229176084534,
              -1.2479395926988393
            ],
            [
              36.90404951302771,
              -1.2479395926988393
            ],
            [
              36.90404951302771,
              -1.248119255755663
            ],
            [
              36.90369018691406,
              -1.248119255755663
            ],
            [
              36.90369018691406,
              -1.2482989188124871
            ],
            [
              36.903330860800416,
              -1.2482989188124871
            ],
            [
              36.903330860800416,
              -1.248478581869311
            ],
            [
              36.90297153468676,
              -1.248478581869311
            ],
            [
              36.90297153468676,
              -1.2488379079829588
            ],
            [
              36.90315119774359,
              -1.2488379079829588
            ],
            [
              36.90315119774359,
              -1.2491972340966067
            ],
            [
              36.903330860800416,
              -1.2491972340966067
            ],
            [
              36.903330860800416,
              -1.2500955493807262
            ],
            [
              36.903510523857236,
              -1.2500955493807262
            ],
            [
              36.903510523857236,
              -1.2504548754943738
            ],
            [
              36.90369018691406,
              -1.2504548754943738
            ],
            [
              36.90369018691406,
              -1.2508142016080217
            ],
            [
              36.90386984997089,
              -1.2508142016080217
            ],
            [
              36.90386984997089,
              -1.2511735277216696
            ],
            [
              36.90404951302771,
              -1.2511735277216696
            ],
            [
              36.90404951302771,
              -1.2515328538353174
            ],
            [
              36.90440883914136,
              -1.2515328538353174
            ],
            [
              36.90440883914136,
              -1.2517125168921412
            ],
            [
              36.904229176084534,
              -1.2517125168921412
            ],
            [
              36.904229176084534,
              -1.251892179948965
            ],
            [
              36.90476816525501,
              -1.251892179948965
            ],
            [
              36.90476816525501,
              -1.2517125168921412
            ],
            [
              36.904947828311826,
              -1.2517125168921412
            ],
            [
              36.904947828311826,
              -1.2515328538353174
            ],
            [
              36.90530715442548,
              -1.2515328538353174
            ],
            [
              36.90530715442548,
              -1.2511735277216696
            ],
            [
              36.905666480539125,
              -1.2511735277216696
            ],
            [
              36.905666480539125,
              -1.2509938646648455
            ],
            [
              36.90602580665277,
              -1.2509938646648455
            ],
            [
              36.90602580665277,
              -1.2508142016080217
            ],
            [
              36.906385132766424,
              -1.2508142016080217
            ],
            [
              36.906385132766424,
              -1.2506345385511979
            ],
            [
              36.90656479582324,
              -1.2506345385511979
            ],
            [
              36.90656479582324,
              -1.2504548754943738
            ],
            [
              36.90674445888007,
              -1.2504548754943738
            ],
            [
              36.90674445888007,
              -1.25027521243755
            ],
            [
              36.90692412193689,
              -1.25027521243755
            ],
            [
              36.90692412193689,
              -1.2497362232670783
            ],
            [
              36.9054868174823,
              -1.2497362232670783
            ],
            [
              36.9054868174823,
              -1.2495565602102543
            ],
            [
              36.90530715442548,
              -1.2495565602102543
            ],
            [
              36.90530715442548,
              -1.2491972340966067
            ],
            [
              36.906385132766424,
              -1.2491972340966067
            ],
            [
              36.906385132766424,
              -1.2493768971534305
            ],
            [
              36.90656479582324,
              -1.2493768971534305
            ],
            [
              36.90656479582324,
              -1.2491972340966067
            ],
            [
              36.90674445888007,
              -1.2491972340966067
            ],
            [
              36.90674445888007,
              -1.2490175710397826
            ],
            [
              36.90692412193689,
              -1.2490175710397826
            ],
            [
              36.90692412193689,
              -1.2491972340966067
            ],
            [
              36.907103784993716,
              -1.2491972340966067
            ],
            [
              36.907103784993716,
              -1.2490175710397826
            ],
            [
              36.90728344805054,
              -1.2490175710397826
            ],
            [
              36.90728344805054,
              -1.248478581869311
            ],
            [
              36.90746311110736,
              -1.248478581869311
            ],
            [
              36.90746311110736,
              -1.2482989188124871
            ],
            [
              36.90728344805054,
              -1.2482989188124871
            ],
            [
              36.90728344805054,
              -1.2477599296420154
            ],
            [
              36.90746311110736,
              -1.2477599296420154
            ],
            [
              36.90746311110736,
              -1.2463226251874242
            ],
            [
              36.90764277416419,
              -1.2463226251874242
            ],
            [
              36.90764277416419,
              -1.2459632990737763
            ],
            [
              36.90818176333466,
              -1.2459632990737763
            ],
            [
              36.90818176333466,
              -1.2461429621306002
            ],
            [
              36.90836142639149,
              -1.2461429621306002
            ],
            [
              36.90836142639149,
              -1.246502288244248
            ],
            [
              36.908541089448306,
              -1.246502288244248
            ],
            [
              36.908541089448306,
              -1.2466819513010718
            ],
            [
              36.90890041556195,
              -1.2466819513010718
            ],
            [
              36.90890041556195,
              -1.2468616143578959
            ],
            [
              36.90908007861878,
              -1.2468616143578959
            ],
            [
              36.90908007861878,
              -1.246502288244248
            ],
            [
              36.90979873084608,
              -1.246502288244248
            ],
            [
              36.90979873084608,
              -1.2468616143578959
            ],
            [
              36.9099783939029,
              -1.2468616143578959
            ],
            [
              36.9099783939029,
              -1.2470412774147197
            ],
            [
              36.90961906778925,
              -1.2470412774147197
            ],
            [
              36.90961906778925,
              -1.2472209404715435
            ],
            [
              36.909259741675605,
              -1.2472209404715435
            ],
            [
              36.909259741675605,
              -1.2470412774147197
            ],
            [
              36.90908007861878,
              -1.2470412774147197
            ],
            [
              36.90908007861878,
              -1.2472209404715435
            ],
            [
              36.90890041556195,
              -1.2472209404715435
            ],
            [
              36.90890041556195,
              -1.2479395926988393
            ],
            [
              36.90872075250513,
              -1.2479395926988393
            ],
            [
              36.90872075250513,
              -1.248478581869311
            ],
            [
              36.90908007861878,
              -1.248478581869311
            ],
            [
              36.90908007861878,
              -1.2482989188124871
            ],
            [
              36.909439404732424,
              -1.2482989188124871
            ],
            [
              36.909439404732424,
              -1.248119255755663
            ],
            [
              36.90979873084608,
              -1.248119255755663
            ],
            [
              36.90979873084608,
              -1.2479395926988393
            ],
            [
              36.9099783939029,
              -1.2479395926988393
            ],
            [
              36.9099783939029,
              -1.2474006035283676
            ],
            [
              36.91015805695972,
              -1.2474006035283676
            ],
            [
              36.91015805695972,
              -1.2472209404715435
            ],
            [
              36.91033772001655,
              -1.2472209404715435
            ],
            [
              36.91033772001655,
              -1.2470412774147197
            ],
            [
              36.910876709187015,
              -1.2470412774147197
            ],
            [
              36.910876709187015,
              -1.2468616143578959
            ],
            [
              36.91105637224384,
              -1.2468616143578959
            ],
            [
              36.91105637224384,
              -1.2466819513010718
            ],
            [
              36.91123603530067,
              -1.2466819513010718
            ],
            [
              36.91123603530067,
              -1.246502288244248
            ],
            [
              36.91141569835749,
              -1.246502288244248
            ],
            [
              36.91141569835749,
              -1.2463226251874242
            ],
            [
              36.91123603530067,
              -1.2463226251874242
            ],
            [
              36.91123603530067,
              -1.2459632990737763
            ],
            [
              36.91141569835749,
              -1.2459632990737763
            ],
            [
              36.91141569835749,
              -1.2457836360169523
            ],
            [
              36.911595361414314,
              -1.2457836360169523
            ],
            [
              36.911595361414314,
              -1.2459632990737763
            ],
            [
              36.91195468752796,
              -1.2459632990737763
            ],
            [
              36.91195468752796,
              -1.2461429621306002
            ],
            [
              36.912134350584786,
              -1.2461429621306002
            ],
            [
              36.912134350584786,
              -1.2463226251874242
            ],
            [
              36.91231401364161,
              -1.2463226251874242
            ],
            [
              36.91231401364161,
              -1.2461429621306002
            ],
            [
              36.91249367669843,
              -1.2461429621306002
            ],
            [
              36.91249367669843,
              -1.2459632990737763
            ],
            [
              36.91285300281208,
              -1.2459632990737763
            ],
            [
              36.91285300281208,
              -1.2457836360169523
            ],
            [
              36.91321232892573,
              -1.2457836360169523
            ],
            [
              36.91321232892573,
              -1.2454243099033047
            ],
            [
              36.91339199198255,
              -1.2454243099033047
            ],
            [
              36.91339199198255,
              -1.2456039729601285
            ],
            [
              36.914290307266675,
              -1.2456039729601285
            ],
            [
              36.914290307266675,
              -1.2450649837896568
            ],
            [
              36.914469970323495,
              -1.2450649837896568
            ],
            [
              36.914469970323495,
              -1.2445259946191851
            ],
            [
              36.914290307266675,
              -1.2445259946191851
            ],
            [
              36.914290307266675,
              -1.244346331562361
            ],
            [
              36.91393098115302,
              -1.244346331562361
            ],
            [
              36.91393098115302,
              -1.2441666685055373
            ],
            [
              36.9137513180962,
              -1.2441666685055373
            ]
          ],
          [
            [
              36.90458850219818,
              -1.2513531907784934
            ],
            [
              36.90440883914136,
              -1.2513531907784934
            ],
            [
              36.90440883914136,
              -1.2515328538353174
            ],
            [
              36.90458850219818,
              -1.2515328538353174
            ],
            [
              36.90458850219818,
              -1.2513531907784934
            ]
          ],
          [
            [
              36.906385132766424,
              -1.2475802665851914
            ],
            [
              36.90602580665277,
              -1.2475802665851914
            ],
            [
              36.90602580665277,
              -1.2479395926988393
            ],
            [
              36.90584614359595,
              -1.2479395926988393
            ],
            [
              36.90584614359595,
              -1.248119255755663
            ],
            [
              36.90602580665277,
              -1.248119255755663
            ],
            [
              36.90602580665277,
              -1.248478581869311
            ],
            [
              36.90674445888007,
              -1.248478581869311
            ],
            [
              36.90674445888007,
              -1.2482989188124871
            ],
            [
              36.90692412193689,
              -1.2482989188124871
            ],
            [
              36.90692412193689,
              -1.248119255755663
            ],
            [
              36.90674445888007,
              -1.248119255755663
            ],
            [
              36.90674445888007,
              -1.2477599296420154
            ],
            [
              36.906385132766424,
              -1.2477599296420154
            ],
            [
              36.906385132766424,
              -1.2475802665851914
            ]
          ],
          [
            [
              36.91051738307337,
              -1.2457836360169523
            ],
            [
              36.91033772001655,
              -1.2457836360169523
            ],
            [
              36.91033772001655,
              -1.2459632990737763
            ],
            [
              36.91051738307337,
              -1.2459632990737763
            ],
            [
              36.91051738307337,
              -1.2457836360169523
            ]
          ],
          [
            [
              36.91123603530067,
              -1.2456039729601285
            ],
            [
              36.91105637224384,
              -1.2456039729601285
            ],
            [
              36.91105637224384,
              -1.2457836360169523
            ],
            [
              36.91123603530067,
              -1.2457836360169523
            ],
            [
              36.91123603530067,
              -1.2456039729601285
            ]
          ]
        ]
      },
      "id": "+205461-6926",
      "properties": {
        "area_ha": 30.803695615526294,
        "area_m2": 308036.95615526295,
        "class": 0,
        "count": 772
      }
    },
    {
      "type": "Feature",
      "geometry": {
        "geodesic": false,
        "type": "Polygon",
        "coordinates": [
          [
            [
              36.9137513180962,
              -1.2400344181985874
            ],
            [
              36.9137513180962,
              -1.2402140812554114
            ],
            [
              36.91339199198255,
              -1.2402140812554114
            ],
            [
              36.91339199198255,
              -1.2403937443122353
            ],
            [
              36.91321232892573,
              -1.2403937443122353
            ],
            [
              36.91321232892573,
              -1.240573407369059
            ],
            [
              36.913032665868904,
              -1.240573407369059
            ],
            [
              36.913032665868904,
              -1.2418310487668265
            ],
            [
              36.91321232892573,
              -1.2418310487668265
            ],
            [
              36.91321232892573,
              -1.2420107118236503
            ],
            [
              36.913032665868904,
              -1.2420107118236503
            ],
            [
              36.913032665868904,
              -1.2423700379372982
            ],
            [
              36.91285300281208,
              -1.2423700379372982
            ],
            [
              36.91285300281208,
              -1.2425497009941222
            ],
            [
              36.912134350584786,
              -1.2425497009941222
            ],
            [
              36.912134350584786,
              -1.242729364050946
            ],
            [
              36.91195468752796,
              -1.242729364050946
            ],
            [
              36.91195468752796,
              -1.2429090271077698
            ],
            [
              36.911595361414314,
              -1.2429090271077698
            ],
            [
              36.911595361414314,
              -1.243088690164594
            ],
            [
              36.91141569835749,
              -1.243088690164594
            ],
            [
              36.91141569835749,
              -1.2434480162782415
            ],
            [
              36.91123603530067,
              -1.2434480162782415
            ],
            [
              36.91123603530067,
              -1.2436276793350656
            ],
            [
              36.91141569835749,
              -1.2436276793350656
            ],
            [
              36.91141569835749,
              -1.2439870054487134
            ],
            [
              36.91195468752796,
              -1.2439870054487134
            ],
            [
              36.91195468752796,
              -1.2438073423918894
            ],
            [
              36.912134350584786,
              -1.2438073423918894
            ],
            [
              36.912134350584786,
              -1.2436276793350656
            ],
            [
              36.91231401364161,
              -1.2436276793350656
            ],
            [
              36.91231401364161,
              -1.2434480162782415
            ],
            [
              36.91249367669843,
              -1.2434480162782415
            ],
            [
              36.91249367669843,
              -1.2432683532214177
            ],
            [
              36.91267333975526,
              -1.2432683532214177
            ],
            [
              36.91267333975526,
              -1.243088690164594
            ],
            [
              36.91285300281208,
              -1.243088690164594
            ],
            [
              36.91285300281208,
              -1.2429090271077698
            ],
            [
              36.913032665868904,
              -1.2429090271077698
            ],
            [
              36.913032665868904,
              -1.242729364050946
            ],
            [
              36.91321232892573,
              -1.242729364050946
            ],
            [
              36.91321232892573,
              -1.2425497009941222
            ],
            [
              36.9137513180962,
              -1.2425497009941222
            ],
            [
              36.9137513180962,
              -1.2429090271077698
            ],
            [
              36.91393098115302,
              -1.2429090271077698
            ],
            [
              36.91393098115302,
              -1.2432683532214177
            ],
            [
              36.9137513180962,
              -1.2432683532214177
            ],
            [
              36.9137513180962,
              -1.2436276793350656
            ],
            [
              36.91411064420985,
              -1.2436276793350656
            ],
            [
              36.91411064420985,
              -1.2434480162782415
            ],
            [
              36.914469970323495,
              -1.2434480162782415
            ],
            [
              36.914469970323495,
              -1.2432683532214177
            ],
            [
              36.91464963338032,
              -1.2432683532214177
            ],
            [
              36.91464963338032,
              -1.2434480162782415
            ],
            [
              36.91482929643714,
              -1.2434480162782415
            ],
            [
              36.91482929643714,
              -1.2432683532214177
            ],
            [
              36.91500895949397,
              -1.2432683532214177
            ],
            [
              36.91500895949397,
              -1.2434480162782415
            ],
            [
              36.91554794866444,
              -1.2434480162782415
            ],
            [
              36.91554794866444,
              -1.2432683532214177
            ],
            [
              36.915727611721266,
              -1.2432683532214177
            ],
            [
              36.915727611721266,
              -1.243088690164594
            ],
            [
              36.91608693783491,
              -1.243088690164594
            ],
            [
              36.91608693783491,
              -1.2429090271077698
            ],
            [
              36.91644626394856,
              -1.2429090271077698
            ],
            [
              36.91644626394856,
              -1.242729364050946
            ],
            [
              36.916805590062204,
              -1.242729364050946
            ],
            [
              36.916805590062204,
              -1.2420107118236503
            ],
            [
              36.91698525311903,
              -1.2420107118236503
            ],
            [
              36.91698525311903,
              -1.2418310487668265
            ],
            [
              36.91716491617586,
              -1.2418310487668265
            ],
            [
              36.91716491617586,
              -1.2412920595963548
            ],
            [
              36.916805590062204,
              -1.2412920595963548
            ],
            [
              36.916805590062204,
              -1.241112396539531
            ],
            [
              36.91644626394856,
              -1.241112396539531
            ],
            [
              36.91644626394856,
              -1.240932733482707
            ],
            [
              36.915907274778085,
              -1.240932733482707
            ],
            [
              36.915907274778085,
              -1.2407530704258831
            ],
            [
              36.915727611721266,
              -1.2407530704258831
            ],
            [
              36.915727611721266,
              -1.240573407369059
            ],
            [
              36.91536828560761,
              -1.240573407369059
            ],
            [
              36.91536828560761,
              -1.2407530704258831
            ],
            [
              36.915188622550794,
              -1.2407530704258831
            ],
            [
              36.915188622550794,
              -1.240932733482707
            ],
            [
              36.91482929643714,
              -1.240932733482707
            ],
            [
              36.91482929643714,
              -1.2407530704258831
            ],
            [
              36.914469970323495,
              -1.2407530704258831
            ],
            [
              36.914469970323495,
              -1.2403937443122353
            ],
            [
              36.914290307266675,
              -1.2403937443122353
            ],
            [
              36.914290307266675,
              -1.2402140812554114
            ],
            [
              36.91411064420985,
              -1.2402140812554114
            ],
            [
              36.91411064420985,
              -1.2400344181985874
            ],
            [
              36.9137513180962,
              -1.2400344181985874
            ]
          ]
        ]
      },
      "id": "+205462-6903",
      "properties": {
        "area_ha": 13.60632439226131,
        "area_m2": 136063.2439226131,
        "class": 0,
        "count": 341
      }
    },
    {
      "type": "Feature",
      "geometry": {
        "geodesic": false,
        "type": "Polygon",
        "coordinates": [
          [
            [
              36.91878188368727,
              -1.2283563195050338
            ],
            [
              36.91878188368727,
              -1.2287156456186814
            ],
            [
              36.91860222063045,
              -1.2287156456186814
            ],
            [
              36.91860222063045,
              -1.229254634789153
            ],
            [
              36.91842255757362,
              -1.229254634789153
            ],
            [
              36.91842255757362,
              -1.2301529500732726
            ],
            [
              36.9182428945168,
              -1.2301529500732726
            ],
            [
              36.9182428945168,
              -1.2303326131300967
            ],
            [
              36.91842255757362,
              -1.2303326131300967
            ],
            [
              36.91842255757362,
              -1.2305122761869205
            ],
            [
              36.91878188368727,
              -1.2305122761869205
            ],
            [
              36.91878188368727,
              -1.2303326131300967
            ],
            [
              36.91914120980092,
              -1.2303326131300967
            ],
            [
              36.91914120980092,
              -1.2305122761869205
            ],
            [
              36.91896154674409,
              -1.2305122761869205
            ],
            [
              36.91896154674409,
              -1.2306919392437445
            ],
            [
              36.91914120980092,
              -1.2306919392437445
            ],
            [
              36.91914120980092,
              -1.2308716023005684
            ],
            [
              36.91860222063045,
              -1.2308716023005684
            ],
            [
              36.91860222063045,
              -1.2310512653573922
            ],
            [
              36.91842255757362,
              -1.2310512653573922
            ],
            [
              36.91842255757362,
              -1.2312309284142162
            ],
            [
              36.91878188368727,
              -1.2312309284142162
            ],
            [
              36.91878188368727,
              -1.23141059147104
            ],
            [
              36.91860222063045,
              -1.23141059147104
            ],
            [
              36.91860222063045,
              -1.231769917584688
            ],
            [
              36.9182428945168,
              -1.231769917584688
            ],
            [
              36.9182428945168,
              -1.2319495806415117
            ],
            [
              36.91878188368727,
              -1.2319495806415117
            ],
            [
              36.91878188368727,
              -1.2321292436983358
            ],
            [
              36.91860222063045,
              -1.2321292436983358
            ],
            [
              36.91860222063045,
              -1.2323089067551596
            ],
            [
              36.91878188368727,
              -1.2323089067551596
            ],
            [
              36.91878188368727,
              -1.2324885698119834
            ],
            [
              36.91896154674409,
              -1.2324885698119834
            ],
            [
              36.91896154674409,
              -1.2326682328688074
            ],
            [
              36.91932087285774,
              -1.2326682328688074
            ],
            [
              36.91932087285774,
              -1.2324885698119834
            ],
            [
              36.919500535914565,
              -1.2324885698119834
            ],
            [
              36.919500535914565,
              -1.2323089067551596
            ],
            [
              36.91968019897139,
              -1.2323089067551596
            ],
            [
              36.91968019897139,
              -1.2321292436983358
            ],
            [
              36.91985986202821,
              -1.2321292436983358
            ],
            [
              36.91985986202821,
              -1.2319495806415117
            ],
            [
              36.920219188141864,
              -1.2319495806415117
            ],
            [
              36.920219188141864,
              -1.231769917584688
            ],
            [
              36.920398851198684,
              -1.231769917584688
            ],
            [
              36.920398851198684,
              -1.2315902545278639
            ],
            [
              36.92057851425551,
              -1.2315902545278639
            ],
            [
              36.92057851425551,
              -1.23141059147104
            ],
            [
              36.92075817731233,
              -1.23141059147104
            ],
            [
              36.92075817731233,
              -1.2315902545278639
            ],
            [
              36.920937840369156,
              -1.2315902545278639
            ],
            [
              36.920937840369156,
              -1.23141059147104
            ],
            [
              36.92075817731233,
              -1.23141059147104
            ],
            [
              36.92075817731233,
              -1.2312309284142162
            ],
            [
              36.92057851425551,
              -1.2312309284142162
            ],
            [
              36.92057851425551,
              -1.2308716023005684
            ],
            [
              36.92075817731233,
              -1.2308716023005684
            ],
            [
              36.92075817731233,
              -1.2306919392437445
            ],
            [
              36.92111750342598,
              -1.2306919392437445
            ],
            [
              36.92111750342598,
              -1.2308716023005684
            ],
            [
              36.9212971664828,
              -1.2308716023005684
            ],
            [
              36.9212971664828,
              -1.2310512653573922
            ],
            [
              36.92147682953963,
              -1.2310512653573922
            ],
            [
              36.92147682953963,
              -1.2312309284142162
            ],
            [
              36.9212971664828,
              -1.2312309284142162
            ],
            [
              36.9212971664828,
              -1.23141059147104
            ],
            [
              36.92111750342598,
              -1.23141059147104
            ],
            [
              36.92111750342598,
              -1.231769917584688
            ],
            [
              36.920937840369156,
              -1.231769917584688
            ],
            [
              36.920937840369156,
              -1.2321292436983358
            ],
            [
              36.921836155653274,
              -1.2321292436983358
            ],
            [
              36.921836155653274,
              -1.231769917584688
            ],
            [
              36.921656492596455,
              -1.231769917584688
            ],
            [
              36.921656492596455,
              -1.23141059147104
            ],
            [
              36.92147682953963,
              -1.23141059147104
            ],
            [
              36.92147682953963,
              -1.2312309284142162
            ],
            [
              36.921656492596455,
              -1.2312309284142162
            ],
            [
              36.921656492596455,
              -1.2310512653573922
            ],
            [
              36.92255480788057,
              -1.2310512653573922
            ],
            [
              36.92255480788057,
              -1.2312309284142162
            ],
            [
              36.92291413399422,
              -1.2312309284142162
            ],
            [
              36.92291413399422,
              -1.23141059147104
            ],
            [
              36.923093797051045,
              -1.23141059147104
            ],
            [
              36.923093797051045,
              -1.2312309284142162
            ],
            [
              36.92345312316469,
              -1.2312309284142162
            ],
            [
              36.92345312316469,
              -1.23141059147104
            ],
            [
              36.92399211233516,
              -1.23141059147104
            ],
            [
              36.92399211233516,
              -1.2315902545278639
            ],
            [
              36.92417177539199,
              -1.2315902545278639
            ],
            [
              36.92417177539199,
              -1.231769917584688
            ],
            [
              36.92507009067611,
              -1.231769917584688
            ],
            [
              36.92507009067611,
              -1.2310512653573922
            ],
            [
              36.92489042761928,
              -1.2310512653573922
            ],
            [
              36.92489042761928,
              -1.2308716023005684
            ],
            [
              36.92471076456246,
              -1.2308716023005684
            ],
            [
              36.92471076456246,
              -1.2310512653573922
            ],
            [
              36.924531101505636,
              -1.2310512653573922
            ],
            [
              36.924531101505636,
              -1.2308716023005684
            ],
            [
              36.92435143844881,
              -1.2308716023005684
            ],
            [
              36.92435143844881,
              -1.2310512653573922
            ],
            [
              36.92381244927834,
              -1.2310512653573922
            ],
            [
              36.92381244927834,
              -1.2308716023005684
            ],
            [
              36.92363278622152,
              -1.2308716023005684
            ],
            [
              36.92363278622152,
              -1.2306919392437445
            ],
            [
              36.92345312316469,
              -1.2306919392437445
            ],
            [
              36.92345312316469,
              -1.2305122761869205
            ],
            [
              36.923273460107865,
              -1.2305122761869205
            ],
            [
              36.923273460107865,
              -1.2303326131300967
            ],
            [
              36.923093797051045,
              -1.2303326131300967
            ],
            [
              36.923093797051045,
              -1.2301529500732726
            ],
            [
              36.923273460107865,
              -1.2301529500732726
            ],
            [
              36.923273460107865,
              -1.2299732870164488
            ],
            [
              36.923093797051045,
              -1.2299732870164488
            ],
            [
              36.923093797051045,
              -1.229613960902801
            ],
            [
              36.923273460107865,
              -1.229613960902801
            ],
            [
              36.923273460107865,
              -1.2294342978459771
            ],
            [
              36.923093797051045,
              -1.2294342978459771
            ],
            [
              36.923093797051045,
              -1.229254634789153
            ],
            [
              36.92255480788057,
              -1.229254634789153
            ],
            [
              36.92255480788057,
              -1.2294342978459771
            ],
            [
              36.9212971664828,
              -1.2294342978459771
            ],
            [
              36.9212971664828,
              -1.229613960902801
            ],
            [
              36.920937840369156,
              -1.229613960902801
            ],
            [
              36.920937840369156,
              -1.229793623959625
            ],
            [
              36.92075817731233,
              -1.229793623959625
            ],
            [
              36.92075817731233,
              -1.229613960902801
            ],
            [
              36.92003952508504,
              -1.229613960902801
            ],
            [
              36.92003952508504,
              -1.2294342978459771
            ],
            [
              36.91985986202821,
              -1.2294342978459771
            ],
            [
              36.91985986202821,
              -1.229254634789153
            ],
            [
              36.91968019897139,
              -1.229254634789153
            ],
            [
              36.91968019897139,
              -1.2290749717323293
            ],
            [
              36.919500535914565,
              -1.2290749717323293
            ],
            [
              36.919500535914565,
              -1.2288953086755054
            ],
            [
              36.91932087285774,
              -1.2288953086755054
            ],
            [
              36.91932087285774,
              -1.2287156456186814
            ],
            [
              36.91914120980092,
              -1.2287156456186814
            ],
            [
              36.91914120980092,
              -1.2285359825618576
            ],
            [
              36.91896154674409,
              -1.2285359825618576
            ],
            [
              36.91896154674409,
              -1.2283563195050338
            ],
            [
              36.91878188368727,
              -1.2283563195050338
            ]
          ],
          [
            [
              36.9212971664828,
              -1.2305122761869205
            ],
            [
              36.92111750342598,
              -1.2305122761869205
            ],
            [
              36.92111750342598,
              -1.2306919392437445
            ],
            [
              36.9212971664828,
              -1.2306919392437445
            ],
            [
              36.9212971664828,
              -1.2305122761869205
            ]
          ],
          [
            [
              36.920937840369156,
              -1.2303326131300967
            ],
            [
              36.92075817731233,
              -1.2303326131300967
            ],
            [
              36.92075817731233,
              -1.2305122761869205
            ],
            [
              36.920937840369156,
              -1.2305122761869205
            ],
            [
              36.920937840369156,
              -1.2303326131300967
            ]
          ]
        ]
      },
      "id": "+205489-6838",
      "properties": {
        "area_ha": 15.122636793539632,
        "area_m2": 151226.36793539632,
        "class": 0,
        "count": 379
      }
    },
    {
      "type": "Feature",
      "geometry": {
        "geodesic": false,
        "type": "Polygon",
        "coordinates": [
          [
            [
              36.91842255757362,
              -1.257821060824154
            ],
            [
              36.91842255757362,
              -1.2583600499946257
            ],
            [
              36.92003952508504,
              -1.2583600499946257
            ],
            [
              36.92003952508504,
              -1.2585397130514495
            ],
            [
              36.920219188141864,
              -1.2585397130514495
            ],
            [
              36.920219188141864,
              -1.2583600499946257
            ],
            [
              36.920937840369156,
              -1.2583600499946257
            ],
            [
              36.920937840369156,
              -1.2581803869378019
            ],
            [
              36.921656492596455,
              -1.2581803869378019
            ],
            [
              36.921656492596455,
              -1.2583600499946257
            ],
            [
              36.92219548176693,
              -1.2583600499946257
            ],
            [
              36.92219548176693,
              -1.2585397130514495
            ],
            [
              36.92237514482375,
              -1.2585397130514495
            ],
            [
              36.92237514482375,
              -1.2588990391650974
            ],
            [
              36.92291413399422,
              -1.2588990391650974
            ],
            [
              36.92291413399422,
              -1.2587193761082736
            ],
            [
              36.923093797051045,
              -1.2587193761082736
            ],
            [
              36.923093797051045,
              -1.2583600499946257
            ],
            [
              36.92363278622152,
              -1.2583600499946257
            ],
            [
              36.92363278622152,
              -1.2585397130514495
            ],
            [
              36.92435143844881,
              -1.2585397130514495
            ],
            [
              36.92435143844881,
              -1.2580007238809778
            ],
            [
              36.924531101505636,
              -1.2580007238809778
            ],
            [
              36.924531101505636,
              -1.25764139776733
            ],
            [
              36.92471076456246,
              -1.25764139776733
            ],
            [
              36.92471076456246,
              -1.2574617347105062
            ],
            [
              36.92507009067611,
              -1.2574617347105062
            ],
            [
              36.92507009067611,
              -1.2571024085968583
            ],
            [
              36.92524975373293,
              -1.2571024085968583
            ],
            [
              36.92524975373293,
              -1.2565634194263866
            ],
            [
              36.92507009067611,
              -1.2565634194263866
            ],
            [
              36.92507009067611,
              -1.256024430255915
            ],
            [
              36.92524975373293,
              -1.256024430255915
            ],
            [
              36.92524975373293,
              -1.255844767199091
            ],
            [
              36.92560907984658,
              -1.255844767199091
            ],
            [
              36.92560907984658,
              -1.255665104142267
            ],
            [
              36.9257887429034,
              -1.255665104142267
            ],
            [
              36.9257887429034,
              -1.255844767199091
            ],
            [
              36.92596840596023,
              -1.255844767199091
            ],
            [
              36.92596840596023,
              -1.256024430255915
            ],
            [
              36.92614806901705,
              -1.256024430255915
            ],
            [
              36.92614806901705,
              -1.2562040933127387
            ],
            [
              36.92722604735799,
              -1.2562040933127387
            ],
            [
              36.92722604735799,
              -1.256024430255915
            ],
            [
              36.92740571041482,
              -1.256024430255915
            ],
            [
              36.92740571041482,
              -1.255844767199091
            ],
            [
              36.92758537347164,
              -1.255844767199091
            ],
            [
              36.92758537347164,
              -1.255665104142267
            ],
            [
              36.92776503652846,
              -1.255665104142267
            ],
            [
              36.92776503652846,
              -1.2554854410854432
            ],
            [
              36.928304025698935,
              -1.2554854410854432
            ],
            [
              36.928304025698935,
              -1.2553057780286194
            ],
            [
              36.92848368875576,
              -1.2553057780286194
            ],
            [
              36.92848368875576,
              -1.2551261149717954
            ],
            [
              36.92884301486941,
              -1.2551261149717954
            ],
            [
              36.92884301486941,
              -1.2547667888581475
            ],
            [
              36.92866335181259,
              -1.2547667888581475
            ],
            [
              36.92866335181259,
              -1.2549464519149716
            ],
            [
              36.92848368875576,
              -1.2549464519149716
            ],
            [
              36.92848368875576,
              -1.2551261149717954
            ],
            [
              36.92776503652846,
              -1.2551261149717954
            ],
            [
              36.92776503652846,
              -1.2549464519149716
            ],
            [
              36.92794469958529,
              -1.2549464519149716
            ],
            [
              36.92794469958529,
              -1.2547667888581475
            ],
            [
              36.92776503652846,
              -1.2547667888581475
            ],
            [
              36.92776503652846,
              -1.2545871258013237
            ],
            [
              36.92740571041482,
              -1.2545871258013237
            ],
            [
              36.92740571041482,
              -1.2544074627444999
            ],
            [
              36.92704638430117,
              -1.2544074627444999
            ],
            [
              36.92704638430117,
              -1.2545871258013237
            ],
            [
              36.926687058187525,
              -1.2545871258013237
            ],
            [
              36.926687058187525,
              -1.2547667888581475
            ],
            [
              36.92614806901705,
              -1.2547667888581475
            ],
            [
              36.92614806901705,
              -1.2545871258013237
            ],
            [
              36.92596840596023,
              -1.2545871258013237
            ],
            [
              36.92596840596023,
              -1.2542277996876758
            ],
            [
              36.9257887429034,
              -1.2542277996876758
            ],
            [
              36.9257887429034,
              -1.254048136630852
            ],
            [
              36.92596840596023,
              -1.254048136630852
            ],
            [
              36.92596840596023,
              -1.253868473574028
            ],
            [
              36.92614806901705,
              -1.253868473574028
            ],
            [
              36.92614806901705,
              -1.2536888105172042
            ],
            [
              36.926866721244345,
              -1.2536888105172042
            ],
            [
              36.926866721244345,
              -1.2535091474603803
            ],
            [
              36.929022677926234,
              -1.2535091474603803
            ],
            [
              36.929022677926234,
              -1.2526108321762608
            ],
            [
              36.92920234098305,
              -1.2526108321762608
            ],
            [
              36.92920234098305,
              -1.252251506062613
            ],
            [
              36.929022677926234,
              -1.252251506062613
            ],
            [
              36.929022677926234,
              -1.252071843005789
            ],
            [
              36.92884301486941,
              -1.252071843005789
            ],
            [
              36.92884301486941,
              -1.251892179948965
            ],
            [
              36.92866335181259,
              -1.251892179948965
            ],
            [
              36.92866335181259,
              -1.2515328538353174
            ],
            [
              36.92884301486941,
              -1.2515328538353174
            ],
            [
              36.92884301486941,
              -1.2513531907784934
            ],
            [
              36.92920234098305,
              -1.2513531907784934
            ],
            [
              36.92920234098305,
              -1.2511735277216696
            ],
            [
              36.92884301486941,
              -1.2511735277216696
            ],
            [
              36.92884301486941,
              -1.2513531907784934
            ],
            [
              36.92866335181259,
              -1.2513531907784934
            ],
            [
              36.92866335181259,
              -1.2511735277216696
            ],
            [
              36.92848368875576,
              -1.2511735277216696
            ],
            [
              36.92848368875576,
              -1.2513531907784934
            ],
            [
              36.928124362642116,
              -1.2513531907784934
            ],
            [
              36.928124362642116,
              -1.2511735277216696
            ],
            [
              36.92794469958529,
              -1.2511735277216696
            ],
            [
              36.92794469958529,
              -1.2515328538353174
            ],
            [
              36.92776503652846,
              -1.2515328538353174
            ],
            [
              36.92776503652846,
              -1.2517125168921412
            ],
            [
              36.92740571041482,
              -1.2517125168921412
            ],
            [
              36.92740571041482,
              -1.251892179948965
            ],
            [
              36.92704638430117,
              -1.251892179948965
            ],
            [
              36.92704638430117,
              -1.252071843005789
            ],
            [
              36.92722604735799,
              -1.252071843005789
            ],
            [
              36.92722604735799,
              -1.252251506062613
            ],
            [
              36.92704638430117,
              -1.252251506062613
            ],
            [
              36.92704638430117,
              -1.2524311691194367
            ],
            [
              36.926687058187525,
              -1.2524311691194367
            ],
            [
              36.926687058187525,
              -1.2517125168921412
            ],
            [
              36.9265073951307,
              -1.2517125168921412
            ],
            [
              36.9265073951307,
              -1.2515328538353174
            ],
            [
              36.92614806901705,
              -1.2515328538353174
            ],
            [
              36.92614806901705,
              -1.2517125168921412
            ],
            [
              36.92632773207387,
              -1.2517125168921412
            ],
            [
              36.92632773207387,
              -1.252071843005789
            ],
            [
              36.9265073951307,
              -1.252071843005789
            ],
            [
              36.9265073951307,
              -1.252251506062613
            ],
            [
              36.92632773207387,
              -1.252251506062613
            ],
            [
              36.92632773207387,
              -1.2526108321762608
            ],
            [
              36.92596840596023,
              -1.2526108321762608
            ],
            [
              36.92596840596023,
              -1.2527904952330846
            ],
            [
              36.9257887429034,
              -1.2527904952330846
            ],
            [
              36.9257887429034,
              -1.2531498213467325
            ],
            [
              36.92560907984658,
              -1.2531498213467325
            ],
            [
              36.92560907984658,
              -1.2533294844035563
            ],
            [
              36.92524975373293,
              -1.2533294844035563
            ],
            [
              36.92524975373293,
              -1.2531498213467325
            ],
            [
              36.92507009067611,
              -1.2531498213467325
            ],
            [
              36.92507009067611,
              -1.2527904952330846
            ],
            [
              36.92489042761928,
              -1.2527904952330846
            ],
            [
              36.92489042761928,
              -1.252071843005789
            ],
            [
              36.92507009067611,
              -1.252071843005789
            ],
            [
              36.92507009067611,
              -1.2515328538353174
            ],
            [
              36.925429416789754,
              -1.2515328538353174
            ],
            [
              36.925429416789754,
              -1.2513531907784934
            ],
            [
              36.92614806901705,
              -1.2513531907784934
            ],
            [
              36.92614806901705,
              -1.2511735277216696
            ],
            [
              36.9257887429034,
              -1.2511735277216696
            ],
            [
              36.9257887429034,
              -1.2508142016080217
            ],
            [
              36.92560907984658,
              -1.2508142016080217
            ],
            [
              36.92560907984658,
              -1.2511735277216696
            ],
            [
              36.92489042761928,
              -1.2511735277216696
            ],
            [
              36.92489042761928,
              -1.2515328538353174
            ],
            [
              36.92471076456246,
              -1.2515328538353174
            ],
            [
              36.92471076456246,
              -1.2517125168921412
            ],
            [
              36.924531101505636,
              -1.2517125168921412
            ],
            [
              36.924531101505636,
              -1.252071843005789
            ],
            [
              36.92435143844881,
              -1.252071843005789
            ],
            [
              36.92435143844881,
              -1.2524311691194367
            ],
            [
              36.92399211233516,
              -1.2524311691194367
            ],
            [
              36.92399211233516,
              -1.2529701582899087
            ],
            [
              36.92417177539199,
              -1.2529701582899087
            ],
            [
              36.92417177539199,
              -1.2533294844035563
            ],
            [
              36.92435143844881,
              -1.2533294844035563
            ],
            [
              36.92435143844881,
              -1.2535091474603803
            ],
            [
              36.924531101505636,
              -1.2535091474603803
            ],
            [
              36.924531101505636,
              -1.254048136630852
            ],
            [
              36.92489042761928,
              -1.254048136630852
            ],
            [
              36.92489042761928,
              -1.2542277996876758
            ],
            [
              36.92471076456246,
              -1.2542277996876758
            ],
            [
              36.92471076456246,
              -1.2544074627444999
            ],
            [
              36.924531101505636,
              -1.2544074627444999
            ],
            [
              36.924531101505636,
              -1.2542277996876758
            ],
            [
              36.92345312316469,
              -1.2542277996876758
            ],
            [
              36.92345312316469,
              -1.2544074627444999
            ],
            [
              36.921836155653274,
              -1.2544074627444999
            ],
            [
              36.921836155653274,
              -1.2542277996876758
            ],
            [
              36.921656492596455,
              -1.2542277996876758
            ],
            [
              36.921656492596455,
              -1.254048136630852
            ],
            [
              36.92075817731233,
              -1.254048136630852
            ],
            [
              36.92075817731233,
              -1.2542277996876758
            ],
            [
              36.92003952508504,
              -1.2542277996876758
            ],
            [
              36.92003952508504,
              -1.2544074627444999
            ],
            [
              36.91968019897139,
              -1.2544074627444999
            ],
            [
              36.91968019897139,
              -1.2542277996876758
            ],
            [
              36.919500535914565,
              -1.2542277996876758
            ],
            [
              36.919500535914565,
              -1.2544074627444999
            ],
            [
              36.91914120980092,
              -1.2544074627444999
            ],
            [
              36.91914120980092,
              -1.254048136630852
            ],
            [
              36.91896154674409,
              -1.254048136630852
            ],
            [
              36.91896154674409,
              -1.253868473574028
            ],
            [
              36.91878188368727,
              -1.253868473574028
            ],
            [
              36.91878188368727,
              -1.254048136630852
            ],
            [
              36.91860222063045,
              -1.254048136630852
            ],
            [
              36.91860222063045,
              -1.2542277996876758
            ],
            [
              36.91842255757362,
              -1.2542277996876758
            ],
            [
              36.91842255757362,
              -1.2544074627444999
            ],
            [
              36.9182428945168,
              -1.2544074627444999
            ],
            [
              36.9182428945168,
              -1.2545871258013237
            ],
            [
              36.918063231459975,
              -1.2545871258013237
            ],
            [
              36.918063231459975,
              -1.2547667888581475
            ],
            [
              36.9182428945168,
              -1.2547667888581475
            ],
            [
              36.9182428945168,
              -1.2551261149717954
            ],
            [
              36.918063231459975,
              -1.2551261149717954
            ],
            [
              36.918063231459975,
              -1.2553057780286194
            ],
            [
              36.9182428945168,
              -1.2553057780286194
            ],
            [
              36.9182428945168,
              -1.2554854410854432
            ],
            [
              36.91860222063045,
              -1.2554854410854432
            ],
            [
              36.91860222063045,
              -1.255665104142267
            ],
            [
              36.91842255757362,
              -1.255665104142267
            ],
            [
              36.91842255757362,
              -1.255844767199091
            ],
            [
              36.91860222063045,
              -1.255844767199091
            ],
            [
              36.91860222063045,
              -1.2562040933127387
            ],
            [
              36.91896154674409,
              -1.2562040933127387
            ],
            [
              36.91896154674409,
              -1.2565634194263866
            ],
            [
              36.91914120980092,
              -1.2565634194263866
            ],
            [
              36.91914120980092,
              -1.2567430824832106
            ],
            [
              36.91932087285774,
              -1.2567430824832106
            ],
            [
              36.91932087285774,
              -1.2571024085968583
            ],
            [
              36.91914120980092,
              -1.2571024085968583
            ],
            [
              36.91914120980092,
              -1.2572820716536823
            ],
            [
              36.91896154674409,
              -1.2572820716536823
            ],
            [
              36.91896154674409,
              -1.2574617347105062
            ],
            [
              36.91878188368727,
              -1.2574617347105062
            ],
            [
              36.91878188368727,
              -1.2572820716536823
            ],
            [
              36.91842255757362,
              -1.2572820716536823
            ],
            [
              36.91842255757362,
              -1.2569227455400345
            ],
            [
              36.9182428945168,
              -1.2569227455400345
            ],
            [
              36.9182428945168,
              -1.257821060824154
            ],
            [
              36.91842255757362,
              -1.257821060824154
            ]
          ],
          [
            [
              36.92776503652846,
              -1.2551261149717954
            ],
            [
              36.92758537347164,
              -1.2551261149717954
            ],
            [
              36.92758537347164,
              -1.2553057780286194
            ],
            [
              36.92776503652846,
              -1.2553057780286194
            ],
            [
              36.92776503652846,
              -1.2551261149717954
            ]
          ],
          [
            [
              36.92704638430117,
              -1.2526108321762608
            ],
            [
              36.926866721244345,
              -1.2526108321762608
            ],
            [
              36.926866721244345,
              -1.2529701582899087
            ],
            [
              36.92704638430117,
              -1.2529701582899087
            ],
            [
              36.92704638430117,
              -1.2526108321762608
            ]
          ],
          [
            [
              36.92722604735799,
              -1.2524311691194367
            ],
            [
              36.92704638430117,
              -1.2524311691194367
            ],
            [
              36.92704638430117,
              -1.2526108321762608
            ],
            [
              36.92722604735799,
              -1.2526108321762608
            ],
            [
              36.92722604735799,
              -1.2524311691194367
            ]
          ],
          [
            [
              36.92848368875576,
              -1.252071843005789
            ],
            [
              36.928304025698935,
              -1.252071843005789
            ],
            [
              36.928304025698935,
              -1.252251506062613
            ],
            [
              36.92848368875576,
              -1.252251506062613
            ],
            [
              36.92848368875576,
              -1.252071843005789
            ]
          ],
          [
            [
              36.92489042761928,
              -1.2517125168921412
            ],
            [
              36.92471076456246,
              -1.2517125168921412
            ],
            [
              36.92471076456246,
              -1.251892179948965
            ],
            [
              36.92489042761928,
              -1.251892179948965
            ],
            [
              36.92489042761928,
              -1.2517125168921412
            ]
          ],
          [
            [
              36.92866335181259,
              -1.2513531907784934
            ],
            [
              36.92848368875576,
              -1.2513531907784934
            ],
            [
              36.92848368875576,
              -1.2515328538353174
            ],
            [
              36.92866335181259,
              -1.2515328538353174
            ],
            [
              36.92866335181259,
              -1.2513531907784934
            ]
          ],
          [
            [
              36.9220158187101,
              -1.2581803869378019
            ],
            [
              36.9220158187101,
              -1.2580007238809778
            ],
            [
              36.921836155653274,
              -1.2580007238809778
            ],
            [
              36.921836155653274,
              -1.2581803869378019
            ],
            [
              36.9220158187101,
              -1.2581803869378019
            ]
          ]
        ]
      },
      "id": "+205527-6963",
      "properties": {
        "area_ha": 48.87877627660767,
        "area_m2": 488787.76276607666,
        "class": 0,
        "count": 1225
      }
    },
    {
      "type": "Feature",
      "geometry": {
        "geodesic": false,
        "type": "Polygon",
        "coordinates": [
          [
            [
              36.929561667096706,
              -1.2610549958469843
            ],
            [
              36.929561667096706,
              -1.2612346589038081
            ],
            [
              36.929741330153526,
              -1.2612346589038081
            ],
            [
              36.929741330153526,
              -1.261593985017456
            ],
            [
              36.92992099321035,
              -1.261593985017456
            ],
            [
              36.92992099321035,
              -1.2619533111311039
            ],
            [
              36.929741330153526,
              -1.2619533111311039
            ],
            [
              36.929741330153526,
              -1.2624923003015756
            ],
            [
              36.92938200403988,
              -1.2624923003015756
            ],
            [
              36.92938200403988,
              -1.2626719633583994
            ],
            [
              36.928124362642116,
              -1.2626719633583994
            ],
            [
              36.928124362642116,
              -1.2624923003015756
            ],
            [
              36.92758537347164,
              -1.2624923003015756
            ],
            [
              36.92758537347164,
              -1.2626719633583994
            ],
            [
              36.92740571041482,
              -1.2626719633583994
            ],
            [
              36.92740571041482,
              -1.2628516264152232
            ],
            [
              36.92704638430117,
              -1.2628516264152232
            ],
            [
              36.92704638430117,
              -1.263210952528871
            ],
            [
              36.92722604735799,
              -1.263210952528871
            ],
            [
              36.92722604735799,
              -1.263390615585695
            ],
            [
              36.92704638430117,
              -1.263390615585695
            ],
            [
              36.92704638430117,
              -1.263570278642519
            ],
            [
              36.926866721244345,
              -1.263570278642519
            ],
            [
              36.926866721244345,
              -1.2639296047561668
            ],
            [
              36.92704638430117,
              -1.2639296047561668
            ],
            [
              36.92704638430117,
              -1.2641092678129906
            ],
            [
              36.926866721244345,
              -1.2641092678129906
            ],
            [
              36.926866721244345,
              -1.2646482569834623
            ],
            [
              36.92704638430117,
              -1.2646482569834623
            ],
            [
              36.92704638430117,
              -1.265187246153934
            ],
            [
              36.92722604735799,
              -1.265187246153934
            ],
            [
              36.92722604735799,
              -1.265366909210758
            ],
            [
              36.92758537347164,
              -1.265366909210758
            ],
            [
              36.92758537347164,
              -1.265187246153934
            ],
            [
              36.928124362642116,
              -1.265187246153934
            ],
            [
              36.928124362642116,
              -1.2650075830971101
            ],
            [
              36.92938200403988,
              -1.2650075830971101
            ],
            [
              36.92938200403988,
              -1.265366909210758
            ],
            [
              36.92992099321035,
              -1.265366909210758
            ],
            [
              36.92992099321035,
              -1.2650075830971101
            ],
            [
              36.929741330153526,
              -1.2650075830971101
            ],
            [
              36.929741330153526,
              -1.2648279200402863
            ],
            [
              36.929561667096706,
              -1.2648279200402863
            ],
            [
              36.929561667096706,
              -1.2646482569834623
            ],
            [
              36.929741330153526,
              -1.2646482569834623
            ],
            [
              36.929741330153526,
              -1.2641092678129906
            ],
            [
              36.92992099321035,
              -1.2641092678129906
            ],
            [
              36.92992099321035,
              -1.2637499416993427
            ],
            [
              36.930280319324,
              -1.2637499416993427
            ],
            [
              36.930280319324,
              -1.2641092678129906
            ],
            [
              36.930459982380825,
              -1.2641092678129906
            ],
            [
              36.930459982380825,
              -1.2644685939266385
            ],
            [
              36.93063964543765,
              -1.2644685939266385
            ],
            [
              36.93063964543765,
              -1.2648279200402863
            ],
            [
              36.9309989715513,
              -1.2648279200402863
            ],
            [
              36.9309989715513,
              -1.2650075830971101
            ],
            [
              36.931178634608116,
              -1.2650075830971101
            ],
            [
              36.931178634608116,
              -1.265187246153934
            ],
            [
              36.93135829766494,
              -1.265187246153934
            ],
            [
              36.93135829766494,
              -1.2650075830971101
            ],
            [
              36.931178634608116,
              -1.2650075830971101
            ],
            [
              36.931178634608116,
              -1.2646482569834623
            ],
            [
              36.93153796072177,
              -1.2646482569834623
            ],
            [
              36.93153796072177,
              -1.2642889308698146
            ],
            [
              36.93171762377859,
              -1.2642889308698146
            ],
            [
              36.93171762377859,
              -1.2641092678129906
            ],
            [
              36.93207694989224,
              -1.2641092678129906
            ],
            [
              36.93207694989224,
              -1.2642889308698146
            ],
            [
              36.93225661294906,
              -1.2642889308698146
            ],
            [
              36.93225661294906,
              -1.2641092678129906
            ],
            [
              36.932615939062714,
              -1.2641092678129906
            ],
            [
              36.932615939062714,
              -1.2642889308698146
            ],
            [
              36.93297526517636,
              -1.2642889308698146
            ],
            [
              36.93297526517636,
              -1.263570278642519
            ],
            [
              36.93279560211953,
              -1.263570278642519
            ],
            [
              36.93279560211953,
              -1.263390615585695
            ],
            [
              36.932615939062714,
              -1.263390615585695
            ],
            [
              36.932615939062714,
              -1.2630312894720472
            ],
            [
              36.93243627600589,
              -1.2630312894720472
            ],
            [
              36.93243627600589,
              -1.2628516264152232
            ],
            [
              36.931897286835415,
              -1.2628516264152232
            ],
            [
              36.931897286835415,
              -1.2626719633583994
            ],
            [
              36.93153796072177,
              -1.2626719633583994
            ],
            [
              36.93153796072177,
              -1.2624923003015756
            ],
            [
              36.93135829766494,
              -1.2624923003015756
            ],
            [
              36.93135829766494,
              -1.2623126372447515
            ],
            [
              36.93153796072177,
              -1.2623126372447515
            ],
            [
              36.93153796072177,
              -1.2617736480742798
            ],
            [
              36.93171762377859,
              -1.2617736480742798
            ],
            [
              36.93171762377859,
              -1.2612346589038081
            ],
            [
              36.9309989715513,
              -1.2612346589038081
            ],
            [
              36.9309989715513,
              -1.2610549958469843
            ],
            [
              36.929561667096706,
              -1.2610549958469843
            ]
          ]
        ]
      },
      "id": "+205556-7020",
      "properties": {
        "area_ha": 18.15491807960535,
        "area_m2": 181549.1807960535,
        "class": 0,
        "count": 455
      }
    },
    {
      "type": "Feature",
      "geometry": {
        "geodesic": false,
        "type": "Polygon",
        "coordinates": [
          [
            [
              36.9309989715513,
              -1.2306919392437445
            ],
            [
              36.9309989715513,
              -1.2308716023005684
            ],
            [
              36.93063964543765,
              -1.2308716023005684
            ],
            [
              36.93063964543765,
              -1.2310512653573922
            ],
            [
              36.930459982380825,
              -1.2310512653573922
            ],
            [
              36.930459982380825,
              -1.2312309284142162
            ],
            [
              36.930280319324,
              -1.2312309284142162
            ],
            [
              36.930280319324,
              -1.2310512653573922
            ],
            [
              36.93010065626718,
              -1.2310512653573922
            ],
            [
              36.93010065626718,
              -1.2312309284142162
            ],
            [
              36.929561667096706,
              -1.2312309284142162
            ],
            [
              36.929561667096706,
              -1.2323089067551596
            ],
            [
              36.92938200403988,
              -1.2323089067551596
            ],
            [
              36.92938200403988,
              -1.2324885698119834
            ],
            [
              36.92920234098305,
              -1.2324885698119834
            ],
            [
              36.92920234098305,
              -1.2326682328688074
            ],
            [
              36.928304025698935,
              -1.2326682328688074
            ],
            [
              36.928304025698935,
              -1.2324885698119834
            ],
            [
              36.92794469958529,
              -1.2324885698119834
            ],
            [
              36.92794469958529,
              -1.233027558982455
            ],
            [
              36.928304025698935,
              -1.233027558982455
            ],
            [
              36.928304025698935,
              -1.2332072220392791
            ],
            [
              36.92848368875576,
              -1.2332072220392791
            ],
            [
              36.92848368875576,
              -1.233386885096103
            ],
            [
              36.929022677926234,
              -1.233386885096103
            ],
            [
              36.929022677926234,
              -1.233566548152927
            ],
            [
              36.92920234098305,
              -1.233566548152927
            ],
            [
              36.92920234098305,
              -1.2339258742665746
            ],
            [
              36.92938200403988,
              -1.2339258742665746
            ],
            [
              36.92938200403988,
              -1.2344648634370463
            ],
            [
              36.929741330153526,
              -1.2344648634370463
            ],
            [
              36.929741330153526,
              -1.2348241895506942
            ],
            [
              36.92992099321035,
              -1.2348241895506942
            ],
            [
              36.92992099321035,
              -1.2346445264938704
            ],
            [
              36.930280319324,
              -1.2346445264938704
            ],
            [
              36.930280319324,
              -1.2344648634370463
            ],
            [
              36.930459982380825,
              -1.2344648634370463
            ],
            [
              36.930459982380825,
              -1.2342852003802225
            ],
            [
              36.9309989715513,
              -1.2342852003802225
            ],
            [
              36.9309989715513,
              -1.235183515664342
            ],
            [
              36.93063964543765,
              -1.235183515664342
            ],
            [
              36.93063964543765,
              -1.23554284177799
            ],
            [
              36.930459982380825,
              -1.23554284177799
            ],
            [
              36.930459982380825,
              -1.2357225048348137
            ],
            [
              36.930280319324,
              -1.2357225048348137
            ],
            [
              36.930280319324,
              -1.2364411570621094
            ],
            [
              36.930459982380825,
              -1.2364411570621094
            ],
            [
              36.930459982380825,
              -1.2366208201189333
            ],
            [
              36.930280319324,
              -1.2366208201189333
            ],
            [
              36.930280319324,
              -1.236800483175757
            ],
            [
              36.93010065626718,
              -1.236800483175757
            ],
            [
              36.93010065626718,
              -1.2369801462325811
            ],
            [
              36.930280319324,
              -1.2369801462325811
            ],
            [
              36.930280319324,
              -1.237159809289405
            ],
            [
              36.93010065626718,
              -1.237159809289405
            ],
            [
              36.93010065626718,
              -1.2375191354030528
            ],
            [
              36.93063964543765,
              -1.2375191354030528
            ],
            [
              36.93063964543765,
              -1.237159809289405
            ],
            [
              36.9309989715513,
              -1.237159809289405
            ],
            [
              36.9309989715513,
              -1.2369801462325811
            ],
            [
              36.931178634608116,
              -1.2369801462325811
            ],
            [
              36.931178634608116,
              -1.2366208201189333
            ],
            [
              36.93135829766494,
              -1.2366208201189333
            ],
            [
              36.93135829766494,
              -1.2357225048348137
            ],
            [
              36.93153796072177,
              -1.2357225048348137
            ],
            [
              36.93153796072177,
              -1.23554284177799
            ],
            [
              36.93171762377859,
              -1.23554284177799
            ],
            [
              36.93171762377859,
              -1.2353631787211659
            ],
            [
              36.932615939062714,
              -1.2353631787211659
            ],
            [
              36.932615939062714,
              -1.2357225048348137
            ],
            [
              36.93315492823318,
              -1.2357225048348137
            ],
            [
              36.93315492823318,
              -1.2360818309484616
            ],
            [
              36.93297526517636,
              -1.2360818309484616
            ],
            [
              36.93297526517636,
              -1.2362614940052854
            ],
            [
              36.93369391740365,
              -1.2362614940052854
            ],
            [
              36.93369391740365,
              -1.2360818309484616
            ],
            [
              36.93459223268778,
              -1.2360818309484616
            ],
            [
              36.93459223268778,
              -1.2362614940052854
            ],
            [
              36.934232906574124,
              -1.2362614940052854
            ],
            [
              36.934232906574124,
              -1.2366208201189333
            ],
            [
              36.93441256963095,
              -1.2366208201189333
            ],
            [
              36.93441256963095,
              -1.237159809289405
            ],
            [
              36.93495155880142,
              -1.237159809289405
            ],
            [
              36.93495155880142,
              -1.237339472346229
            ],
            [
              36.93531088491507,
              -1.237339472346229
            ],
            [
              36.93531088491507,
              -1.236800483175757
            ],
            [
              36.935490547971895,
              -1.236800483175757
            ],
            [
              36.935490547971895,
              -1.2366208201189333
            ],
            [
              36.935670211028715,
              -1.2366208201189333
            ],
            [
              36.935670211028715,
              -1.2364411570621094
            ],
            [
              36.93584987408554,
              -1.2364411570621094
            ],
            [
              36.93584987408554,
              -1.2362614940052854
            ],
            [
              36.93602953714237,
              -1.2362614940052854
            ],
            [
              36.93602953714237,
              -1.2360818309484616
            ],
            [
              36.93620920019919,
              -1.2360818309484616
            ],
            [
              36.93620920019919,
              -1.2359021678916378
            ],
            [
              36.93602953714237,
              -1.2359021678916378
            ],
            [
              36.93602953714237,
              -1.23554284177799
            ],
            [
              36.93584987408554,
              -1.23554284177799
            ],
            [
              36.93584987408554,
              -1.2353631787211659
            ],
            [
              36.935670211028715,
              -1.2353631787211659
            ],
            [
              36.935670211028715,
              -1.235183515664342
            ],
            [
              36.93495155880142,
              -1.235183515664342
            ],
            [
              36.93495155880142,
              -1.2348241895506942
            ],
            [
              36.934771895744596,
              -1.2348241895506942
            ],
            [
              36.934771895744596,
              -1.2346445264938704
            ],
            [
              36.93495155880142,
              -1.2346445264938704
            ],
            [
              36.93495155880142,
              -1.2344648634370463
            ],
            [
              36.934771895744596,
              -1.2344648634370463
            ],
            [
              36.934771895744596,
              -1.2341055373233987
            ],
            [
              36.93459223268778,
              -1.2341055373233987
            ],
            [
              36.93459223268778,
              -1.2337462112097508
            ],
            [
              36.93441256963095,
              -1.2337462112097508
            ],
            [
              36.93441256963095,
              -1.2339258742665746
            ],
            [
              36.934232906574124,
              -1.2339258742665746
            ],
            [
              36.934232906574124,
              -1.2341055373233987
            ],
            [
              36.934053243517305,
              -1.2341055373233987
            ],
            [
              36.934053243517305,
              -1.2342852003802225
            ],
            [
              36.93387358046048,
              -1.2342852003802225
            ],
            [
              36.93387358046048,
              -1.2344648634370463
            ],
            [
              36.93315492823318,
              -1.2344648634370463
            ],
            [
              36.93315492823318,
              -1.2342852003802225
            ],
            [
              36.93297526517636,
              -1.2342852003802225
            ],
            [
              36.93297526517636,
              -1.2341055373233987
            ],
            [
              36.93279560211953,
              -1.2341055373233987
            ],
            [
              36.93279560211953,
              -1.233566548152927
            ],
            [
              36.93153796072177,
              -1.233566548152927
            ],
            [
              36.93153796072177,
              -1.233386885096103
            ],
            [
              36.93135829766494,
              -1.233386885096103
            ],
            [
              36.93135829766494,
              -1.233566548152927
            ],
            [
              36.9309989715513,
              -1.233566548152927
            ],
            [
              36.9309989715513,
              -1.233386885096103
            ],
            [
              36.92992099321035,
              -1.233386885096103
            ],
            [
              36.92992099321035,
              -1.2332072220392791
            ],
            [
              36.929741330153526,
              -1.2332072220392791
            ],
            [
              36.929741330153526,
              -1.233027558982455
            ],
            [
              36.92992099321035,
              -1.233027558982455
            ],
            [
              36.92992099321035,
              -1.2328478959256313
            ],
            [
              36.929741330153526,
              -1.2328478959256313
            ],
            [
              36.929741330153526,
              -1.2326682328688074
            ],
            [
              36.92992099321035,
              -1.2326682328688074
            ],
            [
              36.92992099321035,
              -1.2324885698119834
            ],
            [
              36.930459982380825,
              -1.2324885698119834
            ],
            [
              36.930459982380825,
              -1.2323089067551596
            ],
            [
              36.93063964543765,
              -1.2323089067551596
            ],
            [
              36.93063964543765,
              -1.2321292436983358
            ],
            [
              36.93081930849447,
              -1.2321292436983358
            ],
            [
              36.93081930849447,
              -1.2312309284142162
            ],
            [
              36.9309989715513,
              -1.2312309284142162
            ],
            [
              36.9309989715513,
              -1.2310512653573922
            ],
            [
              36.93135829766494,
              -1.2310512653573922
            ],
            [
              36.93135829766494,
              -1.2306919392437445
            ],
            [
              36.9309989715513,
              -1.2306919392437445
            ]
          ],
          [
            [
              36.93459223268778,
              -1.2364411570621094
            ],
            [
              36.93441256963095,
              -1.2364411570621094
            ],
            [
              36.93441256963095,
              -1.2366208201189333
            ],
            [
              36.93459223268778,
              -1.2366208201189333
            ],
            [
              36.93459223268778,
              -1.2364411570621094
            ]
          ],
          [
            [
              36.931897286835415,
              -1.2339258742665746
            ],
            [
              36.93171762377859,
              -1.2339258742665746
            ],
            [
              36.93171762377859,
              -1.2341055373233987
            ],
            [
              36.931897286835415,
              -1.2341055373233987
            ],
            [
              36.931897286835415,
              -1.2339258742665746
            ]
          ]
        ]
      },
      "id": "+205558-6851",
      "properties": {
        "area_ha": 20.629001285606748,
        "area_m2": 206290.01285606748,
        "class": 0,
        "count": 517
      }
    }
  ]
}
