{
  "type": "FeatureCollection",
  "columns": {
    "area_ha": "Number",
    "area_m2": "Float",
    "class": "Short<0, 255>",
    "count": "Long<0, 4294967295>",
    "system:index": "String"
  },
  "features": [
    {
      "type": "Feature",
      "geometry": {
        "geodesic": false,
        "type": "Polygon",
        "coordinates": [
          [
            [
              36.748820631931856,
              -1.2797399537566703
            ],
            [
              36.748820631931856,
              -1.2799196168134943
            ],
            [
              36.74864096887503,
              -1.2799196168134943
            ],
            [
              36.74864096887503,
              -1.280278942927142
            ],
            [
              36.748820631931856,
              -1.280278942927142
            ],
            [
              36.748820631931856,
              -1.280458605983966
            ],
            [
              36.74900029498868,
              -1.280458605983966
            ],
            [
              36.74900029498868,
              -1.2806382690407898
            ],
            [
              36.7491799580455,
              -1.2806382690407898
            ],
            [
              36.7491799580455,
              -1.280458605983966
            ],
            [
              36.74935962110233,
              -1.280458605983966
            ],
            [
              36.74935962110233,
              -1.2797399537566703
            ],
            [
              36.748820631931856,
              -1.2797399537566703
            ]
          ]
        ]
      },
      "id": "+204545-7124",
      "properties": {
        "area_ha": 0.5985099057120786,
        "area_m2": 5985.099057120786,
        "class": 0,
        "count": 15
      }
    },
    {
      "type": "Feature",
      "geometry": {
        "geodesic": false,
        "type": "Polygon",
        "coordinates": [
          [
            [
              36.75223423001151,
              -1.2800992798703181
            ],
            [
              36.75223423001151,
              -1.280458605983966
            ],
            [
              36.75205456695468,
              -1.280458605983966
            ],
            [
              36.75205456695468,
              -1.2806382690407898
            ],
            [
              36.752413893068336,
              -1.2806382690407898
            ],
            [
              36.752413893068336,
              -1.2809975951544377
            ],
            [
              36.75295288223881,
              -1.2809975951544377
            ],
            [
              36.75295288223881,
              -1.2800992798703181
            ],
            [
              36.75223423001151,
              -1.2800992798703181
            ]
          ]
        ]
      },
      "id": "+204565-7126",
      "properties": {
        "area_ha": 0.7581124317543454,
        "area_m2": 7581.124317543454,
        "class": 0,
        "count": 19
      }
    },
    {
      "type": "Feature",
      "geometry": {
        "geodesic": false,
        "type": "Polygon",
        "coordinates": [
          [
            [
              36.75313254529563,
              -1.2835128779499723
            ],
            [
              36.75313254529563,
              -1.2836925410067963
            ],
            [
              36.753312208352455,
              -1.2836925410067963
            ],
            [
              36.753312208352455,
              -1.2838722040636201
            ],
            [
              36.75313254529563,
              -1.2838722040636201
            ],
            [
              36.75313254529563,
              -1.2847705193477397
            ],
            [
              36.75349187140928,
              -1.2847705193477397
            ],
            [
              36.75349187140928,
              -1.2845908562909156
            ],
            [
              36.7536715344661,
              -1.2845908562909156
            ],
            [
              36.7536715344661,
              -1.284231530177268
            ],
            [
              36.75349187140928,
              -1.284231530177268
            ],
            [
              36.75349187140928,
              -1.2836925410067963
            ],
            [
              36.7536715344661,
              -1.2836925410067963
            ],
            [
              36.7536715344661,
              -1.2835128779499723
            ],
            [
              36.75313254529563,
              -1.2835128779499723
            ]
          ]
        ]
      },
      "id": "+204569-7145",
      "properties": {
        "area_ha": 0.6384095616080784,
        "area_m2": 6384.095616080784,
        "class": 0,
        "count": 16
      }
    },
    {
      "type": "Feature",
      "geometry": {
        "geodesic": false,
        "type": "Polygon",
        "coordinates": [
          [
            [
              36.75349187140928,
              -1.285848497688683
            ],
            [
              36.75349187140928,
              -1.286207823802331
            ],
            [
              36.753312208352455,
              -1.286207823802331
            ],
            [
              36.753312208352455,
              -1.2860281607455069
            ],
            [
              36.75313254529563,
              -1.2860281607455069
            ],
            [
              36.75313254529563,
              -1.286207823802331
            ],
            [
              36.753312208352455,
              -1.286207823802331
            ],
            [
              36.753312208352455,
              -1.2863874868591547
            ],
            [
              36.75349187140928,
              -1.2863874868591547
            ],
            [
              36.75349187140928,
              -1.2865671499159788
            ],
            [
              36.7536715344661,
              -1.2865671499159788
            ],
            [
              36.7536715344661,
              -1.2867468129728026
            ],
            [
              36.754030860579746,
              -1.2867468129728026
            ],
            [
              36.754030860579746,
              -1.2865671499159788
            ],
            [
              36.75492917586387,
              -1.2865671499159788
            ],
            [
              36.75492917586387,
              -1.2863874868591547
            ],
            [
              36.75510883892069,
              -1.2863874868591547
            ],
            [
              36.75510883892069,
              -1.286207823802331
            ],
            [
              36.75456984975022,
              -1.286207823802331
            ],
            [
              36.75456984975022,
              -1.2863874868591547
            ],
            [
              36.7543901866934,
              -1.2863874868591547
            ],
            [
              36.7543901866934,
              -1.286207823802331
            ],
            [
              36.754030860579746,
              -1.286207823802331
            ],
            [
              36.754030860579746,
              -1.2860281607455069
            ],
            [
              36.7536715344661,
              -1.2860281607455069
            ],
            [
              36.7536715344661,
              -1.285848497688683
            ],
            [
              36.75349187140928,
              -1.285848497688683
            ]
          ]
        ]
      },
      "id": "+204569-7158",
      "properties": {
        "area_ha": 0.9576135529285462,
        "area_m2": 9576.135529285462,
        "class": 0,
        "count": 24
      }
    },
    {
      "type": "Feature",
      "geometry": {
        "geodesic": false,
        "type": "Polygon",
        "coordinates": [
          [
            [
              36.755468165034344,
              -1.2984249116663564
            ],
            [
              36.75510883892069,
              -1.2984249116663564
            ],
            [
              36.75510883892069,
              -1.2986045747231802
            ],
            [
              36.754749512807045,
              -1.2986045747231802
            ],
            [
              36.754749512807045,
              -1.298784237780004
            ],
            [
              36.7543901866934,
              -1.298784237780004
            ],
            [
              36.7543901866934,
              -1.2989639008368281
            ],
            [
              36.75421052363657,
              -1.2989639008368281
            ],
            [
              36.75421052363657,
              -1.299143563893652
            ],
            [
              36.7543901866934,
              -1.299143563893652
            ],
            [
              36.7543901866934,
              -1.299323226950476
            ],
            [
              36.75492917586387,
              -1.299323226950476
            ],
            [
              36.75492917586387,
              -1.2995028900072998
            ],
            [
              36.75564782809116,
              -1.2995028900072998
            ],
            [
              36.75564782809116,
              -1.299143563893652
            ],
            [
              36.75582749114799,
              -1.299143563893652
            ],
            [
              36.75582749114799,
              -1.2989639008368281
            ],
            [
              36.75564782809116,
              -1.2989639008368281
            ],
            [
              36.75564782809116,
              -1.2986045747231802
            ],
            [
              36.755468165034344,
              -1.2986045747231802
            ],
            [
              36.755468165034344,
              -1.2984249116663564
            ]
          ]
        ]
      },
      "id": "+204579-7228",
      "properties": {
        "area_ha": 1.3566124169008127,
        "area_m2": 13566.124169008128,
        "class": 0,
        "count": 34
      }
    },
    {
      "type": "Feature",
      "geometry": {
        "geodesic": false,
        "type": "Polygon",
        "coordinates": [
          [
            [
              36.772356492375785,
              -1.3090250320189667
            ],
            [
              36.772356492375785,
              -1.310282673416734
            ],
            [
              36.77253615543261,
              -1.310282673416734
            ],
            [
              36.77253615543261,
              -1.3106419995303817
            ],
            [
              36.77271581848944,
              -1.3106419995303817
            ],
            [
              36.77271581848944,
              -1.3113606517576775
            ],
            [
              36.77289548154626,
              -1.3113606517576775
            ],
            [
              36.77289548154626,
              -1.3115403148145013
            ],
            [
              36.773075144603084,
              -1.3115403148145013
            ],
            [
              36.773075144603084,
              -1.3118996409281491
            ],
            [
              36.77325480765991,
              -1.3118996409281491
            ],
            [
              36.77325480765991,
              -1.3120793039849732
            ],
            [
              36.77343447071673,
              -1.3120793039849732
            ],
            [
              36.77343447071673,
              -1.312258967041797
            ],
            [
              36.773614133773556,
              -1.312258967041797
            ],
            [
              36.773614133773556,
              -1.3124386300986208
            ],
            [
              36.77379379683038,
              -1.3124386300986208
            ],
            [
              36.77379379683038,
              -1.3126182931554449
            ],
            [
              36.77415312294403,
              -1.3126182931554449
            ],
            [
              36.77415312294403,
              -1.3127979562122687
            ],
            [
              36.77433278600085,
              -1.3127979562122687
            ],
            [
              36.77433278600085,
              -1.3129776192690925
            ],
            [
              36.774512449057674,
              -1.3129776192690925
            ],
            [
              36.774512449057674,
              -1.3131572823259166
            ],
            [
              36.77559042739862,
              -1.3131572823259166
            ],
            [
              36.77559042739862,
              -1.3127979562122687
            ],
            [
              36.775770090455445,
              -1.3127979562122687
            ],
            [
              36.775770090455445,
              -1.3120793039849732
            ],
            [
              36.77505143822815,
              -1.3120793039849732
            ],
            [
              36.77505143822815,
              -1.3118996409281491
            ],
            [
              36.77487177517132,
              -1.3118996409281491
            ],
            [
              36.77487177517132,
              -1.3117199778713253
            ],
            [
              36.7746921121145,
              -1.3117199778713253
            ],
            [
              36.7746921121145,
              -1.3108216625872058
            ],
            [
              36.77415312294403,
              -1.3108216625872058
            ],
            [
              36.77415312294403,
              -1.3117199778713253
            ],
            [
              36.7739734598872,
              -1.3117199778713253
            ],
            [
              36.7739734598872,
              -1.3118996409281491
            ],
            [
              36.773614133773556,
              -1.3118996409281491
            ],
            [
              36.773614133773556,
              -1.3117199778713253
            ],
            [
              36.77343447071673,
              -1.3117199778713253
            ],
            [
              36.77343447071673,
              -1.3111809887008536
            ],
            [
              36.773614133773556,
              -1.3111809887008536
            ],
            [
              36.773614133773556,
              -1.3110013256440296
            ],
            [
              36.7739734598872,
              -1.3110013256440296
            ],
            [
              36.7739734598872,
              -1.3106419995303817
            ],
            [
              36.773614133773556,
              -1.3106419995303817
            ],
            [
              36.773614133773556,
              -1.310282673416734
            ],
            [
              36.77343447071673,
              -1.310282673416734
            ],
            [
              36.77343447071673,
              -1.3099233473030862
            ],
            [
              36.77325480765991,
              -1.3099233473030862
            ],
            [
              36.77325480765991,
              -1.3095640211894384
            ],
            [
              36.773075144603084,
              -1.3095640211894384
            ],
            [
              36.773075144603084,
              -1.3093843581326146
            ],
            [
              36.77289548154626,
              -1.3093843581326146
            ],
            [
              36.77289548154626,
              -1.3090250320189667
            ],
            [
              36.772356492375785,
              -1.3090250320189667
            ]
          ]
        ]
      },
      "id": "+204676-7287",
      "properties": {
        "area_ha": 6.5037274457506085,
        "area_m2": 65037.274457506086,
        "class": 0,
        "count": 163
      }
    },
    {
      "type": "Feature",
      "geometry": {
        "geodesic": false,
        "type": "Polygon",
        "coordinates": [
          [
            [
              36.77559042739862,
              -1.3144149237236837
            ],
            [
              36.77559042739862,
              -1.3145945867805078
            ],
            [
              36.77541076434179,
              -1.3145945867805078
            ],
            [
              36.77541076434179,
              -1.3147742498373316
            ],
            [
              36.77559042739862,
              -1.3147742498373316
            ],
            [
              36.77559042739862,
              -1.3149539128941556
            ],
            [
              36.77541076434179,
              -1.3149539128941556
            ],
            [
              36.77541076434179,
              -1.3153132390078033
            ],
            [
              36.77559042739862,
              -1.3153132390078033
            ],
            [
              36.77559042739862,
              -1.3154929020646273
            ],
            [
              36.77612941656909,
              -1.3154929020646273
            ],
            [
              36.77612941656909,
              -1.3145945867805078
            ],
            [
              36.775949753512265,
              -1.3145945867805078
            ],
            [
              36.775949753512265,
              -1.3144149237236837
            ],
            [
              36.77559042739862,
              -1.3144149237236837
            ]
          ]
        ]
      },
      "id": "+204693-7317",
      "properties": {
        "area_ha": 0.7980022246283083,
        "area_m2": 7980.0222462830825,
        "class": 0,
        "count": 20
      }
    },
    {
      "type": "Feature",
      "geometry": {
        "geodesic": false,
        "type": "Polygon",
        "coordinates": [
          [
            [
              36.77487177517132,
              -1.3165708804055707
            ],
            [
              36.77487177517132,
              -1.3167505434623945
            ],
            [
              36.77559042739862,
              -1.3167505434623945
            ],
            [
              36.77559042739862,
              -1.3169302065192185
            ],
            [
              36.77648874268274,
              -1.3169302065192185
            ],
            [
              36.77648874268274,
              -1.3167505434623945
            ],
            [
              36.77630907962591,
              -1.3167505434623945
            ],
            [
              36.77630907962591,
              -1.3165708804055707
            ],
            [
              36.77487177517132,
              -1.3165708804055707
            ]
          ]
        ]
      },
      "id": "+204695-7329",
      "properties": {
        "area_ha": 0.5187010019324942,
        "area_m2": 5187.010019324943,
        "class": 0,
        "count": 13
      }
    },
    {
      "type": "Feature",
      "geometry": {
        "geodesic": false,
        "type": "Polygon",
        "coordinates": [
          [
            [
              36.77756672102368,
              -1.315852228178275
            ],
            [
              36.77756672102368,
              -1.316031891235099
            ],
            [
              36.777387057966855,
              -1.316031891235099
            ],
            [
              36.777387057966855,
              -1.3162115542919228
            ],
            [
              36.77756672102368,
              -1.3162115542919228
            ],
            [
              36.77756672102368,
              -1.3165708804055707
            ],
            [
              36.777387057966855,
              -1.3165708804055707
            ],
            [
              36.777387057966855,
              -1.3167505434623945
            ],
            [
              36.77702773185321,
              -1.3167505434623945
            ],
            [
              36.77702773185321,
              -1.3171098695760424
            ],
            [
              36.777207394910036,
              -1.3171098695760424
            ],
            [
              36.777207394910036,
              -1.3169302065192185
            ],
            [
              36.77774638408051,
              -1.3169302065192185
            ],
            [
              36.77774638408051,
              -1.3171098695760424
            ],
            [
              36.778105710194154,
              -1.3171098695760424
            ],
            [
              36.778105710194154,
              -1.3169302065192185
            ],
            [
              36.778285373250974,
              -1.3169302065192185
            ],
            [
              36.778285373250974,
              -1.3167505434623945
            ],
            [
              36.778105710194154,
              -1.3167505434623945
            ],
            [
              36.778105710194154,
              -1.3165708804055707
            ],
            [
              36.778285373250974,
              -1.3165708804055707
            ],
            [
              36.778285373250974,
              -1.3163912173487469
            ],
            [
              36.778105710194154,
              -1.3163912173487469
            ],
            [
              36.778105710194154,
              -1.3162115542919228
            ],
            [
              36.77792604713733,
              -1.3162115542919228
            ],
            [
              36.77792604713733,
              -1.316031891235099
            ],
            [
              36.77774638408051,
              -1.316031891235099
            ],
            [
              36.77774638408051,
              -1.315852228178275
            ],
            [
              36.77756672102368,
              -1.315852228178275
            ]
          ]
        ]
      },
      "id": "+204703-7325",
      "properties": {
        "area_ha": 0.9975021381397869,
        "area_m2": 9975.02138139787,
        "class": 0,
        "count": 25
      }
    },
    {
      "type": "Feature",
      "geometry": {
        "geodesic": false,
        "type": "Polygon",
        "coordinates": [
          [
            [
              36.781698971330634,
              -1.3145945867805078
            ],
            [
              36.781698971330634,
              -1.3147742498373316
            ],
            [
              36.78133964521698,
              -1.3147742498373316
            ],
            [
              36.78133964521698,
              -1.3149539128941556
            ],
            [
              36.780980319103335,
              -1.3149539128941556
            ],
            [
              36.780980319103335,
              -1.3151335759509795
            ],
            [
              36.78044132993286,
              -1.3151335759509795
            ],
            [
              36.78044132993286,
              -1.3153132390078033
            ],
            [
              36.78026166687604,
              -1.3153132390078033
            ],
            [
              36.78026166687604,
              -1.3154929020646273
            ],
            [
              36.77990234076239,
              -1.3154929020646273
            ],
            [
              36.77990234076239,
              -1.3156725651214511
            ],
            [
              36.77972267770557,
              -1.3156725651214511
            ],
            [
              36.77972267770557,
              -1.315852228178275
            ],
            [
              36.78008200381922,
              -1.315852228178275
            ],
            [
              36.78008200381922,
              -1.316031891235099
            ],
            [
              36.78026166687604,
              -1.316031891235099
            ],
            [
              36.78026166687604,
              -1.3162115542919228
            ],
            [
              36.78044132993286,
              -1.3162115542919228
            ],
            [
              36.78044132993286,
              -1.3163912173487469
            ],
            [
              36.78062099298969,
              -1.3163912173487469
            ],
            [
              36.78062099298969,
              -1.3165708804055707
            ],
            [
              36.78044132993286,
              -1.3165708804055707
            ],
            [
              36.78044132993286,
              -1.3167505434623945
            ],
            [
              36.78062099298969,
              -1.3167505434623945
            ],
            [
              36.78062099298969,
              -1.3165708804055707
            ],
            [
              36.78133964521698,
              -1.3165708804055707
            ],
            [
              36.78133964521698,
              -1.3163912173487469
            ],
            [
              36.781698971330634,
              -1.3163912173487469
            ],
            [
              36.781698971330634,
              -1.3162115542919228
            ],
            [
              36.78187863438745,
              -1.3162115542919228
            ],
            [
              36.78187863438745,
              -1.315852228178275
            ],
            [
              36.781698971330634,
              -1.315852228178275
            ],
            [
              36.781698971330634,
              -1.3153132390078033
            ],
            [
              36.78187863438745,
              -1.3153132390078033
            ],
            [
              36.78187863438745,
              -1.3154929020646273
            ],
            [
              36.78205829744428,
              -1.3154929020646273
            ],
            [
              36.78205829744428,
              -1.3153132390078033
            ],
            [
              36.7822379605011,
              -1.3153132390078033
            ],
            [
              36.7822379605011,
              -1.3151335759509795
            ],
            [
              36.78187863438745,
              -1.3151335759509795
            ],
            [
              36.78187863438745,
              -1.3145945867805078
            ],
            [
              36.781698971330634,
              -1.3145945867805078
            ]
          ]
        ]
      },
      "id": "+204726-7318",
      "properties": {
        "area_ha": 3.1920079705528823,
        "area_m2": 31920.079705528824,
        "class": 0,
        "count": 80
      }
    },
    {
      "type": "Feature",
      "geometry": {
        "geodesic": false,
        "type": "Polygon",
        "coordinates": [
          [
            [
              36.784753243296635,
              -1.3127979562122687
            ],
            [
              36.784753243296635,
              -1.3129776192690925
            ],
            [
              36.784573580239815,
              -1.3129776192690925
            ],
            [
              36.784573580239815,
              -1.3135166084395644
            ],
            [
              36.78439391718299,
              -1.3135166084395644
            ],
            [
              36.78439391718299,
              -1.3136962714963882
            ],
            [
              36.78493290635346,
              -1.3136962714963882
            ],
            [
              36.78493290635346,
              -1.313875934553212
            ],
            [
              36.78529223246711,
              -1.313875934553212
            ],
            [
              36.78529223246711,
              -1.3136962714963882
            ],
            [
              36.78565155858076,
              -1.3136962714963882
            ],
            [
              36.78565155858076,
              -1.3135166084395644
            ],
            [
              36.78547189552393,
              -1.3135166084395644
            ],
            [
              36.78547189552393,
              -1.3129776192690925
            ],
            [
              36.78529223246711,
              -1.3129776192690925
            ],
            [
              36.78529223246711,
              -1.3127979562122687
            ],
            [
              36.784753243296635,
              -1.3127979562122687
            ]
          ]
        ]
      },
      "id": "+204745-7308",
      "properties": {
        "area_ha": 1.077303707950817,
        "area_m2": 10773.03707950817,
        "class": 0,
        "count": 27
      }
    },
    {
      "type": "Feature",
      "geometry": {
        "geodesic": false,
        "type": "Polygon",
        "coordinates": [
          [
            [
              36.78493290635346,
              -1.3077673906211993
            ],
            [
              36.78493290635346,
              -1.3079470536780233
            ],
            [
              36.784753243296635,
              -1.3079470536780233
            ],
            [
              36.784753243296635,
              -1.308486042848495
            ],
            [
              36.78529223246711,
              -1.308486042848495
            ],
            [
              36.78529223246711,
              -1.3083063797916712
            ],
            [
              36.78547189552393,
              -1.3083063797916712
            ],
            [
              36.78547189552393,
              -1.3081267167348472
            ],
            [
              36.78565155858076,
              -1.3081267167348472
            ],
            [
              36.78565155858076,
              -1.3079470536780233
            ],
            [
              36.78547189552393,
              -1.3079470536780233
            ],
            [
              36.78547189552393,
              -1.3077673906211993
            ],
            [
              36.78493290635346,
              -1.3077673906211993
            ]
          ]
        ]
      },
      "id": "+204746-7280",
      "properties": {
        "area_ha": 0.5985033058931309,
        "area_m2": 5985.03305893131,
        "class": 0,
        "count": 15
      }
    },
    {
      "type": "Feature",
      "geometry": {
        "geodesic": false,
        "type": "Polygon",
        "coordinates": [
          [
            [
              36.78726852609217,
              -1.3117199778713253
            ],
            [
              36.78726852609217,
              -1.3118996409281491
            ],
            [
              36.78708886303535,
              -1.3118996409281491
            ],
            [
              36.78708886303535,
              -1.312258967041797
            ],
            [
              36.78726852609217,
              -1.312258967041797
            ],
            [
              36.78726852609217,
              -1.3126182931554449
            ],
            [
              36.78708886303535,
              -1.3126182931554449
            ],
            [
              36.78708886303535,
              -1.3129776192690925
            ],
            [
              36.7867295369217,
              -1.3129776192690925
            ],
            [
              36.7867295369217,
              -1.3133369453827404
            ],
            [
              36.78654987386488,
              -1.3133369453827404
            ],
            [
              36.78654987386488,
              -1.3136962714963882
            ],
            [
              36.786190547751225,
              -1.3136962714963882
            ],
            [
              36.786190547751225,
              -1.314055597610036
            ],
            [
              36.78583122163758,
              -1.314055597610036
            ],
            [
              36.78583122163758,
              -1.31423526066686
            ],
            [
              36.78565155858076,
              -1.31423526066686
            ],
            [
              36.78565155858076,
              -1.3144149237236837
            ],
            [
              36.78547189552393,
              -1.3144149237236837
            ],
            [
              36.78547189552393,
              -1.31423526066686
            ],
            [
              36.78511256941029,
              -1.31423526066686
            ],
            [
              36.78511256941029,
              -1.314055597610036
            ],
            [
              36.78439391718299,
              -1.314055597610036
            ],
            [
              36.78439391718299,
              -1.31423526066686
            ],
            [
              36.78421425412616,
              -1.31423526066686
            ],
            [
              36.78421425412616,
              -1.3144149237236837
            ],
            [
              36.78403459106934,
              -1.3144149237236837
            ],
            [
              36.78403459106934,
              -1.31423526066686
            ],
            [
              36.783854928012516,
              -1.31423526066686
            ],
            [
              36.783854928012516,
              -1.314055597610036
            ],
            [
              36.7836752649557,
              -1.314055597610036
            ],
            [
              36.7836752649557,
              -1.313875934553212
            ],
            [
              36.78277694967157,
              -1.313875934553212
            ],
            [
              36.78277694967157,
              -1.314055597610036
            ],
            [
              36.78259728661475,
              -1.314055597610036
            ],
            [
              36.78259728661475,
              -1.3145945867805078
            ],
            [
              36.78277694967157,
              -1.3145945867805078
            ],
            [
              36.78277694967157,
              -1.3149539128941556
            ],
            [
              36.78259728661475,
              -1.3149539128941556
            ],
            [
              36.78259728661475,
              -1.3151335759509795
            ],
            [
              36.782417623557926,
              -1.3151335759509795
            ],
            [
              36.782417623557926,
              -1.3153132390078033
            ],
            [
              36.78259728661475,
              -1.3153132390078033
            ],
            [
              36.78259728661475,
              -1.3154929020646273
            ],
            [
              36.783136275785225,
              -1.3154929020646273
            ],
            [
              36.783136275785225,
              -1.3156725651214511
            ],
            [
              36.783315938842044,
              -1.3156725651214511
            ],
            [
              36.783315938842044,
              -1.315852228178275
            ],
            [
              36.78421425412616,
              -1.315852228178275
            ],
            [
              36.78421425412616,
              -1.3156725651214511
            ],
            [
              36.78439391718299,
              -1.3156725651214511
            ],
            [
              36.78439391718299,
              -1.3154929020646273
            ],
            [
              36.784573580239815,
              -1.3154929020646273
            ],
            [
              36.784573580239815,
              -1.3153132390078033
            ],
            [
              36.784753243296635,
              -1.3153132390078033
            ],
            [
              36.784753243296635,
              -1.3151335759509795
            ],
            [
              36.78493290635346,
              -1.3151335759509795
            ],
            [
              36.78493290635346,
              -1.3153132390078033
            ],
            [
              36.78547189552393,
              -1.3153132390078033
            ],
            [
              36.78547189552393,
              -1.3154929020646273
            ],
            [
              36.786190547751225,
              -1.3154929020646273
            ],
            [
              36.786190547751225,
              -1.3153132390078033
            ],
            [
              36.78654987386488,
              -1.3153132390078033
            ],
            [
              36.78654987386488,
              -1.3154929020646273
            ],
            [
              36.78726852609217,
              -1.3154929020646273
            ],
            [
              36.78726852609217,
              -1.3153132390078033
            ],
            [
              36.787448189148996,
              -1.3153132390078033
            ],
            [
              36.787448189148996,
              -1.3149539128941556
            ],
            [
              36.78726852609217,
              -1.3149539128941556
            ],
            [
              36.78726852609217,
              -1.3147742498373316
            ],
            [
              36.787448189148996,
              -1.3147742498373316
            ],
            [
              36.787448189148996,
              -1.3144149237236837
            ],
            [
              36.78780751526264,
              -1.3144149237236837
            ],
            [
              36.78780751526264,
              -1.31423526066686
            ],
            [
              36.78798717831947,
              -1.31423526066686
            ],
            [
              36.78798717831947,
              -1.313875934553212
            ],
            [
              36.78816684137629,
              -1.313875934553212
            ],
            [
              36.78816684137629,
              -1.3136962714963882
            ],
            [
              36.78798717831947,
              -1.3136962714963882
            ],
            [
              36.78798717831947,
              -1.3135166084395644
            ],
            [
              36.78780751526264,
              -1.3135166084395644
            ],
            [
              36.78780751526264,
              -1.3133369453827404
            ],
            [
              36.78762785220582,
              -1.3133369453827404
            ],
            [
              36.78762785220582,
              -1.3129776192690925
            ],
            [
              36.787448189148996,
              -1.3129776192690925
            ],
            [
              36.787448189148996,
              -1.3127979562122687
            ],
            [
              36.78762785220582,
              -1.3127979562122687
            ],
            [
              36.78762785220582,
              -1.3126182931554449
            ],
            [
              36.787448189148996,
              -1.3126182931554449
            ],
            [
              36.787448189148996,
              -1.3117199778713253
            ],
            [
              36.78726852609217,
              -1.3117199778713253
            ]
          ]
        ]
      },
      "id": "+204757-7302",
      "properties": {
        "area_ha": 11.012432825963971,
        "area_m2": 110124.32825963972,
        "class": 0,
        "count": 276
      }
    },
    {
      "type": "Feature",
      "geometry": {
        "geodesic": false,
        "type": "Polygon",
        "coordinates": [
          [
            [
              36.78942448277406,
              -1.3108216625872058
            ],
            [
              36.78942448277406,
              -1.3110013256440296
            ],
            [
              36.78906515666041,
              -1.3110013256440296
            ],
            [
              36.78906515666041,
              -1.3111809887008536
            ],
            [
              36.78852616748994,
              -1.3111809887008536
            ],
            [
              36.78852616748994,
              -1.3113606517576775
            ],
            [
              36.788346504433115,
              -1.3113606517576775
            ],
            [
              36.788346504433115,
              -1.3115403148145013
            ],
            [
              36.78852616748994,
              -1.3115403148145013
            ],
            [
              36.78852616748994,
              -1.3117199778713253
            ],
            [
              36.78870583054676,
              -1.3117199778713253
            ],
            [
              36.78870583054676,
              -1.3118996409281491
            ],
            [
              36.78888549360359,
              -1.3118996409281491
            ],
            [
              36.78888549360359,
              -1.3117199778713253
            ],
            [
              36.78906515666041,
              -1.3117199778713253
            ],
            [
              36.78906515666041,
              -1.312258967041797
            ],
            [
              36.78942448277406,
              -1.312258967041797
            ],
            [
              36.78942448277406,
              -1.3126182931554449
            ],
            [
              36.789783808887705,
              -1.3126182931554449
            ],
            [
              36.789783808887705,
              -1.312258967041797
            ],
            [
              36.78996347194453,
              -1.312258967041797
            ],
            [
              36.78996347194453,
              -1.3120793039849732
            ],
            [
              36.79014313500135,
              -1.3120793039849732
            ],
            [
              36.79014313500135,
              -1.3117199778713253
            ],
            [
              36.79032279805818,
              -1.3117199778713253
            ],
            [
              36.79032279805818,
              -1.3110013256440296
            ],
            [
              36.78996347194453,
              -1.3110013256440296
            ],
            [
              36.78996347194453,
              -1.3108216625872058
            ],
            [
              36.78942448277406,
              -1.3108216625872058
            ]
          ]
        ]
      },
      "id": "+204771-7297",
      "properties": {
        "area_ha": 2.513710387043472,
        "area_m2": 25137.10387043472,
        "class": 0,
        "count": 63
      }
    },
    {
      "type": "Feature",
      "geometry": {
        "geodesic": false,
        "type": "Polygon",
        "coordinates": [
          [
            [
              36.791939765569595,
              -1.3099233473030862
            ],
            [
              36.791939765569595,
              -1.31010301035991
            ],
            [
              36.79176010251277,
              -1.31010301035991
            ],
            [
              36.79176010251277,
              -1.310462336473558
            ],
            [
              36.79158043945595,
              -1.310462336473558
            ],
            [
              36.79158043945595,
              -1.3110013256440296
            ],
            [
              36.79176010251277,
              -1.3110013256440296
            ],
            [
              36.79176010251277,
              -1.3117199778713253
            ],
            [
              36.791939765569595,
              -1.3117199778713253
            ],
            [
              36.791939765569595,
              -1.3118996409281491
            ],
            [
              36.792119428626414,
              -1.3118996409281491
            ],
            [
              36.792119428626414,
              -1.3120793039849732
            ],
            [
              36.79247875474007,
              -1.3120793039849732
            ],
            [
              36.79247875474007,
              -1.3118996409281491
            ],
            [
              36.79319740696736,
              -1.3118996409281491
            ],
            [
              36.79319740696736,
              -1.312258967041797
            ],
            [
              36.793377070024185,
              -1.312258967041797
            ],
            [
              36.793377070024185,
              -1.3124386300986208
            ],
            [
              36.79355673308101,
              -1.3124386300986208
            ],
            [
              36.79355673308101,
              -1.3127979562122687
            ],
            [
              36.79373639613783,
              -1.3127979562122687
            ],
            [
              36.79373639613783,
              -1.3129776192690925
            ],
            [
              36.79391605919466,
              -1.3129776192690925
            ],
            [
              36.79391605919466,
              -1.3131572823259166
            ],
            [
              36.7942753853083,
              -1.3131572823259166
            ],
            [
              36.7942753853083,
              -1.3133369453827404
            ],
            [
              36.79463471142195,
              -1.3133369453827404
            ],
            [
              36.79463471142195,
              -1.3136962714963882
            ],
            [
              36.79445504836513,
              -1.3136962714963882
            ],
            [
              36.79445504836513,
              -1.313875934553212
            ],
            [
              36.7942753853083,
              -1.313875934553212
            ],
            [
              36.7942753853083,
              -1.314055597610036
            ],
            [
              36.79391605919466,
              -1.314055597610036
            ],
            [
              36.79391605919466,
              -1.3145945867805078
            ],
            [
              36.794095722251484,
              -1.3145945867805078
            ],
            [
              36.794095722251484,
              -1.3149539128941556
            ],
            [
              36.7942753853083,
              -1.3149539128941556
            ],
            [
              36.7942753853083,
              -1.3151335759509795
            ],
            [
              36.7949940375356,
              -1.3151335759509795
            ],
            [
              36.7949940375356,
              -1.3153132390078033
            ],
            [
              36.79535336364925,
              -1.3153132390078033
            ],
            [
              36.79535336364925,
              -1.3151335759509795
            ],
            [
              36.795533026706075,
              -1.3151335759509795
            ],
            [
              36.795533026706075,
              -1.3149539128941556
            ],
            [
              36.79589235281972,
              -1.3149539128941556
            ],
            [
              36.79589235281972,
              -1.3151335759509795
            ],
            [
              36.79607201587655,
              -1.3151335759509795
            ],
            [
              36.79607201587655,
              -1.3149539128941556
            ],
            [
              36.79661100504701,
              -1.3149539128941556
            ],
            [
              36.79661100504701,
              -1.3145945867805078
            ],
            [
              36.79679066810384,
              -1.3145945867805078
            ],
            [
              36.79679066810384,
              -1.3144149237236837
            ],
            [
              36.796970331160665,
              -1.3144149237236837
            ],
            [
              36.796970331160665,
              -1.31423526066686
            ],
            [
              36.79750932033114,
              -1.31423526066686
            ],
            [
              36.79750932033114,
              -1.3144149237236837
            ],
            [
              36.79768898338796,
              -1.3144149237236837
            ],
            [
              36.79768898338796,
              -1.3149539128941556
            ],
            [
              36.79786864644478,
              -1.3149539128941556
            ],
            [
              36.79786864644478,
              -1.3151335759509795
            ],
            [
              36.798407635615256,
              -1.3151335759509795
            ],
            [
              36.798407635615256,
              -1.3149539128941556
            ],
            [
              36.798587298672075,
              -1.3149539128941556
            ],
            [
              36.798587298672075,
              -1.3151335759509795
            ],
            [
              36.799305950899374,
              -1.3151335759509795
            ],
            [
              36.799305950899374,
              -1.3149539128941556
            ],
            [
              36.7994856139562,
              -1.3149539128941556
            ],
            [
              36.7994856139562,
              -1.3144149237236837
            ],
            [
              36.79966527701302,
              -1.3144149237236837
            ],
            [
              36.79966527701302,
              -1.31423526066686
            ],
            [
              36.7994856139562,
              -1.31423526066686
            ],
            [
              36.7994856139562,
              -1.3136962714963882
            ],
            [
              36.79966527701302,
              -1.3136962714963882
            ],
            [
              36.79966527701302,
              -1.3135166084395644
            ],
            [
              36.7994856139562,
              -1.3135166084395644
            ],
            [
              36.7994856139562,
              -1.3129776192690925
            ],
            [
              36.799305950899374,
              -1.3129776192690925
            ],
            [
              36.799305950899374,
              -1.3126182931554449
            ],
            [
              36.79912628784255,
              -1.3126182931554449
            ],
            [
              36.79912628784255,
              -1.3124386300986208
            ],
            [
              36.79894662478573,
              -1.3124386300986208
            ],
            [
              36.79894662478573,
              -1.3120793039849732
            ],
            [
              36.798587298672075,
              -1.3120793039849732
            ],
            [
              36.798587298672075,
              -1.3118996409281491
            ],
            [
              36.79822797255843,
              -1.3118996409281491
            ],
            [
              36.79822797255843,
              -1.3117199778713253
            ],
            [
              36.79786864644478,
              -1.3117199778713253
            ],
            [
              36.79786864644478,
              -1.3115403148145013
            ],
            [
              36.79750932033114,
              -1.3115403148145013
            ],
            [
              36.79750932033114,
              -1.3113606517576775
            ],
            [
              36.796970331160665,
              -1.3113606517576775
            ],
            [
              36.796970331160665,
              -1.3115403148145013
            ],
            [
              36.79679066810384,
              -1.3115403148145013
            ],
            [
              36.79679066810384,
              -1.3117199778713253
            ],
            [
              36.79661100504701,
              -1.3117199778713253
            ],
            [
              36.79661100504701,
              -1.3120793039849732
            ],
            [
              36.79643134199019,
              -1.3120793039849732
            ],
            [
              36.79643134199019,
              -1.312258967041797
            ],
            [
              36.796251678933366,
              -1.312258967041797
            ],
            [
              36.796251678933366,
              -1.3124386300986208
            ],
            [
              36.79607201587655,
              -1.3124386300986208
            ],
            [
              36.79607201587655,
              -1.3133369453827404
            ],
            [
              36.79589235281972,
              -1.3133369453827404
            ],
            [
              36.79589235281972,
              -1.3135166084395644
            ],
            [
              36.79517370059242,
              -1.3135166084395644
            ],
            [
              36.79517370059242,
              -1.3129776192690925
            ],
            [
              36.79535336364925,
              -1.3129776192690925
            ],
            [
              36.79535336364925,
              -1.3127979562122687
            ],
            [
              36.795533026706075,
              -1.3127979562122687
            ],
            [
              36.795533026706075,
              -1.3126182931554449
            ],
            [
              36.79535336364925,
              -1.3126182931554449
            ],
            [
              36.79535336364925,
              -1.312258967041797
            ],
            [
              36.79517370059242,
              -1.312258967041797
            ],
            [
              36.79517370059242,
              -1.3115403148145013
            ],
            [
              36.7949940375356,
              -1.3115403148145013
            ],
            [
              36.7949940375356,
              -1.3111809887008536
            ],
            [
              36.79445504836513,
              -1.3111809887008536
            ],
            [
              36.79445504836513,
              -1.3110013256440296
            ],
            [
              36.7942753853083,
              -1.3110013256440296
            ],
            [
              36.7942753853083,
              -1.3108216625872058
            ],
            [
              36.79391605919466,
              -1.3108216625872058
            ],
            [
              36.79391605919466,
              -1.3106419995303817
            ],
            [
              36.79373639613783,
              -1.3106419995303817
            ],
            [
              36.79373639613783,
              -1.310462336473558
            ],
            [
              36.79355673308101,
              -1.310462336473558
            ],
            [
              36.79355673308101,
              -1.310282673416734
            ],
            [
              36.79283808085371,
              -1.310282673416734
            ],
            [
              36.79283808085371,
              -1.31010301035991
            ],
            [
              36.792658417796886,
              -1.31010301035991
            ],
            [
              36.792658417796886,
              -1.3099233473030862
            ],
            [
              36.791939765569595,
              -1.3099233473030862
            ]
          ],
          [
            [
              36.79517370059242,
              -1.3135166084395644
            ],
            [
              36.7949940375356,
              -1.3135166084395644
            ],
            [
              36.7949940375356,
              -1.3136962714963882
            ],
            [
              36.79517370059242,
              -1.3136962714963882
            ],
            [
              36.79517370059242,
              -1.3135166084395644
            ]
          ],
          [
            [
              36.793377070024185,
              -1.3115403148145013
            ],
            [
              36.79319740696736,
              -1.3115403148145013
            ],
            [
              36.79319740696736,
              -1.3117199778713253
            ],
            [
              36.793377070024185,
              -1.3117199778713253
            ],
            [
              36.793377070024185,
              -1.3115403148145013
            ]
          ],
          [
            [
              36.79283808085371,
              -1.3111809887008536
            ],
            [
              36.792658417796886,
              -1.3111809887008536
            ],
            [
              36.792658417796886,
              -1.3115403148145013
            ],
            [
              36.79283808085371,
              -1.3115403148145013
            ],
            [
              36.79283808085371,
              -1.3117199778713253
            ],
            [
              36.79301774391054,
              -1.3117199778713253
            ],
            [
              36.79301774391054,
              -1.3115403148145013
            ],
            [
              36.79319740696736,
              -1.3115403148145013
            ],
            [
              36.79319740696736,
              -1.3113606517576775
            ],
            [
              36.79283808085371,
              -1.3113606517576775
            ],
            [
              36.79283808085371,
              -1.3111809887008536
            ]
          ],
          [
            [
              36.79301774391054,
              -1.3110013256440296
            ],
            [
              36.79283808085371,
              -1.3110013256440296
            ],
            [
              36.79283808085371,
              -1.3111809887008536
            ],
            [
              36.79301774391054,
              -1.3111809887008536
            ],
            [
              36.79301774391054,
              -1.3110013256440296
            ]
          ]
        ]
      },
      "id": "+204786-7292",
      "properties": {
        "area_ha": 24.93759012825677,
        "area_m2": 249375.90128256768,
        "class": 0,
        "count": 625
      }
    },
    {
      "type": "Feature",
      "geometry": {
        "geodesic": false,
        "type": "Polygon",
        "coordinates": [
          [
            [
              36.79661100504701,
              -1.3156725651214511
            ],
            [
              36.79661100504701,
              -1.315852228178275
            ],
            [
              36.79643134199019,
              -1.315852228178275
            ],
            [
              36.79643134199019,
              -1.316031891235099
            ],
            [
              36.796251678933366,
              -1.316031891235099
            ],
            [
              36.796251678933366,
              -1.3162115542919228
            ],
            [
              36.79607201587655,
              -1.3162115542919228
            ],
            [
              36.79607201587655,
              -1.316031891235099
            ],
            [
              36.795712689762894,
              -1.316031891235099
            ],
            [
              36.795712689762894,
              -1.3162115542919228
            ],
            [
              36.79535336364925,
              -1.3162115542919228
            ],
            [
              36.79535336364925,
              -1.3163912173487469
            ],
            [
              36.79445504836513,
              -1.3163912173487469
            ],
            [
              36.79445504836513,
              -1.3165708804055707
            ],
            [
              36.7942753853083,
              -1.3165708804055707
            ],
            [
              36.7942753853083,
              -1.3167505434623945
            ],
            [
              36.794095722251484,
              -1.3167505434623945
            ],
            [
              36.794095722251484,
              -1.3171098695760424
            ],
            [
              36.79391605919466,
              -1.3171098695760424
            ],
            [
              36.79391605919466,
              -1.3174691956896902
            ],
            [
              36.79373639613783,
              -1.3174691956896902
            ],
            [
              36.79373639613783,
              -1.3172895326328664
            ],
            [
              36.79355673308101,
              -1.3172895326328664
            ],
            [
              36.79355673308101,
              -1.3174691956896902
            ],
            [
              36.79373639613783,
              -1.3174691956896902
            ],
            [
              36.79373639613783,
              -1.317648858746514
            ],
            [
              36.79355673308101,
              -1.317648858746514
            ],
            [
              36.79355673308101,
              -1.317828521803338
            ],
            [
              36.79373639613783,
              -1.317828521803338
            ],
            [
              36.79373639613783,
              -1.318008184860162
            ],
            [
              36.79391605919466,
              -1.318008184860162
            ],
            [
              36.79391605919466,
              -1.3181878479169857
            ],
            [
              36.794095722251484,
              -1.3181878479169857
            ],
            [
              36.794095722251484,
              -1.3183675109738098
            ],
            [
              36.79445504836513,
              -1.3183675109738098
            ],
            [
              36.79445504836513,
              -1.3185471740306336
            ],
            [
              36.79463471142195,
              -1.3185471740306336
            ],
            [
              36.79463471142195,
              -1.3187268370874576
            ],
            [
              36.794814374478776,
              -1.3187268370874576
            ],
            [
              36.794814374478776,
              -1.3189065001442815
            ],
            [
              36.7949940375356,
              -1.3189065001442815
            ],
            [
              36.7949940375356,
              -1.3190861632011053
            ],
            [
              36.79517370059242,
              -1.3190861632011053
            ],
            [
              36.79517370059242,
              -1.3189065001442815
            ],
            [
              36.795533026706075,
              -1.3189065001442815
            ],
            [
              36.795533026706075,
              -1.3187268370874576
            ],
            [
              36.795712689762894,
              -1.3187268370874576
            ],
            [
              36.795712689762894,
              -1.3185471740306336
            ],
            [
              36.79589235281972,
              -1.3185471740306336
            ],
            [
              36.79589235281972,
              -1.3183675109738098
            ],
            [
              36.79607201587655,
              -1.3183675109738098
            ],
            [
              36.79607201587655,
              -1.3181878479169857
            ],
            [
              36.796251678933366,
              -1.3181878479169857
            ],
            [
              36.796251678933366,
              -1.318008184860162
            ],
            [
              36.79661100504701,
              -1.318008184860162
            ],
            [
              36.79661100504701,
              -1.3181878479169857
            ],
            [
              36.79679066810384,
              -1.3181878479169857
            ],
            [
              36.79679066810384,
              -1.3183675109738098
            ],
            [
              36.796970331160665,
              -1.3183675109738098
            ],
            [
              36.796970331160665,
              -1.3185471740306336
            ],
            [
              36.79786864644478,
              -1.3185471740306336
            ],
            [
              36.79786864644478,
              -1.3187268370874576
            ],
            [
              36.798587298672075,
              -1.3187268370874576
            ],
            [
              36.798587298672075,
              -1.3185471740306336
            ],
            [
              36.7987669617289,
              -1.3185471740306336
            ],
            [
              36.7987669617289,
              -1.3183675109738098
            ],
            [
              36.79894662478573,
              -1.3183675109738098
            ],
            [
              36.79894662478573,
              -1.3181878479169857
            ],
            [
              36.79912628784255,
              -1.3181878479169857
            ],
            [
              36.79912628784255,
              -1.3174691956896902
            ],
            [
              36.799305950899374,
              -1.3174691956896902
            ],
            [
              36.799305950899374,
              -1.3172895326328664
            ],
            [
              36.7994856139562,
              -1.3172895326328664
            ],
            [
              36.7994856139562,
              -1.3171098695760424
            ],
            [
              36.79966527701302,
              -1.3171098695760424
            ],
            [
              36.79966527701302,
              -1.3167505434623945
            ],
            [
              36.7994856139562,
              -1.3167505434623945
            ],
            [
              36.7994856139562,
              -1.3165708804055707
            ],
            [
              36.79912628784255,
              -1.3165708804055707
            ],
            [
              36.79912628784255,
              -1.3163912173487469
            ],
            [
              36.7987669617289,
              -1.3163912173487469
            ],
            [
              36.7987669617289,
              -1.3162115542919228
            ],
            [
              36.79786864644478,
              -1.3162115542919228
            ],
            [
              36.79786864644478,
              -1.3163912173487469
            ],
            [
              36.79750932033114,
              -1.3163912173487469
            ],
            [
              36.79750932033114,
              -1.3162115542919228
            ],
            [
              36.79732965727431,
              -1.3162115542919228
            ],
            [
              36.79732965727431,
              -1.315852228178275
            ],
            [
              36.797149994217484,
              -1.315852228178275
            ],
            [
              36.797149994217484,
              -1.3156725651214511
            ],
            [
              36.79661100504701,
              -1.3156725651214511
            ]
          ],
          [
            [
              36.797149994217484,
              -1.317648858746514
            ],
            [
              36.796970331160665,
              -1.317648858746514
            ],
            [
              36.796970331160665,
              -1.317828521803338
            ],
            [
              36.797149994217484,
              -1.317828521803338
            ],
            [
              36.797149994217484,
              -1.317648858746514
            ]
          ]
        ]
      },
      "id": "+204811-7324",
      "properties": {
        "area_ha": 15.36152806812269,
        "area_m2": 153615.2806812269,
        "class": 0,
        "count": 385
      }
    },
    {
      "type": "Feature",
      "geometry": {
        "geodesic": false,
        "type": "Polygon",
        "coordinates": [
          [
            [
              36.82859102916167,
              -1.2836925410067963
            ],
            [
              36.82859102916167,
              -1.2838722040636201
            ],
            [
              36.828411366104845,
              -1.2838722040636201
            ],
            [
              36.828411366104845,
              -1.284231530177268
            ],
            [
              36.82859102916167,
              -1.284231530177268
            ],
            [
              36.82859102916167,
              -1.2845908562909156
            ],
            [
              36.82895035527532,
              -1.2845908562909156
            ],
            [
              36.82895035527532,
              -1.2844111932340918
            ],
            [
              36.829130018332144,
              -1.2844111932340918
            ],
            [
              36.829130018332144,
              -1.2838722040636201
            ],
            [
              36.82895035527532,
              -1.2838722040636201
            ],
            [
              36.82895035527532,
              -1.2836925410067963
            ],
            [
              36.82859102916167,
              -1.2836925410067963
            ]
          ],
          [
            [
              36.82895035527532,
              -1.284051867120444
            ],
            [
              36.82877069221849,
              -1.284051867120444
            ],
            [
              36.82877069221849,
              -1.284231530177268
            ],
            [
              36.82895035527532,
              -1.284231530177268
            ],
            [
              36.82895035527532,
              -1.284051867120444
            ]
          ]
        ]
      },
      "id": "+204988-7146",
      "properties": {
        "area_ha": 0.5586083777977486,
        "area_m2": 5586.0837779774865,
        "class": 0,
        "count": 14
      }
    },
    {
      "type": "Feature",
      "geometry": {
        "geodesic": false,
        "type": "Polygon",
        "coordinates": [
          [
            [
              36.83955047562793,
              -1.306509749223432
            ],
            [
              36.83955047562793,
              -1.306689412280256
            ],
            [
              36.83919114951428,
              -1.306689412280256
            ],
            [
              36.83919114951428,
              -1.3068690753370797
            ],
            [
              36.83901148645746,
              -1.3068690753370797
            ],
            [
              36.83901148645746,
              -1.3070487383939038
            ],
            [
              36.83883182340063,
              -1.3070487383939038
            ],
            [
              36.83883182340063,
              -1.3074080645075516
            ],
            [
              36.838472497286986,
              -1.3074080645075516
            ],
            [
              36.838472497286986,
              -1.3075877275643755
            ],
            [
              36.83811317117334,
              -1.3075877275643755
            ],
            [
              36.83811317117334,
              -1.3077673906211993
            ],
            [
              36.837933508116514,
              -1.3077673906211993
            ],
            [
              36.837933508116514,
              -1.3079470536780233
            ],
            [
              36.83649620366192,
              -1.3079470536780233
            ],
            [
              36.83649620366192,
              -1.3081267167348472
            ],
            [
              36.8363165406051,
              -1.3081267167348472
            ],
            [
              36.8363165406051,
              -1.3083063797916712
            ],
            [
              36.83613687754828,
              -1.3083063797916712
            ],
            [
              36.83613687754828,
              -1.308486042848495
            ],
            [
              36.8363165406051,
              -1.308486042848495
            ],
            [
              36.8363165406051,
              -1.3090250320189667
            ],
            [
              36.83667586671874,
              -1.3090250320189667
            ],
            [
              36.83667586671874,
              -1.3092046950757905
            ],
            [
              36.83739451894604,
              -1.3092046950757905
            ],
            [
              36.83739451894604,
              -1.3090250320189667
            ],
            [
              36.83990980174158,
              -1.3090250320189667
            ],
            [
              36.83990980174158,
              -1.3092046950757905
            ],
            [
              36.84026912785522,
              -1.3092046950757905
            ],
            [
              36.84026912785522,
              -1.3093843581326146
            ],
            [
              36.84062845396887,
              -1.3093843581326146
            ],
            [
              36.84062845396887,
              -1.3088453689621429
            ],
            [
              36.840808117025695,
              -1.3088453689621429
            ],
            [
              36.840808117025695,
              -1.3086657059053188
            ],
            [
              36.84098778008252,
              -1.3086657059053188
            ],
            [
              36.84098778008252,
              -1.3083063797916712
            ],
            [
              36.84116744313934,
              -1.3083063797916712
            ],
            [
              36.84116744313934,
              -1.3081267167348472
            ],
            [
              36.84134710619617,
              -1.3081267167348472
            ],
            [
              36.84134710619617,
              -1.3074080645075516
            ],
            [
              36.84026912785522,
              -1.3074080645075516
            ],
            [
              36.84026912785522,
              -1.3072284014507276
            ],
            [
              36.8400894647984,
              -1.3072284014507276
            ],
            [
              36.8400894647984,
              -1.306689412280256
            ],
            [
              36.83973013868475,
              -1.306689412280256
            ],
            [
              36.83973013868475,
              -1.306509749223432
            ],
            [
              36.83955047562793,
              -1.306509749223432
            ]
          ]
        ]
      },
      "id": "+205048-7273",
      "properties": {
        "area_ha": 9.81545448857899,
        "area_m2": 98154.54488578989,
        "class": 0,
        "count": 246
      }
    },
    {
      "type": "Feature",
      "geometry": {
        "geodesic": false,
        "type": "Polygon",
        "coordinates": [
          [
            [
              36.84350306287806,
              -1.263570278642519
            ],
            [
              36.84350306287806,
              -1.2639296047561668
            ],
            [
              36.84332339982123,
              -1.2639296047561668
            ],
            [
              36.84332339982123,
              -1.2644685939266385
            ],
            [
              36.843143736764404,
              -1.2644685939266385
            ],
            [
              36.843143736764404,
              -1.2648279200402863
            ],
            [
              36.842964073707584,
              -1.2648279200402863
            ],
            [
              36.842964073707584,
              -1.265187246153934
            ],
            [
              36.843143736764404,
              -1.265187246153934
            ],
            [
              36.843143736764404,
              -1.265366909210758
            ],
            [
              36.84332339982123,
              -1.265366909210758
            ],
            [
              36.84332339982123,
              -1.2655465722675818
            ],
            [
              36.84350306287806,
              -1.2655465722675818
            ],
            [
              36.84350306287806,
              -1.2657262353244059
            ],
            [
              36.843682725934876,
              -1.2657262353244059
            ],
            [
              36.843682725934876,
              -1.2659058983812297
            ],
            [
              36.84404205204853,
              -1.2659058983812297
            ],
            [
              36.84404205204853,
              -1.2660855614380535
            ],
            [
              36.84422171510535,
              -1.2660855614380535
            ],
            [
              36.84422171510535,
              -1.2655465722675818
            ],
            [
              36.844401378162175,
              -1.2655465722675818
            ],
            [
              36.844401378162175,
              -1.265366909210758
            ],
            [
              36.84404205204853,
              -1.265366909210758
            ],
            [
              36.84404205204853,
              -1.2650075830971101
            ],
            [
              36.8438623889917,
              -1.2650075830971101
            ],
            [
              36.8438623889917,
              -1.2648279200402863
            ],
            [
              36.843682725934876,
              -1.2648279200402863
            ],
            [
              36.843682725934876,
              -1.2644685939266385
            ],
            [
              36.84350306287806,
              -1.2644685939266385
            ],
            [
              36.84350306287806,
              -1.2642889308698146
            ],
            [
              36.843682725934876,
              -1.2642889308698146
            ],
            [
              36.843682725934876,
              -1.2639296047561668
            ],
            [
              36.8438623889917,
              -1.2639296047561668
            ],
            [
              36.8438623889917,
              -1.2637499416993427
            ],
            [
              36.84404205204853,
              -1.2637499416993427
            ],
            [
              36.84404205204853,
              -1.263570278642519
            ],
            [
              36.84350306287806,
              -1.263570278642519
            ]
          ]
        ]
      },
      "id": "+205072-7034",
      "properties": {
        "area_ha": 1.8354411912986976,
        "area_m2": 18354.411912986976,
        "class": 0,
        "count": 46
      }
    },
    {
      "type": "Feature",
      "geometry": {
        "geodesic": false,
        "type": "Polygon",
        "coordinates": [
          [
            [
              36.84332339982123,
              -1.2883637804842176
            ],
            [
              36.84332339982123,
              -1.2885434435410417
            ],
            [
              36.84260474759393,
              -1.2885434435410417
            ],
            [
              36.84260474759393,
              -1.2889027696546895
            ],
            [
              36.84242508453711,
              -1.2889027696546895
            ],
            [
              36.84242508453711,
              -1.2894417588251612
            ],
            [
              36.842245421480285,
              -1.2894417588251612
            ],
            [
              36.842245421480285,
              -1.2903400741092808
            ],
            [
              36.84242508453711,
              -1.2903400741092808
            ],
            [
              36.84242508453711,
              -1.2905197371661046
            ],
            [
              36.84278441065076,
              -1.2905197371661046
            ],
            [
              36.84278441065076,
              -1.2906994002229284
            ],
            [
              36.84350306287806,
              -1.2906994002229284
            ],
            [
              36.84350306287806,
              -1.2905197371661046
            ],
            [
              36.843682725934876,
              -1.2905197371661046
            ],
            [
              36.843682725934876,
              -1.2903400741092808
            ],
            [
              36.8438623889917,
              -1.2903400741092808
            ],
            [
              36.8438623889917,
              -1.2901604110524567
            ],
            [
              36.84404205204853,
              -1.2901604110524567
            ],
            [
              36.84404205204853,
              -1.289980747995633
            ],
            [
              36.8438623889917,
              -1.289980747995633
            ],
            [
              36.8438623889917,
              -1.2898010849388089
            ],
            [
              36.843682725934876,
              -1.2898010849388089
            ],
            [
              36.843682725934876,
              -1.2894417588251612
            ],
            [
              36.84350306287806,
              -1.2894417588251612
            ],
            [
              36.84350306287806,
              -1.2890824327115133
            ],
            [
              36.843682725934876,
              -1.2890824327115133
            ],
            [
              36.843682725934876,
              -1.2889027696546895
            ],
            [
              36.84350306287806,
              -1.2889027696546895
            ],
            [
              36.84350306287806,
              -1.2887231065978655
            ],
            [
              36.8438623889917,
              -1.2887231065978655
            ],
            [
              36.8438623889917,
              -1.2885434435410417
            ],
            [
              36.84404205204853,
              -1.2885434435410417
            ],
            [
              36.84404205204853,
              -1.2883637804842176
            ],
            [
              36.84332339982123,
              -1.2883637804842176
            ]
          ]
        ]
      },
      "id": "+205072-7172",
      "properties": {
        "area_ha": 3.5910461464559993,
        "area_m2": 35910.461464559994,
        "class": 0,
        "count": 90
      }
    },
    {
      "type": "Feature",
      "geometry": {
        "geodesic": false,
        "type": "Polygon",
        "coordinates": [
          [
            [
              36.8483539654123,
              -1.3118996409281491
            ],
            [
              36.84709632401453,
              -1.3118996409281491
            ],
            [
              36.84709632401453,
              -1.3117199778713253
            ],
            [
              36.84691666095771,
              -1.3117199778713253
            ],
            [
              36.84691666095771,
              -1.3115403148145013
            ],
            [
              36.846736997900884,
              -1.3115403148145013
            ],
            [
              36.846736997900884,
              -1.3113606517576775
            ],
            [
              36.845838682616765,
              -1.3113606517576775
            ],
            [
              36.845838682616765,
              -1.3111809887008536
            ],
            [
              36.84547935650312,
              -1.3111809887008536
            ],
            [
              36.84547935650312,
              -1.3110013256440296
            ],
            [
              36.84494036733265,
              -1.3110013256440296
            ],
            [
              36.84494036733265,
              -1.3108216625872058
            ],
            [
              36.84476070427582,
              -1.3108216625872058
            ],
            [
              36.84476070427582,
              -1.3110013256440296
            ],
            [
              36.844581041218994,
              -1.3110013256440296
            ],
            [
              36.844581041218994,
              -1.3108216625872058
            ],
            [
              36.84422171510535,
              -1.3108216625872058
            ],
            [
              36.84422171510535,
              -1.3110013256440296
            ],
            [
              36.84404205204853,
              -1.3110013256440296
            ],
            [
              36.84404205204853,
              -1.3111809887008536
            ],
            [
              36.84332339982123,
              -1.3111809887008536
            ],
            [
              36.84332339982123,
              -1.3113606517576775
            ],
            [
              36.843143736764404,
              -1.3113606517576775
            ],
            [
              36.843143736764404,
              -1.3117199778713253
            ],
            [
              36.842964073707584,
              -1.3117199778713253
            ],
            [
              36.842964073707584,
              -1.312258967041797
            ],
            [
              36.843143736764404,
              -1.312258967041797
            ],
            [
              36.843143736764404,
              -1.3124386300986208
            ],
            [
              36.84422171510535,
              -1.3124386300986208
            ],
            [
              36.84422171510535,
              -1.312258967041797
            ],
            [
              36.84476070427582,
              -1.312258967041797
            ],
            [
              36.84476070427582,
              -1.3124386300986208
            ],
            [
              36.84494036733265,
              -1.3124386300986208
            ],
            [
              36.84494036733265,
              -1.3126182931554449
            ],
            [
              36.84512003038947,
              -1.3126182931554449
            ],
            [
              36.84512003038947,
              -1.3127979562122687
            ],
            [
              36.84529969344629,
              -1.3127979562122687
            ],
            [
              36.84529969344629,
              -1.3131572823259166
            ],
            [
              36.84565901955994,
              -1.3131572823259166
            ],
            [
              36.84565901955994,
              -1.3133369453827404
            ],
            [
              36.845838682616765,
              -1.3133369453827404
            ],
            [
              36.845838682616765,
              -1.3135166084395644
            ],
            [
              36.84691666095771,
              -1.3135166084395644
            ],
            [
              36.84691666095771,
              -1.3136962714963882
            ],
            [
              36.8483539654123,
              -1.3136962714963882
            ],
            [
              36.8483539654123,
              -1.313875934553212
            ],
            [
              36.84871329152595,
              -1.313875934553212
            ],
            [
              36.84871329152595,
              -1.314055597610036
            ],
            [
              36.84907261763959,
              -1.314055597610036
            ],
            [
              36.84907261763959,
              -1.31423526066686
            ],
            [
              36.84925228069642,
              -1.31423526066686
            ],
            [
              36.84925228069642,
              -1.314055597610036
            ],
            [
              36.849611606810065,
              -1.314055597610036
            ],
            [
              36.849611606810065,
              -1.3135166084395644
            ],
            [
              36.85015059598054,
              -1.3135166084395644
            ],
            [
              36.85015059598054,
              -1.3136962714963882
            ],
            [
              36.85068958515101,
              -1.3136962714963882
            ],
            [
              36.85068958515101,
              -1.3135166084395644
            ],
            [
              36.850869248207836,
              -1.3135166084395644
            ],
            [
              36.850869248207836,
              -1.3129776192690925
            ],
            [
              36.85068958515101,
              -1.3129776192690925
            ],
            [
              36.85068958515101,
              -1.3127979562122687
            ],
            [
              36.85050992209418,
              -1.3127979562122687
            ],
            [
              36.85050992209418,
              -1.312258967041797
            ],
            [
              36.850330259037364,
              -1.312258967041797
            ],
            [
              36.850330259037364,
              -1.3120793039849732
            ],
            [
              36.849611606810065,
              -1.3120793039849732
            ],
            [
              36.849611606810065,
              -1.3124386300986208
            ],
            [
              36.849431943753245,
              -1.3124386300986208
            ],
            [
              36.849431943753245,
              -1.3126182931554449
            ],
            [
              36.84925228069642,
              -1.3126182931554449
            ],
            [
              36.84925228069642,
              -1.3127979562122687
            ],
            [
              36.84907261763959,
              -1.3127979562122687
            ],
            [
              36.84907261763959,
              -1.3126182931554449
            ],
            [
              36.84889295458277,
              -1.3126182931554449
            ],
            [
              36.84889295458277,
              -1.3124386300986208
            ],
            [
              36.84871329152595,
              -1.3124386300986208
            ],
            [
              36.84871329152595,
              -1.312258967041797
            ],
            [
              36.84853362846912,
              -1.312258967041797
            ],
            [
              36.84853362846912,
              -1.3120793039849732
            ],
            [
              36.8483539654123,
              -1.3120793039849732
            ],
            [
              36.8483539654123,
              -1.3118996409281491
            ]
          ]
        ]
      },
      "id": "+205077-7297",
      "properties": {
        "area_ha": 15.680759275769308,
        "area_m2": 156807.59275769308,
        "class": 0,
        "count": 393
      }
    },
    {
      "type": "Feature",
      "geometry": {
        "geodesic": false,
        "type": "Polygon",
        "coordinates": [
          [
            [
              36.84529969344629,
              -1.2660855614380535
            ],
            [
              36.84529969344629,
              -1.2664448875517014
            ],
            [
              36.84476070427582,
              -1.2664448875517014
            ],
            [
              36.84476070427582,
              -1.2666245506085252
            ],
            [
              36.844401378162175,
              -1.2666245506085252
            ],
            [
              36.844401378162175,
              -1.2668042136653492
            ],
            [
              36.84422171510535,
              -1.2668042136653492
            ],
            [
              36.84422171510535,
              -1.2664448875517014
            ],
            [
              36.84404205204853,
              -1.2664448875517014
            ],
            [
              36.84404205204853,
              -1.2675228658926447
            ],
            [
              36.84422171510535,
              -1.2675228658926447
            ],
            [
              36.84422171510535,
              -1.267343202835821
            ],
            [
              36.844581041218994,
              -1.267343202835821
            ],
            [
              36.844581041218994,
              -1.267163539778997
            ],
            [
              36.84512003038947,
              -1.267163539778997
            ],
            [
              36.84512003038947,
              -1.2668042136653492
            ],
            [
              36.84529969344629,
              -1.2668042136653492
            ],
            [
              36.84529969344629,
              -1.2666245506085252
            ],
            [
              36.84547935650312,
              -1.2666245506085252
            ],
            [
              36.84547935650312,
              -1.2660855614380535
            ],
            [
              36.84529969344629,
              -1.2660855614380535
            ]
          ]
        ]
      },
      "id": "+205080-7048",
      "properties": {
        "area_ha": 1.1571251260496376,
        "area_m2": 11571.251260496376,
        "class": 0,
        "count": 29
      }
    },
    {
      "type": "Feature",
      "geometry": {
        "geodesic": false,
        "type": "Polygon",
        "coordinates": [
          [
            [
              36.84709632401453,
              -1.2871061390864504
            ],
            [
              36.847275987071356,
              -1.2871061390864504
            ],
            [
              36.847275987071356,
              -1.2872858021432743
            ],
            [
              36.84745565012818,
              -1.2872858021432743
            ],
            [
              36.84745565012818,
              -1.2865671499159788
            ],
            [
              36.847275987071356,
              -1.2865671499159788
            ],
            [
              36.847275987071356,
              -1.2863874868591547
            ],
            [
              36.84709632401453,
              -1.2863874868591547
            ],
            [
              36.84709632401453,
              -1.2856688346318592
            ],
            [
              36.84691666095771,
              -1.2856688346318592
            ],
            [
              36.84691666095771,
              -1.285848497688683
            ],
            [
              36.84601834567359,
              -1.285848497688683
            ],
            [
              36.84601834567359,
              -1.286207823802331
            ],
            [
              36.84655733484406,
              -1.286207823802331
            ],
            [
              36.84655733484406,
              -1.2863874868591547
            ],
            [
              36.84691666095771,
              -1.2863874868591547
            ],
            [
              36.84691666095771,
              -1.2865671499159788
            ],
            [
              36.84709632401453,
              -1.2865671499159788
            ],
            [
              36.84709632401453,
              -1.2871061390864504
            ]
          ]
        ]
      },
      "id": "+205089-7157",
      "properties": {
        "area_ha": 0.9975140809437824,
        "area_m2": 9975.140809437824,
        "class": 0,
        "count": 25
      }
    },
    {
      "type": "Feature",
      "geometry": {
        "geodesic": false,
        "type": "Polygon",
        "coordinates": [
          [
            [
              36.850869248207836,
              -1.2637499416993427
            ],
            [
              36.850869248207836,
              -1.2639296047561668
            ],
            [
              36.85068958515101,
              -1.2639296047561668
            ],
            [
              36.85068958515101,
              -1.2637499416993427
            ],
            [
              36.85050992209418,
              -1.2637499416993427
            ],
            [
              36.85050992209418,
              -1.2642889308698146
            ],
            [
              36.850330259037364,
              -1.2642889308698146
            ],
            [
              36.850330259037364,
              -1.2644685939266385
            ],
            [
              36.85050992209418,
              -1.2644685939266385
            ],
            [
              36.85050992209418,
              -1.2646482569834623
            ],
            [
              36.85068958515101,
              -1.2646482569834623
            ],
            [
              36.85068958515101,
              -1.2648279200402863
            ],
            [
              36.850869248207836,
              -1.2648279200402863
            ],
            [
              36.850869248207836,
              -1.265187246153934
            ],
            [
              36.85068958515101,
              -1.265187246153934
            ],
            [
              36.85068958515101,
              -1.2650075830971101
            ],
            [
              36.84997093292372,
              -1.2650075830971101
            ],
            [
              36.84997093292372,
              -1.2648279200402863
            ],
            [
              36.849611606810065,
              -1.2648279200402863
            ],
            [
              36.849611606810065,
              -1.2646482569834623
            ],
            [
              36.84925228069642,
              -1.2646482569834623
            ],
            [
              36.84925228069642,
              -1.2644685939266385
            ],
            [
              36.84889295458277,
              -1.2644685939266385
            ],
            [
              36.84889295458277,
              -1.2646482569834623
            ],
            [
              36.84871329152595,
              -1.2646482569834623
            ],
            [
              36.84871329152595,
              -1.2650075830971101
            ],
            [
              36.84853362846912,
              -1.2650075830971101
            ],
            [
              36.84853362846912,
              -1.265366909210758
            ],
            [
              36.84871329152595,
              -1.265366909210758
            ],
            [
              36.84871329152595,
              -1.2655465722675818
            ],
            [
              36.84889295458277,
              -1.2655465722675818
            ],
            [
              36.84889295458277,
              -1.2659058983812297
            ],
            [
              36.84907261763959,
              -1.2659058983812297
            ],
            [
              36.84907261763959,
              -1.2660855614380535
            ],
            [
              36.84925228069642,
              -1.2660855614380535
            ],
            [
              36.84925228069642,
              -1.2662652244948776
            ],
            [
              36.849431943753245,
              -1.2662652244948776
            ],
            [
              36.849431943753245,
              -1.2664448875517014
            ],
            [
              36.84997093292372,
              -1.2664448875517014
            ],
            [
              36.84997093292372,
              -1.2662652244948776
            ],
            [
              36.85015059598054,
              -1.2662652244948776
            ],
            [
              36.85015059598054,
              -1.2664448875517014
            ],
            [
              36.850330259037364,
              -1.2664448875517014
            ],
            [
              36.850330259037364,
              -1.2662652244948776
            ],
            [
              36.85050992209418,
              -1.2662652244948776
            ],
            [
              36.85050992209418,
              -1.2660855614380535
            ],
            [
              36.85068958515101,
              -1.2660855614380535
            ],
            [
              36.85068958515101,
              -1.2659058983812297
            ],
            [
              36.85122857432148,
              -1.2659058983812297
            ],
            [
              36.85122857432148,
              -1.2660855614380535
            ],
            [
              36.851767563491954,
              -1.2660855614380535
            ],
            [
              36.851767563491954,
              -1.2662652244948776
            ],
            [
              36.85230655266243,
              -1.2662652244948776
            ],
            [
              36.85230655266243,
              -1.2660855614380535
            ],
            [
              36.85266587877607,
              -1.2660855614380535
            ],
            [
              36.85266587877607,
              -1.2659058983812297
            ],
            [
              36.85374385711702,
              -1.2659058983812297
            ],
            [
              36.85374385711702,
              -1.2655465722675818
            ],
            [
              36.85392352017384,
              -1.2655465722675818
            ],
            [
              36.85392352017384,
              -1.2650075830971101
            ],
            [
              36.85374385711702,
              -1.2650075830971101
            ],
            [
              36.85374385711702,
              -1.2642889308698146
            ],
            [
              36.85338453100337,
              -1.2642889308698146
            ],
            [
              36.85338453100337,
              -1.2641092678129906
            ],
            [
              36.852486215719246,
              -1.2641092678129906
            ],
            [
              36.852486215719246,
              -1.2642889308698146
            ],
            [
              36.8521268896056,
              -1.2642889308698146
            ],
            [
              36.8521268896056,
              -1.2644685939266385
            ],
            [
              36.85158790043513,
              -1.2644685939266385
            ],
            [
              36.85158790043513,
              -1.2642889308698146
            ],
            [
              36.85140823737831,
              -1.2642889308698146
            ],
            [
              36.85140823737831,
              -1.2641092678129906
            ],
            [
              36.85122857432148,
              -1.2641092678129906
            ],
            [
              36.85122857432148,
              -1.2637499416993427
            ],
            [
              36.850869248207836,
              -1.2637499416993427
            ]
          ]
        ]
      },
      "id": "+205112-7035",
      "properties": {
        "area_ha": 10.813141647969644,
        "area_m2": 108131.41647969645,
        "class": 0,
        "count": 271
      }
    },
    {
      "type": "Feature",
      "geometry": {
        "geodesic": false,
        "type": "Polygon",
        "coordinates": [
          [
            [
              36.85122857432148,
              -1.287465465200098
            ],
            [
              36.85122857432148,
              -1.2876451282569221
            ],
            [
              36.851048911264655,
              -1.2876451282569221
            ],
            [
              36.851048911264655,
              -1.287824791313746
            ],
            [
              36.85068958515101,
              -1.287824791313746
            ],
            [
              36.85068958515101,
              -1.28800445437057
            ],
            [
              36.84925228069642,
              -1.28800445437057
            ],
            [
              36.84925228069642,
              -1.2885434435410417
            ],
            [
              36.849431943753245,
              -1.2885434435410417
            ],
            [
              36.849431943753245,
              -1.2887231065978655
            ],
            [
              36.84979126986689,
              -1.2887231065978655
            ],
            [
              36.84979126986689,
              -1.2889027696546895
            ],
            [
              36.85015059598054,
              -1.2889027696546895
            ],
            [
              36.85015059598054,
              -1.2890824327115133
            ],
            [
              36.850330259037364,
              -1.2890824327115133
            ],
            [
              36.850330259037364,
              -1.2889027696546895
            ],
            [
              36.85158790043513,
              -1.2889027696546895
            ],
            [
              36.85158790043513,
              -1.2890824327115133
            ],
            [
              36.851767563491954,
              -1.2890824327115133
            ],
            [
              36.851767563491954,
              -1.2889027696546895
            ],
            [
              36.85230655266243,
              -1.2889027696546895
            ],
            [
              36.85230655266243,
              -1.2887231065978655
            ],
            [
              36.852486215719246,
              -1.2887231065978655
            ],
            [
              36.852486215719246,
              -1.28800445437057
            ],
            [
              36.85230655266243,
              -1.28800445437057
            ],
            [
              36.85230655266243,
              -1.2876451282569221
            ],
            [
              36.8521268896056,
              -1.2876451282569221
            ],
            [
              36.8521268896056,
              -1.287465465200098
            ],
            [
              36.85122857432148,
              -1.287465465200098
            ]
          ]
        ]
      },
      "id": "+205117-7167",
      "properties": {
        "area_ha": 4.309257498366653,
        "area_m2": 43092.574983666535,
        "class": 0,
        "count": 108
      }
    },
    {
      "type": "Feature",
      "geometry": {
        "geodesic": false,
        "type": "Polygon",
        "coordinates": [
          [
            [
              36.851767563491954,
              -1.2628516264152232
            ],
            [
              36.851767563491954,
              -1.2630312894720472
            ],
            [
              36.85050992209418,
              -1.2630312894720472
            ],
            [
              36.85050992209418,
              -1.2628516264152232
            ],
            [
              36.849611606810065,
              -1.2628516264152232
            ],
            [
              36.849611606810065,
              -1.2630312894720472
            ],
            [
              36.849431943753245,
              -1.2630312894720472
            ],
            [
              36.849431943753245,
              -1.263390615585695
            ],
            [
              36.84925228069642,
              -1.263390615585695
            ],
            [
              36.84925228069642,
              -1.263570278642519
            ],
            [
              36.849431943753245,
              -1.263570278642519
            ],
            [
              36.849431943753245,
              -1.2637499416993427
            ],
            [
              36.849611606810065,
              -1.2637499416993427
            ],
            [
              36.849611606810065,
              -1.263570278642519
            ],
            [
              36.850330259037364,
              -1.263570278642519
            ],
            [
              36.850330259037364,
              -1.263390615585695
            ],
            [
              36.851048911264655,
              -1.263390615585695
            ],
            [
              36.851048911264655,
              -1.263570278642519
            ],
            [
              36.851767563491954,
              -1.263570278642519
            ],
            [
              36.851767563491954,
              -1.2637499416993427
            ],
            [
              36.85194722654878,
              -1.2637499416993427
            ],
            [
              36.85194722654878,
              -1.263570278642519
            ],
            [
              36.852486215719246,
              -1.263570278642519
            ],
            [
              36.852486215719246,
              -1.263390615585695
            ],
            [
              36.85266587877607,
              -1.263390615585695
            ],
            [
              36.85266587877607,
              -1.263210952528871
            ],
            [
              36.8528455418329,
              -1.263210952528871
            ],
            [
              36.8528455418329,
              -1.2630312894720472
            ],
            [
              36.852486215719246,
              -1.2630312894720472
            ],
            [
              36.852486215719246,
              -1.2628516264152232
            ],
            [
              36.851767563491954,
              -1.2628516264152232
            ]
          ]
        ]
      },
      "id": "+205119-7030",
      "properties": {
        "area_ha": 2.473857076025626,
        "area_m2": 24738.570760256258,
        "class": 0,
        "count": 62
      }
    },
    {
      "type": "Feature",
      "geometry": {
        "geodesic": false,
        "type": "Polygon",
        "coordinates": [
          [
            [
              36.85554048768525,
              -1.2626719633583994
            ],
            [
              36.85554048768525,
              -1.2630312894720472
            ],
            [
              36.85572015074208,
              -1.2630312894720472
            ],
            [
              36.85572015074208,
              -1.263390615585695
            ],
            [
              36.85589981379891,
              -1.263390615585695
            ],
            [
              36.85589981379891,
              -1.263570278642519
            ],
            [
              36.8566184660262,
              -1.263570278642519
            ],
            [
              36.8566184660262,
              -1.2630312894720472
            ],
            [
              36.85643880296937,
              -1.2630312894720472
            ],
            [
              36.85643880296937,
              -1.2628516264152232
            ],
            [
              36.856079476855726,
              -1.2628516264152232
            ],
            [
              36.856079476855726,
              -1.2626719633583994
            ],
            [
              36.85554048768525,
              -1.2626719633583994
            ]
          ]
        ]
      },
      "id": "+205139-7029",
      "properties": {
        "area_ha": 0.8778203221788652,
        "area_m2": 8778.203221788652,
        "class": 0,
        "count": 22
      }
    },
    {
      "type": "Feature",
      "geometry": {
        "geodesic": false,
        "type": "Polygon",
        "coordinates": [
          [
            [
              36.86128970550362,
              -1.312258967041797
            ],
            [
              36.86128970550362,
              -1.3124386300986208
            ],
            [
              36.861110042446796,
              -1.3124386300986208
            ],
            [
              36.861110042446796,
              -1.3126182931554449
            ],
            [
              36.86075071633315,
              -1.3126182931554449
            ],
            [
              36.86075071633315,
              -1.3127979562122687
            ],
            [
              36.860571053276324,
              -1.3127979562122687
            ],
            [
              36.860571053276324,
              -1.3129776192690925
            ],
            [
              36.86021172716268,
              -1.3129776192690925
            ],
            [
              36.86021172716268,
              -1.3131572823259166
            ],
            [
              36.86003206410585,
              -1.3131572823259166
            ],
            [
              36.86003206410585,
              -1.3133369453827404
            ],
            [
              36.86021172716268,
              -1.3133369453827404
            ],
            [
              36.86021172716268,
              -1.3135166084395644
            ],
            [
              36.860391390219505,
              -1.3135166084395644
            ],
            [
              36.860391390219505,
              -1.3136962714963882
            ],
            [
              36.860571053276324,
              -1.3136962714963882
            ],
            [
              36.860571053276324,
              -1.3135166084395644
            ],
            [
              36.86075071633315,
              -1.3135166084395644
            ],
            [
              36.86075071633315,
              -1.3133369453827404
            ],
            [
              36.86093037938997,
              -1.3133369453827404
            ],
            [
              36.86093037938997,
              -1.3131572823259166
            ],
            [
              36.861110042446796,
              -1.3131572823259166
            ],
            [
              36.861110042446796,
              -1.3129776192690925
            ],
            [
              36.86164903161727,
              -1.3129776192690925
            ],
            [
              36.86164903161727,
              -1.3127979562122687
            ],
            [
              36.861828694674095,
              -1.3127979562122687
            ],
            [
              36.861828694674095,
              -1.3126182931554449
            ],
            [
              36.86164903161727,
              -1.3126182931554449
            ],
            [
              36.86164903161727,
              -1.3124386300986208
            ],
            [
              36.86146936856044,
              -1.3124386300986208
            ],
            [
              36.86146936856044,
              -1.312258967041797
            ],
            [
              36.86128970550362,
              -1.312258967041797
            ]
          ]
        ]
      },
      "id": "+205169-7305",
      "properties": {
        "area_ha": 1.1970042990212089,
        "area_m2": 11970.042990212089,
        "class": 0,
        "count": 30
      }
    },
    {
      "type": "Feature",
      "geometry": {
        "geodesic": false,
        "type": "Polygon",
        "coordinates": [
          [
            [
              36.86128970550362,
              -1.2580007238809778
            ],
            [
              36.86128970550362,
              -1.2581803869378019
            ],
            [
              36.861110042446796,
              -1.2581803869378019
            ],
            [
              36.861110042446796,
              -1.2585397130514495
            ],
            [
              36.86093037938997,
              -1.2585397130514495
            ],
            [
              36.86093037938997,
              -1.2588990391650974
            ],
            [
              36.86075071633315,
              -1.2588990391650974
            ],
            [
              36.86075071633315,
              -1.2592583652787452
            ],
            [
              36.860571053276324,
              -1.2592583652787452
            ],
            [
              36.860571053276324,
              -1.259617691392393
            ],
            [
              36.860391390219505,
              -1.259617691392393
            ],
            [
              36.860391390219505,
              -1.259797354449217
            ],
            [
              36.86021172716268,
              -1.259797354449217
            ],
            [
              36.86021172716268,
              -1.2599770175060407
            ],
            [
              36.86003206410585,
              -1.2599770175060407
            ],
            [
              36.86003206410585,
              -1.2601566805628648
            ],
            [
              36.859672737992206,
              -1.2601566805628648
            ],
            [
              36.859672737992206,
              -1.2603363436196886
            ],
            [
              36.85949307493538,
              -1.2603363436196886
            ],
            [
              36.85949307493538,
              -1.2605160066765126
            ],
            [
              36.85931341187856,
              -1.2605160066765126
            ],
            [
              36.85931341187856,
              -1.2606956697333365
            ],
            [
              36.85895408576491,
              -1.2606956697333365
            ],
            [
              36.85895408576491,
              -1.2608753327901603
            ],
            [
              36.85877442270809,
              -1.2608753327901603
            ],
            [
              36.85877442270809,
              -1.2610549958469843
            ],
            [
              36.85859475965126,
              -1.2610549958469843
            ],
            [
              36.85859475965126,
              -1.2612346589038081
            ],
            [
              36.85841509659444,
              -1.2612346589038081
            ],
            [
              36.85841509659444,
              -1.261414321960632
            ],
            [
              36.858235433537615,
              -1.261414321960632
            ],
            [
              36.858235433537615,
              -1.261593985017456
            ],
            [
              36.8573371182535,
              -1.261593985017456
            ],
            [
              36.8573371182535,
              -1.2617736480742798
            ],
            [
              36.856798129083025,
              -1.2617736480742798
            ],
            [
              36.856798129083025,
              -1.2619533111311039
            ],
            [
              36.8566184660262,
              -1.2619533111311039
            ],
            [
              36.8566184660262,
              -1.2621329741879277
            ],
            [
              36.856977792139844,
              -1.2621329741879277
            ],
            [
              36.856977792139844,
              -1.2623126372447515
            ],
            [
              36.85805577048079,
              -1.2623126372447515
            ],
            [
              36.85805577048079,
              -1.2621329741879277
            ],
            [
              36.859672737992206,
              -1.2621329741879277
            ],
            [
              36.859672737992206,
              -1.2619533111311039
            ],
            [
              36.86003206410585,
              -1.2619533111311039
            ],
            [
              36.86003206410585,
              -1.2617736480742798
            ],
            [
              36.86021172716268,
              -1.2617736480742798
            ],
            [
              36.86021172716268,
              -1.261593985017456
            ],
            [
              36.860391390219505,
              -1.261593985017456
            ],
            [
              36.860391390219505,
              -1.261414321960632
            ],
            [
              36.86075071633315,
              -1.261414321960632
            ],
            [
              36.86075071633315,
              -1.2612346589038081
            ],
            [
              36.861110042446796,
              -1.2612346589038081
            ],
            [
              36.861110042446796,
              -1.2610549958469843
            ],
            [
              36.86146936856044,
              -1.2610549958469843
            ],
            [
              36.86146936856044,
              -1.2599770175060407
            ],
            [
              36.86128970550362,
              -1.2599770175060407
            ],
            [
              36.86128970550362,
              -1.259617691392393
            ],
            [
              36.86146936856044,
              -1.259617691392393
            ],
            [
              36.86146936856044,
              -1.2590787022219214
            ],
            [
              36.86164903161727,
              -1.2590787022219214
            ],
            [
              36.86164903161727,
              -1.2587193761082736
            ],
            [
              36.861828694674095,
              -1.2587193761082736
            ],
            [
              36.861828694674095,
              -1.2585397130514495
            ],
            [
              36.862008357730915,
              -1.2585397130514495
            ],
            [
              36.862008357730915,
              -1.2583600499946257
            ],
            [
              36.86218802078774,
              -1.2583600499946257
            ],
            [
              36.86218802078774,
              -1.2580007238809778
            ],
            [
              36.862008357730915,
              -1.2580007238809778
            ],
            [
              36.862008357730915,
              -1.257821060824154
            ],
            [
              36.86146936856044,
              -1.257821060824154
            ],
            [
              36.86146936856044,
              -1.2580007238809778
            ],
            [
              36.86128970550362,
              -1.2580007238809778
            ]
          ]
        ]
      },
      "id": "+205172-7002",
      "properties": {
        "area_ha": 8.937815679367946,
        "area_m2": 89378.15679367946,
        "class": 0,
        "count": 224
      }
    },
    {
      "type": "Feature",
      "geometry": {
        "geodesic": false,
        "type": "Polygon",
        "coordinates": [
          [
            [
              36.86254734690139,
              -1.2610549958469843
            ],
            [
              36.86254734690139,
              -1.2612346589038081
            ],
            [
              36.86236768384457,
              -1.2612346589038081
            ],
            [
              36.86236768384457,
              -1.261414321960632
            ],
            [
              36.861828694674095,
              -1.261414321960632
            ],
            [
              36.861828694674095,
              -1.261593985017456
            ],
            [
              36.86128970550362,
              -1.261593985017456
            ],
            [
              36.86128970550362,
              -1.2617736480742798
            ],
            [
              36.86093037938997,
              -1.2617736480742798
            ],
            [
              36.86093037938997,
              -1.2619533111311039
            ],
            [
              36.86075071633315,
              -1.2619533111311039
            ],
            [
              36.86075071633315,
              -1.2623126372447515
            ],
            [
              36.860391390219505,
              -1.2623126372447515
            ],
            [
              36.860391390219505,
              -1.2624923003015756
            ],
            [
              36.86021172716268,
              -1.2624923003015756
            ],
            [
              36.86021172716268,
              -1.2628516264152232
            ],
            [
              36.85985240104903,
              -1.2628516264152232
            ],
            [
              36.85985240104903,
              -1.263210952528871
            ],
            [
              36.859672737992206,
              -1.263210952528871
            ],
            [
              36.859672737992206,
              -1.263390615585695
            ],
            [
              36.86075071633315,
              -1.263390615585695
            ],
            [
              36.86075071633315,
              -1.263210952528871
            ],
            [
              36.861110042446796,
              -1.263210952528871
            ],
            [
              36.861110042446796,
              -1.2630312894720472
            ],
            [
              36.86146936856044,
              -1.2630312894720472
            ],
            [
              36.86146936856044,
              -1.263210952528871
            ],
            [
              36.86164903161727,
              -1.263210952528871
            ],
            [
              36.86164903161727,
              -1.2630312894720472
            ],
            [
              36.86272700995821,
              -1.2630312894720472
            ],
            [
              36.86272700995821,
              -1.2628516264152232
            ],
            [
              36.86290667301503,
              -1.2628516264152232
            ],
            [
              36.86290667301503,
              -1.2626719633583994
            ],
            [
              36.863265999128686,
              -1.2626719633583994
            ],
            [
              36.863265999128686,
              -1.2624923003015756
            ],
            [
              36.86362532524233,
              -1.2624923003015756
            ],
            [
              36.86362532524233,
              -1.2623126372447515
            ],
            [
              36.863265999128686,
              -1.2623126372447515
            ],
            [
              36.863265999128686,
              -1.2621329741879277
            ],
            [
              36.86308633607186,
              -1.2621329741879277
            ],
            [
              36.86308633607186,
              -1.2619533111311039
            ],
            [
              36.86290667301503,
              -1.2619533111311039
            ],
            [
              36.86290667301503,
              -1.2612346589038081
            ],
            [
              36.86272700995821,
              -1.2612346589038081
            ],
            [
              36.86272700995821,
              -1.2610549958469843
            ],
            [
              36.86254734690139,
              -1.2610549958469843
            ]
          ]
        ]
      },
      "id": "+205176-7020",
      "properties": {
        "area_ha": 5.466428159124315,
        "area_m2": 54664.281591243154,
        "class": 0,
        "count": 137
      }
    },
    {
      "type": "Feature",
      "geometry": {
        "geodesic": false,
        "type": "Polygon",
        "coordinates": [
          [
            [
              36.86308633607186,
              -1.3207031307125205
            ],
            [
              36.86308633607186,
              -1.3208827937693444
            ],
            [
              36.86290667301503,
              -1.3208827937693444
            ],
            [
              36.86290667301503,
              -1.3207031307125205
            ],
            [
              36.86272700995821,
              -1.3207031307125205
            ],
            [
              36.86272700995821,
              -1.3208827937693444
            ],
            [
              36.86254734690139,
              -1.3208827937693444
            ],
            [
              36.86254734690139,
              -1.3212421198829922
            ],
            [
              36.86272700995821,
              -1.3212421198829922
            ],
            [
              36.86272700995821,
              -1.3221404351671118
            ],
            [
              36.86308633607186,
              -1.3221404351671118
            ],
            [
              36.86308633607186,
              -1.32160144599664
            ],
            [
              36.86290667301503,
              -1.32160144599664
            ],
            [
              36.86290667301503,
              -1.321421782939816
            ],
            [
              36.86308633607186,
              -1.321421782939816
            ],
            [
              36.86308633607186,
              -1.3210624568261682
            ],
            [
              36.863265999128686,
              -1.3210624568261682
            ],
            [
              36.863265999128686,
              -1.3207031307125205
            ],
            [
              36.86308633607186,
              -1.3207031307125205
            ]
          ]
        ]
      },
      "id": "+205179-7352",
      "properties": {
        "area_ha": 0.7182001475830537,
        "area_m2": 7182.001475830537,
        "class": 0,
        "count": 18
      }
    },
    {
      "type": "Feature",
      "geometry": {
        "geodesic": false,
        "type": "Polygon",
        "coordinates": [
          [
            [
              36.864164314412804,
              -1.3117199778713253
            ],
            [
              36.864164314412804,
              -1.3118996409281491
            ],
            [
              36.86398465135598,
              -1.3118996409281491
            ],
            [
              36.86398465135598,
              -1.3120793039849732
            ],
            [
              36.86380498829916,
              -1.3120793039849732
            ],
            [
              36.86380498829916,
              -1.3124386300986208
            ],
            [
              36.86362532524233,
              -1.3124386300986208
            ],
            [
              36.86362532524233,
              -1.3131572823259166
            ],
            [
              36.863265999128686,
              -1.3131572823259166
            ],
            [
              36.863265999128686,
              -1.3133369453827404
            ],
            [
              36.86308633607186,
              -1.3133369453827404
            ],
            [
              36.86308633607186,
              -1.3135166084395644
            ],
            [
              36.86290667301503,
              -1.3135166084395644
            ],
            [
              36.86290667301503,
              -1.31423526066686
            ],
            [
              36.863445662185505,
              -1.31423526066686
            ],
            [
              36.863445662185505,
              -1.314055597610036
            ],
            [
              36.86362532524233,
              -1.314055597610036
            ],
            [
              36.86362532524233,
              -1.313875934553212
            ],
            [
              36.86380498829916,
              -1.313875934553212
            ],
            [
              36.86380498829916,
              -1.3136962714963882
            ],
            [
              36.864164314412804,
              -1.3136962714963882
            ],
            [
              36.864164314412804,
              -1.3135166084395644
            ],
            [
              36.86452364052645,
              -1.3135166084395644
            ],
            [
              36.86452364052645,
              -1.3133369453827404
            ],
            [
              36.86524229275375,
              -1.3133369453827404
            ],
            [
              36.86524229275375,
              -1.3120793039849732
            ],
            [
              36.864882966640096,
              -1.3120793039849732
            ],
            [
              36.864882966640096,
              -1.3118996409281491
            ],
            [
              36.864703303583276,
              -1.3118996409281491
            ],
            [
              36.864703303583276,
              -1.3117199778713253
            ],
            [
              36.864164314412804,
              -1.3117199778713253
            ]
          ]
        ]
      },
      "id": "+205187-7302",
      "properties": {
        "area_ha": 3.9102140926589692,
        "area_m2": 39102.140926589695,
        "class": 0,
        "count": 98
      }
    },
    {
      "type": "Feature",
      "geometry": {
        "geodesic": false,
        "type": "Polygon",
        "coordinates": [
          [
            [
              36.864882966640096,
              -1.2822552365522049
            ],
            [
              36.864882966640096,
              -1.282434899609029
            ],
            [
              36.86452364052645,
              -1.282434899609029
            ],
            [
              36.86452364052645,
              -1.2826145626658527
            ],
            [
              36.864164314412804,
              -1.2826145626658527
            ],
            [
              36.864164314412804,
              -1.2827942257226768
            ],
            [
              36.86398465135598,
              -1.2827942257226768
            ],
            [
              36.86398465135598,
              -1.2831535518363244
            ],
            [
              36.86452364052645,
              -1.2831535518363244
            ],
            [
              36.86452364052645,
              -1.2833332148931484
            ],
            [
              36.864703303583276,
              -1.2833332148931484
            ],
            [
              36.864703303583276,
              -1.2831535518363244
            ],
            [
              36.86506262969692,
              -1.2831535518363244
            ],
            [
              36.86506262969692,
              -1.2827942257226768
            ],
            [
              36.86524229275375,
              -1.2827942257226768
            ],
            [
              36.86524229275375,
              -1.2826145626658527
            ],
            [
              36.86542195581057,
              -1.2826145626658527
            ],
            [
              36.86542195581057,
              -1.2822552365522049
            ],
            [
              36.864882966640096,
              -1.2822552365522049
            ]
          ]
        ]
      },
      "id": "+205191-7138",
      "properties": {
        "area_ha": 1.0773167278267255,
        "area_m2": 10773.167278267254,
        "class": 0,
        "count": 27
      }
    },
    {
      "type": "Feature",
      "geometry": {
        "geodesic": false,
        "type": "Polygon",
        "coordinates": [
          [
            [
              36.868476227776576,
              -1.2524311691194367
            ],
            [
              36.868476227776576,
              -1.2526108321762608
            ],
            [
              36.86811690166293,
              -1.2526108321762608
            ],
            [
              36.86811690166293,
              -1.2529701582899087
            ],
            [
              36.868296564719756,
              -1.2529701582899087
            ],
            [
              36.868296564719756,
              -1.2536888105172042
            ],
            [
              36.86721858637881,
              -1.2536888105172042
            ],
            [
              36.86721858637881,
              -1.2542277996876758
            ],
            [
              36.867038923321985,
              -1.2542277996876758
            ],
            [
              36.867038923321985,
              -1.2549464519149716
            ],
            [
              36.86721858637881,
              -1.2549464519149716
            ],
            [
              36.86721858637881,
              -1.2551261149717954
            ],
            [
              36.86757791249246,
              -1.2551261149717954
            ],
            [
              36.86757791249246,
              -1.2553057780286194
            ],
            [
              36.867757575549284,
              -1.2553057780286194
            ],
            [
              36.867757575549284,
              -1.2544074627444999
            ],
            [
              36.8679372386061,
              -1.2544074627444999
            ],
            [
              36.8679372386061,
              -1.253868473574028
            ],
            [
              36.868296564719756,
              -1.253868473574028
            ],
            [
              36.868296564719756,
              -1.2536888105172042
            ],
            [
              36.868476227776576,
              -1.2536888105172042
            ],
            [
              36.868476227776576,
              -1.2535091474603803
            ],
            [
              36.8686558908334,
              -1.2535091474603803
            ],
            [
              36.8686558908334,
              -1.2533294844035563
            ],
            [
              36.868476227776576,
              -1.2533294844035563
            ],
            [
              36.868476227776576,
              -1.2531498213467325
            ],
            [
              36.86901521694705,
              -1.2531498213467325
            ],
            [
              36.86901521694705,
              -1.2529701582899087
            ],
            [
              36.869194880003874,
              -1.2529701582899087
            ],
            [
              36.869194880003874,
              -1.2527904952330846
            ],
            [
              36.86901521694705,
              -1.2527904952330846
            ],
            [
              36.86901521694705,
              -1.2529701582899087
            ],
            [
              36.8686558908334,
              -1.2529701582899087
            ],
            [
              36.8686558908334,
              -1.2527904952330846
            ],
            [
              36.86883555389022,
              -1.2527904952330846
            ],
            [
              36.86883555389022,
              -1.2524311691194367
            ],
            [
              36.868476227776576,
              -1.2524311691194367
            ]
          ]
        ]
      },
      "id": "+205210-6972",
      "properties": {
        "area_ha": 2.1147563867094723,
        "area_m2": 21147.563867094723,
        "class": 0,
        "count": 53
      }
    },
    {
      "type": "Feature",
      "geometry": {
        "geodesic": false,
        "type": "Polygon",
        "coordinates": [
          [
            [
              36.870632184458465,
              -1.2775839970747835
            ],
            [
              36.870632184458465,
              -1.2777636601316074
            ],
            [
              36.87027285834482,
              -1.2777636601316074
            ],
            [
              36.87027285834482,
              -1.2779433231884312
            ],
            [
              36.87009319528799,
              -1.2779433231884312
            ],
            [
              36.87009319528799,
              -1.2781229862452552
            ],
            [
              36.86901521694705,
              -1.2781229862452552
            ],
            [
              36.86901521694705,
              -1.278302649302079
            ],
            [
              36.86883555389022,
              -1.278302649302079
            ],
            [
              36.86883555389022,
              -1.278482312358903
            ],
            [
              36.8686558908334,
              -1.278482312358903
            ],
            [
              36.8686558908334,
              -1.278661975415727
            ],
            [
              36.868476227776576,
              -1.278661975415727
            ],
            [
              36.868476227776576,
              -1.2788416384725507
            ],
            [
              36.868296564719756,
              -1.2788416384725507
            ],
            [
              36.868296564719756,
              -1.2790213015293748
            ],
            [
              36.86811690166293,
              -1.2790213015293748
            ],
            [
              36.86811690166293,
              -1.2792009645861986
            ],
            [
              36.8679372386061,
              -1.2792009645861986
            ],
            [
              36.8679372386061,
              -1.2793806276430224
            ],
            [
              36.867757575549284,
              -1.2793806276430224
            ],
            [
              36.867757575549284,
              -1.2800992798703181
            ],
            [
              36.8679372386061,
              -1.2800992798703181
            ],
            [
              36.8679372386061,
              -1.280278942927142
            ],
            [
              36.86811690166293,
              -1.280278942927142
            ],
            [
              36.86811690166293,
              -1.280458605983966
            ],
            [
              36.868296564719756,
              -1.280458605983966
            ],
            [
              36.868296564719756,
              -1.2806382690407898
            ],
            [
              36.868476227776576,
              -1.2806382690407898
            ],
            [
              36.868476227776576,
              -1.280458605983966
            ],
            [
              36.8686558908334,
              -1.280458605983966
            ],
            [
              36.8686558908334,
              -1.280278942927142
            ],
            [
              36.869194880003874,
              -1.280278942927142
            ],
            [
              36.869194880003874,
              -1.2800992798703181
            ],
            [
              36.869913532231166,
              -1.2800992798703181
            ],
            [
              36.869913532231166,
              -1.2799196168134943
            ],
            [
              36.87009319528799,
              -1.2799196168134943
            ],
            [
              36.87009319528799,
              -1.2790213015293748
            ],
            [
              36.87027285834482,
              -1.2790213015293748
            ],
            [
              36.87027285834482,
              -1.278661975415727
            ],
            [
              36.87045252140164,
              -1.278661975415727
            ],
            [
              36.87045252140164,
              -1.278482312358903
            ],
            [
              36.870632184458465,
              -1.278482312358903
            ],
            [
              36.870632184458465,
              -1.278302649302079
            ],
            [
              36.870811847515284,
              -1.278302649302079
            ],
            [
              36.870811847515284,
              -1.2781229862452552
            ],
            [
              36.87099151057211,
              -1.2781229862452552
            ],
            [
              36.87099151057211,
              -1.2775839970747835
            ],
            [
              36.870632184458465,
              -1.2775839970747835
            ]
          ]
        ]
      },
      "id": "+205222-7112",
      "properties": {
        "area_ha": 5.865399328542348,
        "area_m2": 58653.99328542348,
        "class": 0,
        "count": 147
      }
    },
    {
      "type": "Feature",
      "geometry": {
        "geodesic": false,
        "type": "Polygon",
        "coordinates": [
          [
            [
              36.868296564719756,
              -1.2581803869378019
            ],
            [
              36.868476227776576,
              -1.2581803869378019
            ],
            [
              36.868476227776576,
              -1.2583600499946257
            ],
            [
              36.868296564719756,
              -1.2583600499946257
            ],
            [
              36.868296564719756,
              -1.2585397130514495
            ],
            [
              36.86811690166293,
              -1.2585397130514495
            ],
            [
              36.86811690166293,
              -1.2583600499946257
            ],
            [
              36.86721858637881,
              -1.2583600499946257
            ],
            [
              36.86721858637881,
              -1.2581803869378019
            ],
            [
              36.867038923321985,
              -1.2581803869378019
            ],
            [
              36.867038923321985,
              -1.2585397130514495
            ],
            [
              36.86685926026516,
              -1.2585397130514495
            ],
            [
              36.86685926026516,
              -1.2583600499946257
            ],
            [
              36.86667959720834,
              -1.2583600499946257
            ],
            [
              36.86667959720834,
              -1.257821060824154
            ],
            [
              36.86614060803787,
              -1.257821060824154
            ],
            [
              36.86614060803787,
              -1.25764139776733
            ],
            [
              36.86506262969692,
              -1.25764139776733
            ],
            [
              36.86506262969692,
              -1.257821060824154
            ],
            [
              36.864703303583276,
              -1.257821060824154
            ],
            [
              36.864703303583276,
              -1.2581803869378019
            ],
            [
              36.86452364052645,
              -1.2581803869378019
            ],
            [
              36.86452364052645,
              -1.2583600499946257
            ],
            [
              36.86434397746963,
              -1.2583600499946257
            ],
            [
              36.86434397746963,
              -1.2585397130514495
            ],
            [
              36.86452364052645,
              -1.2585397130514495
            ],
            [
              36.86452364052645,
              -1.2587193761082736
            ],
            [
              36.86434397746963,
              -1.2587193761082736
            ],
            [
              36.86434397746963,
              -1.2588990391650974
            ],
            [
              36.86452364052645,
              -1.2588990391650974
            ],
            [
              36.86452364052645,
              -1.259617691392393
            ],
            [
              36.86434397746963,
              -1.259617691392393
            ],
            [
              36.86434397746963,
              -1.259797354449217
            ],
            [
              36.864164314412804,
              -1.259797354449217
            ],
            [
              36.864164314412804,
              -1.2592583652787452
            ],
            [
              36.86398465135598,
              -1.2592583652787452
            ],
            [
              36.86398465135598,
              -1.2588990391650974
            ],
            [
              36.86308633607186,
              -1.2588990391650974
            ],
            [
              36.86308633607186,
              -1.2590787022219214
            ],
            [
              36.86290667301503,
              -1.2590787022219214
            ],
            [
              36.86290667301503,
              -1.2592583652787452
            ],
            [
              36.86272700995821,
              -1.2592583652787452
            ],
            [
              36.86272700995821,
              -1.259438028335569
            ],
            [
              36.86236768384457,
              -1.259438028335569
            ],
            [
              36.86236768384457,
              -1.2603363436196886
            ],
            [
              36.86254734690139,
              -1.2603363436196886
            ],
            [
              36.86254734690139,
              -1.2606956697333365
            ],
            [
              36.86272700995821,
              -1.2606956697333365
            ],
            [
              36.86272700995821,
              -1.2608753327901603
            ],
            [
              36.86308633607186,
              -1.2608753327901603
            ],
            [
              36.86308633607186,
              -1.2606956697333365
            ],
            [
              36.863445662185505,
              -1.2606956697333365
            ],
            [
              36.863445662185505,
              -1.2605160066765126
            ],
            [
              36.86380498829916,
              -1.2605160066765126
            ],
            [
              36.86380498829916,
              -1.2603363436196886
            ],
            [
              36.864164314412804,
              -1.2603363436196886
            ],
            [
              36.864164314412804,
              -1.2601566805628648
            ],
            [
              36.86434397746963,
              -1.2601566805628648
            ],
            [
              36.86434397746963,
              -1.259797354449217
            ],
            [
              36.864703303583276,
              -1.259797354449217
            ],
            [
              36.864703303583276,
              -1.2599770175060407
            ],
            [
              36.86452364052645,
              -1.2599770175060407
            ],
            [
              36.86452364052645,
              -1.2603363436196886
            ],
            [
              36.864703303583276,
              -1.2603363436196886
            ],
            [
              36.864703303583276,
              -1.2605160066765126
            ],
            [
              36.864882966640096,
              -1.2605160066765126
            ],
            [
              36.864882966640096,
              -1.2603363436196886
            ],
            [
              36.86506262969692,
              -1.2603363436196886
            ],
            [
              36.86506262969692,
              -1.2599770175060407
            ],
            [
              36.864882966640096,
              -1.2599770175060407
            ],
            [
              36.864882966640096,
              -1.259797354449217
            ],
            [
              36.86524229275375,
              -1.259797354449217
            ],
            [
              36.86524229275375,
              -1.259617691392393
            ],
            [
              36.86578128192422,
              -1.259617691392393
            ],
            [
              36.86578128192422,
              -1.2592583652787452
            ],
            [
              36.86596094498104,
              -1.2592583652787452
            ],
            [
              36.86596094498104,
              -1.2590787022219214
            ],
            [
              36.86614060803787,
              -1.2590787022219214
            ],
            [
              36.86614060803787,
              -1.2592583652787452
            ],
            [
              36.86632027109469,
              -1.2592583652787452
            ],
            [
              36.86632027109469,
              -1.2590787022219214
            ],
            [
              36.86649993415151,
              -1.2590787022219214
            ],
            [
              36.86649993415151,
              -1.2588990391650974
            ],
            [
              36.86667959720834,
              -1.2588990391650974
            ],
            [
              36.86667959720834,
              -1.2590787022219214
            ],
            [
              36.86685926026516,
              -1.2590787022219214
            ],
            [
              36.86685926026516,
              -1.2592583652787452
            ],
            [
              36.867757575549284,
              -1.2592583652787452
            ],
            [
              36.867757575549284,
              -1.259797354449217
            ],
            [
              36.86757791249246,
              -1.259797354449217
            ],
            [
              36.86757791249246,
              -1.259617691392393
            ],
            [
              36.86739824943563,
              -1.259617691392393
            ],
            [
              36.86739824943563,
              -1.259438028335569
            ],
            [
              36.86721858637881,
              -1.259438028335569
            ],
            [
              36.86721858637881,
              -1.259617691392393
            ],
            [
              36.867038923321985,
              -1.259617691392393
            ],
            [
              36.867038923321985,
              -1.259438028335569
            ],
            [
              36.86667959720834,
              -1.259438028335569
            ],
            [
              36.86667959720834,
              -1.259617691392393
            ],
            [
              36.86649993415151,
              -1.259617691392393
            ],
            [
              36.86649993415151,
              -1.259797354449217
            ],
            [
              36.86614060803787,
              -1.259797354449217
            ],
            [
              36.86614060803787,
              -1.2599770175060407
            ],
            [
              36.86596094498104,
              -1.2599770175060407
            ],
            [
              36.86596094498104,
              -1.2601566805628648
            ],
            [
              36.86614060803787,
              -1.2601566805628648
            ],
            [
              36.86614060803787,
              -1.2603363436196886
            ],
            [
              36.86667959720834,
              -1.2603363436196886
            ],
            [
              36.86667959720834,
              -1.2601566805628648
            ],
            [
              36.867038923321985,
              -1.2601566805628648
            ],
            [
              36.867038923321985,
              -1.2603363436196886
            ],
            [
              36.86739824943563,
              -1.2603363436196886
            ],
            [
              36.86739824943563,
              -1.2605160066765126
            ],
            [
              36.8679372386061,
              -1.2605160066765126
            ],
            [
              36.8679372386061,
              -1.2603363436196886
            ],
            [
              36.868296564719756,
              -1.2603363436196886
            ],
            [
              36.868296564719756,
              -1.2601566805628648
            ],
            [
              36.868476227776576,
              -1.2601566805628648
            ],
            [
              36.868476227776576,
              -1.259797354449217
            ],
            [
              36.86883555389022,
              -1.259797354449217
            ],
            [
              36.86883555389022,
              -1.259438028335569
            ],
            [
              36.869374543060694,
              -1.259438028335569
            ],
            [
              36.869374543060694,
              -1.2592583652787452
            ],
            [
              36.869913532231166,
              -1.2592583652787452
            ],
            [
              36.869913532231166,
              -1.2590787022219214
            ],
            [
              36.87045252140164,
              -1.2590787022219214
            ],
            [
              36.87045252140164,
              -1.2588990391650974
            ],
            [
              36.870632184458465,
              -1.2588990391650974
            ],
            [
              36.870632184458465,
              -1.2587193761082736
            ],
            [
              36.870811847515284,
              -1.2587193761082736
            ],
            [
              36.870811847515284,
              -1.2585397130514495
            ],
            [
              36.87099151057211,
              -1.2585397130514495
            ],
            [
              36.87099151057211,
              -1.2581803869378019
            ],
            [
              36.87117117362894,
              -1.2581803869378019
            ],
            [
              36.87117117362894,
              -1.2580007238809778
            ],
            [
              36.87135083668576,
              -1.2580007238809778
            ],
            [
              36.87135083668576,
              -1.257821060824154
            ],
            [
              36.87153049974258,
              -1.257821060824154
            ],
            [
              36.87153049974258,
              -1.25764139776733
            ],
            [
              36.87135083668576,
              -1.25764139776733
            ],
            [
              36.87135083668576,
              -1.2569227455400345
            ],
            [
              36.87153049974258,
              -1.2569227455400345
            ],
            [
              36.87153049974258,
              -1.2571024085968583
            ],
            [
              36.87224915196988,
              -1.2571024085968583
            ],
            [
              36.87224915196988,
              -1.2562040933127387
            ],
            [
              36.8724288150267,
              -1.2562040933127387
            ],
            [
              36.8724288150267,
              -1.256024430255915
            ],
            [
              36.87260847808353,
              -1.256024430255915
            ],
            [
              36.87260847808353,
              -1.255665104142267
            ],
            [
              36.8724288150267,
              -1.255665104142267
            ],
            [
              36.8724288150267,
              -1.2554854410854432
            ],
            [
              36.872069488913056,
              -1.2554854410854432
            ],
            [
              36.872069488913056,
              -1.2553057780286194
            ],
            [
              36.87171016279941,
              -1.2553057780286194
            ],
            [
              36.87171016279941,
              -1.2554854410854432
            ],
            [
              36.87117117362894,
              -1.2554854410854432
            ],
            [
              36.87117117362894,
              -1.2553057780286194
            ],
            [
              36.87135083668576,
              -1.2553057780286194
            ],
            [
              36.87135083668576,
              -1.2549464519149716
            ],
            [
              36.87045252140164,
              -1.2549464519149716
            ],
            [
              36.87045252140164,
              -1.255844767199091
            ],
            [
              36.87027285834482,
              -1.255844767199091
            ],
            [
              36.87027285834482,
              -1.256024430255915
            ],
            [
              36.869194880003874,
              -1.256024430255915
            ],
            [
              36.869194880003874,
              -1.2563837563695628
            ],
            [
              36.86901521694705,
              -1.2563837563695628
            ],
            [
              36.86901521694705,
              -1.2567430824832106
            ],
            [
              36.8686558908334,
              -1.2567430824832106
            ],
            [
              36.8686558908334,
              -1.2569227455400345
            ],
            [
              36.868296564719756,
              -1.2569227455400345
            ],
            [
              36.868296564719756,
              -1.2571024085968583
            ],
            [
              36.8679372386061,
              -1.2571024085968583
            ],
            [
              36.8679372386061,
              -1.2572820716536823
            ],
            [
              36.867757575549284,
              -1.2572820716536823
            ],
            [
              36.867757575549284,
              -1.2574617347105062
            ],
            [
              36.86811690166293,
              -1.2574617347105062
            ],
            [
              36.86811690166293,
              -1.257821060824154
            ],
            [
              36.868296564719756,
              -1.257821060824154
            ],
            [
              36.868296564719756,
              -1.2581803869378019
            ]
          ],
          [
            [
              36.864882966640096,
              -1.2601566805628648
            ],
            [
              36.864703303583276,
              -1.2601566805628648
            ],
            [
              36.864703303583276,
              -1.2603363436196886
            ],
            [
              36.864882966640096,
              -1.2603363436196886
            ],
            [
              36.864882966640096,
              -1.2601566805628648
            ]
          ],
          [
            [
              36.86685926026516,
              -1.2587193761082736
            ],
            [
              36.86667959720834,
              -1.2587193761082736
            ],
            [
              36.86667959720834,
              -1.2588990391650974
            ],
            [
              36.86685926026516,
              -1.2588990391650974
            ],
            [
              36.86685926026516,
              -1.2587193761082736
            ]
          ]
        ]
      },
      "id": "+205224-6986",
      "properties": {
        "area_ha": 26.77357020810432,
        "area_m2": 267735.7020810432,
        "class": 0,
        "count": 671
      }
    },
    {
      "type": "Feature",
      "geometry": {
        "geodesic": false,
        "type": "Polygon",
        "coordinates": [
          [
            [
              36.87117117362894,
              -1.2743500620519532
            ],
            [
              36.87117117362894,
              -1.274709388165601
            ],
            [
              36.87099151057211,
              -1.274709388165601
            ],
            [
              36.87099151057211,
              -1.274889051222425
            ],
            [
              36.870811847515284,
              -1.274889051222425
            ],
            [
              36.870811847515284,
              -1.2752483773360728
            ],
            [
              36.870632184458465,
              -1.2752483773360728
            ],
            [
              36.870632184458465,
              -1.2754280403928966
            ],
            [
              36.87045252140164,
              -1.2754280403928966
            ],
            [
              36.87045252140164,
              -1.2756077034497204
            ],
            [
              36.87027285834482,
              -1.2756077034497204
            ],
            [
              36.87027285834482,
              -1.2757873665065445
            ],
            [
              36.87045252140164,
              -1.2757873665065445
            ],
            [
              36.87045252140164,
              -1.2759670295633683
            ],
            [
              36.870632184458465,
              -1.2759670295633683
            ],
            [
              36.870632184458465,
              -1.2761466926201923
            ],
            [
              36.87099151057211,
              -1.2761466926201923
            ],
            [
              36.87099151057211,
              -1.2763263556770161
            ],
            [
              36.87117117362894,
              -1.2763263556770161
            ],
            [
              36.87117117362894,
              -1.27650601873384
            ],
            [
              36.87153049974258,
              -1.27650601873384
            ],
            [
              36.87153049974258,
              -1.2763263556770161
            ],
            [
              36.87171016279941,
              -1.2763263556770161
            ],
            [
              36.87171016279941,
              -1.2756077034497204
            ],
            [
              36.87188982585623,
              -1.2756077034497204
            ],
            [
              36.87188982585623,
              -1.274709388165601
            ],
            [
              36.87171016279941,
              -1.274709388165601
            ],
            [
              36.87171016279941,
              -1.274529725108777
            ],
            [
              36.87153049974258,
              -1.274529725108777
            ],
            [
              36.87153049974258,
              -1.2743500620519532
            ],
            [
              36.87117117362894,
              -1.2743500620519532
            ]
          ]
        ]
      },
      "id": "+205225-7094",
      "properties": {
        "area_ha": 2.553646924099879,
        "area_m2": 25536.469240998787,
        "class": 0,
        "count": 64
      }
    },
    {
      "type": "Feature",
      "geometry": {
        "geodesic": false,
        "type": "Polygon",
        "coordinates": [
          [
            [
              36.87260847808353,
              -1.251892179948965
            ],
            [
              36.87260847808353,
              -1.252071843005789
            ],
            [
              36.8724288150267,
              -1.252071843005789
            ],
            [
              36.8724288150267,
              -1.251892179948965
            ],
            [
              36.872069488913056,
              -1.251892179948965
            ],
            [
              36.872069488913056,
              -1.2524311691194367
            ],
            [
              36.87224915196988,
              -1.2524311691194367
            ],
            [
              36.87224915196988,
              -1.2526108321762608
            ],
            [
              36.87188982585623,
              -1.2526108321762608
            ],
            [
              36.87188982585623,
              -1.2527904952330846
            ],
            [
              36.872069488913056,
              -1.2527904952330846
            ],
            [
              36.872069488913056,
              -1.2529701582899087
            ],
            [
              36.87224915196988,
              -1.2529701582899087
            ],
            [
              36.87224915196988,
              -1.2527904952330846
            ],
            [
              36.8724288150267,
              -1.2527904952330846
            ],
            [
              36.8724288150267,
              -1.252251506062613
            ],
            [
              36.87260847808353,
              -1.252251506062613
            ],
            [
              36.87260847808353,
              -1.2524311691194367
            ],
            [
              36.87278814114035,
              -1.2524311691194367
            ],
            [
              36.87278814114035,
              -1.252251506062613
            ],
            [
              36.87260847808353,
              -1.252251506062613
            ],
            [
              36.87260847808353,
              -1.252071843005789
            ],
            [
              36.87278814114035,
              -1.252071843005789
            ],
            [
              36.87278814114035,
              -1.251892179948965
            ],
            [
              36.87260847808353,
              -1.251892179948965
            ]
          ]
        ]
      },
      "id": "+205232-6969",
      "properties": {
        "area_ha": 0.5586152334003945,
        "area_m2": 5586.152334003946,
        "class": 0,
        "count": 14
      }
    },
    {
      "type": "Feature",
      "geometry": {
        "geodesic": false,
        "type": "Polygon",
        "coordinates": [
          [
            [
              36.87332713031082,
              -1.2549464519149716
            ],
            [
              36.87332713031082,
              -1.2562040933127387
            ],
            [
              36.874225445594945,
              -1.2562040933127387
            ],
            [
              36.874225445594945,
              -1.256024430255915
            ],
            [
              36.87404578253812,
              -1.256024430255915
            ],
            [
              36.87404578253812,
              -1.255665104142267
            ],
            [
              36.87386611948129,
              -1.255665104142267
            ],
            [
              36.87386611948129,
              -1.2553057780286194
            ],
            [
              36.87368645642447,
              -1.2553057780286194
            ],
            [
              36.87368645642447,
              -1.2551261149717954
            ],
            [
              36.873506793367646,
              -1.2551261149717954
            ],
            [
              36.873506793367646,
              -1.2549464519149716
            ],
            [
              36.87332713031082,
              -1.2549464519149716
            ]
          ]
        ]
      },
      "id": "+205236-6986",
      "properties": {
        "area_ha": 0.8778228430579423,
        "area_m2": 8778.228430579424,
        "class": 0,
        "count": 22
      }
    },
    {
      "type": "Feature",
      "geometry": {
        "geodesic": false,
        "type": "Polygon",
        "coordinates": [
          [
            [
              36.874225445594945,
              -1.2563837563695628
            ],
            [
              36.874225445594945,
              -1.2565634194263866
            ],
            [
              36.874405108651764,
              -1.2565634194263866
            ],
            [
              36.874405108651764,
              -1.2567430824832106
            ],
            [
              36.87476443476541,
              -1.2567430824832106
            ],
            [
              36.87476443476541,
              -1.2571024085968583
            ],
            [
              36.87494409782224,
              -1.2571024085968583
            ],
            [
              36.87494409782224,
              -1.2569227455400345
            ],
            [
              36.87512376087906,
              -1.2569227455400345
            ],
            [
              36.87512376087906,
              -1.2567430824832106
            ],
            [
              36.87530342393588,
              -1.2567430824832106
            ],
            [
              36.87530342393588,
              -1.2565634194263866
            ],
            [
              36.87512376087906,
              -1.2565634194263866
            ],
            [
              36.87512376087906,
              -1.2563837563695628
            ],
            [
              36.874225445594945,
              -1.2563837563695628
            ]
          ]
        ]
      },
      "id": "+205245-6994",
      "properties": {
        "area_ha": 0.5187132722247046,
        "area_m2": 5187.132722247046,
        "class": 0,
        "count": 13
      }
    },
    {
      "type": "Feature",
      "geometry": {
        "geodesic": false,
        "type": "Polygon",
        "coordinates": [
          [
            [
              36.87494409782224,
              -1.2712957900859467
            ],
            [
              36.87494409782224,
              -1.2716551161995946
            ],
            [
              36.87476443476541,
              -1.2716551161995946
            ],
            [
              36.87476443476541,
              -1.2720144423132425
            ],
            [
              36.87458477170859,
              -1.2720144423132425
            ],
            [
              36.87458477170859,
              -1.2721941053700663
            ],
            [
              36.874405108651764,
              -1.2721941053700663
            ],
            [
              36.874405108651764,
              -1.2723737684268903
            ],
            [
              36.874225445594945,
              -1.2723737684268903
            ],
            [
              36.874225445594945,
              -1.2725534314837141
            ],
            [
              36.87386611948129,
              -1.2725534314837141
            ],
            [
              36.87386611948129,
              -1.272733094540538
            ],
            [
              36.87368645642447,
              -1.272733094540538
            ],
            [
              36.87368645642447,
              -1.2732720837110096
            ],
            [
              36.87404578253812,
              -1.2732720837110096
            ],
            [
              36.87404578253812,
              -1.2730924206541858
            ],
            [
              36.874225445594945,
              -1.2730924206541858
            ],
            [
              36.874225445594945,
              -1.272733094540538
            ],
            [
              36.87458477170859,
              -1.272733094540538
            ],
            [
              36.87458477170859,
              -1.2725534314837141
            ],
            [
              36.87476443476541,
              -1.2725534314837141
            ],
            [
              36.87476443476541,
              -1.2721941053700663
            ],
            [
              36.87512376087906,
              -1.2721941053700663
            ],
            [
              36.87512376087906,
              -1.2718347792564184
            ],
            [
              36.87530342393588,
              -1.2718347792564184
            ],
            [
              36.87530342393588,
              -1.2716551161995946
            ],
            [
              36.87548308699271,
              -1.2716551161995946
            ],
            [
              36.87548308699271,
              -1.2712957900859467
            ],
            [
              36.87494409782224,
              -1.2712957900859467
            ]
          ]
        ]
      },
      "id": "+205247-7077",
      "properties": {
        "area_ha": 1.2369242564140936,
        "area_m2": 12369.242564140937,
        "class": 0,
        "count": 31
      }
    },
    {
      "type": "Feature",
      "geometry": {
        "geodesic": false,
        "type": "Polygon",
        "coordinates": [
          [
            [
              36.875662750049536,
              -1.2545871258013237
            ],
            [
              36.875662750049536,
              -1.2547667888581475
            ],
            [
              36.87548308699271,
              -1.2547667888581475
            ],
            [
              36.87548308699271,
              -1.2553057780286194
            ],
            [
              36.87530342393588,
              -1.2553057780286194
            ],
            [
              36.87530342393588,
              -1.255665104142267
            ],
            [
              36.87548308699271,
              -1.255665104142267
            ],
            [
              36.87548308699271,
              -1.256024430255915
            ],
            [
              36.875662750049536,
              -1.256024430255915
            ],
            [
              36.875662750049536,
              -1.2563837563695628
            ],
            [
              36.87548308699271,
              -1.2563837563695628
            ],
            [
              36.87548308699271,
              -1.2565634194263866
            ],
            [
              36.875662750049536,
              -1.2565634194263866
            ],
            [
              36.875662750049536,
              -1.2567430824832106
            ],
            [
              36.875842413106355,
              -1.2567430824832106
            ],
            [
              36.875842413106355,
              -1.2565634194263866
            ],
            [
              36.87620173922001,
              -1.2565634194263866
            ],
            [
              36.87620173922001,
              -1.256024430255915
            ],
            [
              36.87638140227683,
              -1.256024430255915
            ],
            [
              36.87638140227683,
              -1.255844767199091
            ],
            [
              36.87602207616318,
              -1.255844767199091
            ],
            [
              36.87602207616318,
              -1.256024430255915
            ],
            [
              36.875842413106355,
              -1.256024430255915
            ],
            [
              36.875842413106355,
              -1.2551261149717954
            ],
            [
              36.87602207616318,
              -1.2551261149717954
            ],
            [
              36.87602207616318,
              -1.2547667888581475
            ],
            [
              36.875842413106355,
              -1.2547667888581475
            ],
            [
              36.875842413106355,
              -1.2545871258013237
            ],
            [
              36.875662750049536,
              -1.2545871258013237
            ]
          ]
        ]
      },
      "id": "+205249-6984",
      "properties": {
        "area_ha": 1.2768331883317756,
        "area_m2": 12768.331883317756,
        "class": 0,
        "count": 32
      }
    },
    {
      "type": "Feature",
      "geometry": {
        "geodesic": false,
        "type": "Polygon",
        "coordinates": [
          [
            [
              36.875662750049536,
              -1.2500955493807262
            ],
            [
              36.875662750049536,
              -1.25027521243755
            ],
            [
              36.87548308699271,
              -1.25027521243755
            ],
            [
              36.87548308699271,
              -1.2506345385511979
            ],
            [
              36.87512376087906,
              -1.2506345385511979
            ],
            [
              36.87512376087906,
              -1.2509938646648455
            ],
            [
              36.875662750049536,
              -1.2509938646648455
            ],
            [
              36.875662750049536,
              -1.2508142016080217
            ],
            [
              36.87602207616318,
              -1.2508142016080217
            ],
            [
              36.87602207616318,
              -1.2500955493807262
            ],
            [
              36.875662750049536,
              -1.2500955493807262
            ]
          ]
        ]
      },
      "id": "+205250-6959",
      "properties": {
        "area_ha": 0.6384178463525765,
        "area_m2": 6384.1784635257645,
        "class": 0,
        "count": 16
      }
    },
    {
      "type": "Feature",
      "geometry": {
        "geodesic": false,
        "type": "Polygon",
        "coordinates": [
          [
            [
              36.875842413106355,
              -1.3332795446901937
            ],
            [
              36.875842413106355,
              -1.3336388708038416
            ],
            [
              36.875662750049536,
              -1.3336388708038416
            ],
            [
              36.875662750049536,
              -1.3339981969174894
            ],
            [
              36.875842413106355,
              -1.3339981969174894
            ],
            [
              36.875842413106355,
              -1.3341778599743133
            ],
            [
              36.87602207616318,
              -1.3341778599743133
            ],
            [
              36.87602207616318,
              -1.3339981969174894
            ],
            [
              36.87620173922001,
              -1.3339981969174894
            ],
            [
              36.87620173922001,
              -1.3338185338606654
            ],
            [
              36.87638140227683,
              -1.3338185338606654
            ],
            [
              36.87638140227683,
              -1.3336388708038416
            ],
            [
              36.876561065333654,
              -1.3336388708038416
            ],
            [
              36.876561065333654,
              -1.3332795446901937
            ],
            [
              36.875842413106355,
              -1.3332795446901937
            ]
          ]
        ]
      },
      "id": "+205253-7422",
      "properties": {
        "area_ha": 0.6383969528434208,
        "area_m2": 6383.969528434208,
        "class": 0,
        "count": 16
      }
    },
    {
      "type": "Feature",
      "geometry": {
        "geodesic": false,
        "type": "Polygon",
        "coordinates": [
          [
            [
              36.876561065333654,
              -1.3120793039849732
            ],
            [
              36.876561065333654,
              -1.312258967041797
            ],
            [
              36.875662750049536,
              -1.312258967041797
            ],
            [
              36.875662750049536,
              -1.3124386300986208
            ],
            [
              36.87530342393588,
              -1.3124386300986208
            ],
            [
              36.87530342393588,
              -1.3126182931554449
            ],
            [
              36.87512376087906,
              -1.3126182931554449
            ],
            [
              36.87512376087906,
              -1.3127979562122687
            ],
            [
              36.87476443476541,
              -1.3127979562122687
            ],
            [
              36.87476443476541,
              -1.3129776192690925
            ],
            [
              36.87404578253812,
              -1.3129776192690925
            ],
            [
              36.87404578253812,
              -1.3131572823259166
            ],
            [
              36.87332713031082,
              -1.3131572823259166
            ],
            [
              36.87332713031082,
              -1.3133369453827404
            ],
            [
              36.873147467254,
              -1.3133369453827404
            ],
            [
              36.873147467254,
              -1.314055597610036
            ],
            [
              36.87332713031082,
              -1.314055597610036
            ],
            [
              36.87332713031082,
              -1.3147742498373316
            ],
            [
              36.874225445594945,
              -1.3147742498373316
            ],
            [
              36.874225445594945,
              -1.3149539128941556
            ],
            [
              36.87458477170859,
              -1.3149539128941556
            ],
            [
              36.87458477170859,
              -1.315852228178275
            ],
            [
              36.874405108651764,
              -1.315852228178275
            ],
            [
              36.874405108651764,
              -1.3162115542919228
            ],
            [
              36.874225445594945,
              -1.3162115542919228
            ],
            [
              36.874225445594945,
              -1.3169302065192185
            ],
            [
              36.874405108651764,
              -1.3169302065192185
            ],
            [
              36.874405108651764,
              -1.3172895326328664
            ],
            [
              36.87458477170859,
              -1.3172895326328664
            ],
            [
              36.87458477170859,
              -1.3174691956896902
            ],
            [
              36.87476443476541,
              -1.3174691956896902
            ],
            [
              36.87476443476541,
              -1.3181878479169857
            ],
            [
              36.87458477170859,
              -1.3181878479169857
            ],
            [
              36.87458477170859,
              -1.3185471740306336
            ],
            [
              36.874405108651764,
              -1.3185471740306336
            ],
            [
              36.874405108651764,
              -1.3187268370874576
            ],
            [
              36.874225445594945,
              -1.3187268370874576
            ],
            [
              36.874225445594945,
              -1.3190861632011053
            ],
            [
              36.874405108651764,
              -1.3190861632011053
            ],
            [
              36.874405108651764,
              -1.3192658262579293
            ],
            [
              36.87458477170859,
              -1.3192658262579293
            ],
            [
              36.87458477170859,
              -1.319625152371577
            ],
            [
              36.87476443476541,
              -1.319625152371577
            ],
            [
              36.87476443476541,
              -1.319804815428401
            ],
            [
              36.87494409782224,
              -1.319804815428401
            ],
            [
              36.87494409782224,
              -1.319625152371577
            ],
            [
              36.87512376087906,
              -1.319625152371577
            ],
            [
              36.87512376087906,
              -1.3192658262579293
            ],
            [
              36.87530342393588,
              -1.3192658262579293
            ],
            [
              36.87530342393588,
              -1.3190861632011053
            ],
            [
              36.87548308699271,
              -1.3190861632011053
            ],
            [
              36.87548308699271,
              -1.3189065001442815
            ],
            [
              36.875662750049536,
              -1.3189065001442815
            ],
            [
              36.875662750049536,
              -1.3185471740306336
            ],
            [
              36.875842413106355,
              -1.3185471740306336
            ],
            [
              36.875842413106355,
              -1.3181878479169857
            ],
            [
              36.87602207616318,
              -1.3181878479169857
            ],
            [
              36.87602207616318,
              -1.318008184860162
            ],
            [
              36.87620173922001,
              -1.318008184860162
            ],
            [
              36.87620173922001,
              -1.3174691956896902
            ],
            [
              36.875842413106355,
              -1.3174691956896902
            ],
            [
              36.875842413106355,
              -1.3172895326328664
            ],
            [
              36.875662750049536,
              -1.3172895326328664
            ],
            [
              36.875662750049536,
              -1.3169302065192185
            ],
            [
              36.87548308699271,
              -1.3169302065192185
            ],
            [
              36.87548308699271,
              -1.3165708804055707
            ],
            [
              36.875662750049536,
              -1.3165708804055707
            ],
            [
              36.875662750049536,
              -1.3163912173487469
            ],
            [
              36.87602207616318,
              -1.3163912173487469
            ],
            [
              36.87602207616318,
              -1.3162115542919228
            ],
            [
              36.87638140227683,
              -1.3162115542919228
            ],
            [
              36.87638140227683,
              -1.3163912173487469
            ],
            [
              36.8769203914473,
              -1.3163912173487469
            ],
            [
              36.8769203914473,
              -1.3165708804055707
            ],
            [
              36.877279717560945,
              -1.3165708804055707
            ],
            [
              36.877279717560945,
              -1.3163912173487469
            ],
            [
              36.87745938061777,
              -1.3163912173487469
            ],
            [
              36.87745938061777,
              -1.316031891235099
            ],
            [
              36.8776390436746,
              -1.316031891235099
            ],
            [
              36.8776390436746,
              -1.315852228178275
            ],
            [
              36.87781870673142,
              -1.315852228178275
            ],
            [
              36.87781870673142,
              -1.3154929020646273
            ],
            [
              36.877998369788244,
              -1.3154929020646273
            ],
            [
              36.877998369788244,
              -1.3151335759509795
            ],
            [
              36.87817803284507,
              -1.3151335759509795
            ],
            [
              36.87817803284507,
              -1.3147742498373316
            ],
            [
              36.87835769590189,
              -1.3147742498373316
            ],
            [
              36.87835769590189,
              -1.3144149237236837
            ],
            [
              36.877998369788244,
              -1.3144149237236837
            ],
            [
              36.877998369788244,
              -1.31423526066686
            ],
            [
              36.8776390436746,
              -1.31423526066686
            ],
            [
              36.8776390436746,
              -1.314055597610036
            ],
            [
              36.87745938061777,
              -1.314055597610036
            ],
            [
              36.87745938061777,
              -1.3136962714963882
            ],
            [
              36.877279717560945,
              -1.3136962714963882
            ],
            [
              36.877279717560945,
              -1.3135166084395644
            ],
            [
              36.877100054504126,
              -1.3135166084395644
            ],
            [
              36.877100054504126,
              -1.3131572823259166
            ],
            [
              36.87674072839047,
              -1.3131572823259166
            ],
            [
              36.87674072839047,
              -1.3129776192690925
            ],
            [
              36.877100054504126,
              -1.3129776192690925
            ],
            [
              36.877100054504126,
              -1.3127979562122687
            ],
            [
              36.8769203914473,
              -1.3127979562122687
            ],
            [
              36.8769203914473,
              -1.3126182931554449
            ],
            [
              36.877100054504126,
              -1.3126182931554449
            ],
            [
              36.877100054504126,
              -1.3120793039849732
            ],
            [
              36.876561065333654,
              -1.3120793039849732
            ]
          ]
        ]
      },
      "id": "+205256-7304",
      "properties": {
        "area_ha": 22.74306154255317,
        "area_m2": 227430.61542553172,
        "class": 0,
        "count": 570
      }
    },
    {
      "type": "Feature",
      "geometry": {
        "geodesic": false,
        "type": "Polygon",
        "coordinates": [
          [
            [
              36.877100054504126,
              -1.3095640211894384
            ],
            [
              36.877100054504126,
              -1.3097436842462624
            ],
            [
              36.8769203914473,
              -1.3097436842462624
            ],
            [
              36.8769203914473,
              -1.3099233473030862
            ],
            [
              36.87602207616318,
              -1.3099233473030862
            ],
            [
              36.87602207616318,
              -1.31010301035991
            ],
            [
              36.875662750049536,
              -1.31010301035991
            ],
            [
              36.875662750049536,
              -1.310282673416734
            ],
            [
              36.87548308699271,
              -1.310282673416734
            ],
            [
              36.87548308699271,
              -1.3110013256440296
            ],
            [
              36.87530342393588,
              -1.3110013256440296
            ],
            [
              36.87530342393588,
              -1.3111809887008536
            ],
            [
              36.87494409782224,
              -1.3111809887008536
            ],
            [
              36.87494409782224,
              -1.3113606517576775
            ],
            [
              36.87458477170859,
              -1.3113606517576775
            ],
            [
              36.87458477170859,
              -1.3111809887008536
            ],
            [
              36.874405108651764,
              -1.3111809887008536
            ],
            [
              36.874405108651764,
              -1.3110013256440296
            ],
            [
              36.874225445594945,
              -1.3110013256440296
            ],
            [
              36.874225445594945,
              -1.3106419995303817
            ],
            [
              36.87404578253812,
              -1.3106419995303817
            ],
            [
              36.87404578253812,
              -1.310282673416734
            ],
            [
              36.87386611948129,
              -1.310282673416734
            ],
            [
              36.87386611948129,
              -1.31010301035991
            ],
            [
              36.873147467254,
              -1.31010301035991
            ],
            [
              36.873147467254,
              -1.310282673416734
            ],
            [
              36.87278814114035,
              -1.310282673416734
            ],
            [
              36.87278814114035,
              -1.310462336473558
            ],
            [
              36.8724288150267,
              -1.310462336473558
            ],
            [
              36.8724288150267,
              -1.3106419995303817
            ],
            [
              36.87099151057211,
              -1.3106419995303817
            ],
            [
              36.87099151057211,
              -1.3108216625872058
            ],
            [
              36.87045252140164,
              -1.3108216625872058
            ],
            [
              36.87045252140164,
              -1.3110013256440296
            ],
            [
              36.869374543060694,
              -1.3110013256440296
            ],
            [
              36.869374543060694,
              -1.3111809887008536
            ],
            [
              36.867038923321985,
              -1.3111809887008536
            ],
            [
              36.867038923321985,
              -1.3113606517576775
            ],
            [
              36.86667959720834,
              -1.3113606517576775
            ],
            [
              36.86667959720834,
              -1.3120793039849732
            ],
            [
              36.86685926026516,
              -1.3120793039849732
            ],
            [
              36.86685926026516,
              -1.3124386300986208
            ],
            [
              36.867038923321985,
              -1.3124386300986208
            ],
            [
              36.867038923321985,
              -1.3126182931554449
            ],
            [
              36.86721858637881,
              -1.3126182931554449
            ],
            [
              36.86721858637881,
              -1.3131572823259166
            ],
            [
              36.867038923321985,
              -1.3131572823259166
            ],
            [
              36.867038923321985,
              -1.3133369453827404
            ],
            [
              36.86685926026516,
              -1.3133369453827404
            ],
            [
              36.86685926026516,
              -1.3135166084395644
            ],
            [
              36.86649993415151,
              -1.3135166084395644
            ],
            [
              36.86649993415151,
              -1.3136962714963882
            ],
            [
              36.86614060803787,
              -1.3136962714963882
            ],
            [
              36.86614060803787,
              -1.313875934553212
            ],
            [
              36.86596094498104,
              -1.313875934553212
            ],
            [
              36.86596094498104,
              -1.314055597610036
            ],
            [
              36.865601618867395,
              -1.314055597610036
            ],
            [
              36.865601618867395,
              -1.31423526066686
            ],
            [
              36.86542195581057,
              -1.31423526066686
            ],
            [
              36.86542195581057,
              -1.3145945867805078
            ],
            [
              36.86524229275375,
              -1.3145945867805078
            ],
            [
              36.86524229275375,
              -1.3149539128941556
            ],
            [
              36.86506262969692,
              -1.3149539128941556
            ],
            [
              36.86506262969692,
              -1.3151335759509795
            ],
            [
              36.864882966640096,
              -1.3151335759509795
            ],
            [
              36.864882966640096,
              -1.3156725651214511
            ],
            [
              36.86506262969692,
              -1.3156725651214511
            ],
            [
              36.86506262969692,
              -1.315852228178275
            ],
            [
              36.865601618867395,
              -1.315852228178275
            ],
            [
              36.865601618867395,
              -1.316031891235099
            ],
            [
              36.86578128192422,
              -1.316031891235099
            ],
            [
              36.86578128192422,
              -1.3162115542919228
            ],
            [
              36.86596094498104,
              -1.3162115542919228
            ],
            [
              36.86596094498104,
              -1.3165708804055707
            ],
            [
              36.86649993415151,
              -1.3165708804055707
            ],
            [
              36.86649993415151,
              -1.3163912173487469
            ],
            [
              36.86721858637881,
              -1.3163912173487469
            ],
            [
              36.86721858637881,
              -1.3165708804055707
            ],
            [
              36.86757791249246,
              -1.3165708804055707
            ],
            [
              36.86757791249246,
              -1.3167505434623945
            ],
            [
              36.86811690166293,
              -1.3167505434623945
            ],
            [
              36.86811690166293,
              -1.3165708804055707
            ],
            [
              36.868476227776576,
              -1.3165708804055707
            ],
            [
              36.868476227776576,
              -1.3167505434623945
            ],
            [
              36.86883555389022,
              -1.3167505434623945
            ],
            [
              36.86883555389022,
              -1.3169302065192185
            ],
            [
              36.86901521694705,
              -1.3169302065192185
            ],
            [
              36.86901521694705,
              -1.3171098695760424
            ],
            [
              36.869194880003874,
              -1.3171098695760424
            ],
            [
              36.869194880003874,
              -1.3174691956896902
            ],
            [
              36.869374543060694,
              -1.3174691956896902
            ],
            [
              36.869374543060694,
              -1.317648858746514
            ],
            [
              36.87009319528799,
              -1.317648858746514
            ],
            [
              36.87009319528799,
              -1.317828521803338
            ],
            [
              36.870632184458465,
              -1.317828521803338
            ],
            [
              36.870632184458465,
              -1.318008184860162
            ],
            [
              36.87135083668576,
              -1.318008184860162
            ],
            [
              36.87135083668576,
              -1.3167505434623945
            ],
            [
              36.87153049974258,
              -1.3167505434623945
            ],
            [
              36.87153049974258,
              -1.3165708804055707
            ],
            [
              36.87171016279941,
              -1.3165708804055707
            ],
            [
              36.87171016279941,
              -1.3163912173487469
            ],
            [
              36.87188982585623,
              -1.3163912173487469
            ],
            [
              36.87188982585623,
              -1.3162115542919228
            ],
            [
              36.872069488913056,
              -1.3162115542919228
            ],
            [
              36.872069488913056,
              -1.316031891235099
            ],
            [
              36.87224915196988,
              -1.316031891235099
            ],
            [
              36.87224915196988,
              -1.315852228178275
            ],
            [
              36.87332713031082,
              -1.315852228178275
            ],
            [
              36.87332713031082,
              -1.3149539128941556
            ],
            [
              36.87260847808353,
              -1.3149539128941556
            ],
            [
              36.87260847808353,
              -1.3151335759509795
            ],
            [
              36.8724288150267,
              -1.3151335759509795
            ],
            [
              36.8724288150267,
              -1.3154929020646273
            ],
            [
              36.872069488913056,
              -1.3154929020646273
            ],
            [
              36.872069488913056,
              -1.3156725651214511
            ],
            [
              36.87171016279941,
              -1.3156725651214511
            ],
            [
              36.87171016279941,
              -1.315852228178275
            ],
            [
              36.87153049974258,
              -1.315852228178275
            ],
            [
              36.87153049974258,
              -1.316031891235099
            ],
            [
              36.87135083668576,
              -1.316031891235099
            ],
            [
              36.87135083668576,
              -1.3163912173487469
            ],
            [
              36.87117117362894,
              -1.3163912173487469
            ],
            [
              36.87117117362894,
              -1.3165708804055707
            ],
            [
              36.87099151057211,
              -1.3165708804055707
            ],
            [
              36.87099151057211,
              -1.3167505434623945
            ],
            [
              36.870632184458465,
              -1.3167505434623945
            ],
            [
              36.870632184458465,
              -1.3169302065192185
            ],
            [
              36.87009319528799,
              -1.3169302065192185
            ],
            [
              36.87009319528799,
              -1.3167505434623945
            ],
            [
              36.86973386917435,
              -1.3167505434623945
            ],
            [
              36.86973386917435,
              -1.3165708804055707
            ],
            [
              36.86955420611752,
              -1.3165708804055707
            ],
            [
              36.86955420611752,
              -1.3163912173487469
            ],
            [
              36.869374543060694,
              -1.3163912173487469
            ],
            [
              36.869374543060694,
              -1.3162115542919228
            ],
            [
              36.869194880003874,
              -1.3162115542919228
            ],
            [
              36.869194880003874,
              -1.3153132390078033
            ],
            [
              36.869374543060694,
              -1.3153132390078033
            ],
            [
              36.869374543060694,
              -1.3145945867805078
            ],
            [
              36.86955420611752,
              -1.3145945867805078
            ],
            [
              36.86955420611752,
              -1.314055597610036
            ],
            [
              36.86973386917435,
              -1.314055597610036
            ],
            [
              36.86973386917435,
              -1.3136962714963882
            ],
            [
              36.869913532231166,
              -1.3136962714963882
            ],
            [
              36.869913532231166,
              -1.3133369453827404
            ],
            [
              36.87027285834482,
              -1.3133369453827404
            ],
            [
              36.87027285834482,
              -1.3131572823259166
            ],
            [
              36.870811847515284,
              -1.3131572823259166
            ],
            [
              36.870811847515284,
              -1.3129776192690925
            ],
            [
              36.87099151057211,
              -1.3129776192690925
            ],
            [
              36.87099151057211,
              -1.3131572823259166
            ],
            [
              36.87117117362894,
              -1.3131572823259166
            ],
            [
              36.87117117362894,
              -1.3124386300986208
            ],
            [
              36.87153049974258,
              -1.3124386300986208
            ],
            [
              36.87153049974258,
              -1.312258967041797
            ],
            [
              36.87188982585623,
              -1.312258967041797
            ],
            [
              36.87188982585623,
              -1.3124386300986208
            ],
            [
              36.87260847808353,
              -1.3124386300986208
            ],
            [
              36.87260847808353,
              -1.3126182931554449
            ],
            [
              36.87368645642447,
              -1.3126182931554449
            ],
            [
              36.87368645642447,
              -1.3124386300986208
            ],
            [
              36.87386611948129,
              -1.3124386300986208
            ],
            [
              36.87386611948129,
              -1.312258967041797
            ],
            [
              36.874225445594945,
              -1.312258967041797
            ],
            [
              36.874225445594945,
              -1.3120793039849732
            ],
            [
              36.87458477170859,
              -1.3120793039849732
            ],
            [
              36.87458477170859,
              -1.3118996409281491
            ],
            [
              36.87476443476541,
              -1.3118996409281491
            ],
            [
              36.87476443476541,
              -1.3120793039849732
            ],
            [
              36.87512376087906,
              -1.3120793039849732
            ],
            [
              36.87512376087906,
              -1.3118996409281491
            ],
            [
              36.87548308699271,
              -1.3118996409281491
            ],
            [
              36.87548308699271,
              -1.3117199778713253
            ],
            [
              36.875662750049536,
              -1.3117199778713253
            ],
            [
              36.875662750049536,
              -1.3113606517576775
            ],
            [
              36.875842413106355,
              -1.3113606517576775
            ],
            [
              36.875842413106355,
              -1.3111809887008536
            ],
            [
              36.87602207616318,
              -1.3111809887008536
            ],
            [
              36.87602207616318,
              -1.3110013256440296
            ],
            [
              36.87638140227683,
              -1.3110013256440296
            ],
            [
              36.87638140227683,
              -1.3108216625872058
            ],
            [
              36.87674072839047,
              -1.3108216625872058
            ],
            [
              36.87674072839047,
              -1.3106419995303817
            ],
            [
              36.877100054504126,
              -1.3106419995303817
            ],
            [
              36.877100054504126,
              -1.310462336473558
            ],
            [
              36.87745938061777,
              -1.310462336473558
            ],
            [
              36.87745938061777,
              -1.310282673416734
            ],
            [
              36.87781870673142,
              -1.310282673416734
            ],
            [
              36.87781870673142,
              -1.31010301035991
            ],
            [
              36.87817803284507,
              -1.31010301035991
            ],
            [
              36.87817803284507,
              -1.3095640211894384
            ],
            [
              36.877100054504126,
              -1.3095640211894384
            ]
          ],
          [
            [
              36.8686558908334,
              -1.3124386300986208
            ],
            [
              36.868476227776576,
              -1.3124386300986208
            ],
            [
              36.868476227776576,
              -1.3126182931554449
            ],
            [
              36.8686558908334,
              -1.3126182931554449
            ],
            [
              36.8686558908334,
              -1.3124386300986208
            ]
          ],
          [
            [
              36.87027285834482,
              -1.3120793039849732
            ],
            [
              36.8686558908334,
              -1.3120793039849732
            ],
            [
              36.8686558908334,
              -1.312258967041797
            ],
            [
              36.86883555389022,
              -1.312258967041797
            ],
            [
              36.86883555389022,
              -1.3124386300986208
            ],
            [
              36.86901521694705,
              -1.3124386300986208
            ],
            [
              36.86901521694705,
              -1.3126182931554449
            ],
            [
              36.869374543060694,
              -1.3126182931554449
            ],
            [
              36.869374543060694,
              -1.3124386300986208
            ],
            [
              36.86955420611752,
              -1.3124386300986208
            ],
            [
              36.86955420611752,
              -1.312258967041797
            ],
            [
              36.869913532231166,
              -1.312258967041797
            ],
            [
              36.869913532231166,
              -1.3124386300986208
            ],
            [
              36.87027285834482,
              -1.3124386300986208
            ],
            [
              36.87027285834482,
              -1.3126182931554449
            ],
            [
              36.87045252140164,
              -1.3126182931554449
            ],
            [
              36.87045252140164,
              -1.3124386300986208
            ],
            [
              36.870811847515284,
              -1.3124386300986208
            ],
            [
              36.870811847515284,
              -1.312258967041797
            ],
            [
              36.87027285834482,
              -1.312258967041797
            ],
            [
              36.87027285834482,
              -1.3120793039849732
            ]
          ]
        ]
      },
      "id": "+205262-7290",
      "properties": {
        "area_ha": 43.171946856900476,
        "area_m2": 431719.4685690048,
        "class": 0,
        "count": 1082
      }
    },
    {
      "type": "Feature",
      "geometry": {
        "geodesic": false,
        "type": "Polygon",
        "coordinates": [
          [
            [
              36.878717022015536,
              -1.3106419995303817
            ],
            [
              36.878717022015536,
              -1.3111809887008536
            ],
            [
              36.87889668507236,
              -1.3111809887008536
            ],
            [
              36.87889668507236,
              -1.3120793039849732
            ],
            [
              36.878717022015536,
              -1.3120793039849732
            ],
            [
              36.878717022015536,
              -1.3124386300986208
            ],
            [
              36.87889668507236,
              -1.3124386300986208
            ],
            [
              36.87889668507236,
              -1.3129776192690925
            ],
            [
              36.87907634812919,
              -1.3129776192690925
            ],
            [
              36.87907634812919,
              -1.3131572823259166
            ],
            [
              36.87925601118601,
              -1.3131572823259166
            ],
            [
              36.87925601118601,
              -1.3129776192690925
            ],
            [
              36.879435674242835,
              -1.3129776192690925
            ],
            [
              36.879435674242835,
              -1.3127979562122687
            ],
            [
              36.87961533729966,
              -1.3127979562122687
            ],
            [
              36.87961533729966,
              -1.3126182931554449
            ],
            [
              36.87979500035648,
              -1.3126182931554449
            ],
            [
              36.87979500035648,
              -1.3124386300986208
            ],
            [
              36.87997466341331,
              -1.3124386300986208
            ],
            [
              36.87997466341331,
              -1.3120793039849732
            ],
            [
              36.880154326470134,
              -1.3120793039849732
            ],
            [
              36.880154326470134,
              -1.3115403148145013
            ],
            [
              36.87997466341331,
              -1.3115403148145013
            ],
            [
              36.87997466341331,
              -1.3113606517576775
            ],
            [
              36.87979500035648,
              -1.3113606517576775
            ],
            [
              36.87979500035648,
              -1.3111809887008536
            ],
            [
              36.87961533729966,
              -1.3111809887008536
            ],
            [
              36.87961533729966,
              -1.3108216625872058
            ],
            [
              36.87925601118601,
              -1.3108216625872058
            ],
            [
              36.87925601118601,
              -1.3106419995303817
            ],
            [
              36.878717022015536,
              -1.3106419995303817
            ]
          ]
        ]
      },
      "id": "+205268-7296",
      "properties": {
        "area_ha": 2.8728116025442696,
        "area_m2": 28728.116025442694,
        "class": 0,
        "count": 72
      }
    },
    {
      "type": "Feature",
      "geometry": {
        "geodesic": false,
        "type": "Polygon",
        "coordinates": [
          [
            [
              36.87979500035648,
              -1.2608753327901603
            ],
            [
              36.87979500035648,
              -1.2612346589038081
            ],
            [
              36.87997466341331,
              -1.2612346589038081
            ],
            [
              36.87997466341331,
              -1.261593985017456
            ],
            [
              36.8806933156406,
              -1.261593985017456
            ],
            [
              36.8806933156406,
              -1.2612346589038081
            ],
            [
              36.88051365258378,
              -1.2612346589038081
            ],
            [
              36.88051365258378,
              -1.2610549958469843
            ],
            [
              36.880154326470134,
              -1.2610549958469843
            ],
            [
              36.880154326470134,
              -1.2608753327901603
            ],
            [
              36.87979500035648,
              -1.2608753327901603
            ]
          ]
        ]
      },
      "id": "+205273-7019",
      "properties": {
        "area_ha": 0.5586133394003978,
        "area_m2": 5586.1333940039785,
        "class": 0,
        "count": 14
      }
    },
    {
      "type": "Feature",
      "geometry": {
        "geodesic": false,
        "type": "Polygon",
        "coordinates": [
          [
            [
              36.880154326470134,
              -1.3072284014507276
            ],
            [
              36.880154326470134,
              -1.3081267167348472
            ],
            [
              36.88033398952695,
              -1.3081267167348472
            ],
            [
              36.88033398952695,
              -1.3083063797916712
            ],
            [
              36.8806933156406,
              -1.3083063797916712
            ],
            [
              36.8806933156406,
              -1.3075877275643755
            ],
            [
              36.88051365258378,
              -1.3075877275643755
            ],
            [
              36.88051365258378,
              -1.3072284014507276
            ],
            [
              36.880154326470134,
              -1.3072284014507276
            ]
          ]
        ]
      },
      "id": "+205275-7277",
      "properties": {
        "area_ha": 0.5985033858579076,
        "area_m2": 5985.033858579076,
        "class": 0,
        "count": 15
      }
    },
    {
      "type": "Feature",
      "geometry": {
        "geodesic": false,
        "type": "Polygon",
        "coordinates": [
          [
            [
              36.88195095703837,
              -1.3383101102812631
            ],
            [
              36.88195095703837,
              -1.338489773338087
            ],
            [
              36.880872978697425,
              -1.338489773338087
            ],
            [
              36.880872978697425,
              -1.338669436394911
            ],
            [
              36.8806933156406,
              -1.338669436394911
            ],
            [
              36.8806933156406,
              -1.3388490994517348
            ],
            [
              36.880872978697425,
              -1.3388490994517348
            ],
            [
              36.880872978697425,
              -1.3393880886222065
            ],
            [
              36.88105264175425,
              -1.3393880886222065
            ],
            [
              36.88105264175425,
              -1.3395677516790305
            ],
            [
              36.8814119678679,
              -1.3395677516790305
            ],
            [
              36.8814119678679,
              -1.3399270777926782
            ],
            [
              36.881591630924724,
              -1.3399270777926782
            ],
            [
              36.881591630924724,
              -1.340286403906326
            ],
            [
              36.881771293981544,
              -1.340286403906326
            ],
            [
              36.881771293981544,
              -1.3404660669631498
            ],
            [
              36.88195095703837,
              -1.3404660669631498
            ],
            [
              36.88195095703837,
              -1.340645730019974
            ],
            [
              36.882310283152016,
              -1.340645730019974
            ],
            [
              36.882310283152016,
              -1.3408253930767977
            ],
            [
              36.88284927232249,
              -1.3408253930767977
            ],
            [
              36.88284927232249,
              -1.340645730019974
            ],
            [
              36.883028935379315,
              -1.340645730019974
            ],
            [
              36.883028935379315,
              -1.3408253930767977
            ],
            [
              36.883208598436134,
              -1.3408253930767977
            ],
            [
              36.883208598436134,
              -1.340286403906326
            ],
            [
              36.883028935379315,
              -1.340286403906326
            ],
            [
              36.883028935379315,
              -1.3399270777926782
            ],
            [
              36.88284927232249,
              -1.3399270777926782
            ],
            [
              36.88284927232249,
              -1.3397474147358543
            ],
            [
              36.88266960926566,
              -1.3397474147358543
            ],
            [
              36.88266960926566,
              -1.3395677516790305
            ],
            [
              36.88248994620884,
              -1.3395677516790305
            ],
            [
              36.88248994620884,
              -1.3393880886222065
            ],
            [
              36.88266960926566,
              -1.3393880886222065
            ],
            [
              36.88266960926566,
              -1.3392084255653827
            ],
            [
              36.88284927232249,
              -1.3392084255653827
            ],
            [
              36.88284927232249,
              -1.3390287625085586
            ],
            [
              36.88266960926566,
              -1.3390287625085586
            ],
            [
              36.88266960926566,
              -1.338669436394911
            ],
            [
              36.88248994620884,
              -1.338669436394911
            ],
            [
              36.88248994620884,
              -1.338489773338087
            ],
            [
              36.8821306200952,
              -1.338489773338087
            ],
            [
              36.8821306200952,
              -1.3383101102812631
            ],
            [
              36.88195095703837,
              -1.3383101102812631
            ]
          ]
        ]
      },
      "id": "+205284-7450",
      "properties": {
        "area_ha": 4.388968620506874,
        "area_m2": 43889.686205068734,
        "class": 0,
        "count": 110
      }
    },
    {
      "type": "Feature",
      "geometry": {
        "geodesic": false,
        "type": "Polygon",
        "coordinates": [
          [
            [
              36.88195095703837,
              -1.3147742498373316
            ],
            [
              36.88195095703837,
              -1.3149539128941556
            ],
            [
              36.881771293981544,
              -1.3149539128941556
            ],
            [
              36.881771293981544,
              -1.3151335759509795
            ],
            [
              36.881591630924724,
              -1.3151335759509795
            ],
            [
              36.881591630924724,
              -1.3154929020646273
            ],
            [
              36.8814119678679,
              -1.3154929020646273
            ],
            [
              36.8814119678679,
              -1.315852228178275
            ],
            [
              36.88123230481107,
              -1.315852228178275
            ],
            [
              36.88123230481107,
              -1.316031891235099
            ],
            [
              36.88105264175425,
              -1.316031891235099
            ],
            [
              36.88105264175425,
              -1.3162115542919228
            ],
            [
              36.880872978697425,
              -1.3162115542919228
            ],
            [
              36.880872978697425,
              -1.3163912173487469
            ],
            [
              36.8806933156406,
              -1.3163912173487469
            ],
            [
              36.8806933156406,
              -1.3165708804055707
            ],
            [
              36.88033398952695,
              -1.3165708804055707
            ],
            [
              36.88033398952695,
              -1.3167505434623945
            ],
            [
              36.87997466341331,
              -1.3167505434623945
            ],
            [
              36.87997466341331,
              -1.3169302065192185
            ],
            [
              36.87925601118601,
              -1.3169302065192185
            ],
            [
              36.87925601118601,
              -1.3167505434623945
            ],
            [
              36.87907634812919,
              -1.3167505434623945
            ],
            [
              36.87907634812919,
              -1.3165708804055707
            ],
            [
              36.87889668507236,
              -1.3165708804055707
            ],
            [
              36.87889668507236,
              -1.3163912173487469
            ],
            [
              36.878717022015536,
              -1.3163912173487469
            ],
            [
              36.878717022015536,
              -1.3165708804055707
            ],
            [
              36.87835769590189,
              -1.3165708804055707
            ],
            [
              36.87835769590189,
              -1.3167505434623945
            ],
            [
              36.87817803284507,
              -1.3167505434623945
            ],
            [
              36.87817803284507,
              -1.3169302065192185
            ],
            [
              36.877998369788244,
              -1.3169302065192185
            ],
            [
              36.877998369788244,
              -1.3172895326328664
            ],
            [
              36.87781870673142,
              -1.3172895326328664
            ],
            [
              36.87781870673142,
              -1.318008184860162
            ],
            [
              36.8776390436746,
              -1.318008184860162
            ],
            [
              36.8776390436746,
              -1.3183675109738098
            ],
            [
              36.87745938061777,
              -1.3183675109738098
            ],
            [
              36.87745938061777,
              -1.3185471740306336
            ],
            [
              36.877279717560945,
              -1.3185471740306336
            ],
            [
              36.877279717560945,
              -1.3187268370874576
            ],
            [
              36.877100054504126,
              -1.3187268370874576
            ],
            [
              36.877100054504126,
              -1.3190861632011053
            ],
            [
              36.8769203914473,
              -1.3190861632011053
            ],
            [
              36.8769203914473,
              -1.3192658262579293
            ],
            [
              36.87674072839047,
              -1.3192658262579293
            ],
            [
              36.87674072839047,
              -1.3194454893147531
            ],
            [
              36.876561065333654,
              -1.3194454893147531
            ],
            [
              36.876561065333654,
              -1.3203438045988727
            ],
            [
              36.87674072839047,
              -1.3203438045988727
            ],
            [
              36.87674072839047,
              -1.3205234676556965
            ],
            [
              36.877100054504126,
              -1.3205234676556965
            ],
            [
              36.877100054504126,
              -1.3207031307125205
            ],
            [
              36.877279717560945,
              -1.3207031307125205
            ],
            [
              36.877279717560945,
              -1.3208827937693444
            ],
            [
              36.87835769590189,
              -1.3208827937693444
            ],
            [
              36.87835769590189,
              -1.3207031307125205
            ],
            [
              36.87853735895872,
              -1.3207031307125205
            ],
            [
              36.87853735895872,
              -1.3205234676556965
            ],
            [
              36.878717022015536,
              -1.3205234676556965
            ],
            [
              36.878717022015536,
              -1.3203438045988727
            ],
            [
              36.87925601118601,
              -1.3203438045988727
            ],
            [
              36.87925601118601,
              -1.3201641415420489
            ],
            [
              36.87961533729966,
              -1.3201641415420489
            ],
            [
              36.87961533729966,
              -1.3203438045988727
            ],
            [
              36.87997466341331,
              -1.3203438045988727
            ],
            [
              36.87997466341331,
              -1.3205234676556965
            ],
            [
              36.880154326470134,
              -1.3205234676556965
            ],
            [
              36.880154326470134,
              -1.3207031307125205
            ],
            [
              36.88033398952695,
              -1.3207031307125205
            ],
            [
              36.88033398952695,
              -1.3208827937693444
            ],
            [
              36.8806933156406,
              -1.3208827937693444
            ],
            [
              36.8806933156406,
              -1.3207031307125205
            ],
            [
              36.880872978697425,
              -1.3207031307125205
            ],
            [
              36.880872978697425,
              -1.3205234676556965
            ],
            [
              36.88105264175425,
              -1.3205234676556965
            ],
            [
              36.88105264175425,
              -1.3203438045988727
            ],
            [
              36.88123230481107,
              -1.3203438045988727
            ],
            [
              36.88123230481107,
              -1.3201641415420489
            ],
            [
              36.881591630924724,
              -1.3201641415420489
            ],
            [
              36.881591630924724,
              -1.3199844784852248
            ],
            [
              36.881771293981544,
              -1.3199844784852248
            ],
            [
              36.881771293981544,
              -1.319804815428401
            ],
            [
              36.88195095703837,
              -1.319804815428401
            ],
            [
              36.88195095703837,
              -1.3194454893147531
            ],
            [
              36.8821306200952,
              -1.3194454893147531
            ],
            [
              36.8821306200952,
              -1.3189065001442815
            ],
            [
              36.882310283152016,
              -1.3189065001442815
            ],
            [
              36.882310283152016,
              -1.3185471740306336
            ],
            [
              36.88266960926566,
              -1.3185471740306336
            ],
            [
              36.88266960926566,
              -1.3181878479169857
            ],
            [
              36.883208598436134,
              -1.3181878479169857
            ],
            [
              36.883208598436134,
              -1.318008184860162
            ],
            [
              36.88392725066343,
              -1.318008184860162
            ],
            [
              36.88392725066343,
              -1.317828521803338
            ],
            [
              36.88374758760661,
              -1.317828521803338
            ],
            [
              36.88374758760661,
              -1.3171098695760424
            ],
            [
              36.88356792454979,
              -1.3171098695760424
            ],
            [
              36.88356792454979,
              -1.3167505434623945
            ],
            [
              36.88338826149296,
              -1.3167505434623945
            ],
            [
              36.88338826149296,
              -1.3165708804055707
            ],
            [
              36.883208598436134,
              -1.3165708804055707
            ],
            [
              36.883208598436134,
              -1.3162115542919228
            ],
            [
              36.883028935379315,
              -1.3162115542919228
            ],
            [
              36.883028935379315,
              -1.316031891235099
            ],
            [
              36.88284927232249,
              -1.316031891235099
            ],
            [
              36.88284927232249,
              -1.3156725651214511
            ],
            [
              36.88266960926566,
              -1.3156725651214511
            ],
            [
              36.88266960926566,
              -1.3153132390078033
            ],
            [
              36.88248994620884,
              -1.3153132390078033
            ],
            [
              36.88248994620884,
              -1.3151335759509795
            ],
            [
              36.882310283152016,
              -1.3151335759509795
            ],
            [
              36.882310283152016,
              -1.3147742498373316
            ],
            [
              36.88195095703837,
              -1.3147742498373316
            ]
          ]
        ]
      },
      "id": "+205285-7319",
      "properties": {
        "area_ha": 29.206842686444578,
        "area_m2": 292068.4268644458,
        "class": 0,
        "count": 732
      }
    },
    {
      "type": "Feature",
      "geometry": {
        "geodesic": false,
        "type": "Polygon",
        "coordinates": [
          [
            [
              36.88356792454979,
              -1.306509749223432
            ],
            [
              36.88356792454979,
              -1.306689412280256
            ],
            [
              36.88338826149296,
              -1.306689412280256
            ],
            [
              36.88338826149296,
              -1.3068690753370797
            ],
            [
              36.883208598436134,
              -1.3068690753370797
            ],
            [
              36.883208598436134,
              -1.3070487383939038
            ],
            [
              36.88284927232249,
              -1.3070487383939038
            ],
            [
              36.88284927232249,
              -1.3068690753370797
            ],
            [
              36.88248994620884,
              -1.3068690753370797
            ],
            [
              36.88248994620884,
              -1.3070487383939038
            ],
            [
              36.882310283152016,
              -1.3070487383939038
            ],
            [
              36.882310283152016,
              -1.3079470536780233
            ],
            [
              36.8821306200952,
              -1.3079470536780233
            ],
            [
              36.8821306200952,
              -1.3083063797916712
            ],
            [
              36.88195095703837,
              -1.3083063797916712
            ],
            [
              36.88195095703837,
              -1.308486042848495
            ],
            [
              36.8821306200952,
              -1.308486042848495
            ],
            [
              36.8821306200952,
              -1.3086657059053188
            ],
            [
              36.882310283152016,
              -1.3086657059053188
            ],
            [
              36.882310283152016,
              -1.308486042848495
            ],
            [
              36.88248994620884,
              -1.308486042848495
            ],
            [
              36.88248994620884,
              -1.3081267167348472
            ],
            [
              36.88266960926566,
              -1.3081267167348472
            ],
            [
              36.88266960926566,
              -1.3079470536780233
            ],
            [
              36.88284927232249,
              -1.3079470536780233
            ],
            [
              36.88284927232249,
              -1.3077673906211993
            ],
            [
              36.883028935379315,
              -1.3077673906211993
            ],
            [
              36.883028935379315,
              -1.3075877275643755
            ],
            [
              36.883208598436134,
              -1.3075877275643755
            ],
            [
              36.883208598436134,
              -1.3074080645075516
            ],
            [
              36.88338826149296,
              -1.3074080645075516
            ],
            [
              36.88338826149296,
              -1.3068690753370797
            ],
            [
              36.88356792454979,
              -1.3068690753370797
            ],
            [
              36.88356792454979,
              -1.306689412280256
            ],
            [
              36.88374758760661,
              -1.306689412280256
            ],
            [
              36.88374758760661,
              -1.306509749223432
            ],
            [
              36.88356792454979,
              -1.306509749223432
            ]
          ]
        ]
      },
      "id": "+205293-7273",
      "properties": {
        "area_ha": 1.516208714172928,
        "area_m2": 15162.087141729278,
        "class": 0,
        "count": 38
      }
    },
    {
      "type": "Feature",
      "geometry": {
        "geodesic": false,
        "type": "Polygon",
        "coordinates": [
          [
            [
              36.88572388123167,
              -1.313875934553212
            ],
            [
              36.88572388123167,
              -1.314055597610036
            ],
            [
              36.8851848920612,
              -1.314055597610036
            ],
            [
              36.8851848920612,
              -1.31423526066686
            ],
            [
              36.885364555118024,
              -1.31423526066686
            ],
            [
              36.885364555118024,
              -1.3145945867805078
            ],
            [
              36.88554421817485,
              -1.3145945867805078
            ],
            [
              36.88554421817485,
              -1.3151335759509795
            ],
            [
              36.88572388123167,
              -1.3151335759509795
            ],
            [
              36.88572388123167,
              -1.3154929020646273
            ],
            [
              36.885903544288496,
              -1.3154929020646273
            ],
            [
              36.885903544288496,
              -1.3156725651214511
            ],
            [
              36.88608320734532,
              -1.3156725651214511
            ],
            [
              36.88608320734532,
              -1.316031891235099
            ],
            [
              36.88626287040214,
              -1.316031891235099
            ],
            [
              36.88626287040214,
              -1.3162115542919228
            ],
            [
              36.88644253345897,
              -1.3162115542919228
            ],
            [
              36.88644253345897,
              -1.3165708804055707
            ],
            [
              36.886801859572614,
              -1.3165708804055707
            ],
            [
              36.886801859572614,
              -1.3174691956896902
            ],
            [
              36.88698152262944,
              -1.3174691956896902
            ],
            [
              36.88698152262944,
              -1.317828521803338
            ],
            [
              36.88716118568626,
              -1.317828521803338
            ],
            [
              36.88716118568626,
              -1.318008184860162
            ],
            [
              36.88734084874309,
              -1.318008184860162
            ],
            [
              36.88734084874309,
              -1.3185471740306336
            ],
            [
              36.88716118568626,
              -1.3185471740306336
            ],
            [
              36.88716118568626,
              -1.3190861632011053
            ],
            [
              36.88698152262944,
              -1.3190861632011053
            ],
            [
              36.88698152262944,
              -1.3194454893147531
            ],
            [
              36.88644253345897,
              -1.3194454893147531
            ],
            [
              36.88644253345897,
              -1.319625152371577
            ],
            [
              36.88554421817485,
              -1.319625152371577
            ],
            [
              36.88554421817485,
              -1.319804815428401
            ],
            [
              36.88500522900438,
              -1.319804815428401
            ],
            [
              36.88500522900438,
              -1.319625152371577
            ],
            [
              36.88482556594755,
              -1.319625152371577
            ],
            [
              36.88482556594755,
              -1.3194454893147531
            ],
            [
              36.884645902890725,
              -1.3194454893147531
            ],
            [
              36.884645902890725,
              -1.319625152371577
            ],
            [
              36.884466239833905,
              -1.319625152371577
            ],
            [
              36.884466239833905,
              -1.319804815428401
            ],
            [
              36.88410691372026,
              -1.319804815428401
            ],
            [
              36.88410691372026,
              -1.3201641415420489
            ],
            [
              36.88392725066343,
              -1.3201641415420489
            ],
            [
              36.88392725066343,
              -1.3203438045988727
            ],
            [
              36.88356792454979,
              -1.3203438045988727
            ],
            [
              36.88356792454979,
              -1.3205234676556965
            ],
            [
              36.883208598436134,
              -1.3205234676556965
            ],
            [
              36.883208598436134,
              -1.3207031307125205
            ],
            [
              36.883028935379315,
              -1.3207031307125205
            ],
            [
              36.883028935379315,
              -1.321421782939816
            ],
            [
              36.883208598436134,
              -1.321421782939816
            ],
            [
              36.883208598436134,
              -1.32160144599664
            ],
            [
              36.88374758760661,
              -1.32160144599664
            ],
            [
              36.88374758760661,
              -1.321781109053464
            ],
            [
              36.88392725066343,
              -1.321781109053464
            ],
            [
              36.88392725066343,
              -1.3224997612807596
            ],
            [
              36.88428657677708,
              -1.3224997612807596
            ],
            [
              36.88428657677708,
              -1.3226794243375835
            ],
            [
              36.884466239833905,
              -1.3226794243375835
            ],
            [
              36.884466239833905,
              -1.3228590873944073
            ],
            [
              36.884645902890725,
              -1.3228590873944073
            ],
            [
              36.884645902890725,
              -1.3232184135080551
            ],
            [
              36.88482556594755,
              -1.3232184135080551
            ],
            [
              36.88482556594755,
              -1.323398076564879
            ],
            [
              36.88500522900438,
              -1.323398076564879
            ],
            [
              36.88500522900438,
              -1.3232184135080551
            ],
            [
              36.88572388123167,
              -1.3232184135080551
            ],
            [
              36.88572388123167,
              -1.3230387504512313
            ],
            [
              36.88608320734532,
              -1.3230387504512313
            ],
            [
              36.88608320734532,
              -1.3228590873944073
            ],
            [
              36.88626287040214,
              -1.3228590873944073
            ],
            [
              36.88626287040214,
              -1.3226794243375835
            ],
            [
              36.88662219651579,
              -1.3226794243375835
            ],
            [
              36.88662219651579,
              -1.3224997612807596
            ],
            [
              36.886801859572614,
              -1.3224997612807596
            ],
            [
              36.886801859572614,
              -1.3223200982239356
            ],
            [
              36.88716118568626,
              -1.3223200982239356
            ],
            [
              36.88716118568626,
              -1.3221404351671118
            ],
            [
              36.88734084874309,
              -1.3221404351671118
            ],
            [
              36.88734084874309,
              -1.3223200982239356
            ],
            [
              36.88770017485673,
              -1.3223200982239356
            ],
            [
              36.88770017485673,
              -1.3224997612807596
            ],
            [
              36.888059500970385,
              -1.3224997612807596
            ],
            [
              36.888059500970385,
              -1.3226794243375835
            ],
            [
              36.888239164027205,
              -1.3226794243375835
            ],
            [
              36.888239164027205,
              -1.3232184135080551
            ],
            [
              36.88859849014085,
              -1.3232184135080551
            ],
            [
              36.88859849014085,
              -1.323398076564879
            ],
            [
              36.88877815319768,
              -1.323398076564879
            ],
            [
              36.88877815319768,
              -1.3232184135080551
            ],
            [
              36.88931714236815,
              -1.3232184135080551
            ],
            [
              36.88931714236815,
              -1.323577739621703
            ],
            [
              36.889676468481795,
              -1.323577739621703
            ],
            [
              36.889676468481795,
              -1.3230387504512313
            ],
            [
              36.889496805424976,
              -1.3230387504512313
            ],
            [
              36.889496805424976,
              -1.3228590873944073
            ],
            [
              36.88931714236815,
              -1.3228590873944073
            ],
            [
              36.88931714236815,
              -1.3226794243375835
            ],
            [
              36.88913747931132,
              -1.3226794243375835
            ],
            [
              36.88913747931132,
              -1.3223200982239356
            ],
            [
              36.8889578162545,
              -1.3223200982239356
            ],
            [
              36.8889578162545,
              -1.3219607721102877
            ],
            [
              36.88877815319768,
              -1.3219607721102877
            ],
            [
              36.88877815319768,
              -1.32160144599664
            ],
            [
              36.88859849014085,
              -1.32160144599664
            ],
            [
              36.88859849014085,
              -1.321421782939816
            ],
            [
              36.88841882708403,
              -1.321421782939816
            ],
            [
              36.88841882708403,
              -1.3210624568261682
            ],
            [
              36.888239164027205,
              -1.3210624568261682
            ],
            [
              36.888239164027205,
              -1.3205234676556965
            ],
            [
              36.888059500970385,
              -1.3205234676556965
            ],
            [
              36.888059500970385,
              -1.3203438045988727
            ],
            [
              36.888239164027205,
              -1.3203438045988727
            ],
            [
              36.888239164027205,
              -1.3201641415420489
            ],
            [
              36.888059500970385,
              -1.3201641415420489
            ],
            [
              36.888059500970385,
              -1.319804815428401
            ],
            [
              36.88787983791356,
              -1.319804815428401
            ],
            [
              36.88787983791356,
              -1.3183675109738098
            ],
            [
              36.888059500970385,
              -1.3183675109738098
            ],
            [
              36.888059500970385,
              -1.318008184860162
            ],
            [
              36.888239164027205,
              -1.318008184860162
            ],
            [
              36.888239164027205,
              -1.317828521803338
            ],
            [
              36.88859849014085,
              -1.317828521803338
            ],
            [
              36.88859849014085,
              -1.317648858746514
            ],
            [
              36.88877815319768,
              -1.317648858746514
            ],
            [
              36.88877815319768,
              -1.3172895326328664
            ],
            [
              36.88859849014085,
              -1.3172895326328664
            ],
            [
              36.88859849014085,
              -1.3167505434623945
            ],
            [
              36.88841882708403,
              -1.3167505434623945
            ],
            [
              36.88841882708403,
              -1.3165708804055707
            ],
            [
              36.888239164027205,
              -1.3165708804055707
            ],
            [
              36.888239164027205,
              -1.3163912173487469
            ],
            [
              36.888059500970385,
              -1.3163912173487469
            ],
            [
              36.888059500970385,
              -1.3162115542919228
            ],
            [
              36.88787983791356,
              -1.3162115542919228
            ],
            [
              36.88787983791356,
              -1.315852228178275
            ],
            [
              36.88770017485673,
              -1.315852228178275
            ],
            [
              36.88770017485673,
              -1.3156725651214511
            ],
            [
              36.88787983791356,
              -1.3156725651214511
            ],
            [
              36.88787983791356,
              -1.3154929020646273
            ],
            [
              36.88770017485673,
              -1.3154929020646273
            ],
            [
              36.88770017485673,
              -1.3149539128941556
            ],
            [
              36.88734084874309,
              -1.3149539128941556
            ],
            [
              36.88734084874309,
              -1.3147742498373316
            ],
            [
              36.886801859572614,
              -1.3147742498373316
            ],
            [
              36.886801859572614,
              -1.3145945867805078
            ],
            [
              36.88662219651579,
              -1.3145945867805078
            ],
            [
              36.88662219651579,
              -1.3144149237236837
            ],
            [
              36.88644253345897,
              -1.3144149237236837
            ],
            [
              36.88644253345897,
              -1.314055597610036
            ],
            [
              36.88626287040214,
              -1.314055597610036
            ],
            [
              36.88626287040214,
              -1.313875934553212
            ],
            [
              36.88572388123167,
              -1.313875934553212
            ]
          ],
          [
            [
              36.88626287040214,
              -1.3205234676556965
            ],
            [
              36.88572388123167,
              -1.3205234676556965
            ],
            [
              36.88572388123167,
              -1.3208827937693444
            ],
            [
              36.885364555118024,
              -1.3208827937693444
            ],
            [
              36.885364555118024,
              -1.3210624568261682
            ],
            [
              36.8851848920612,
              -1.3210624568261682
            ],
            [
              36.8851848920612,
              -1.3212421198829922
            ],
            [
              36.88500522900438,
              -1.3212421198829922
            ],
            [
              36.88500522900438,
              -1.321421782939816
            ],
            [
              36.88482556594755,
              -1.321421782939816
            ],
            [
              36.88482556594755,
              -1.32160144599664
            ],
            [
              36.884645902890725,
              -1.32160144599664
            ],
            [
              36.884645902890725,
              -1.3219607721102877
            ],
            [
              36.884466239833905,
              -1.3219607721102877
            ],
            [
              36.884466239833905,
              -1.3221404351671118
            ],
            [
              36.884645902890725,
              -1.3221404351671118
            ],
            [
              36.884645902890725,
              -1.3223200982239356
            ],
            [
              36.88500522900438,
              -1.3223200982239356
            ],
            [
              36.88500522900438,
              -1.3224997612807596
            ],
            [
              36.8851848920612,
              -1.3224997612807596
            ],
            [
              36.8851848920612,
              -1.3223200982239356
            ],
            [
              36.88608320734532,
              -1.3223200982239356
            ],
            [
              36.88608320734532,
              -1.3221404351671118
            ],
            [
              36.88626287040214,
              -1.3221404351671118
            ],
            [
              36.88626287040214,
              -1.3219607721102877
            ],
            [
              36.88644253345897,
              -1.3219607721102877
            ],
            [
              36.88644253345897,
              -1.321781109053464
            ],
            [
              36.88662219651579,
              -1.321781109053464
            ],
            [
              36.88662219651579,
              -1.3208827937693444
            ],
            [
              36.88644253345897,
              -1.3208827937693444
            ],
            [
              36.88644253345897,
              -1.3207031307125205
            ],
            [
              36.88626287040214,
              -1.3207031307125205
            ],
            [
              36.88626287040214,
              -1.3205234676556965
            ]
          ],
          [
            [
              36.88716118568626,
              -1.319625152371577
            ],
            [
              36.88698152262944,
              -1.319625152371577
            ],
            [
              36.88698152262944,
              -1.319804815428401
            ],
            [
              36.88716118568626,
              -1.319804815428401
            ],
            [
              36.88716118568626,
              -1.319625152371577
            ]
          ]
        ]
      },
      "id": "+205307-7314",
      "properties": {
        "area_ha": 26.17442508343341,
        "area_m2": 261744.2508343341,
        "class": 0,
        "count": 656
      }
    },
    {
      "type": "Feature",
      "geometry": {
        "geodesic": false,
        "type": "Polygon",
        "coordinates": [
          [
            [
              36.886801859572614,
              -1.2716551161995946
            ],
            [
              36.886801859572614,
              -1.2718347792564184
            ],
            [
              36.88608320734532,
              -1.2718347792564184
            ],
            [
              36.88608320734532,
              -1.2716551161995946
            ],
            [
              36.88572388123167,
              -1.2716551161995946
            ],
            [
              36.88572388123167,
              -1.2718347792564184
            ],
            [
              36.885364555118024,
              -1.2718347792564184
            ],
            [
              36.885364555118024,
              -1.2720144423132425
            ],
            [
              36.8851848920612,
              -1.2720144423132425
            ],
            [
              36.8851848920612,
              -1.2721941053700663
            ],
            [
              36.88500522900438,
              -1.2721941053700663
            ],
            [
              36.88500522900438,
              -1.2723737684268903
            ],
            [
              36.88482556594755,
              -1.2723737684268903
            ],
            [
              36.88482556594755,
              -1.2725534314837141
            ],
            [
              36.884645902890725,
              -1.2725534314837141
            ],
            [
              36.884645902890725,
              -1.272733094540538
            ],
            [
              36.884466239833905,
              -1.272733094540538
            ],
            [
              36.884466239833905,
              -1.2732720837110096
            ],
            [
              36.884645902890725,
              -1.2732720837110096
            ],
            [
              36.884645902890725,
              -1.2736314098246575
            ],
            [
              36.88482556594755,
              -1.2736314098246575
            ],
            [
              36.88482556594755,
              -1.2738110728814815
            ],
            [
              36.88500522900438,
              -1.2738110728814815
            ],
            [
              36.88500522900438,
              -1.2741703989951292
            ],
            [
              36.8851848920612,
              -1.2741703989951292
            ],
            [
              36.8851848920612,
              -1.2743500620519532
            ],
            [
              36.885903544288496,
              -1.2743500620519532
            ],
            [
              36.885903544288496,
              -1.2741703989951292
            ],
            [
              36.88608320734532,
              -1.2741703989951292
            ],
            [
              36.88608320734532,
              -1.2739907359383054
            ],
            [
              36.88644253345897,
              -1.2739907359383054
            ],
            [
              36.88644253345897,
              -1.2738110728814815
            ],
            [
              36.886801859572614,
              -1.2738110728814815
            ],
            [
              36.886801859572614,
              -1.2736314098246575
            ],
            [
              36.88698152262944,
              -1.2736314098246575
            ],
            [
              36.88698152262944,
              -1.2734517467678337
            ],
            [
              36.88716118568626,
              -1.2734517467678337
            ],
            [
              36.88716118568626,
              -1.2732720837110096
            ],
            [
              36.88752051179991,
              -1.2732720837110096
            ],
            [
              36.88752051179991,
              -1.2730924206541858
            ],
            [
              36.88770017485673,
              -1.2730924206541858
            ],
            [
              36.88770017485673,
              -1.2725534314837141
            ],
            [
              36.88752051179991,
              -1.2725534314837141
            ],
            [
              36.88752051179991,
              -1.2721941053700663
            ],
            [
              36.88734084874309,
              -1.2721941053700663
            ],
            [
              36.88734084874309,
              -1.2718347792564184
            ],
            [
              36.88716118568626,
              -1.2718347792564184
            ],
            [
              36.88716118568626,
              -1.2716551161995946
            ],
            [
              36.886801859572614,
              -1.2716551161995946
            ]
          ]
        ]
      },
      "id": "+205312-7079",
      "properties": {
        "area_ha": 7.261940594200237,
        "area_m2": 72619.40594200237,
        "class": 0,
        "count": 182
      }
    },
    {
      "type": "Feature",
      "geometry": {
        "geodesic": false,
        "type": "Polygon",
        "coordinates": [
          [
            [
              36.89093410987957,
              -1.2497362232670783
            ],
            [
              36.89093410987957,
              -1.25027521243755
            ],
            [
              36.89057478376591,
              -1.25027521243755
            ],
            [
              36.89057478376591,
              -1.2506345385511979
            ],
            [
              36.890395120709094,
              -1.2506345385511979
            ],
            [
              36.890395120709094,
              -1.2504548754943738
            ],
            [
              36.89021545765227,
              -1.2504548754943738
            ],
            [
              36.89021545765227,
              -1.2506345385511979
            ],
            [
              36.89003579459545,
              -1.2506345385511979
            ],
            [
              36.89003579459545,
              -1.2504548754943738
            ],
            [
              36.88985613153862,
              -1.2504548754943738
            ],
            [
              36.88985613153862,
              -1.2506345385511979
            ],
            [
              36.889496805424976,
              -1.2506345385511979
            ],
            [
              36.889496805424976,
              -1.2508142016080217
            ],
            [
              36.8889578162545,
              -1.2508142016080217
            ],
            [
              36.8889578162545,
              -1.2509938646648455
            ],
            [
              36.88859849014085,
              -1.2509938646648455
            ],
            [
              36.88859849014085,
              -1.2511735277216696
            ],
            [
              36.88877815319768,
              -1.2511735277216696
            ],
            [
              36.88877815319768,
              -1.2513531907784934
            ],
            [
              36.889676468481795,
              -1.2513531907784934
            ],
            [
              36.889676468481795,
              -1.2511735277216696
            ],
            [
              36.88985613153862,
              -1.2511735277216696
            ],
            [
              36.88985613153862,
              -1.2513531907784934
            ],
            [
              36.89021545765227,
              -1.2513531907784934
            ],
            [
              36.89021545765227,
              -1.2511735277216696
            ],
            [
              36.890395120709094,
              -1.2511735277216696
            ],
            [
              36.890395120709094,
              -1.2508142016080217
            ],
            [
              36.89075444682274,
              -1.2508142016080217
            ],
            [
              36.89075444682274,
              -1.2506345385511979
            ],
            [
              36.89093410987957,
              -1.2506345385511979
            ],
            [
              36.89093410987957,
              -1.2508142016080217
            ],
            [
              36.891113772936386,
              -1.2508142016080217
            ],
            [
              36.891113772936386,
              -1.2511735277216696
            ],
            [
              36.89129343599321,
              -1.2511735277216696
            ],
            [
              36.89129343599321,
              -1.2508142016080217
            ],
            [
              36.89147309905004,
              -1.2508142016080217
            ],
            [
              36.89147309905004,
              -1.2506345385511979
            ],
            [
              36.89165276210686,
              -1.2506345385511979
            ],
            [
              36.89165276210686,
              -1.2504548754943738
            ],
            [
              36.89147309905004,
              -1.2504548754943738
            ],
            [
              36.89147309905004,
              -1.2499158863239022
            ],
            [
              36.89129343599321,
              -1.2499158863239022
            ],
            [
              36.89129343599321,
              -1.2497362232670783
            ],
            [
              36.89093410987957,
              -1.2497362232670783
            ]
          ],
          [
            [
              36.890395120709094,
              -1.2506345385511979
            ],
            [
              36.89021545765227,
              -1.2506345385511979
            ],
            [
              36.89021545765227,
              -1.2508142016080217
            ],
            [
              36.890395120709094,
              -1.2508142016080217
            ],
            [
              36.890395120709094,
              -1.2506345385511979
            ]
          ]
        ]
      },
      "id": "+205335-6957",
      "properties": {
        "area_ha": 2.2743634533632275,
        "area_m2": 22743.634533632277,
        "class": 0,
        "count": 57
      }
    },
    {
      "type": "Feature",
      "geometry": {
        "geodesic": false,
        "type": "Polygon",
        "coordinates": [
          [
            [
              36.891832425163685,
              -1.253868473574028
            ],
            [
              36.891832425163685,
              -1.254048136630852
            ],
            [
              36.89165276210686,
              -1.254048136630852
            ],
            [
              36.89165276210686,
              -1.2545871258013237
            ],
            [
              36.891832425163685,
              -1.2545871258013237
            ],
            [
              36.891832425163685,
              -1.2547667888581475
            ],
            [
              36.89201208822051,
              -1.2547667888581475
            ],
            [
              36.89201208822051,
              -1.2549464519149716
            ],
            [
              36.89237141433416,
              -1.2549464519149716
            ],
            [
              36.89237141433416,
              -1.2545871258013237
            ],
            [
              36.89219175127733,
              -1.2545871258013237
            ],
            [
              36.89219175127733,
              -1.2544074627444999
            ],
            [
              36.89201208822051,
              -1.2544074627444999
            ],
            [
              36.89201208822051,
              -1.254048136630852
            ],
            [
              36.89219175127733,
              -1.254048136630852
            ],
            [
              36.89219175127733,
              -1.253868473574028
            ],
            [
              36.891832425163685,
              -1.253868473574028
            ]
          ]
        ]
      },
      "id": "+205340-6980",
      "properties": {
        "area_ha": 0.558614792661681,
        "area_m2": 5586.14792661681,
        "class": 0,
        "count": 14
      }
    },
    {
      "type": "Feature",
      "geometry": {
        "geodesic": false,
        "type": "Polygon",
        "coordinates": [
          [
            [
              36.89362905573192,
              -1.2664448875517014
            ],
            [
              36.89309006656145,
              -1.2664448875517014
            ],
            [
              36.89309006656145,
              -1.2666245506085252
            ],
            [
              36.8927307404478,
              -1.2666245506085252
            ],
            [
              36.8927307404478,
              -1.2668042136653492
            ],
            [
              36.89255107739098,
              -1.2668042136653492
            ],
            [
              36.89255107739098,
              -1.267343202835821
            ],
            [
              36.89291040350463,
              -1.267343202835821
            ],
            [
              36.89291040350463,
              -1.267163539778997
            ],
            [
              36.89309006656145,
              -1.267163539778997
            ],
            [
              36.89309006656145,
              -1.267343202835821
            ],
            [
              36.89362905573192,
              -1.267343202835821
            ],
            [
              36.89362905573192,
              -1.2664448875517014
            ]
          ]
        ]
      },
      "id": "+205348-7050",
      "properties": {
        "area_ha": 0.9975216274703831,
        "area_m2": 9975.216274703831,
        "class": 0,
        "count": 25
      }
    },
    {
      "type": "Feature",
      "geometry": {
        "geodesic": false,
        "type": "Polygon",
        "coordinates": [
          [
            [
              36.893269729618275,
              -1.3088453689621429
            ],
            [
              36.893269729618275,
              -1.3086657059053188
            ],
            [
              36.89362905573192,
              -1.3086657059053188
            ],
            [
              36.89362905573192,
              -1.3088453689621429
            ],
            [
              36.89380871878875,
              -1.3088453689621429
            ],
            [
              36.89380871878875,
              -1.3086657059053188
            ],
            [
              36.89416804490239,
              -1.3086657059053188
            ],
            [
              36.89416804490239,
              -1.308486042848495
            ],
            [
              36.89434770795922,
              -1.308486042848495
            ],
            [
              36.89434770795922,
              -1.3081267167348472
            ],
            [
              36.894707034072866,
              -1.3081267167348472
            ],
            [
              36.894707034072866,
              -1.3079470536780233
            ],
            [
              36.89506636018651,
              -1.3079470536780233
            ],
            [
              36.89506636018651,
              -1.3077673906211993
            ],
            [
              36.89488669712969,
              -1.3077673906211993
            ],
            [
              36.89488669712969,
              -1.3075877275643755
            ],
            [
              36.894707034072866,
              -1.3075877275643755
            ],
            [
              36.894707034072866,
              -1.3074080645075516
            ],
            [
              36.894527371016046,
              -1.3074080645075516
            ],
            [
              36.894527371016046,
              -1.3072284014507276
            ],
            [
              36.89434770795922,
              -1.3072284014507276
            ],
            [
              36.89434770795922,
              -1.3068690753370797
            ],
            [
              36.89416804490239,
              -1.3068690753370797
            ],
            [
              36.89416804490239,
              -1.306509749223432
            ],
            [
              36.893988381845574,
              -1.306509749223432
            ],
            [
              36.893988381845574,
              -1.3061504231097842
            ],
            [
              36.89380871878875,
              -1.3061504231097842
            ],
            [
              36.89380871878875,
              -1.3059707600529604
            ],
            [
              36.89309006656145,
              -1.3059707600529604
            ],
            [
              36.89309006656145,
              -1.3068690753370797
            ],
            [
              36.8927307404478,
              -1.3068690753370797
            ],
            [
              36.8927307404478,
              -1.3070487383939038
            ],
            [
              36.89255107739098,
              -1.3070487383939038
            ],
            [
              36.89255107739098,
              -1.3072284014507276
            ],
            [
              36.8927307404478,
              -1.3072284014507276
            ],
            [
              36.8927307404478,
              -1.3081267167348472
            ],
            [
              36.89255107739098,
              -1.3081267167348472
            ],
            [
              36.89255107739098,
              -1.3090250320189667
            ],
            [
              36.8927307404478,
              -1.3090250320189667
            ],
            [
              36.8927307404478,
              -1.3093843581326146
            ],
            [
              36.89291040350463,
              -1.3093843581326146
            ],
            [
              36.89291040350463,
              -1.3095640211894384
            ],
            [
              36.89309006656145,
              -1.3095640211894384
            ],
            [
              36.89309006656145,
              -1.3088453689621429
            ],
            [
              36.893269729618275,
              -1.3088453689621429
            ]
          ]
        ]
      },
      "id": "+205349-7270",
      "properties": {
        "area_ha": 5.745632823219445,
        "area_m2": 57456.32823219445,
        "class": 0,
        "count": 144
      }
    },
    {
      "type": "Feature",
      "geometry": {
        "geodesic": false,
        "type": "Polygon",
        "coordinates": [
          [
            [
              36.894527371016046,
              -1.3192658262579293
            ],
            [
              36.894527371016046,
              -1.3194454893147531
            ],
            [
              36.89434770795922,
              -1.3194454893147531
            ],
            [
              36.89434770795922,
              -1.319804815428401
            ],
            [
              36.89416804490239,
              -1.319804815428401
            ],
            [
              36.89416804490239,
              -1.3203438045988727
            ],
            [
              36.894527371016046,
              -1.3203438045988727
            ],
            [
              36.894527371016046,
              -1.3205234676556965
            ],
            [
              36.894707034072866,
              -1.3205234676556965
            ],
            [
              36.894707034072866,
              -1.3203438045988727
            ],
            [
              36.89506636018651,
              -1.3203438045988727
            ],
            [
              36.89506636018651,
              -1.3199844784852248
            ],
            [
              36.89524602324334,
              -1.3199844784852248
            ],
            [
              36.89524602324334,
              -1.319625152371577
            ],
            [
              36.89506636018651,
              -1.319625152371577
            ],
            [
              36.89506636018651,
              -1.3194454893147531
            ],
            [
              36.89524602324334,
              -1.3194454893147531
            ],
            [
              36.89524602324334,
              -1.3192658262579293
            ],
            [
              36.894527371016046,
              -1.3192658262579293
            ]
          ],
          [
            [
              36.894707034072866,
              -1.3201641415420489
            ],
            [
              36.894527371016046,
              -1.3201641415420489
            ],
            [
              36.894527371016046,
              -1.3203438045988727
            ],
            [
              36.894707034072866,
              -1.3203438045988727
            ],
            [
              36.894707034072866,
              -1.3201641415420489
            ]
          ]
        ]
      },
      "id": "+205357-7344",
      "properties": {
        "area_ha": 1.1571009520853814,
        "area_m2": 11571.009520853815,
        "class": 0,
        "count": 29
      }
    },
    {
      "type": "Feature",
      "geometry": {
        "geodesic": false,
        "type": "Polygon",
        "coordinates": [
          [
            [
              36.89578501241381,
              -1.2601566805628648
            ],
            [
              36.89578501241381,
              -1.2603363436196886
            ],
            [
              36.895605349356984,
              -1.2603363436196886
            ],
            [
              36.895605349356984,
              -1.2605160066765126
            ],
            [
              36.895425686300165,
              -1.2605160066765126
            ],
            [
              36.895425686300165,
              -1.2606956697333365
            ],
            [
              36.89524602324334,
              -1.2606956697333365
            ],
            [
              36.89524602324334,
              -1.2605160066765126
            ],
            [
              36.89506636018651,
              -1.2605160066765126
            ],
            [
              36.89506636018651,
              -1.2606956697333365
            ],
            [
              36.89524602324334,
              -1.2606956697333365
            ],
            [
              36.89524602324334,
              -1.2608753327901603
            ],
            [
              36.89488669712969,
              -1.2608753327901603
            ],
            [
              36.89488669712969,
              -1.2612346589038081
            ],
            [
              36.894707034072866,
              -1.2612346589038081
            ],
            [
              36.894707034072866,
              -1.261593985017456
            ],
            [
              36.89506636018651,
              -1.261593985017456
            ],
            [
              36.89506636018651,
              -1.2610549958469843
            ],
            [
              36.89578501241381,
              -1.2610549958469843
            ],
            [
              36.89578501241381,
              -1.2612346589038081
            ],
            [
              36.896144338527456,
              -1.2612346589038081
            ],
            [
              36.896144338527456,
              -1.2608753327901603
            ],
            [
              36.89632400158428,
              -1.2608753327901603
            ],
            [
              36.89632400158428,
              -1.2606956697333365
            ],
            [
              36.89650366464111,
              -1.2606956697333365
            ],
            [
              36.89650366464111,
              -1.2601566805628648
            ],
            [
              36.89578501241381,
              -1.2601566805628648
            ]
          ]
        ]
      },
      "id": "+205364-7015",
      "properties": {
        "area_ha": 1.4364345489819628,
        "area_m2": 14364.345489819629,
        "class": 0,
        "count": 36
      }
    },
    {
      "type": "Feature",
      "geometry": {
        "geodesic": false,
        "type": "Polygon",
        "coordinates": [
          [
            [
              36.89596467547064,
              -1.267343202835821
            ],
            [
              36.89596467547064,
              -1.2675228658926447
            ],
            [
              36.89578501241381,
              -1.2675228658926447
            ],
            [
              36.89578501241381,
              -1.2680618550631164
            ],
            [
              36.89632400158428,
              -1.2680618550631164
            ],
            [
              36.89632400158428,
              -1.2678821920062926
            ],
            [
              36.89650366464111,
              -1.2678821920062926
            ],
            [
              36.89650366464111,
              -1.2677025289494688
            ],
            [
              36.89668332769793,
              -1.2677025289494688
            ],
            [
              36.89668332769793,
              -1.267343202835821
            ],
            [
              36.89596467547064,
              -1.267343202835821
            ]
          ]
        ]
      },
      "id": "+205365-7055",
      "properties": {
        "area_ha": 0.638413648389207,
        "area_m2": 6384.13648389207,
        "class": 0,
        "count": 16
      }
    },
    {
      "type": "Feature",
      "geometry": {
        "geodesic": false,
        "type": "Polygon",
        "coordinates": [
          [
            [
              36.896144338527456,
              -1.306689412280256
            ],
            [
              36.896144338527456,
              -1.3068690753370797
            ],
            [
              36.89596467547064,
              -1.3068690753370797
            ],
            [
              36.89596467547064,
              -1.3074080645075516
            ],
            [
              36.89650366464111,
              -1.3074080645075516
            ],
            [
              36.89650366464111,
              -1.3072284014507276
            ],
            [
              36.896862990754755,
              -1.3072284014507276
            ],
            [
              36.896862990754755,
              -1.306689412280256
            ],
            [
              36.896144338527456,
              -1.306689412280256
            ]
          ]
        ]
      },
      "id": "+205366-7274",
      "properties": {
        "area_ha": 0.6783040335027248,
        "area_m2": 6783.040335027248,
        "class": 0,
        "count": 17
      }
    },
    {
      "type": "Feature",
      "geometry": {
        "geodesic": false,
        "type": "Polygon",
        "coordinates": [
          [
            [
              36.89865962132299,
              -1.303096151143778
            ],
            [
              36.89865962132299,
              -1.3032758142006018
            ],
            [
              36.89812063215252,
              -1.3032758142006018
            ],
            [
              36.89812063215252,
              -1.3034554772574256
            ],
            [
              36.8979409690957,
              -1.3034554772574256
            ],
            [
              36.8979409690957,
              -1.3036351403142497
            ],
            [
              36.89758164298205,
              -1.3036351403142497
            ],
            [
              36.89758164298205,
              -1.3039944664278973
            ],
            [
              36.89812063215252,
              -1.3039944664278973
            ],
            [
              36.89812063215252,
              -1.3038148033710735
            ],
            [
              36.89847995826617,
              -1.3038148033710735
            ],
            [
              36.89847995826617,
              -1.3036351403142497
            ],
            [
              36.89865962132299,
              -1.3036351403142497
            ],
            [
              36.89865962132299,
              -1.3034554772574256
            ],
            [
              36.89883928437982,
              -1.3034554772574256
            ],
            [
              36.89883928437982,
              -1.3032758142006018
            ],
            [
              36.899198610493464,
              -1.3032758142006018
            ],
            [
              36.899198610493464,
              -1.303096151143778
            ],
            [
              36.89865962132299,
              -1.303096151143778
            ]
          ]
        ]
      },
      "id": "+205379-7254",
      "properties": {
        "area_ha": 0.7581055603410466,
        "area_m2": 7581.055603410466,
        "class": 0,
        "count": 19
      }
    },
    {
      "type": "Feature",
      "geometry": {
        "geodesic": false,
        "type": "Polygon",
        "coordinates": [
          [
            [
              36.89937827355029,
              -1.3505271981452887
            ],
            [
              36.89937827355029,
              -1.3507068612021125
            ],
            [
              36.899198610493464,
              -1.3507068612021125
            ],
            [
              36.899198610493464,
              -1.3512458503725842
            ],
            [
              36.89901894743664,
              -1.3512458503725842
            ],
            [
              36.89901894743664,
              -1.3514255134294082
            ],
            [
              36.89883928437982,
              -1.3514255134294082
            ],
            [
              36.89883928437982,
              -1.351605176486232
            ],
            [
              36.89865962132299,
              -1.351605176486232
            ],
            [
              36.89865962132299,
              -1.3517848395430558
            ],
            [
              36.89847995826617,
              -1.3517848395430558
            ],
            [
              36.89847995826617,
              -1.3519645025998799
            ],
            [
              36.898300295209346,
              -1.3519645025998799
            ],
            [
              36.898300295209346,
              -1.3521441656567037
            ],
            [
              36.89812063215252,
              -1.3521441656567037
            ],
            [
              36.89812063215252,
              -1.3525034917703516
            ],
            [
              36.898300295209346,
              -1.3525034917703516
            ],
            [
              36.898300295209346,
              -1.3523238287135277
            ],
            [
              36.89865962132299,
              -1.3523238287135277
            ],
            [
              36.89865962132299,
              -1.3521441656567037
            ],
            [
              36.89883928437982,
              -1.3521441656567037
            ],
            [
              36.89883928437982,
              -1.3519645025998799
            ],
            [
              36.89901894743664,
              -1.3519645025998799
            ],
            [
              36.89901894743664,
              -1.3517848395430558
            ],
            [
              36.899198610493464,
              -1.3517848395430558
            ],
            [
              36.899198610493464,
              -1.351605176486232
            ],
            [
              36.89937827355029,
              -1.351605176486232
            ],
            [
              36.89937827355029,
              -1.3512458503725842
            ],
            [
              36.89955793660711,
              -1.3512458503725842
            ],
            [
              36.89955793660711,
              -1.3508865242589365
            ],
            [
              36.899737599663936,
              -1.3508865242589365
            ],
            [
              36.899737599663936,
              -1.3505271981452887
            ],
            [
              36.89937827355029,
              -1.3505271981452887
            ]
          ]
        ]
      },
      "id": "+205382-7518",
      "properties": {
        "area_ha": 1.0772870068986062,
        "area_m2": 10772.870068986062,
        "class": 0,
        "count": 27
      }
    },
    {
      "type": "Feature",
      "geometry": {
        "geodesic": false,
        "type": "Polygon",
        "coordinates": [
          [
            [
              36.89955793660711,
              -1.2650075830971101
            ],
            [
              36.89955793660711,
              -1.265187246153934
            ],
            [
              36.89937827355029,
              -1.265187246153934
            ],
            [
              36.89937827355029,
              -1.2655465722675818
            ],
            [
              36.89955793660711,
              -1.2655465722675818
            ],
            [
              36.89955793660711,
              -1.2660855614380535
            ],
            [
              36.90009692577758,
              -1.2660855614380535
            ],
            [
              36.90009692577758,
              -1.2659058983812297
            ],
            [
              36.89991726272076,
              -1.2659058983812297
            ],
            [
              36.89991726272076,
              -1.2650075830971101
            ],
            [
              36.89955793660711,
              -1.2650075830971101
            ]
          ]
        ]
      },
      "id": "+205383-7042",
      "properties": {
        "area_ha": 0.5985132986704713,
        "area_m2": 5985.132986704713,
        "class": 0,
        "count": 15
      }
    },
    {
      "type": "Feature",
      "geometry": {
        "geodesic": false,
        "type": "Polygon",
        "coordinates": [
          [
            [
              36.89937827355029,
              -1.2662652244948776
            ],
            [
              36.89937827355029,
              -1.2664448875517014
            ],
            [
              36.89955793660711,
              -1.2664448875517014
            ],
            [
              36.89955793660711,
              -1.2666245506085252
            ],
            [
              36.899198610493464,
              -1.2666245506085252
            ],
            [
              36.899198610493464,
              -1.2668042136653492
            ],
            [
              36.89937827355029,
              -1.2668042136653492
            ],
            [
              36.89937827355029,
              -1.267163539778997
            ],
            [
              36.899198610493464,
              -1.267163539778997
            ],
            [
              36.899198610493464,
              -1.266983876722173
            ],
            [
              36.89901894743664,
              -1.266983876722173
            ],
            [
              36.89901894743664,
              -1.267163539778997
            ],
            [
              36.899198610493464,
              -1.267163539778997
            ],
            [
              36.899198610493464,
              -1.2675228658926447
            ],
            [
              36.899737599663936,
              -1.2675228658926447
            ],
            [
              36.899737599663936,
              -1.267343202835821
            ],
            [
              36.89955793660711,
              -1.267343202835821
            ],
            [
              36.89955793660711,
              -1.267163539778997
            ],
            [
              36.899737599663936,
              -1.267163539778997
            ],
            [
              36.899737599663936,
              -1.266983876722173
            ],
            [
              36.89955793660711,
              -1.266983876722173
            ],
            [
              36.89955793660711,
              -1.2666245506085252
            ],
            [
              36.899737599663936,
              -1.2666245506085252
            ],
            [
              36.899737599663936,
              -1.2664448875517014
            ],
            [
              36.89991726272076,
              -1.2664448875517014
            ],
            [
              36.89991726272076,
              -1.2662652244948776
            ],
            [
              36.89937827355029,
              -1.2662652244948776
            ]
          ]
        ]
      },
      "id": "+205383-7049",
      "properties": {
        "area_ha": 0.5985129750974907,
        "area_m2": 5985.1297509749065,
        "class": 0,
        "count": 15
      }
    },
    {
      "type": "Feature",
      "geometry": {
        "geodesic": false,
        "type": "Polygon",
        "coordinates": [
          [
            [
              36.90117490411853,
              -1.261593985017456
            ],
            [
              36.90117490411853,
              -1.2617736480742798
            ],
            [
              36.9009952410617,
              -1.2617736480742798
            ],
            [
              36.9009952410617,
              -1.2619533111311039
            ],
            [
              36.90081557800488,
              -1.2619533111311039
            ],
            [
              36.90081557800488,
              -1.2621329741879277
            ],
            [
              36.900635914948055,
              -1.2621329741879277
            ],
            [
              36.900635914948055,
              -1.2623126372447515
            ],
            [
              36.90027658883441,
              -1.2623126372447515
            ],
            [
              36.90027658883441,
              -1.2628516264152232
            ],
            [
              36.900635914948055,
              -1.2628516264152232
            ],
            [
              36.900635914948055,
              -1.2630312894720472
            ],
            [
              36.90081557800488,
              -1.2630312894720472
            ],
            [
              36.90081557800488,
              -1.2637499416993427
            ],
            [
              36.9009952410617,
              -1.2637499416993427
            ],
            [
              36.9009952410617,
              -1.2639296047561668
            ],
            [
              36.90081557800488,
              -1.2639296047561668
            ],
            [
              36.90081557800488,
              -1.2641092678129906
            ],
            [
              36.9009952410617,
              -1.2641092678129906
            ],
            [
              36.9009952410617,
              -1.2642889308698146
            ],
            [
              36.90135456717535,
              -1.2642889308698146
            ],
            [
              36.90135456717535,
              -1.2641092678129906
            ],
            [
              36.90153423023217,
              -1.2641092678129906
            ],
            [
              36.90153423023217,
              -1.2637499416993427
            ],
            [
              36.90135456717535,
              -1.2637499416993427
            ],
            [
              36.90135456717535,
              -1.263570278642519
            ],
            [
              36.90153423023217,
              -1.263570278642519
            ],
            [
              36.90153423023217,
              -1.263390615585695
            ],
            [
              36.90135456717535,
              -1.263390615585695
            ],
            [
              36.90135456717535,
              -1.2630312894720472
            ],
            [
              36.90153423023217,
              -1.2630312894720472
            ],
            [
              36.90153423023217,
              -1.263210952528871
            ],
            [
              36.901713893289,
              -1.263210952528871
            ],
            [
              36.901713893289,
              -1.2628516264152232
            ],
            [
              36.901893556345826,
              -1.2628516264152232
            ],
            [
              36.901893556345826,
              -1.2626719633583994
            ],
            [
              36.902073219402645,
              -1.2626719633583994
            ],
            [
              36.902073219402645,
              -1.2624923003015756
            ],
            [
              36.90225288245947,
              -1.2624923003015756
            ],
            [
              36.90225288245947,
              -1.2623126372447515
            ],
            [
              36.902073219402645,
              -1.2623126372447515
            ],
            [
              36.902073219402645,
              -1.2621329741879277
            ],
            [
              36.901713893289,
              -1.2621329741879277
            ],
            [
              36.901713893289,
              -1.2617736480742798
            ],
            [
              36.90153423023217,
              -1.2617736480742798
            ],
            [
              36.90153423023217,
              -1.261593985017456
            ],
            [
              36.90117490411853,
              -1.261593985017456
            ]
          ]
        ]
      },
      "id": "+205392-7023",
      "properties": {
        "area_ha": 3.112272453147461,
        "area_m2": 31122.724531474607,
        "class": 0,
        "count": 78
      }
    },
    {
      "type": "Feature",
      "geometry": {
        "geodesic": false,
        "type": "Polygon",
        "coordinates": [
          [
            [
              36.90117490411853,
              -1.2700381486881795
            ],
            [
              36.90117490411853,
              -1.2702178117450034
            ],
            [
              36.9009952410617,
              -1.2702178117450034
            ],
            [
              36.9009952410617,
              -1.2703974748018272
            ],
            [
              36.900635914948055,
              -1.2703974748018272
            ],
            [
              36.900635914948055,
              -1.2705771378586512
            ],
            [
              36.900456251891235,
              -1.2705771378586512
            ],
            [
              36.900456251891235,
              -1.270936463972299
            ],
            [
              36.90081557800488,
              -1.270936463972299
            ],
            [
              36.90081557800488,
              -1.270756800915475
            ],
            [
              36.90117490411853,
              -1.270756800915475
            ],
            [
              36.90117490411853,
              -1.2703974748018272
            ],
            [
              36.90135456717535,
              -1.2703974748018272
            ],
            [
              36.90135456717535,
              -1.2702178117450034
            ],
            [
              36.90153423023217,
              -1.2702178117450034
            ],
            [
              36.90153423023217,
              -1.2700381486881795
            ],
            [
              36.90117490411853,
              -1.2700381486881795
            ]
          ]
        ]
      },
      "id": "+205392-7070",
      "properties": {
        "area_ha": 0.5187105274945483,
        "area_m2": 5187.105274945483,
        "class": 0,
        "count": 13
      }
    },
    {
      "type": "Feature",
      "geometry": {
        "geodesic": false,
        "type": "Polygon",
        "coordinates": [
          [
            [
              36.90261220857312,
              -1.3586120357023643
            ],
            [
              36.90261220857312,
              -1.3589713618160122
            ],
            [
              36.902791871629944,
              -1.3589713618160122
            ],
            [
              36.902791871629944,
              -1.359151024872836
            ],
            [
              36.90297153468676,
              -1.359151024872836
            ],
            [
              36.90297153468676,
              -1.3593306879296598
            ],
            [
              36.90315119774359,
              -1.3593306879296598
            ],
            [
              36.90315119774359,
              -1.3595103509864839
            ],
            [
              36.903330860800416,
              -1.3595103509864839
            ],
            [
              36.903330860800416,
              -1.3596900140433077
            ],
            [
              36.903510523857236,
              -1.3596900140433077
            ],
            [
              36.903510523857236,
              -1.3598696771001315
            ],
            [
              36.90369018691406,
              -1.3598696771001315
            ],
            [
              36.90369018691406,
              -1.3602290032137794
            ],
            [
              36.90386984997089,
              -1.3602290032137794
            ],
            [
              36.90386984997089,
              -1.3604086662706034
            ],
            [
              36.90440883914136,
              -1.3604086662706034
            ],
            [
              36.90440883914136,
              -1.3602290032137794
            ],
            [
              36.90458850219818,
              -1.3602290032137794
            ],
            [
              36.90458850219818,
              -1.3598696771001315
            ],
            [
              36.90440883914136,
              -1.3598696771001315
            ],
            [
              36.90440883914136,
              -1.3596900140433077
            ],
            [
              36.904229176084534,
              -1.3596900140433077
            ],
            [
              36.904229176084534,
              -1.3595103509864839
            ],
            [
              36.90404951302771,
              -1.3595103509864839
            ],
            [
              36.90404951302771,
              -1.3593306879296598
            ],
            [
              36.90369018691406,
              -1.3593306879296598
            ],
            [
              36.90369018691406,
              -1.359151024872836
            ],
            [
              36.903510523857236,
              -1.359151024872836
            ],
            [
              36.903510523857236,
              -1.3589713618160122
            ],
            [
              36.903330860800416,
              -1.3589713618160122
            ],
            [
              36.903330860800416,
              -1.3587916987591881
            ],
            [
              36.90297153468676,
              -1.3587916987591881
            ],
            [
              36.90297153468676,
              -1.3586120357023643
            ],
            [
              36.90261220857312,
              -1.3586120357023643
            ]
          ]
        ]
      },
      "id": "+205400-7563",
      "properties": {
        "area_ha": 1.6757742258018464,
        "area_m2": 16757.742258018465,
        "class": 0,
        "count": 42
      }
    },
    {
      "type": "Feature",
      "geometry": {
        "geodesic": false,
        "type": "Polygon",
        "coordinates": [
          [
            [
              36.90369018691406,
              -1.2402140812554114
            ],
            [
              36.90369018691406,
              -1.2403937443122353
            ],
            [
              36.903330860800416,
              -1.2403937443122353
            ],
            [
              36.903330860800416,
              -1.240573407369059
            ],
            [
              36.90297153468676,
              -1.240573407369059
            ],
            [
              36.90297153468676,
              -1.240932733482707
            ],
            [
              36.90315119774359,
              -1.240932733482707
            ],
            [
              36.90315119774359,
              -1.241112396539531
            ],
            [
              36.903330860800416,
              -1.241112396539531
            ],
            [
              36.903330860800416,
              -1.240932733482707
            ],
            [
              36.90369018691406,
              -1.240932733482707
            ],
            [
              36.90369018691406,
              -1.2407530704258831
            ],
            [
              36.90386984997089,
              -1.2407530704258831
            ],
            [
              36.90386984997089,
              -1.240932733482707
            ],
            [
              36.90404951302771,
              -1.240932733482707
            ],
            [
              36.90404951302771,
              -1.2403937443122353
            ],
            [
              36.90386984997089,
              -1.2403937443122353
            ],
            [
              36.90386984997089,
              -1.2402140812554114
            ],
            [
              36.90369018691406,
              -1.2402140812554114
            ]
          ]
        ]
      },
      "id": "+205405-6904",
      "properties": {
        "area_ha": 0.6783215085969536,
        "area_m2": 6783.215085969537,
        "class": 0,
        "count": 17
      }
    },
    {
      "type": "Feature",
      "geometry": {
        "geodesic": false,
        "type": "Polygon",
        "coordinates": [
          [
            [
              36.90476816525501,
              -1.2423700379372982
            ],
            [
              36.90476816525501,
              -1.2425497009941222
            ],
            [
              36.90458850219818,
              -1.2425497009941222
            ],
            [
              36.90458850219818,
              -1.243088690164594
            ],
            [
              36.90530715442548,
              -1.243088690164594
            ],
            [
              36.90530715442548,
              -1.2432683532214177
            ],
            [
              36.9054868174823,
              -1.2432683532214177
            ],
            [
              36.9054868174823,
              -1.2434480162782415
            ],
            [
              36.90602580665277,
              -1.2434480162782415
            ],
            [
              36.90602580665277,
              -1.2432683532214177
            ],
            [
              36.9062054697096,
              -1.2432683532214177
            ],
            [
              36.9062054697096,
              -1.2429090271077698
            ],
            [
              36.90602580665277,
              -1.2429090271077698
            ],
            [
              36.90602580665277,
              -1.243088690164594
            ],
            [
              36.90584614359595,
              -1.243088690164594
            ],
            [
              36.90584614359595,
              -1.2429090271077698
            ],
            [
              36.905666480539125,
              -1.2429090271077698
            ],
            [
              36.905666480539125,
              -1.242729364050946
            ],
            [
              36.904947828311826,
              -1.242729364050946
            ],
            [
              36.904947828311826,
              -1.2423700379372982
            ],
            [
              36.90476816525501,
              -1.2423700379372982
            ]
          ],
          [
            [
              36.905666480539125,
              -1.2429090271077698
            ],
            [
              36.9054868174823,
              -1.2429090271077698
            ],
            [
              36.9054868174823,
              -1.2432683532214177
            ],
            [
              36.905666480539125,
              -1.2432683532214177
            ],
            [
              36.905666480539125,
              -1.2429090271077698
            ]
          ]
        ]
      },
      "id": "+205411-6916",
      "properties": {
        "area_ha": 0.9177283076254867,
        "area_m2": 9177.283076254867,
        "class": 0,
        "count": 23
      }
    },
    {
      "type": "Feature",
      "geometry": {
        "geodesic": false,
        "type": "Polygon",
        "coordinates": [
          [
            [
              36.90908007861878,
              -1.2806382690407898
            ],
            [
              36.90908007861878,
              -1.2808179320976136
            ],
            [
              36.90872075250513,
              -1.2808179320976136
            ],
            [
              36.90872075250513,
              -1.2806382690407898
            ],
            [
              36.90836142639149,
              -1.2806382690407898
            ],
            [
              36.90836142639149,
              -1.2808179320976136
            ],
            [
              36.90818176333466,
              -1.2808179320976136
            ],
            [
              36.90818176333466,
              -1.2815365843249094
            ],
            [
              36.90836142639149,
              -1.2815365843249094
            ],
            [
              36.90836142639149,
              -1.282434899609029
            ],
            [
              36.90872075250513,
              -1.282434899609029
            ],
            [
              36.90872075250513,
              -1.2827942257226768
            ],
            [
              36.90908007861878,
              -1.2827942257226768
            ],
            [
              36.90908007861878,
              -1.2822552365522049
            ],
            [
              36.909259741675605,
              -1.2822552365522049
            ],
            [
              36.909259741675605,
              -1.282075573495381
            ],
            [
              36.90890041556195,
              -1.282075573495381
            ],
            [
              36.90890041556195,
              -1.2817162473817332
            ],
            [
              36.90908007861878,
              -1.2817162473817332
            ],
            [
              36.90908007861878,
              -1.2815365843249094
            ],
            [
              36.90890041556195,
              -1.2815365843249094
            ],
            [
              36.90890041556195,
              -1.2811772582112615
            ],
            [
              36.90908007861878,
              -1.2811772582112615
            ],
            [
              36.90908007861878,
              -1.2808179320976136
            ],
            [
              36.909259741675605,
              -1.2808179320976136
            ],
            [
              36.909259741675605,
              -1.2806382690407898
            ],
            [
              36.90908007861878,
              -1.2806382690407898
            ]
          ]
        ]
      },
      "id": "+205435-7129",
      "properties": {
        "area_ha": 1.7556280508925015,
        "area_m2": 17556.280508925014,
        "class": 0,
        "count": 44
      }
    },
    {
      "type": "Feature",
      "geometry": {
        "geodesic": false,
        "type": "Polygon",
        "coordinates": [
          [
            [
              36.90979873084608,
              -1.280278942927142
            ],
            [
              36.90979873084608,
              -1.280458605983966
            ],
            [
              36.90961906778925,
              -1.280458605983966
            ],
            [
              36.90961906778925,
              -1.280278942927142
            ],
            [
              36.909439404732424,
              -1.280278942927142
            ],
            [
              36.909439404732424,
              -1.2806382690407898
            ],
            [
              36.90961906778925,
              -1.2806382690407898
            ],
            [
              36.90961906778925,
              -1.2808179320976136
            ],
            [
              36.90979873084608,
              -1.2808179320976136
            ],
            [
              36.90979873084608,
              -1.2811772582112615
            ],
            [
              36.90961906778925,
              -1.2811772582112615
            ],
            [
              36.90961906778925,
              -1.2813569212680855
            ],
            [
              36.90979873084608,
              -1.2813569212680855
            ],
            [
              36.90979873084608,
              -1.2817162473817332
            ],
            [
              36.90961906778925,
              -1.2817162473817332
            ],
            [
              36.90961906778925,
              -1.2818959104385572
            ],
            [
              36.90979873084608,
              -1.2818959104385572
            ],
            [
              36.90979873084608,
              -1.282075573495381
            ],
            [
              36.91033772001655,
              -1.282075573495381
            ],
            [
              36.91033772001655,
              -1.2817162473817332
            ],
            [
              36.91051738307337,
              -1.2817162473817332
            ],
            [
              36.91051738307337,
              -1.2813569212680855
            ],
            [
              36.910697046130196,
              -1.2813569212680855
            ],
            [
              36.910697046130196,
              -1.2811772582112615
            ],
            [
              36.91105637224384,
              -1.2811772582112615
            ],
            [
              36.91105637224384,
              -1.2808179320976136
            ],
            [
              36.91123603530067,
              -1.2808179320976136
            ],
            [
              36.91123603530067,
              -1.2806382690407898
            ],
            [
              36.910876709187015,
              -1.2806382690407898
            ],
            [
              36.910876709187015,
              -1.280458605983966
            ],
            [
              36.91051738307337,
              -1.280458605983966
            ],
            [
              36.91051738307337,
              -1.280278942927142
            ],
            [
              36.90979873084608,
              -1.280278942927142
            ]
          ]
        ]
      },
      "id": "+205442-7127",
      "properties": {
        "area_ha": 2.274336836613436,
        "area_m2": 22743.36836613436,
        "class": 0,
        "count": 57
      }
    },
    {
      "type": "Feature",
      "geometry": {
        "geodesic": false,
        "type": "Polygon",
        "coordinates": [
          [
            [
              36.91393098115302,
              -1.2800992798703181
            ],
            [
              36.91393098115302,
              -1.2808179320976136
            ],
            [
              36.91411064420985,
              -1.2808179320976136
            ],
            [
              36.91411064420985,
              -1.2809975951544377
            ],
            [
              36.914290307266675,
              -1.2809975951544377
            ],
            [
              36.914290307266675,
              -1.2811772582112615
            ],
            [
              36.9137513180962,
              -1.2811772582112615
            ],
            [
              36.9137513180962,
              -1.280278942927142
            ],
            [
              36.91357165503938,
              -1.280278942927142
            ],
            [
              36.91357165503938,
              -1.2806382690407898
            ],
            [
              36.91339199198255,
              -1.2806382690407898
            ],
            [
              36.91339199198255,
              -1.2808179320976136
            ],
            [
              36.91357165503938,
              -1.2808179320976136
            ],
            [
              36.91357165503938,
              -1.2809975951544377
            ],
            [
              36.91339199198255,
              -1.2809975951544377
            ],
            [
              36.91339199198255,
              -1.2811772582112615
            ],
            [
              36.91249367669843,
              -1.2811772582112615
            ],
            [
              36.91249367669843,
              -1.2809975951544377
            ],
            [
              36.91231401364161,
              -1.2809975951544377
            ],
            [
              36.91231401364161,
              -1.2813569212680855
            ],
            [
              36.91195468752796,
              -1.2813569212680855
            ],
            [
              36.91195468752796,
              -1.282434899609029
            ],
            [
              36.91177502447114,
              -1.282434899609029
            ],
            [
              36.91177502447114,
              -1.2822552365522049
            ],
            [
              36.911595361414314,
              -1.2822552365522049
            ],
            [
              36.911595361414314,
              -1.282434899609029
            ],
            [
              36.91141569835749,
              -1.282434899609029
            ],
            [
              36.91141569835749,
              -1.2826145626658527
            ],
            [
              36.91123603530067,
              -1.2826145626658527
            ],
            [
              36.91123603530067,
              -1.2827942257226768
            ],
            [
              36.91105637224384,
              -1.2827942257226768
            ],
            [
              36.91105637224384,
              -1.2829738887795006
            ],
            [
              36.910876709187015,
              -1.2829738887795006
            ],
            [
              36.910876709187015,
              -1.2835128779499723
            ],
            [
              36.91105637224384,
              -1.2835128779499723
            ],
            [
              36.91105637224384,
              -1.2838722040636201
            ],
            [
              36.91123603530067,
              -1.2838722040636201
            ],
            [
              36.91123603530067,
              -1.2845908562909156
            ],
            [
              36.91105637224384,
              -1.2845908562909156
            ],
            [
              36.91105637224384,
              -1.2851298454613875
            ],
            [
              36.910697046130196,
              -1.2851298454613875
            ],
            [
              36.910697046130196,
              -1.2853095085182114
            ],
            [
              36.91051738307337,
              -1.2853095085182114
            ],
            [
              36.91051738307337,
              -1.2856688346318592
            ],
            [
              36.91033772001655,
              -1.2856688346318592
            ],
            [
              36.91033772001655,
              -1.2854891715750352
            ],
            [
              36.9099783939029,
              -1.2854891715750352
            ],
            [
              36.9099783939029,
              -1.286207823802331
            ],
            [
              36.90961906778925,
              -1.286207823802331
            ],
            [
              36.90961906778925,
              -1.2865671499159788
            ],
            [
              36.9099783939029,
              -1.2865671499159788
            ],
            [
              36.9099783939029,
              -1.2867468129728026
            ],
            [
              36.909439404732424,
              -1.2867468129728026
            ],
            [
              36.909439404732424,
              -1.2869264760296264
            ],
            [
              36.90961906778925,
              -1.2869264760296264
            ],
            [
              36.90961906778925,
              -1.2872858021432743
            ],
            [
              36.909439404732424,
              -1.2872858021432743
            ],
            [
              36.909439404732424,
              -1.287465465200098
            ],
            [
              36.90908007861878,
              -1.287465465200098
            ],
            [
              36.90908007861878,
              -1.2876451282569221
            ],
            [
              36.909259741675605,
              -1.2876451282569221
            ],
            [
              36.909259741675605,
              -1.28800445437057
            ],
            [
              36.90908007861878,
              -1.28800445437057
            ],
            [
              36.90908007861878,
              -1.2881841174273938
            ],
            [
              36.90890041556195,
              -1.2881841174273938
            ],
            [
              36.90890041556195,
              -1.2883637804842176
            ],
            [
              36.90836142639149,
              -1.2883637804842176
            ],
            [
              36.90836142639149,
              -1.2885434435410417
            ],
            [
              36.908002100277834,
              -1.2885434435410417
            ],
            [
              36.908002100277834,
              -1.2887231065978655
            ],
            [
              36.907822437221014,
              -1.2887231065978655
            ],
            [
              36.907822437221014,
              -1.2890824327115133
            ],
            [
              36.90764277416419,
              -1.2890824327115133
            ],
            [
              36.90764277416419,
              -1.289621421881985
            ],
            [
              36.907822437221014,
              -1.289621421881985
            ],
            [
              36.907822437221014,
              -1.2898010849388089
            ],
            [
              36.908002100277834,
              -1.2898010849388089
            ],
            [
              36.908002100277834,
              -1.289980747995633
            ],
            [
              36.90818176333466,
              -1.289980747995633
            ],
            [
              36.90818176333466,
              -1.2901604110524567
            ],
            [
              36.90836142639149,
              -1.2901604110524567
            ],
            [
              36.90836142639149,
              -1.2903400741092808
            ],
            [
              36.909259741675605,
              -1.2903400741092808
            ],
            [
              36.909259741675605,
              -1.2906994002229284
            ],
            [
              36.909439404732424,
              -1.2906994002229284
            ],
            [
              36.909439404732424,
              -1.2908790632797524
            ],
            [
              36.909259741675605,
              -1.2908790632797524
            ],
            [
              36.909259741675605,
              -1.2912383893934
            ],
            [
              36.909439404732424,
              -1.2912383893934
            ],
            [
              36.909439404732424,
              -1.2910587263365763
            ],
            [
              36.90961906778925,
              -1.2910587263365763
            ],
            [
              36.90961906778925,
              -1.2912383893934
            ],
            [
              36.90979873084608,
              -1.2912383893934
            ],
            [
              36.90979873084608,
              -1.2910587263365763
            ],
            [
              36.91051738307337,
              -1.2910587263365763
            ],
            [
              36.91051738307337,
              -1.2908790632797524
            ],
            [
              36.910697046130196,
              -1.2908790632797524
            ],
            [
              36.910697046130196,
              -1.2905197371661046
            ],
            [
              36.910876709187015,
              -1.2905197371661046
            ],
            [
              36.910876709187015,
              -1.289980747995633
            ],
            [
              36.91105637224384,
              -1.289980747995633
            ],
            [
              36.91105637224384,
              -1.2898010849388089
            ],
            [
              36.911595361414314,
              -1.2898010849388089
            ],
            [
              36.911595361414314,
              -1.289621421881985
            ],
            [
              36.91177502447114,
              -1.289621421881985
            ],
            [
              36.91177502447114,
              -1.2898010849388089
            ],
            [
              36.912134350584786,
              -1.2898010849388089
            ],
            [
              36.912134350584786,
              -1.289980747995633
            ],
            [
              36.913032665868904,
              -1.289980747995633
            ],
            [
              36.913032665868904,
              -1.2901604110524567
            ],
            [
              36.91321232892573,
              -1.2901604110524567
            ],
            [
              36.91321232892573,
              -1.289980747995633
            ],
            [
              36.91464963338032,
              -1.289980747995633
            ],
            [
              36.91464963338032,
              -1.2898010849388089
            ],
            [
              36.91482929643714,
              -1.2898010849388089
            ],
            [
              36.91482929643714,
              -1.2892620957683372
            ],
            [
              36.91464963338032,
              -1.2892620957683372
            ],
            [
              36.91464963338032,
              -1.2887231065978655
            ],
            [
              36.914469970323495,
              -1.2887231065978655
            ],
            [
              36.914469970323495,
              -1.2883637804842176
            ],
            [
              36.914290307266675,
              -1.2883637804842176
            ],
            [
              36.914290307266675,
              -1.2881841174273938
            ],
            [
              36.91411064420985,
              -1.2881841174273938
            ],
            [
              36.91411064420985,
              -1.287465465200098
            ],
            [
              36.914290307266675,
              -1.287465465200098
            ],
            [
              36.914290307266675,
              -1.2871061390864504
            ],
            [
              36.914469970323495,
              -1.2871061390864504
            ],
            [
              36.914469970323495,
              -1.2869264760296264
            ],
            [
              36.91464963338032,
              -1.2869264760296264
            ],
            [
              36.91464963338032,
              -1.2867468129728026
            ],
            [
              36.91482929643714,
              -1.2867468129728026
            ],
            [
              36.91482929643714,
              -1.2865671499159788
            ],
            [
              36.91536828560761,
              -1.2865671499159788
            ],
            [
              36.91536828560761,
              -1.2863874868591547
            ],
            [
              36.915727611721266,
              -1.2863874868591547
            ],
            [
              36.915727611721266,
              -1.286207823802331
            ],
            [
              36.915907274778085,
              -1.286207823802331
            ],
            [
              36.915907274778085,
              -1.2860281607455069
            ],
            [
              36.91608693783491,
              -1.2860281607455069
            ],
            [
              36.91608693783491,
              -1.285848497688683
            ],
            [
              36.91626660089174,
              -1.285848497688683
            ],
            [
              36.91626660089174,
              -1.2849501824045635
            ],
            [
              36.91644626394856,
              -1.2849501824045635
            ],
            [
              36.91644626394856,
              -1.2847705193477397
            ],
            [
              36.916625927005384,
              -1.2847705193477397
            ],
            [
              36.916625927005384,
              -1.2845908562909156
            ],
            [
              36.916805590062204,
              -1.2845908562909156
            ],
            [
              36.916805590062204,
              -1.2844111932340918
            ],
            [
              36.91698525311903,
              -1.2844111932340918
            ],
            [
              36.91698525311903,
              -1.284231530177268
            ],
            [
              36.91716491617586,
              -1.284231530177268
            ],
            [
              36.91716491617586,
              -1.2831535518363244
            ],
            [
              36.91698525311903,
              -1.2831535518363244
            ],
            [
              36.91698525311903,
              -1.2827942257226768
            ],
            [
              36.91626660089174,
              -1.2827942257226768
            ],
            [
              36.91626660089174,
              -1.282434899609029
            ],
            [
              36.91644626394856,
              -1.282434899609029
            ],
            [
              36.91644626394856,
              -1.2822552365522049
            ],
            [
              36.91608693783491,
              -1.2822552365522049
            ],
            [
              36.91608693783491,
              -1.282075573495381
            ],
            [
              36.915907274778085,
              -1.282075573495381
            ],
            [
              36.915907274778085,
              -1.2817162473817332
            ],
            [
              36.91536828560761,
              -1.2817162473817332
            ],
            [
              36.91536828560761,
              -1.2813569212680855
            ],
            [
              36.915188622550794,
              -1.2813569212680855
            ],
            [
              36.915188622550794,
              -1.2811772582112615
            ],
            [
              36.91500895949397,
              -1.2811772582112615
            ],
            [
              36.91500895949397,
              -1.2809975951544377
            ],
            [
              36.915188622550794,
              -1.2809975951544377
            ],
            [
              36.915188622550794,
              -1.2808179320976136
            ],
            [
              36.91500895949397,
              -1.2808179320976136
            ],
            [
              36.91500895949397,
              -1.280458605983966
            ],
            [
              36.91482929643714,
              -1.280458605983966
            ],
            [
              36.91482929643714,
              -1.280278942927142
            ],
            [
              36.91411064420985,
              -1.280278942927142
            ],
            [
              36.91411064420985,
              -1.2800992798703181
            ],
            [
              36.91393098115302,
              -1.2800992798703181
            ]
          ],
          [
            [
              36.912134350584786,
              -1.2872858021432743
            ],
            [
              36.91195468752796,
              -1.2872858021432743
            ],
            [
              36.91195468752796,
              -1.287465465200098
            ],
            [
              36.912134350584786,
              -1.287465465200098
            ],
            [
              36.912134350584786,
              -1.2872858021432743
            ]
          ],
          [
            [
              36.910876709187015,
              -1.2869264760296264
            ],
            [
              36.91051738307337,
              -1.2869264760296264
            ],
            [
              36.91051738307337,
              -1.2871061390864504
            ],
            [
              36.910697046130196,
              -1.2871061390864504
            ],
            [
              36.910697046130196,
              -1.287465465200098
            ],
            [
              36.910876709187015,
              -1.287465465200098
            ],
            [
              36.910876709187015,
              -1.2872858021432743
            ],
            [
              36.91105637224384,
              -1.2872858021432743
            ],
            [
              36.91105637224384,
              -1.2871061390864504
            ],
            [
              36.910876709187015,
              -1.2871061390864504
            ],
            [
              36.910876709187015,
              -1.2869264760296264
            ]
          ],
          [
            [
              36.910697046130196,
              -1.2856688346318592
            ],
            [
              36.91051738307337,
              -1.2856688346318592
            ],
            [
              36.91051738307337,
              -1.285848497688683
            ],
            [
              36.910697046130196,
              -1.285848497688683
            ],
            [
              36.910697046130196,
              -1.2856688346318592
            ]
          ],
          [
            [
              36.915188622550794,
              -1.2853095085182114
            ],
            [
              36.91500895949397,
              -1.2853095085182114
            ],
            [
              36.91500895949397,
              -1.2854891715750352
            ],
            [
              36.915188622550794,
              -1.2854891715750352
            ],
            [
              36.915188622550794,
              -1.2853095085182114
            ]
          ],
          [
            [
              36.91393098115302,
              -1.2851298454613875
            ],
            [
              36.91267333975526,
              -1.2851298454613875
            ],
            [
              36.91267333975526,
              -1.2853095085182114
            ],
            [
              36.91249367669843,
              -1.2853095085182114
            ],
            [
              36.91249367669843,
              -1.2854891715750352
            ],
            [
              36.91231401364161,
              -1.2854891715750352
            ],
            [
              36.91231401364161,
              -1.2863874868591547
            ],
            [
              36.91267333975526,
              -1.2863874868591547
            ],
            [
              36.91267333975526,
              -1.2865671499159788
            ],
            [
              36.91339199198255,
              -1.2865671499159788
            ],
            [
              36.91339199198255,
              -1.2867468129728026
            ],
            [
              36.91357165503938,
              -1.2867468129728026
            ],
            [
              36.91357165503938,
              -1.2865671499159788
            ],
            [
              36.914290307266675,
              -1.2865671499159788
            ],
            [
              36.914290307266675,
              -1.2863874868591547
            ],
            [
              36.914469970323495,
              -1.2863874868591547
            ],
            [
              36.914469970323495,
              -1.286207823802331
            ],
            [
              36.91464963338032,
              -1.286207823802331
            ],
            [
              36.91464963338032,
              -1.2856688346318592
            ],
            [
              36.914469970323495,
              -1.2856688346318592
            ],
            [
              36.914469970323495,
              -1.2854891715750352
            ],
            [
              36.914290307266675,
              -1.2854891715750352
            ],
            [
              36.914290307266675,
              -1.2853095085182114
            ],
            [
              36.91393098115302,
              -1.2853095085182114
            ],
            [
              36.91393098115302,
              -1.2851298454613875
            ]
          ],
          [
            [
              36.915727611721266,
              -1.2844111932340918
            ],
            [
              36.91536828560761,
              -1.2844111932340918
            ],
            [
              36.91536828560761,
              -1.2845908562909156
            ],
            [
              36.915727611721266,
              -1.2845908562909156
            ],
            [
              36.915727611721266,
              -1.2844111932340918
            ]
          ],
          [
            [
              36.91357165503938,
              -1.2827942257226768
            ],
            [
              36.913032665868904,
              -1.2827942257226768
            ],
            [
              36.913032665868904,
              -1.2835128779499723
            ],
            [
              36.91321232892573,
              -1.2835128779499723
            ],
            [
              36.91321232892573,
              -1.2836925410067963
            ],
            [
              36.91339199198255,
              -1.2836925410067963
            ],
            [
              36.91339199198255,
              -1.2838722040636201
            ],
            [
              36.91357165503938,
              -1.2838722040636201
            ],
            [
              36.91357165503938,
              -1.2836925410067963
            ],
            [
              36.9137513180962,
              -1.2836925410067963
            ],
            [
              36.9137513180962,
              -1.2829738887795006
            ],
            [
              36.91357165503938,
              -1.2829738887795006
            ],
            [
              36.91357165503938,
              -1.2827942257226768
            ]
          ],
          [
            [
              36.91464963338032,
              -1.2811772582112615
            ],
            [
              36.914469970323495,
              -1.2811772582112615
            ],
            [
              36.914469970323495,
              -1.2813569212680855
            ],
            [
              36.91464963338032,
              -1.2813569212680855
            ],
            [
              36.91464963338032,
              -1.2811772582112615
            ]
          ]
        ]
      },
      "id": "+205462-7126",
      "properties": {
        "area_ha": 59.052843947392105,
        "area_m2": 590528.4394739211,
        "class": 0,
        "count": 1480
      }
    },
    {
      "type": "Feature",
      "geometry": {
        "geodesic": false,
        "type": "Polygon",
        "coordinates": [
          [
            [
              36.91608693783491,
              -1.2412920595963548
            ],
            [
              36.91608693783491,
              -1.2414717226531786
            ],
            [
              36.915727611721266,
              -1.2414717226531786
            ],
            [
              36.915727611721266,
              -1.2416513857100027
            ],
            [
              36.91554794866444,
              -1.2416513857100027
            ],
            [
              36.91554794866444,
              -1.2418310487668265
            ],
            [
              36.91536828560761,
              -1.2418310487668265
            ],
            [
              36.91536828560761,
              -1.2420107118236503
            ],
            [
              36.915188622550794,
              -1.2420107118236503
            ],
            [
              36.915188622550794,
              -1.2421903748804743
            ],
            [
              36.91536828560761,
              -1.2421903748804743
            ],
            [
              36.91536828560761,
              -1.2423700379372982
            ],
            [
              36.915727611721266,
              -1.2423700379372982
            ],
            [
              36.915727611721266,
              -1.2425497009941222
            ],
            [
              36.91608693783491,
              -1.2425497009941222
            ],
            [
              36.91608693783491,
              -1.2423700379372982
            ],
            [
              36.91626660089174,
              -1.2423700379372982
            ],
            [
              36.91626660089174,
              -1.2421903748804743
            ],
            [
              36.916625927005384,
              -1.2421903748804743
            ],
            [
              36.916625927005384,
              -1.2420107118236503
            ],
            [
              36.916805590062204,
              -1.2420107118236503
            ],
            [
              36.916805590062204,
              -1.2416513857100027
            ],
            [
              36.916625927005384,
              -1.2416513857100027
            ],
            [
              36.916625927005384,
              -1.2418310487668265
            ],
            [
              36.91644626394856,
              -1.2418310487668265
            ],
            [
              36.91644626394856,
              -1.2414717226531786
            ],
            [
              36.91626660089174,
              -1.2414717226531786
            ],
            [
              36.91626660089174,
              -1.2412920595963548
            ],
            [
              36.91608693783491,
              -1.2412920595963548
            ]
          ],
          [
            [
              36.915907274778085,
              -1.2416513857100027
            ],
            [
              36.915727611721266,
              -1.2416513857100027
            ],
            [
              36.915727611721266,
              -1.2418310487668265
            ],
            [
              36.915907274778085,
              -1.2418310487668265
            ],
            [
              36.915907274778085,
              -1.2416513857100027
            ]
          ]
        ]
      },
      "id": "+205474-6910",
      "properties": {
        "area_ha": 1.3167411146251942,
        "area_m2": 13167.411146251941,
        "class": 0,
        "count": 33
      }
    },
    {
      "type": "Feature",
      "geometry": {
        "geodesic": false,
        "type": "Polygon",
        "coordinates": [
          [
            [
              36.915907274778085,
              -1.3041741294847213
            ],
            [
              36.91608693783491,
              -1.3041741294847213
            ],
            [
              36.91608693783491,
              -1.3045334555983692
            ],
            [
              36.91626660089174,
              -1.3045334555983692
            ],
            [
              36.91626660089174,
              -1.304713118655193
            ],
            [
              36.916805590062204,
              -1.304713118655193
            ],
            [
              36.916805590062204,
              -1.3043537925415452
            ],
            [
              36.916625927005384,
              -1.3043537925415452
            ],
            [
              36.916625927005384,
              -1.3041741294847213
            ],
            [
              36.91644626394856,
              -1.3041741294847213
            ],
            [
              36.91644626394856,
              -1.3039944664278973
            ],
            [
              36.915907274778085,
              -1.3039944664278973
            ],
            [
              36.915907274778085,
              -1.3041741294847213
            ]
          ]
        ]
      },
      "id": "+205475-7259",
      "properties": {
        "area_ha": 0.5187036412427356,
        "area_m2": 5187.0364124273565,
        "class": 0,
        "count": 13
      }
    },
    {
      "type": "Feature",
      "geometry": {
        "geodesic": false,
        "type": "Polygon",
        "coordinates": [
          [
            [
              36.91716491617586,
              -1.2795602906998464
            ],
            [
              36.91716491617586,
              -1.2797399537566703
            ],
            [
              36.91698525311903,
              -1.2797399537566703
            ],
            [
              36.91698525311903,
              -1.2800992798703181
            ],
            [
              36.916805590062204,
              -1.2800992798703181
            ],
            [
              36.916805590062204,
              -1.2799196168134943
            ],
            [
              36.916625927005384,
              -1.2799196168134943
            ],
            [
              36.916625927005384,
              -1.280278942927142
            ],
            [
              36.91644626394856,
              -1.280278942927142
            ],
            [
              36.91644626394856,
              -1.280458605983966
            ],
            [
              36.915907274778085,
              -1.280458605983966
            ],
            [
              36.915907274778085,
              -1.2806382690407898
            ],
            [
              36.91608693783491,
              -1.2806382690407898
            ],
            [
              36.91608693783491,
              -1.2808179320976136
            ],
            [
              36.91644626394856,
              -1.2808179320976136
            ],
            [
              36.91644626394856,
              -1.2806382690407898
            ],
            [
              36.91716491617586,
              -1.2806382690407898
            ],
            [
              36.91716491617586,
              -1.280458605983966
            ],
            [
              36.917344579232676,
              -1.280458605983966
            ],
            [
              36.917344579232676,
              -1.2795602906998464
            ],
            [
              36.91716491617586,
              -1.2795602906998464
            ]
          ]
        ]
      },
      "id": "+205480-7123",
      "properties": {
        "area_ha": 0.957615803544587,
        "area_m2": 9576.15803544587,
        "class": 0,
        "count": 24
      }
    },
    {
      "type": "Feature",
      "geometry": {
        "geodesic": false,
        "type": "Polygon",
        "coordinates": [
          [
            [
              36.92255480788057,
              -1.272912757597362
            ],
            [
              36.92255480788057,
              -1.2730924206541858
            ],
            [
              36.92219548176693,
              -1.2730924206541858
            ],
            [
              36.92219548176693,
              -1.2732720837110096
            ],
            [
              36.92237514482375,
              -1.2732720837110096
            ],
            [
              36.92237514482375,
              -1.2734517467678337
            ],
            [
              36.92255480788057,
              -1.2734517467678337
            ],
            [
              36.92255480788057,
              -1.2736314098246575
            ],
            [
              36.92273447093739,
              -1.2736314098246575
            ],
            [
              36.92273447093739,
              -1.2739907359383054
            ],
            [
              36.92291413399422,
              -1.2739907359383054
            ],
            [
              36.92291413399422,
              -1.2743500620519532
            ],
            [
              36.923093797051045,
              -1.2743500620519532
            ],
            [
              36.923093797051045,
              -1.274709388165601
            ],
            [
              36.923273460107865,
              -1.274709388165601
            ],
            [
              36.923273460107865,
              -1.274529725108777
            ],
            [
              36.92345312316469,
              -1.274529725108777
            ],
            [
              36.92345312316469,
              -1.2743500620519532
            ],
            [
              36.923273460107865,
              -1.2743500620519532
            ],
            [
              36.923273460107865,
              -1.2738110728814815
            ],
            [
              36.923093797051045,
              -1.2738110728814815
            ],
            [
              36.923093797051045,
              -1.2736314098246575
            ],
            [
              36.92291413399422,
              -1.2736314098246575
            ],
            [
              36.92291413399422,
              -1.2734517467678337
            ],
            [
              36.92255480788057,
              -1.2734517467678337
            ],
            [
              36.92255480788057,
              -1.2732720837110096
            ],
            [
              36.92291413399422,
              -1.2732720837110096
            ],
            [
              36.92291413399422,
              -1.272912757597362
            ],
            [
              36.92255480788057,
              -1.272912757597362
            ]
          ]
        ]
      },
      "id": "+205511-7086",
      "properties": {
        "area_ha": 0.8379159563256137,
        "area_m2": 8379.159563256137,
        "class": 0,
        "count": 21
      }
    },
    {
      "type": "Feature",
      "geometry": {
        "geodesic": false,
        "type": "Polygon",
        "coordinates": [
          [
            [
              36.92255480788057,
              -1.2770450079043116
            ],
            [
              36.92255480788057,
              -1.2775839970747835
            ],
            [
              36.92237514482375,
              -1.2775839970747835
            ],
            [
              36.92237514482375,
              -1.2779433231884312
            ],
            [
              36.92219548176693,
              -1.2779433231884312
            ],
            [
              36.92219548176693,
              -1.2781229862452552
            ],
            [
              36.9220158187101,
              -1.2781229862452552
            ],
            [
              36.9220158187101,
              -1.278302649302079
            ],
            [
              36.921836155653274,
              -1.278302649302079
            ],
            [
              36.921836155653274,
              -1.278482312358903
            ],
            [
              36.921656492596455,
              -1.278482312358903
            ],
            [
              36.921656492596455,
              -1.2788416384725507
            ],
            [
              36.9220158187101,
              -1.2788416384725507
            ],
            [
              36.9220158187101,
              -1.2790213015293748
            ],
            [
              36.92237514482375,
              -1.2790213015293748
            ],
            [
              36.92237514482375,
              -1.2792009645861986
            ],
            [
              36.923093797051045,
              -1.2792009645861986
            ],
            [
              36.923093797051045,
              -1.2790213015293748
            ],
            [
              36.923273460107865,
              -1.2790213015293748
            ],
            [
              36.923273460107865,
              -1.2788416384725507
            ],
            [
              36.92345312316469,
              -1.2788416384725507
            ],
            [
              36.92345312316469,
              -1.278661975415727
            ],
            [
              36.92363278622152,
              -1.278661975415727
            ],
            [
              36.92363278622152,
              -1.278302649302079
            ],
            [
              36.92381244927834,
              -1.278302649302079
            ],
            [
              36.92381244927834,
              -1.2775839970747835
            ],
            [
              36.923093797051045,
              -1.2775839970747835
            ],
            [
              36.923093797051045,
              -1.2772246709611357
            ],
            [
              36.92291413399422,
              -1.2772246709611357
            ],
            [
              36.92291413399422,
              -1.2770450079043116
            ],
            [
              36.92255480788057,
              -1.2770450079043116
            ]
          ]
        ]
      },
      "id": "+205511-7109",
      "properties": {
        "area_ha": 3.3915586369458643,
        "area_m2": 33915.586369458644,
        "class": 0,
        "count": 85
      }
    },
    {
      "type": "Feature",
      "geometry": {
        "geodesic": false,
        "type": "Polygon",
        "coordinates": [
          [
            [
              36.923273460107865,
              -1.266983876722173
            ],
            [
              36.923273460107865,
              -1.267163539778997
            ],
            [
              36.923093797051045,
              -1.267163539778997
            ],
            [
              36.923093797051045,
              -1.2675228658926447
            ],
            [
              36.92345312316469,
              -1.2675228658926447
            ],
            [
              36.92345312316469,
              -1.2678821920062926
            ],
            [
              36.92381244927834,
              -1.2678821920062926
            ],
            [
              36.92381244927834,
              -1.2675228658926447
            ],
            [
              36.92399211233516,
              -1.2675228658926447
            ],
            [
              36.92399211233516,
              -1.267343202835821
            ],
            [
              36.92381244927834,
              -1.267343202835821
            ],
            [
              36.92381244927834,
              -1.267163539778997
            ],
            [
              36.92345312316469,
              -1.267163539778997
            ],
            [
              36.92345312316469,
              -1.266983876722173
            ],
            [
              36.923273460107865,
              -1.266983876722173
            ]
          ]
        ]
      },
      "id": "+205514-7053",
      "properties": {
        "area_ha": 0.5586120042813963,
        "area_m2": 5586.120042813964,
        "class": 0,
        "count": 14
      }
    },
    {
      "type": "Feature",
      "geometry": {
        "geodesic": false,
        "type": "Polygon",
        "coordinates": [
          [
            [
              36.92381244927834,
              -1.2725534314837141
            ],
            [
              36.92381244927834,
              -1.272733094540538
            ],
            [
              36.92363278622152,
              -1.272733094540538
            ],
            [
              36.92363278622152,
              -1.2725534314837141
            ],
            [
              36.92345312316469,
              -1.2725534314837141
            ],
            [
              36.92345312316469,
              -1.272733094540538
            ],
            [
              36.92363278622152,
              -1.272733094540538
            ],
            [
              36.92363278622152,
              -1.272912757597362
            ],
            [
              36.92381244927834,
              -1.272912757597362
            ],
            [
              36.92381244927834,
              -1.2730924206541858
            ],
            [
              36.92399211233516,
              -1.2730924206541858
            ],
            [
              36.92399211233516,
              -1.2732720837110096
            ],
            [
              36.92417177539199,
              -1.2732720837110096
            ],
            [
              36.92417177539199,
              -1.2734517467678337
            ],
            [
              36.92435143844881,
              -1.2734517467678337
            ],
            [
              36.92435143844881,
              -1.2736314098246575
            ],
            [
              36.92471076456246,
              -1.2736314098246575
            ],
            [
              36.92471076456246,
              -1.2734517467678337
            ],
            [
              36.92489042761928,
              -1.2734517467678337
            ],
            [
              36.92489042761928,
              -1.272733094540538
            ],
            [
              36.92399211233516,
              -1.272733094540538
            ],
            [
              36.92399211233516,
              -1.2725534314837141
            ],
            [
              36.92381244927834,
              -1.2725534314837141
            ]
          ]
        ]
      },
      "id": "+205517-7084",
      "properties": {
        "area_ha": 1.0374200064103136,
        "area_m2": 10374.200064103135,
        "class": 0,
        "count": 26
      }
    },
    {
      "type": "Feature",
      "geometry": {
        "geodesic": false,
        "type": "Polygon",
        "coordinates": [
          [
            [
              36.92596840596023,
              -1.2734517467678337
            ],
            [
              36.92596840596023,
              -1.2736314098246575
            ],
            [
              36.92560907984658,
              -1.2736314098246575
            ],
            [
              36.92560907984658,
              -1.2738110728814815
            ],
            [
              36.925429416789754,
              -1.2738110728814815
            ],
            [
              36.925429416789754,
              -1.2739907359383054
            ],
            [
              36.92489042761928,
              -1.2739907359383054
            ],
            [
              36.92489042761928,
              -1.2741703989951292
            ],
            [
              36.924531101505636,
              -1.2741703989951292
            ],
            [
              36.924531101505636,
              -1.274529725108777
            ],
            [
              36.92435143844881,
              -1.274529725108777
            ],
            [
              36.92435143844881,
              -1.274889051222425
            ],
            [
              36.92417177539199,
              -1.274889051222425
            ],
            [
              36.92417177539199,
              -1.2750687142792487
            ],
            [
              36.92399211233516,
              -1.2750687142792487
            ],
            [
              36.92399211233516,
              -1.2752483773360728
            ],
            [
              36.92381244927834,
              -1.2752483773360728
            ],
            [
              36.92381244927834,
              -1.2750687142792487
            ],
            [
              36.92363278622152,
              -1.2750687142792487
            ],
            [
              36.92363278622152,
              -1.274889051222425
            ],
            [
              36.92345312316469,
              -1.274889051222425
            ],
            [
              36.92345312316469,
              -1.2754280403928966
            ],
            [
              36.923273460107865,
              -1.2754280403928966
            ],
            [
              36.923273460107865,
              -1.2759670295633683
            ],
            [
              36.923093797051045,
              -1.2759670295633683
            ],
            [
              36.923093797051045,
              -1.27650601873384
            ],
            [
              36.92381244927834,
              -1.27650601873384
            ],
            [
              36.92381244927834,
              -1.276685681790664
            ],
            [
              36.92399211233516,
              -1.276685681790664
            ],
            [
              36.92399211233516,
              -1.2768653448474878
            ],
            [
              36.92435143844881,
              -1.2768653448474878
            ],
            [
              36.92435143844881,
              -1.2770450079043116
            ],
            [
              36.924531101505636,
              -1.2770450079043116
            ],
            [
              36.924531101505636,
              -1.2768653448474878
            ],
            [
              36.92471076456246,
              -1.2768653448474878
            ],
            [
              36.92471076456246,
              -1.276685681790664
            ],
            [
              36.92489042761928,
              -1.276685681790664
            ],
            [
              36.92489042761928,
              -1.2763263556770161
            ],
            [
              36.92507009067611,
              -1.2763263556770161
            ],
            [
              36.92507009067611,
              -1.2761466926201923
            ],
            [
              36.92489042761928,
              -1.2761466926201923
            ],
            [
              36.92489042761928,
              -1.2750687142792487
            ],
            [
              36.92507009067611,
              -1.2750687142792487
            ],
            [
              36.92507009067611,
              -1.274889051222425
            ],
            [
              36.92560907984658,
              -1.274889051222425
            ],
            [
              36.92560907984658,
              -1.2750687142792487
            ],
            [
              36.92596840596023,
              -1.2750687142792487
            ],
            [
              36.92596840596023,
              -1.2752483773360728
            ],
            [
              36.92614806901705,
              -1.2752483773360728
            ],
            [
              36.92614806901705,
              -1.2750687142792487
            ],
            [
              36.92632773207387,
              -1.2750687142792487
            ],
            [
              36.92632773207387,
              -1.274709388165601
            ],
            [
              36.9265073951307,
              -1.274709388165601
            ],
            [
              36.9265073951307,
              -1.2743500620519532
            ],
            [
              36.926687058187525,
              -1.2743500620519532
            ],
            [
              36.926687058187525,
              -1.2738110728814815
            ],
            [
              36.9265073951307,
              -1.2738110728814815
            ],
            [
              36.9265073951307,
              -1.2734517467678337
            ],
            [
              36.92596840596023,
              -1.2734517467678337
            ]
          ],
          [
            [
              36.92435143844881,
              -1.2750687142792487
            ],
            [
              36.92417177539199,
              -1.2750687142792487
            ],
            [
              36.92417177539199,
              -1.2752483773360728
            ],
            [
              36.92435143844881,
              -1.2752483773360728
            ],
            [
              36.92435143844881,
              -1.2750687142792487
            ]
          ]
        ]
      },
      "id": "+205531-7089",
      "properties": {
        "area_ha": 6.58362171186527,
        "area_m2": 65836.2171186527,
        "class": 0,
        "count": 165
      }
    },
    {
      "type": "Feature",
      "geometry": {
        "geodesic": false,
        "type": "Polygon",
        "coordinates": [
          [
            [
              36.926866721244345,
              -1.261593985017456
            ],
            [
              36.926866721244345,
              -1.2617736480742798
            ],
            [
              36.92632773207387,
              -1.2617736480742798
            ],
            [
              36.92632773207387,
              -1.2619533111311039
            ],
            [
              36.9265073951307,
              -1.2619533111311039
            ],
            [
              36.9265073951307,
              -1.2621329741879277
            ],
            [
              36.92632773207387,
              -1.2621329741879277
            ],
            [
              36.92632773207387,
              -1.2623126372447515
            ],
            [
              36.9265073951307,
              -1.2623126372447515
            ],
            [
              36.9265073951307,
              -1.2626719633583994
            ],
            [
              36.926687058187525,
              -1.2626719633583994
            ],
            [
              36.926687058187525,
              -1.2628516264152232
            ],
            [
              36.92722604735799,
              -1.2628516264152232
            ],
            [
              36.92722604735799,
              -1.2626719633583994
            ],
            [
              36.92740571041482,
              -1.2626719633583994
            ],
            [
              36.92740571041482,
              -1.2624923003015756
            ],
            [
              36.92722604735799,
              -1.2624923003015756
            ],
            [
              36.92722604735799,
              -1.2619533111311039
            ],
            [
              36.92704638430117,
              -1.2619533111311039
            ],
            [
              36.92704638430117,
              -1.261593985017456
            ],
            [
              36.926866721244345,
              -1.261593985017456
            ]
          ]
        ]
      },
      "id": "+205534-7023",
      "properties": {
        "area_ha": 1.0374243519388011,
        "area_m2": 10374.24351938801,
        "class": 0,
        "count": 26
      }
    },
    {
      "type": "Feature",
      "geometry": {
        "geodesic": false,
        "type": "Polygon",
        "coordinates": [
          [
            [
              36.92794469958529,
              -1.2628516264152232
            ],
            [
              36.92794469958529,
              -1.263390615585695
            ],
            [
              36.928124362642116,
              -1.263390615585695
            ],
            [
              36.928124362642116,
              -1.263570278642519
            ],
            [
              36.92794469958529,
              -1.263570278642519
            ],
            [
              36.92794469958529,
              -1.2639296047561668
            ],
            [
              36.928304025698935,
              -1.2639296047561668
            ],
            [
              36.928304025698935,
              -1.2641092678129906
            ],
            [
              36.92848368875576,
              -1.2641092678129906
            ],
            [
              36.92848368875576,
              -1.2642889308698146
            ],
            [
              36.92866335181259,
              -1.2642889308698146
            ],
            [
              36.92866335181259,
              -1.2641092678129906
            ],
            [
              36.92848368875576,
              -1.2641092678129906
            ],
            [
              36.92848368875576,
              -1.2639296047561668
            ],
            [
              36.928304025698935,
              -1.2639296047561668
            ],
            [
              36.928304025698935,
              -1.2637499416993427
            ],
            [
              36.92866335181259,
              -1.2637499416993427
            ],
            [
              36.92866335181259,
              -1.263570278642519
            ],
            [
              36.92848368875576,
              -1.263570278642519
            ],
            [
              36.92848368875576,
              -1.263390615585695
            ],
            [
              36.928304025698935,
              -1.263390615585695
            ],
            [
              36.928304025698935,
              -1.263210952528871
            ],
            [
              36.92884301486941,
              -1.263210952528871
            ],
            [
              36.92884301486941,
              -1.2628516264152232
            ],
            [
              36.92794469958529,
              -1.2628516264152232
            ]
          ]
        ]
      },
      "id": "+205544-7030",
      "properties": {
        "area_ha": 0.8778202132044151,
        "area_m2": 8778.20213204415,
        "class": 0,
        "count": 22
      }
    },
    {
      "type": "Feature",
      "geometry": {
        "geodesic": false,
        "type": "Polygon",
        "coordinates": [
          [
            [
              36.94824662500639,
              -1.2475802665851914
            ],
            [
              36.94824662500639,
              -1.2482989188124871
            ],
            [
              36.948066961949564,
              -1.2482989188124871
            ],
            [
              36.948066961949564,
              -1.248478581869311
            ],
            [
              36.94842628806322,
              -1.248478581869311
            ],
            [
              36.94842628806322,
              -1.2486582449261348
            ],
            [
              36.949504266404155,
              -1.2486582449261348
            ],
            [
              36.949504266404155,
              -1.2488379079829588
            ],
            [
              36.94968392946098,
              -1.2488379079829588
            ],
            [
              36.94968392946098,
              -1.2482989188124871
            ],
            [
              36.94986359251781,
              -1.2482989188124871
            ],
            [
              36.94986359251781,
              -1.2486582449261348
            ],
            [
              36.95004325557463,
              -1.2486582449261348
            ],
            [
              36.95004325557463,
              -1.2488379079829588
            ],
            [
              36.950222918631454,
              -1.2488379079829588
            ],
            [
              36.950222918631454,
              -1.2490175710397826
            ],
            [
              36.95040258168828,
              -1.2490175710397826
            ],
            [
              36.95040258168828,
              -1.2488379079829588
            ],
            [
              36.9505822447451,
              -1.2488379079829588
            ],
            [
              36.9505822447451,
              -1.248478581869311
            ],
            [
              36.95040258168828,
              -1.248478581869311
            ],
            [
              36.95040258168828,
              -1.2482989188124871
            ],
            [
              36.95004325557463,
              -1.2482989188124871
            ],
            [
              36.95004325557463,
              -1.248119255755663
            ],
            [
              36.94968392946098,
              -1.248119255755663
            ],
            [
              36.94968392946098,
              -1.2479395926988393
            ],
            [
              36.949324603347335,
              -1.2479395926988393
            ],
            [
              36.949324603347335,
              -1.2477599296420154
            ],
            [
              36.94860595112004,
              -1.2477599296420154
            ],
            [
              36.94860595112004,
              -1.2475802665851914
            ],
            [
              36.94824662500639,
              -1.2475802665851914
            ]
          ]
        ]
      },
      "id": "+205654-6945",
      "properties": {
        "area_ha": 2.154662134591463,
        "area_m2": 21546.621345914627,
        "class": 0,
        "count": 54
      }
    },
    {
      "type": "Feature",
      "geometry": {
        "geodesic": false,
        "type": "Polygon",
        "coordinates": [
          [
            [
              36.95201954919969,
              -1.2477599296420154
            ],
            [
              36.95201954919969,
              -1.248119255755663
            ],
            [
              36.95183988614287,
              -1.248119255755663
            ],
            [
              36.95183988614287,
              -1.2490175710397826
            ],
            [
              36.951660223086044,
              -1.2490175710397826
            ],
            [
              36.951660223086044,
              -1.2491972340966067
            ],
            [
              36.9513008969724,
              -1.2491972340966067
            ],
            [
              36.9513008969724,
              -1.2495565602102543
            ],
            [
              36.95148056002922,
              -1.2495565602102543
            ],
            [
              36.95148056002922,
              -1.2497362232670783
            ],
            [
              36.95183988614287,
              -1.2497362232670783
            ],
            [
              36.95183988614287,
              -1.2499158863239022
            ],
            [
              36.95219921225652,
              -1.2499158863239022
            ],
            [
              36.95219921225652,
              -1.2500955493807262
            ],
            [
              36.95237887531334,
              -1.2500955493807262
            ],
            [
              36.95237887531334,
              -1.25027521243755
            ],
            [
              36.95273820142699,
              -1.25027521243755
            ],
            [
              36.95273820142699,
              -1.2508142016080217
            ],
            [
              36.95255853837016,
              -1.2508142016080217
            ],
            [
              36.95255853837016,
              -1.2515328538353174
            ],
            [
              36.95291786448381,
              -1.2515328538353174
            ],
            [
              36.95291786448381,
              -1.251892179948965
            ],
            [
              36.953097527540635,
              -1.251892179948965
            ],
            [
              36.953097527540635,
              -1.2515328538353174
            ],
            [
              36.95327719059746,
              -1.2515328538353174
            ],
            [
              36.95327719059746,
              -1.2513531907784934
            ],
            [
              36.953097527540635,
              -1.2513531907784934
            ],
            [
              36.953097527540635,
              -1.2506345385511979
            ],
            [
              36.95327719059746,
              -1.2506345385511979
            ],
            [
              36.95327719059746,
              -1.25027521243755
            ],
            [
              36.95363651671111,
              -1.25027521243755
            ],
            [
              36.95363651671111,
              -1.2500955493807262
            ],
            [
              36.953816179767934,
              -1.2500955493807262
            ],
            [
              36.953816179767934,
              -1.2499158863239022
            ],
            [
              36.95399584282475,
              -1.2499158863239022
            ],
            [
              36.95399584282475,
              -1.248119255755663
            ],
            [
              36.95417550588158,
              -1.248119255755663
            ],
            [
              36.95417550588158,
              -1.2482989188124871
            ],
            [
              36.954355168938406,
              -1.2482989188124871
            ],
            [
              36.954355168938406,
              -1.2479395926988393
            ],
            [
              36.953816179767934,
              -1.2479395926988393
            ],
            [
              36.953816179767934,
              -1.248119255755663
            ],
            [
              36.95327719059746,
              -1.248119255755663
            ],
            [
              36.95327719059746,
              -1.2479395926988393
            ],
            [
              36.95273820142699,
              -1.2479395926988393
            ],
            [
              36.95273820142699,
              -1.248119255755663
            ],
            [
              36.95237887531334,
              -1.248119255755663
            ],
            [
              36.95237887531334,
              -1.2479395926988393
            ],
            [
              36.95219921225652,
              -1.2479395926988393
            ],
            [
              36.95219921225652,
              -1.2477599296420154
            ],
            [
              36.95201954919969,
              -1.2477599296420154
            ]
          ]
        ]
      },
      "id": "+205674-6946",
      "properties": {
        "area_ha": 7.102401876789261,
        "area_m2": 71024.01876789262,
        "class": 0,
        "count": 178
      }
    },
    {
      "type": "Feature",
      "geometry": {
        "geodesic": false,
        "type": "Polygon",
        "coordinates": [
          [
            [
              36.95345685365428,
              -1.2459632990737763
            ],
            [
              36.95345685365428,
              -1.2463226251874242
            ],
            [
              36.95273820142699,
              -1.2463226251874242
            ],
            [
              36.95273820142699,
              -1.2466819513010718
            ],
            [
              36.95255853837016,
              -1.2466819513010718
            ],
            [
              36.95255853837016,
              -1.246502288244248
            ],
            [
              36.95237887531334,
              -1.246502288244248
            ],
            [
              36.95237887531334,
              -1.2470412774147197
            ],
            [
              36.95255853837016,
              -1.2470412774147197
            ],
            [
              36.95255853837016,
              -1.2468616143578959
            ],
            [
              36.95273820142699,
              -1.2468616143578959
            ],
            [
              36.95273820142699,
              -1.2470412774147197
            ],
            [
              36.95291786448381,
              -1.2470412774147197
            ],
            [
              36.95291786448381,
              -1.2468616143578959
            ],
            [
              36.95345685365428,
              -1.2468616143578959
            ],
            [
              36.95345685365428,
              -1.2466819513010718
            ],
            [
              36.95363651671111,
              -1.2466819513010718
            ],
            [
              36.95363651671111,
              -1.246502288244248
            ],
            [
              36.95345685365428,
              -1.246502288244248
            ],
            [
              36.95345685365428,
              -1.2463226251874242
            ],
            [
              36.95399584282475,
              -1.2463226251874242
            ],
            [
              36.95399584282475,
              -1.2461429621306002
            ],
            [
              36.953816179767934,
              -1.2461429621306002
            ],
            [
              36.953816179767934,
              -1.2459632990737763
            ],
            [
              36.95345685365428,
              -1.2459632990737763
            ]
          ],
          [
            [
              36.95291786448381,
              -1.2466819513010718
            ],
            [
              36.95273820142699,
              -1.2466819513010718
            ],
            [
              36.95273820142699,
              -1.2468616143578959
            ],
            [
              36.95291786448381,
              -1.2468616143578959
            ],
            [
              36.95291786448381,
              -1.2466819513010718
            ]
          ],
          [
            [
              36.953097527540635,
              -1.246502288244248
            ],
            [
              36.95291786448381,
              -1.246502288244248
            ],
            [
              36.95291786448381,
              -1.2466819513010718
            ],
            [
              36.953097527540635,
              -1.2466819513010718
            ],
            [
              36.953097527540635,
              -1.246502288244248
            ]
          ],
          [
            [
              36.95345685365428,
              -1.246502288244248
            ],
            [
              36.95327719059746,
              -1.246502288244248
            ],
            [
              36.95327719059746,
              -1.2466819513010718
            ],
            [
              36.95345685365428,
              -1.2466819513010718
            ],
            [
              36.95345685365428,
              -1.246502288244248
            ]
          ]
        ]
      },
      "id": "+205683-6936",
      "properties": {
        "area_ha": 0.798023531308984,
        "area_m2": 7980.235313089839,
        "class": 0,
        "count": 20
      }
    }
  ]
}
