{
  "type": "FeatureCollection",
  "columns": {
    "area_ha": "Number",
    "area_m2": "Float",
    "class": "Short<0, 255>",
    "count": "Long<0, 4294967295>",
    "system:index": "String"
  },
  "features": [
    {
      "type": "Feature",
      "geometry": {
        "geodesic": false,
        "type": "Polygon",
        "coordinates": [
          [
            [
              36.74414939245443,
              -1.2867468129728026
            ],
            [
              36.74414939245443,
              -1.2869264760296264
            ],
            [
              36.74361040328397,
              -1.2869264760296264
            ],
            [
              36.74361040328397,
              -1.2871061390864504
            ],
            [
              36.74343074022714,
              -1.2871061390864504
            ],
            [
              36.74343074022714,
              -1.287465465200098
            ],
            [
              36.74361040328397,
              -1.287465465200098
            ],
            [
              36.74361040328397,
              -1.287824791313746
            ],
            [
              36.74432905551126,
              -1.287824791313746
            ],
            [
              36.74432905551126,
              -1.2876451282569221
            ],
            [
              36.744508718568085,
              -1.2876451282569221
            ],
            [
              36.744508718568085,
              -1.287465465200098
            ],
            [
              36.744688381624904,
              -1.287465465200098
            ],
            [
              36.744688381624904,
              -1.2872858021432743
            ],
            [
              36.74486804468173,
              -1.2872858021432743
            ],
            [
              36.74486804468173,
              -1.2871061390864504
            ],
            [
              36.744688381624904,
              -1.2871061390864504
            ],
            [
              36.744688381624904,
              -1.2867468129728026
            ],
            [
              36.74414939245443,
              -1.2867468129728026
            ]
          ]
        ]
      },
      "id": "+204519-7163",
      "properties": {
        "area_ha": 1.3167181207982617,
        "area_m2": 13167.181207982616,
        "class": 0,
        "count": 33
      }
    },
    {
      "type": "Feature",
      "geometry": {
        "geodesic": false,
        "type": "Polygon",
        "coordinates": [
          [
            [
              36.74486804468173,
              -1.2827942257226768
            ],
            [
              36.74486804468173,
              -1.2829738887795006
            ],
            [
              36.74504770773856,
              -1.2829738887795006
            ],
            [
              36.74504770773856,
              -1.2838722040636201
            ],
            [
              36.74558669690903,
              -1.2838722040636201
            ],
            [
              36.74558669690903,
              -1.284051867120444
            ],
            [
              36.745946023022675,
              -1.284051867120444
            ],
            [
              36.745946023022675,
              -1.2838722040636201
            ],
            [
              36.74630534913632,
              -1.2838722040636201
            ],
            [
              36.74630534913632,
              -1.284051867120444
            ],
            [
              36.746125686079495,
              -1.284051867120444
            ],
            [
              36.746125686079495,
              -1.284231530177268
            ],
            [
              36.74648501219315,
              -1.284231530177268
            ],
            [
              36.74648501219315,
              -1.284051867120444
            ],
            [
              36.74666467524997,
              -1.284051867120444
            ],
            [
              36.74666467524997,
              -1.2836925410067963
            ],
            [
              36.74648501219315,
              -1.2836925410067963
            ],
            [
              36.74648501219315,
              -1.2833332148931484
            ],
            [
              36.74576635996585,
              -1.2833332148931484
            ],
            [
              36.74576635996585,
              -1.2831535518363244
            ],
            [
              36.74558669690903,
              -1.2831535518363244
            ],
            [
              36.74558669690903,
              -1.2829738887795006
            ],
            [
              36.74522737079538,
              -1.2829738887795006
            ],
            [
              36.74522737079538,
              -1.2827942257226768
            ],
            [
              36.74486804468173,
              -1.2827942257226768
            ]
          ],
          [
            [
              36.74558669690903,
              -1.2835128779499723
            ],
            [
              36.7454070338522,
              -1.2835128779499723
            ],
            [
              36.7454070338522,
              -1.2836925410067963
            ],
            [
              36.74558669690903,
              -1.2836925410067963
            ],
            [
              36.74558669690903,
              -1.2835128779499723
            ]
          ]
        ]
      },
      "id": "+204522-7141",
      "properties": {
        "area_ha": 1.556123679437943,
        "area_m2": 15561.236794379429,
        "class": 0,
        "count": 39
      }
    },
    {
      "type": "Feature",
      "geometry": {
        "geodesic": false,
        "type": "Polygon",
        "coordinates": [
          [
            [
              36.74846130581821,
              -1.2795602906998464
            ],
            [
              36.74846130581821,
              -1.280278942927142
            ],
            [
              36.74864096887503,
              -1.280278942927142
            ],
            [
              36.74864096887503,
              -1.2808179320976136
            ],
            [
              36.748820631931856,
              -1.2808179320976136
            ],
            [
              36.748820631931856,
              -1.2809975951544377
            ],
            [
              36.74900029498868,
              -1.2809975951544377
            ],
            [
              36.74900029498868,
              -1.2808179320976136
            ],
            [
              36.7491799580455,
              -1.2808179320976136
            ],
            [
              36.7491799580455,
              -1.2806382690407898
            ],
            [
              36.74935962110233,
              -1.2806382690407898
            ],
            [
              36.74935962110233,
              -1.280458605983966
            ],
            [
              36.749539284159155,
              -1.280458605983966
            ],
            [
              36.749539284159155,
              -1.280278942927142
            ],
            [
              36.749718947215975,
              -1.280278942927142
            ],
            [
              36.749718947215975,
              -1.2799196168134943
            ],
            [
              36.749539284159155,
              -1.2799196168134943
            ],
            [
              36.749539284159155,
              -1.2797399537566703
            ],
            [
              36.74935962110233,
              -1.2797399537566703
            ],
            [
              36.74935962110233,
              -1.2795602906998464
            ],
            [
              36.74846130581821,
              -1.2795602906998464
            ]
          ]
        ]
      },
      "id": "+204545-7123",
      "properties": {
        "area_ha": 1.5162250676302549,
        "area_m2": 15162.250676302549,
        "class": 0,
        "count": 38
      }
    },
    {
      "type": "Feature",
      "geometry": {
        "geodesic": false,
        "type": "Polygon",
        "coordinates": [
          [
            [
              36.75277321918198,
              -1.2797399537566703
            ],
            [
              36.75277321918198,
              -1.2799196168134943
            ],
            [
              36.752413893068336,
              -1.2799196168134943
            ],
            [
              36.752413893068336,
              -1.2800992798703181
            ],
            [
              36.75205456695468,
              -1.2800992798703181
            ],
            [
              36.75205456695468,
              -1.2808179320976136
            ],
            [
              36.75223423001151,
              -1.2808179320976136
            ],
            [
              36.75223423001151,
              -1.2809975951544377
            ],
            [
              36.752593556125156,
              -1.2809975951544377
            ],
            [
              36.752593556125156,
              -1.2811772582112615
            ],
            [
              36.75295288223881,
              -1.2811772582112615
            ],
            [
              36.75295288223881,
              -1.2813569212680855
            ],
            [
              36.75313254529563,
              -1.2813569212680855
            ],
            [
              36.75313254529563,
              -1.2797399537566703
            ],
            [
              36.75277321918198,
              -1.2797399537566703
            ]
          ]
        ]
      },
      "id": "+204566-7124",
      "properties": {
        "area_ha": 1.5561255386591801,
        "area_m2": 15561.255386591802,
        "class": 0,
        "count": 39
      }
    },
    {
      "type": "Feature",
      "geometry": {
        "geodesic": false,
        "type": "Polygon",
        "coordinates": [
          [
            [
              36.75313254529563,
              -1.2829738887795006
            ],
            [
              36.75313254529563,
              -1.2831535518363244
            ],
            [
              36.753312208352455,
              -1.2831535518363244
            ],
            [
              36.753312208352455,
              -1.2833332148931484
            ],
            [
              36.75295288223881,
              -1.2833332148931484
            ],
            [
              36.75295288223881,
              -1.2831535518363244
            ],
            [
              36.75277321918198,
              -1.2831535518363244
            ],
            [
              36.75277321918198,
              -1.2838722040636201
            ],
            [
              36.75295288223881,
              -1.2838722040636201
            ],
            [
              36.75295288223881,
              -1.284231530177268
            ],
            [
              36.75277321918198,
              -1.284231530177268
            ],
            [
              36.75277321918198,
              -1.2847705193477397
            ],
            [
              36.75295288223881,
              -1.2847705193477397
            ],
            [
              36.75295288223881,
              -1.2849501824045635
            ],
            [
              36.7536715344661,
              -1.2849501824045635
            ],
            [
              36.7536715344661,
              -1.2847705193477397
            ],
            [
              36.75385119752293,
              -1.2847705193477397
            ],
            [
              36.75385119752293,
              -1.2844111932340918
            ],
            [
              36.7536715344661,
              -1.2844111932340918
            ],
            [
              36.7536715344661,
              -1.2833332148931484
            ],
            [
              36.75349187140928,
              -1.2833332148931484
            ],
            [
              36.75349187140928,
              -1.2831535518363244
            ],
            [
              36.753312208352455,
              -1.2831535518363244
            ],
            [
              36.753312208352455,
              -1.2829738887795006
            ],
            [
              36.75313254529563,
              -1.2829738887795006
            ]
          ]
        ]
      },
      "id": "+204567-7142",
      "properties": {
        "area_ha": 1.8753281675992988,
        "area_m2": 18753.28167599299,
        "class": 0,
        "count": 47
      }
    },
    {
      "type": "Feature",
      "geometry": {
        "geodesic": false,
        "type": "Polygon",
        "coordinates": [
          [
            [
              36.75313254529563,
              -1.2869264760296264
            ],
            [
              36.75313254529563,
              -1.2872858021432743
            ],
            [
              36.75295288223881,
              -1.2872858021432743
            ],
            [
              36.75295288223881,
              -1.287465465200098
            ],
            [
              36.75277321918198,
              -1.287465465200098
            ],
            [
              36.75277321918198,
              -1.287824791313746
            ],
            [
              36.752593556125156,
              -1.287824791313746
            ],
            [
              36.752593556125156,
              -1.2881841174273938
            ],
            [
              36.75295288223881,
              -1.2881841174273938
            ],
            [
              36.75295288223881,
              -1.2883637804842176
            ],
            [
              36.753312208352455,
              -1.2883637804842176
            ],
            [
              36.753312208352455,
              -1.2881841174273938
            ],
            [
              36.75349187140928,
              -1.2881841174273938
            ],
            [
              36.75349187140928,
              -1.2872858021432743
            ],
            [
              36.753312208352455,
              -1.2872858021432743
            ],
            [
              36.753312208352455,
              -1.2869264760296264
            ],
            [
              36.75313254529563,
              -1.2869264760296264
            ]
          ]
        ]
      },
      "id": "+204567-7164",
      "properties": {
        "area_ha": 0.9975135426187226,
        "area_m2": 9975.135426187226,
        "class": 0,
        "count": 25
      }
    },
    {
      "type": "Feature",
      "geometry": {
        "geodesic": false,
        "type": "Polygon",
        "coordinates": [
          [
            [
              36.753312208352455,
              -1.2856688346318592
            ],
            [
              36.753312208352455,
              -1.285848497688683
            ],
            [
              36.75277321918198,
              -1.285848497688683
            ],
            [
              36.75277321918198,
              -1.2860281607455069
            ],
            [
              36.75295288223881,
              -1.2860281607455069
            ],
            [
              36.75295288223881,
              -1.286207823802331
            ],
            [
              36.75313254529563,
              -1.286207823802331
            ],
            [
              36.75313254529563,
              -1.2863874868591547
            ],
            [
              36.753312208352455,
              -1.2863874868591547
            ],
            [
              36.753312208352455,
              -1.2867468129728026
            ],
            [
              36.75349187140928,
              -1.2867468129728026
            ],
            [
              36.75349187140928,
              -1.2869264760296264
            ],
            [
              36.75421052363657,
              -1.2869264760296264
            ],
            [
              36.75421052363657,
              -1.2871061390864504
            ],
            [
              36.7543901866934,
              -1.2871061390864504
            ],
            [
              36.7543901866934,
              -1.287465465200098
            ],
            [
              36.754030860579746,
              -1.287465465200098
            ],
            [
              36.754030860579746,
              -1.28800445437057
            ],
            [
              36.75385119752293,
              -1.28800445437057
            ],
            [
              36.75385119752293,
              -1.2881841174273938
            ],
            [
              36.754030860579746,
              -1.2881841174273938
            ],
            [
              36.754030860579746,
              -1.2883637804842176
            ],
            [
              36.7543901866934,
              -1.2883637804842176
            ],
            [
              36.7543901866934,
              -1.2881841174273938
            ],
            [
              36.75456984975022,
              -1.2881841174273938
            ],
            [
              36.75456984975022,
              -1.28800445437057
            ],
            [
              36.75492917586387,
              -1.28800445437057
            ],
            [
              36.75492917586387,
              -1.287824791313746
            ],
            [
              36.75510883892069,
              -1.287824791313746
            ],
            [
              36.75510883892069,
              -1.287465465200098
            ],
            [
              36.75492917586387,
              -1.287465465200098
            ],
            [
              36.75492917586387,
              -1.2871061390864504
            ],
            [
              36.754749512807045,
              -1.2871061390864504
            ],
            [
              36.754749512807045,
              -1.2867468129728026
            ],
            [
              36.75510883892069,
              -1.2867468129728026
            ],
            [
              36.75510883892069,
              -1.2863874868591547
            ],
            [
              36.75528850197752,
              -1.2863874868591547
            ],
            [
              36.75528850197752,
              -1.285848497688683
            ],
            [
              36.75456984975022,
              -1.285848497688683
            ],
            [
              36.75456984975022,
              -1.2860281607455069
            ],
            [
              36.7543901866934,
              -1.2860281607455069
            ],
            [
              36.7543901866934,
              -1.285848497688683
            ],
            [
              36.75385119752293,
              -1.285848497688683
            ],
            [
              36.75385119752293,
              -1.2856688346318592
            ],
            [
              36.753312208352455,
              -1.2856688346318592
            ]
          ]
        ]
      },
      "id": "+204570-7157",
      "properties": {
        "area_ha": 3.9900557502818637,
        "area_m2": 39900.557502818636,
        "class": 0,
        "count": 100
      }
    },
    {
      "type": "Feature",
      "geometry": {
        "geodesic": false,
        "type": "Polygon",
        "coordinates": [
          [
            [
              36.75510883892069,
              -1.2998622161209477
            ],
            [
              36.75528850197752,
              -1.2998622161209477
            ],
            [
              36.75528850197752,
              -1.3000418791777715
            ],
            [
              36.75564782809116,
              -1.3000418791777715
            ],
            [
              36.75564782809116,
              -1.2998622161209477
            ],
            [
              36.75582749114799,
              -1.2998622161209477
            ],
            [
              36.75582749114799,
              -1.2996825530641236
            ],
            [
              36.75600715420481,
              -1.2996825530641236
            ],
            [
              36.75600715420481,
              -1.2995028900072998
            ],
            [
              36.756186817261636,
              -1.2995028900072998
            ],
            [
              36.756186817261636,
              -1.2996825530641236
            ],
            [
              36.757085132545754,
              -1.2996825530641236
            ],
            [
              36.757085132545754,
              -1.299323226950476
            ],
            [
              36.75726479560258,
              -1.299323226950476
            ],
            [
              36.75726479560258,
              -1.2989639008368281
            ],
            [
              36.757085132545754,
              -1.2989639008368281
            ],
            [
              36.757085132545754,
              -1.298784237780004
            ],
            [
              36.75672580643211,
              -1.298784237780004
            ],
            [
              36.75672580643211,
              -1.2989639008368281
            ],
            [
              36.75636648031846,
              -1.2989639008368281
            ],
            [
              36.75636648031846,
              -1.299143563893652
            ],
            [
              36.756186817261636,
              -1.299143563893652
            ],
            [
              36.756186817261636,
              -1.2989639008368281
            ],
            [
              36.75600715420481,
              -1.2989639008368281
            ],
            [
              36.75600715420481,
              -1.298784237780004
            ],
            [
              36.75582749114799,
              -1.298784237780004
            ],
            [
              36.75582749114799,
              -1.2986045747231802
            ],
            [
              36.75564782809116,
              -1.2986045747231802
            ],
            [
              36.75564782809116,
              -1.2984249116663564
            ],
            [
              36.755468165034344,
              -1.2984249116663564
            ],
            [
              36.755468165034344,
              -1.2982452486095324
            ],
            [
              36.75528850197752,
              -1.2982452486095324
            ],
            [
              36.75528850197752,
              -1.2984249116663564
            ],
            [
              36.75492917586387,
              -1.2984249116663564
            ],
            [
              36.75492917586387,
              -1.2986045747231802
            ],
            [
              36.7543901866934,
              -1.2986045747231802
            ],
            [
              36.7543901866934,
              -1.298784237780004
            ],
            [
              36.754030860579746,
              -1.298784237780004
            ],
            [
              36.754030860579746,
              -1.299143563893652
            ],
            [
              36.75421052363657,
              -1.299143563893652
            ],
            [
              36.75421052363657,
              -1.299323226950476
            ],
            [
              36.7543901866934,
              -1.299323226950476
            ],
            [
              36.7543901866934,
              -1.2995028900072998
            ],
            [
              36.75492917586387,
              -1.2995028900072998
            ],
            [
              36.75492917586387,
              -1.2996825530641236
            ],
            [
              36.75510883892069,
              -1.2996825530641236
            ],
            [
              36.75510883892069,
              -1.2998622161209477
            ]
          ]
        ]
      },
      "id": "+204579-7227",
      "properties": {
        "area_ha": 3.6708333454801423,
        "area_m2": 36708.333454801425,
        "class": 0,
        "count": 92
      }
    },
    {
      "type": "Feature",
      "geometry": {
        "geodesic": false,
        "type": "Polygon",
        "coordinates": [
          [
            [
              36.75492917586387,
              -1.2813569212680855
            ],
            [
              36.75528850197752,
              -1.2813569212680855
            ],
            [
              36.75528850197752,
              -1.2817162473817332
            ],
            [
              36.755468165034344,
              -1.2817162473817332
            ],
            [
              36.755468165034344,
              -1.2813569212680855
            ],
            [
              36.75564782809116,
              -1.2813569212680855
            ],
            [
              36.75564782809116,
              -1.2808179320976136
            ],
            [
              36.75510883892069,
              -1.2808179320976136
            ],
            [
              36.75510883892069,
              -1.2809975951544377
            ],
            [
              36.75492917586387,
              -1.2809975951544377
            ],
            [
              36.75492917586387,
              -1.2813569212680855
            ]
          ]
        ]
      },
      "id": "+204580-7130",
      "properties": {
        "area_ha": 0.5187083754129796,
        "area_m2": 5187.083754129797,
        "class": 0,
        "count": 13
      }
    },
    {
      "type": "Feature",
      "geometry": {
        "geodesic": false,
        "type": "Polygon",
        "coordinates": [
          [
            [
              36.75744445865941,
              -1.2788416384725507
            ],
            [
              36.75744445865941,
              -1.2790213015293748
            ],
            [
              36.75726479560258,
              -1.2790213015293748
            ],
            [
              36.75726479560258,
              -1.2792009645861986
            ],
            [
              36.757085132545754,
              -1.2792009645861986
            ],
            [
              36.757085132545754,
              -1.2793806276430224
            ],
            [
              36.75726479560258,
              -1.2793806276430224
            ],
            [
              36.75726479560258,
              -1.2795602906998464
            ],
            [
              36.75798344782987,
              -1.2795602906998464
            ],
            [
              36.75798344782987,
              -1.2793806276430224
            ],
            [
              36.758342773943525,
              -1.2793806276430224
            ],
            [
              36.758342773943525,
              -1.2792009645861986
            ],
            [
              36.7581631108867,
              -1.2792009645861986
            ],
            [
              36.7581631108867,
              -1.2788416384725507
            ],
            [
              36.75744445865941,
              -1.2788416384725507
            ]
          ]
        ]
      },
      "id": "+204594-7119",
      "properties": {
        "area_ha": 0.7980135024801747,
        "area_m2": 7980.135024801746,
        "class": 0,
        "count": 20
      }
    },
    {
      "type": "Feature",
      "geometry": {
        "geodesic": false,
        "type": "Polygon",
        "coordinates": [
          [
            [
              36.77253615543261,
              -1.3081267167348472
            ],
            [
              36.77253615543261,
              -1.3083063797916712
            ],
            [
              36.772356492375785,
              -1.3083063797916712
            ],
            [
              36.772356492375785,
              -1.3086657059053188
            ],
            [
              36.77253615543261,
              -1.3086657059053188
            ],
            [
              36.77253615543261,
              -1.3088453689621429
            ],
            [
              36.772356492375785,
              -1.3088453689621429
            ],
            [
              36.772356492375785,
              -1.3095640211894384
            ],
            [
              36.772176829318965,
              -1.3095640211894384
            ],
            [
              36.772176829318965,
              -1.310282673416734
            ],
            [
              36.772356492375785,
              -1.310282673416734
            ],
            [
              36.772356492375785,
              -1.3106419995303817
            ],
            [
              36.77253615543261,
              -1.3106419995303817
            ],
            [
              36.77253615543261,
              -1.3111809887008536
            ],
            [
              36.77271581848944,
              -1.3111809887008536
            ],
            [
              36.77271581848944,
              -1.3115403148145013
            ],
            [
              36.77289548154626,
              -1.3115403148145013
            ],
            [
              36.77289548154626,
              -1.3117199778713253
            ],
            [
              36.773075144603084,
              -1.3117199778713253
            ],
            [
              36.773075144603084,
              -1.3118996409281491
            ],
            [
              36.77325480765991,
              -1.3118996409281491
            ],
            [
              36.77325480765991,
              -1.312258967041797
            ],
            [
              36.773614133773556,
              -1.312258967041797
            ],
            [
              36.773614133773556,
              -1.3124386300986208
            ],
            [
              36.77379379683038,
              -1.3124386300986208
            ],
            [
              36.77379379683038,
              -1.3126182931554449
            ],
            [
              36.7739734598872,
              -1.3126182931554449
            ],
            [
              36.7739734598872,
              -1.3127979562122687
            ],
            [
              36.77415312294403,
              -1.3127979562122687
            ],
            [
              36.77415312294403,
              -1.3129776192690925
            ],
            [
              36.77433278600085,
              -1.3129776192690925
            ],
            [
              36.77433278600085,
              -1.3131572823259166
            ],
            [
              36.77523110128497,
              -1.3131572823259166
            ],
            [
              36.77523110128497,
              -1.3133369453827404
            ],
            [
              36.77559042739862,
              -1.3133369453827404
            ],
            [
              36.77559042739862,
              -1.3131572823259166
            ],
            [
              36.775770090455445,
              -1.3131572823259166
            ],
            [
              36.775770090455445,
              -1.3126182931554449
            ],
            [
              36.775949753512265,
              -1.3126182931554449
            ],
            [
              36.775949753512265,
              -1.3124386300986208
            ],
            [
              36.775770090455445,
              -1.3124386300986208
            ],
            [
              36.775770090455445,
              -1.312258967041797
            ],
            [
              36.775949753512265,
              -1.312258967041797
            ],
            [
              36.775949753512265,
              -1.3118996409281491
            ],
            [
              36.77559042739862,
              -1.3118996409281491
            ],
            [
              36.77559042739862,
              -1.3120793039849732
            ],
            [
              36.77505143822815,
              -1.3120793039849732
            ],
            [
              36.77505143822815,
              -1.3117199778713253
            ],
            [
              36.77487177517132,
              -1.3117199778713253
            ],
            [
              36.77487177517132,
              -1.3108216625872058
            ],
            [
              36.7746921121145,
              -1.3108216625872058
            ],
            [
              36.7746921121145,
              -1.3106419995303817
            ],
            [
              36.77415312294403,
              -1.3106419995303817
            ],
            [
              36.77415312294403,
              -1.310462336473558
            ],
            [
              36.77379379683038,
              -1.310462336473558
            ],
            [
              36.77379379683038,
              -1.31010301035991
            ],
            [
              36.773614133773556,
              -1.31010301035991
            ],
            [
              36.773614133773556,
              -1.3099233473030862
            ],
            [
              36.77343447071673,
              -1.3099233473030862
            ],
            [
              36.77343447071673,
              -1.3095640211894384
            ],
            [
              36.77325480765991,
              -1.3095640211894384
            ],
            [
              36.77325480765991,
              -1.3093843581326146
            ],
            [
              36.773075144603084,
              -1.3093843581326146
            ],
            [
              36.773075144603084,
              -1.3090250320189667
            ],
            [
              36.77289548154626,
              -1.3090250320189667
            ],
            [
              36.77289548154626,
              -1.3086657059053188
            ],
            [
              36.77271581848944,
              -1.3086657059053188
            ],
            [
              36.77271581848944,
              -1.3081267167348472
            ],
            [
              36.77253615543261,
              -1.3081267167348472
            ]
          ],
          [
            [
              36.7739734598872,
              -1.3110013256440296
            ],
            [
              36.77379379683038,
              -1.3110013256440296
            ],
            [
              36.77379379683038,
              -1.3111809887008536
            ],
            [
              36.773614133773556,
              -1.3111809887008536
            ],
            [
              36.773614133773556,
              -1.3117199778713253
            ],
            [
              36.7739734598872,
              -1.3117199778713253
            ],
            [
              36.7739734598872,
              -1.3115403148145013
            ],
            [
              36.77415312294403,
              -1.3115403148145013
            ],
            [
              36.77415312294403,
              -1.3113606517576775
            ],
            [
              36.7739734598872,
              -1.3113606517576775
            ],
            [
              36.7739734598872,
              -1.3110013256440296
            ]
          ]
        ]
      },
      "id": "+204675-7282",
      "properties": {
        "area_ha": 9.097239025985063,
        "area_m2": 90972.39025985064,
        "class": 0,
        "count": 228
      }
    },
    {
      "type": "Feature",
      "geometry": {
        "geodesic": false,
        "type": "Polygon",
        "coordinates": [
          [
            [
              36.77559042739862,
              -1.31423526066686
            ],
            [
              36.77559042739862,
              -1.3144149237236837
            ],
            [
              36.77541076434179,
              -1.3144149237236837
            ],
            [
              36.77541076434179,
              -1.3154929020646273
            ],
            [
              36.77559042739862,
              -1.3154929020646273
            ],
            [
              36.77559042739862,
              -1.3156725651214511
            ],
            [
              36.775949753512265,
              -1.3156725651214511
            ],
            [
              36.775949753512265,
              -1.315852228178275
            ],
            [
              36.77612941656909,
              -1.315852228178275
            ],
            [
              36.77612941656909,
              -1.316031891235099
            ],
            [
              36.77630907962591,
              -1.316031891235099
            ],
            [
              36.77630907962591,
              -1.3147742498373316
            ],
            [
              36.77612941656909,
              -1.3147742498373316
            ],
            [
              36.77612941656909,
              -1.3144149237236837
            ],
            [
              36.775949753512265,
              -1.3144149237236837
            ],
            [
              36.775949753512265,
              -1.31423526066686
            ],
            [
              36.77559042739862,
              -1.31423526066686
            ]
          ]
        ]
      },
      "id": "+204693-7316",
      "properties": {
        "area_ha": 1.4763040502605944,
        "area_m2": 14763.040502605945,
        "class": 0,
        "count": 37
      }
    },
    {
      "type": "Feature",
      "geometry": {
        "geodesic": false,
        "type": "Polygon",
        "coordinates": [
          [
            [
              36.778824362421446,
              -1.3083063797916712
            ],
            [
              36.778824362421446,
              -1.308486042848495
            ],
            [
              36.77900402547827,
              -1.308486042848495
            ],
            [
              36.77900402547827,
              -1.3086657059053188
            ],
            [
              36.778824362421446,
              -1.3086657059053188
            ],
            [
              36.778824362421446,
              -1.3088453689621429
            ],
            [
              36.77900402547827,
              -1.3088453689621429
            ],
            [
              36.77900402547827,
              -1.3090250320189667
            ],
            [
              36.778824362421446,
              -1.3090250320189667
            ],
            [
              36.778824362421446,
              -1.3092046950757905
            ],
            [
              36.77864469936463,
              -1.3092046950757905
            ],
            [
              36.77864469936463,
              -1.3093843581326146
            ],
            [
              36.77900402547827,
              -1.3093843581326146
            ],
            [
              36.77900402547827,
              -1.3095640211894384
            ],
            [
              36.7791836885351,
              -1.3095640211894384
            ],
            [
              36.7791836885351,
              -1.3097436842462624
            ],
            [
              36.78008200381922,
              -1.3097436842462624
            ],
            [
              36.78008200381922,
              -1.3095640211894384
            ],
            [
              36.78026166687604,
              -1.3095640211894384
            ],
            [
              36.78026166687604,
              -1.3093843581326146
            ],
            [
              36.78008200381922,
              -1.3093843581326146
            ],
            [
              36.78008200381922,
              -1.3092046950757905
            ],
            [
              36.77990234076239,
              -1.3092046950757905
            ],
            [
              36.77990234076239,
              -1.3093843581326146
            ],
            [
              36.779543014648745,
              -1.3093843581326146
            ],
            [
              36.779543014648745,
              -1.3095640211894384
            ],
            [
              36.77936335159192,
              -1.3095640211894384
            ],
            [
              36.77936335159192,
              -1.3086657059053188
            ],
            [
              36.7791836885351,
              -1.3086657059053188
            ],
            [
              36.7791836885351,
              -1.3083063797916712
            ],
            [
              36.778824362421446,
              -1.3083063797916712
            ]
          ],
          [
            [
              36.7791836885351,
              -1.3092046950757905
            ],
            [
              36.77900402547827,
              -1.3092046950757905
            ],
            [
              36.77900402547827,
              -1.3093843581326146
            ],
            [
              36.7791836885351,
              -1.3093843581326146
            ],
            [
              36.7791836885351,
              -1.3092046950757905
            ]
          ]
        ]
      },
      "id": "+204711-7283",
      "properties": {
        "area_ha": 1.0374053095797966,
        "area_m2": 10374.053095797966,
        "class": 0,
        "count": 26
      }
    },
    {
      "type": "Feature",
      "geometry": {
        "geodesic": false,
        "type": "Polygon",
        "coordinates": [
          [
            [
              36.78529223246711,
              -1.3070487383939038
            ],
            [
              36.78529223246711,
              -1.3074080645075516
            ],
            [
              36.78493290635346,
              -1.3074080645075516
            ],
            [
              36.78493290635346,
              -1.3077673906211993
            ],
            [
              36.784753243296635,
              -1.3077673906211993
            ],
            [
              36.784753243296635,
              -1.3079470536780233
            ],
            [
              36.784573580239815,
              -1.3079470536780233
            ],
            [
              36.784573580239815,
              -1.3083063797916712
            ],
            [
              36.78439391718299,
              -1.3083063797916712
            ],
            [
              36.78439391718299,
              -1.308486042848495
            ],
            [
              36.78421425412616,
              -1.308486042848495
            ],
            [
              36.78421425412616,
              -1.3088453689621429
            ],
            [
              36.784573580239815,
              -1.3088453689621429
            ],
            [
              36.784573580239815,
              -1.3086657059053188
            ],
            [
              36.78654987386488,
              -1.3086657059053188
            ],
            [
              36.78654987386488,
              -1.308486042848495
            ],
            [
              36.78637021080805,
              -1.308486042848495
            ],
            [
              36.78637021080805,
              -1.3083063797916712
            ],
            [
              36.786010884694406,
              -1.3083063797916712
            ],
            [
              36.786010884694406,
              -1.3079470536780233
            ],
            [
              36.78583122163758,
              -1.3079470536780233
            ],
            [
              36.78583122163758,
              -1.3072284014507276
            ],
            [
              36.78565155858076,
              -1.3072284014507276
            ],
            [
              36.78565155858076,
              -1.3074080645075516
            ],
            [
              36.78547189552393,
              -1.3074080645075516
            ],
            [
              36.78547189552393,
              -1.3070487383939038
            ],
            [
              36.78529223246711,
              -1.3070487383939038
            ]
          ]
        ]
      },
      "id": "+204746-7276",
      "properties": {
        "area_ha": 2.433913743752242,
        "area_m2": 24339.13743752242,
        "class": 0,
        "count": 61
      }
    },
    {
      "type": "Feature",
      "geometry": {
        "geodesic": false,
        "type": "Polygon",
        "coordinates": [
          [
            [
              36.78708886303535,
              -1.306509749223432
            ],
            [
              36.78708886303535,
              -1.306689412280256
            ],
            [
              36.78654987386488,
              -1.306689412280256
            ],
            [
              36.78654987386488,
              -1.3068690753370797
            ],
            [
              36.78637021080805,
              -1.3068690753370797
            ],
            [
              36.78637021080805,
              -1.3072284014507276
            ],
            [
              36.7867295369217,
              -1.3072284014507276
            ],
            [
              36.7867295369217,
              -1.3075877275643755
            ],
            [
              36.787448189148996,
              -1.3075877275643755
            ],
            [
              36.787448189148996,
              -1.3077673906211993
            ],
            [
              36.78780751526264,
              -1.3077673906211993
            ],
            [
              36.78780751526264,
              -1.3075877275643755
            ],
            [
              36.78762785220582,
              -1.3075877275643755
            ],
            [
              36.78762785220582,
              -1.3070487383939038
            ],
            [
              36.787448189148996,
              -1.3070487383939038
            ],
            [
              36.787448189148996,
              -1.3068690753370797
            ],
            [
              36.78726852609217,
              -1.3068690753370797
            ],
            [
              36.78726852609217,
              -1.306509749223432
            ],
            [
              36.78708886303535,
              -1.306509749223432
            ]
          ]
        ]
      },
      "id": "+204756-7273",
      "properties": {
        "area_ha": 1.197007080134126,
        "area_m2": 11970.070801341259,
        "class": 0,
        "count": 30
      }
    },
    {
      "type": "Feature",
      "geometry": {
        "geodesic": false,
        "type": "Polygon",
        "coordinates": [
          [
            [
              36.78726852609217,
              -1.3113606517576775
            ],
            [
              36.78726852609217,
              -1.3115403148145013
            ],
            [
              36.78708886303535,
              -1.3115403148145013
            ],
            [
              36.78708886303535,
              -1.3117199778713253
            ],
            [
              36.786909199978524,
              -1.3117199778713253
            ],
            [
              36.786909199978524,
              -1.312258967041797
            ],
            [
              36.786010884694406,
              -1.312258967041797
            ],
            [
              36.786010884694406,
              -1.3124386300986208
            ],
            [
              36.78583122163758,
              -1.3124386300986208
            ],
            [
              36.78583122163758,
              -1.3126182931554449
            ],
            [
              36.78565155858076,
              -1.3126182931554449
            ],
            [
              36.78565155858076,
              -1.3127979562122687
            ],
            [
              36.78529223246711,
              -1.3127979562122687
            ],
            [
              36.78529223246711,
              -1.3126182931554449
            ],
            [
              36.784753243296635,
              -1.3126182931554449
            ],
            [
              36.784753243296635,
              -1.3127979562122687
            ],
            [
              36.784573580239815,
              -1.3127979562122687
            ],
            [
              36.784573580239815,
              -1.3133369453827404
            ],
            [
              36.78439391718299,
              -1.3133369453827404
            ],
            [
              36.78439391718299,
              -1.3135166084395644
            ],
            [
              36.78421425412616,
              -1.3135166084395644
            ],
            [
              36.78421425412616,
              -1.3136962714963882
            ],
            [
              36.78439391718299,
              -1.3136962714963882
            ],
            [
              36.78439391718299,
              -1.313875934553212
            ],
            [
              36.78421425412616,
              -1.313875934553212
            ],
            [
              36.78421425412616,
              -1.314055597610036
            ],
            [
              36.78403459106934,
              -1.314055597610036
            ],
            [
              36.78403459106934,
              -1.313875934553212
            ],
            [
              36.783315938842044,
              -1.313875934553212
            ],
            [
              36.783315938842044,
              -1.3136962714963882
            ],
            [
              36.783136275785225,
              -1.3136962714963882
            ],
            [
              36.783136275785225,
              -1.313875934553212
            ],
            [
              36.78259728661475,
              -1.313875934553212
            ],
            [
              36.78259728661475,
              -1.314055597610036
            ],
            [
              36.782417623557926,
              -1.314055597610036
            ],
            [
              36.782417623557926,
              -1.31423526066686
            ],
            [
              36.7822379605011,
              -1.31423526066686
            ],
            [
              36.7822379605011,
              -1.3144149237236837
            ],
            [
              36.78187863438745,
              -1.3144149237236837
            ],
            [
              36.78187863438745,
              -1.3145945867805078
            ],
            [
              36.78151930827381,
              -1.3145945867805078
            ],
            [
              36.78151930827381,
              -1.3147742498373316
            ],
            [
              36.78115998216016,
              -1.3147742498373316
            ],
            [
              36.78115998216016,
              -1.3149539128941556
            ],
            [
              36.78062099298969,
              -1.3149539128941556
            ],
            [
              36.78062099298969,
              -1.3151335759509795
            ],
            [
              36.78026166687604,
              -1.3151335759509795
            ],
            [
              36.78026166687604,
              -1.3153132390078033
            ],
            [
              36.77990234076239,
              -1.3153132390078033
            ],
            [
              36.77990234076239,
              -1.3154929020646273
            ],
            [
              36.77972267770557,
              -1.3154929020646273
            ],
            [
              36.77972267770557,
              -1.3156725651214511
            ],
            [
              36.77900402547827,
              -1.3156725651214511
            ],
            [
              36.77900402547827,
              -1.315852228178275
            ],
            [
              36.77864469936463,
              -1.315852228178275
            ],
            [
              36.77864469936463,
              -1.316031891235099
            ],
            [
              36.7784650363078,
              -1.316031891235099
            ],
            [
              36.7784650363078,
              -1.3162115542919228
            ],
            [
              36.778285373250974,
              -1.3162115542919228
            ],
            [
              36.778285373250974,
              -1.316031891235099
            ],
            [
              36.778105710194154,
              -1.316031891235099
            ],
            [
              36.778105710194154,
              -1.315852228178275
            ],
            [
              36.777387057966855,
              -1.315852228178275
            ],
            [
              36.777387057966855,
              -1.3163912173487469
            ],
            [
              36.777207394910036,
              -1.3163912173487469
            ],
            [
              36.777207394910036,
              -1.3167505434623945
            ],
            [
              36.776668405739564,
              -1.3167505434623945
            ],
            [
              36.776668405739564,
              -1.3165708804055707
            ],
            [
              36.77648874268274,
              -1.3165708804055707
            ],
            [
              36.77648874268274,
              -1.3163912173487469
            ],
            [
              36.7746921121145,
              -1.3163912173487469
            ],
            [
              36.7746921121145,
              -1.3167505434623945
            ],
            [
              36.77487177517132,
              -1.3167505434623945
            ],
            [
              36.77487177517132,
              -1.3169302065192185
            ],
            [
              36.775770090455445,
              -1.3169302065192185
            ],
            [
              36.775770090455445,
              -1.3171098695760424
            ],
            [
              36.777207394910036,
              -1.3171098695760424
            ],
            [
              36.777207394910036,
              -1.3172895326328664
            ],
            [
              36.777387057966855,
              -1.3172895326328664
            ],
            [
              36.777387057966855,
              -1.3171098695760424
            ],
            [
              36.77864469936463,
              -1.3171098695760424
            ],
            [
              36.77864469936463,
              -1.3169302065192185
            ],
            [
              36.7784650363078,
              -1.3169302065192185
            ],
            [
              36.7784650363078,
              -1.3162115542919228
            ],
            [
              36.77864469936463,
              -1.3162115542919228
            ],
            [
              36.77864469936463,
              -1.3163912173487469
            ],
            [
              36.778824362421446,
              -1.3163912173487469
            ],
            [
              36.778824362421446,
              -1.3165708804055707
            ],
            [
              36.77900402547827,
              -1.3165708804055707
            ],
            [
              36.77900402547827,
              -1.3167505434623945
            ],
            [
              36.778824362421446,
              -1.3167505434623945
            ],
            [
              36.778824362421446,
              -1.3169302065192185
            ],
            [
              36.77936335159192,
              -1.3169302065192185
            ],
            [
              36.77936335159192,
              -1.3171098695760424
            ],
            [
              36.779543014648745,
              -1.3171098695760424
            ],
            [
              36.779543014648745,
              -1.3165708804055707
            ],
            [
              36.77972267770557,
              -1.3165708804055707
            ],
            [
              36.77972267770557,
              -1.3163912173487469
            ],
            [
              36.77990234076239,
              -1.3163912173487469
            ],
            [
              36.77990234076239,
              -1.3167505434623945
            ],
            [
              36.78044132993286,
              -1.3167505434623945
            ],
            [
              36.78044132993286,
              -1.3169302065192185
            ],
            [
              36.78062099298969,
              -1.3169302065192185
            ],
            [
              36.78062099298969,
              -1.3167505434623945
            ],
            [
              36.780980319103335,
              -1.3167505434623945
            ],
            [
              36.780980319103335,
              -1.3165708804055707
            ],
            [
              36.781698971330634,
              -1.3165708804055707
            ],
            [
              36.781698971330634,
              -1.3163912173487469
            ],
            [
              36.78187863438745,
              -1.3163912173487469
            ],
            [
              36.78187863438745,
              -1.316031891235099
            ],
            [
              36.78205829744428,
              -1.316031891235099
            ],
            [
              36.78205829744428,
              -1.315852228178275
            ],
            [
              36.78187863438745,
              -1.315852228178275
            ],
            [
              36.78187863438745,
              -1.3156725651214511
            ],
            [
              36.7822379605011,
              -1.3156725651214511
            ],
            [
              36.7822379605011,
              -1.3154929020646273
            ],
            [
              36.78259728661475,
              -1.3154929020646273
            ],
            [
              36.78259728661475,
              -1.3156725651214511
            ],
            [
              36.783136275785225,
              -1.3156725651214511
            ],
            [
              36.783136275785225,
              -1.315852228178275
            ],
            [
              36.78349560189887,
              -1.315852228178275
            ],
            [
              36.78349560189887,
              -1.316031891235099
            ],
            [
              36.78421425412616,
              -1.316031891235099
            ],
            [
              36.78421425412616,
              -1.315852228178275
            ],
            [
              36.78439391718299,
              -1.315852228178275
            ],
            [
              36.78439391718299,
              -1.3156725651214511
            ],
            [
              36.784573580239815,
              -1.3156725651214511
            ],
            [
              36.784573580239815,
              -1.3154929020646273
            ],
            [
              36.78529223246711,
              -1.3154929020646273
            ],
            [
              36.78529223246711,
              -1.3156725651214511
            ],
            [
              36.786010884694406,
              -1.3156725651214511
            ],
            [
              36.786010884694406,
              -1.3154929020646273
            ],
            [
              36.787448189148996,
              -1.3154929020646273
            ],
            [
              36.787448189148996,
              -1.3151335759509795
            ],
            [
              36.78762785220582,
              -1.3151335759509795
            ],
            [
              36.78762785220582,
              -1.3149539128941556
            ],
            [
              36.78780751526264,
              -1.3149539128941556
            ],
            [
              36.78780751526264,
              -1.3145945867805078
            ],
            [
              36.78798717831947,
              -1.3145945867805078
            ],
            [
              36.78798717831947,
              -1.31423526066686
            ],
            [
              36.78816684137629,
              -1.31423526066686
            ],
            [
              36.78816684137629,
              -1.314055597610036
            ],
            [
              36.788346504433115,
              -1.314055597610036
            ],
            [
              36.788346504433115,
              -1.3135166084395644
            ],
            [
              36.78816684137629,
              -1.3135166084395644
            ],
            [
              36.78816684137629,
              -1.3133369453827404
            ],
            [
              36.78798717831947,
              -1.3133369453827404
            ],
            [
              36.78798717831947,
              -1.3126182931554449
            ],
            [
              36.78762785220582,
              -1.3126182931554449
            ],
            [
              36.78762785220582,
              -1.3113606517576775
            ],
            [
              36.78726852609217,
              -1.3113606517576775
            ]
          ],
          [
            [
              36.786190547751225,
              -1.3131572823259166
            ],
            [
              36.78583122163758,
              -1.3131572823259166
            ],
            [
              36.78583122163758,
              -1.3133369453827404
            ],
            [
              36.786190547751225,
              -1.3133369453827404
            ],
            [
              36.786190547751225,
              -1.3131572823259166
            ]
          ],
          [
            [
              36.78583122163758,
              -1.3127979562122687
            ],
            [
              36.78565155858076,
              -1.3127979562122687
            ],
            [
              36.78565155858076,
              -1.3131572823259166
            ],
            [
              36.78583122163758,
              -1.3131572823259166
            ],
            [
              36.78583122163758,
              -1.3127979562122687
            ]
          ]
        ]
      },
      "id": "+204758-7300",
      "properties": {
        "area_ha": 28.847782164547265,
        "area_m2": 288477.82164547266,
        "class": 0,
        "count": 723
      }
    },
    {
      "type": "Feature",
      "geometry": {
        "geodesic": false,
        "type": "Polygon",
        "coordinates": [
          [
            [
              36.79229909168324,
              -1.3097436842462624
            ],
            [
              36.79229909168324,
              -1.3099233473030862
            ],
            [
              36.79158043945595,
              -1.3099233473030862
            ],
            [
              36.79158043945595,
              -1.31010301035991
            ],
            [
              36.791041450285476,
              -1.31010301035991
            ],
            [
              36.791041450285476,
              -1.310282673416734
            ],
            [
              36.79068212417182,
              -1.310282673416734
            ],
            [
              36.79068212417182,
              -1.310462336473558
            ],
            [
              36.79032279805818,
              -1.310462336473558
            ],
            [
              36.79032279805818,
              -1.3106419995303817
            ],
            [
              36.78996347194453,
              -1.3106419995303817
            ],
            [
              36.78996347194453,
              -1.3108216625872058
            ],
            [
              36.78906515666041,
              -1.3108216625872058
            ],
            [
              36.78906515666041,
              -1.3110013256440296
            ],
            [
              36.78870583054676,
              -1.3110013256440296
            ],
            [
              36.78870583054676,
              -1.3111809887008536
            ],
            [
              36.78816684137629,
              -1.3111809887008536
            ],
            [
              36.78816684137629,
              -1.3113606517576775
            ],
            [
              36.78798717831947,
              -1.3113606517576775
            ],
            [
              36.78798717831947,
              -1.3117199778713253
            ],
            [
              36.788346504433115,
              -1.3117199778713253
            ],
            [
              36.788346504433115,
              -1.3118996409281491
            ],
            [
              36.78852616748994,
              -1.3118996409281491
            ],
            [
              36.78852616748994,
              -1.3124386300986208
            ],
            [
              36.78870583054676,
              -1.3124386300986208
            ],
            [
              36.78870583054676,
              -1.3126182931554449
            ],
            [
              36.78852616748994,
              -1.3126182931554449
            ],
            [
              36.78852616748994,
              -1.3127979562122687
            ],
            [
              36.78888549360359,
              -1.3127979562122687
            ],
            [
              36.78888549360359,
              -1.3129776192690925
            ],
            [
              36.78852616748994,
              -1.3129776192690925
            ],
            [
              36.78852616748994,
              -1.3135166084395644
            ],
            [
              36.78888549360359,
              -1.3135166084395644
            ],
            [
              36.78888549360359,
              -1.3131572823259166
            ],
            [
              36.78906515666041,
              -1.3131572823259166
            ],
            [
              36.78906515666041,
              -1.3135166084395644
            ],
            [
              36.78924481971723,
              -1.3135166084395644
            ],
            [
              36.78924481971723,
              -1.313875934553212
            ],
            [
              36.78996347194453,
              -1.313875934553212
            ],
            [
              36.78996347194453,
              -1.3136962714963882
            ],
            [
              36.79014313500135,
              -1.3136962714963882
            ],
            [
              36.79014313500135,
              -1.3131572823259166
            ],
            [
              36.79032279805818,
              -1.3131572823259166
            ],
            [
              36.79032279805818,
              -1.3129776192690925
            ],
            [
              36.79014313500135,
              -1.3129776192690925
            ],
            [
              36.79014313500135,
              -1.3127979562122687
            ],
            [
              36.78996347194453,
              -1.3127979562122687
            ],
            [
              36.78996347194453,
              -1.3124386300986208
            ],
            [
              36.79014313500135,
              -1.3124386300986208
            ],
            [
              36.79014313500135,
              -1.3118996409281491
            ],
            [
              36.79032279805818,
              -1.3118996409281491
            ],
            [
              36.79032279805818,
              -1.3117199778713253
            ],
            [
              36.790502461115004,
              -1.3117199778713253
            ],
            [
              36.790502461115004,
              -1.3113606517576775
            ],
            [
              36.79068212417182,
              -1.3113606517576775
            ],
            [
              36.79068212417182,
              -1.3111809887008536
            ],
            [
              36.791041450285476,
              -1.3111809887008536
            ],
            [
              36.791041450285476,
              -1.3108216625872058
            ],
            [
              36.791221113342296,
              -1.3108216625872058
            ],
            [
              36.791221113342296,
              -1.3110013256440296
            ],
            [
              36.79140077639912,
              -1.3110013256440296
            ],
            [
              36.79140077639912,
              -1.3111809887008536
            ],
            [
              36.79158043945595,
              -1.3111809887008536
            ],
            [
              36.79158043945595,
              -1.3113606517576775
            ],
            [
              36.79140077639912,
              -1.3113606517576775
            ],
            [
              36.79140077639912,
              -1.3115403148145013
            ],
            [
              36.79158043945595,
              -1.3115403148145013
            ],
            [
              36.79158043945595,
              -1.3118996409281491
            ],
            [
              36.79176010251277,
              -1.3118996409281491
            ],
            [
              36.79176010251277,
              -1.3120793039849732
            ],
            [
              36.79301774391054,
              -1.3120793039849732
            ],
            [
              36.79301774391054,
              -1.312258967041797
            ],
            [
              36.79319740696736,
              -1.312258967041797
            ],
            [
              36.79319740696736,
              -1.3124386300986208
            ],
            [
              36.793377070024185,
              -1.3124386300986208
            ],
            [
              36.793377070024185,
              -1.3127979562122687
            ],
            [
              36.79355673308101,
              -1.3127979562122687
            ],
            [
              36.79355673308101,
              -1.3129776192690925
            ],
            [
              36.79373639613783,
              -1.3129776192690925
            ],
            [
              36.79373639613783,
              -1.3131572823259166
            ],
            [
              36.79391605919466,
              -1.3131572823259166
            ],
            [
              36.79391605919466,
              -1.3133369453827404
            ],
            [
              36.794095722251484,
              -1.3133369453827404
            ],
            [
              36.794095722251484,
              -1.3135166084395644
            ],
            [
              36.7942753853083,
              -1.3135166084395644
            ],
            [
              36.7942753853083,
              -1.313875934553212
            ],
            [
              36.794095722251484,
              -1.313875934553212
            ],
            [
              36.794095722251484,
              -1.314055597610036
            ],
            [
              36.79355673308101,
              -1.314055597610036
            ],
            [
              36.79355673308101,
              -1.3145945867805078
            ],
            [
              36.79373639613783,
              -1.3145945867805078
            ],
            [
              36.79373639613783,
              -1.3149539128941556
            ],
            [
              36.794095722251484,
              -1.3149539128941556
            ],
            [
              36.794095722251484,
              -1.3151335759509795
            ],
            [
              36.7942753853083,
              -1.3151335759509795
            ],
            [
              36.7942753853083,
              -1.3153132390078033
            ],
            [
              36.79463471142195,
              -1.3153132390078033
            ],
            [
              36.79463471142195,
              -1.3154929020646273
            ],
            [
              36.794814374478776,
              -1.3154929020646273
            ],
            [
              36.794814374478776,
              -1.3153132390078033
            ],
            [
              36.7949940375356,
              -1.3153132390078033
            ],
            [
              36.7949940375356,
              -1.3154929020646273
            ],
            [
              36.79535336364925,
              -1.3154929020646273
            ],
            [
              36.79535336364925,
              -1.315852228178275
            ],
            [
              36.795533026706075,
              -1.315852228178275
            ],
            [
              36.795533026706075,
              -1.316031891235099
            ],
            [
              36.7949940375356,
              -1.316031891235099
            ],
            [
              36.7949940375356,
              -1.3162115542919228
            ],
            [
              36.794814374478776,
              -1.3162115542919228
            ],
            [
              36.794814374478776,
              -1.316031891235099
            ],
            [
              36.79445504836513,
              -1.316031891235099
            ],
            [
              36.79445504836513,
              -1.3162115542919228
            ],
            [
              36.7942753853083,
              -1.3162115542919228
            ],
            [
              36.7942753853083,
              -1.3163912173487469
            ],
            [
              36.794095722251484,
              -1.3163912173487469
            ],
            [
              36.794095722251484,
              -1.3167505434623945
            ],
            [
              36.79391605919466,
              -1.3167505434623945
            ],
            [
              36.79391605919466,
              -1.3169302065192185
            ],
            [
              36.793377070024185,
              -1.3169302065192185
            ],
            [
              36.793377070024185,
              -1.3171098695760424
            ],
            [
              36.79301774391054,
              -1.3171098695760424
            ],
            [
              36.79301774391054,
              -1.3169302065192185
            ],
            [
              36.792119428626414,
              -1.3169302065192185
            ],
            [
              36.792119428626414,
              -1.3174691956896902
            ],
            [
              36.79229909168324,
              -1.3174691956896902
            ],
            [
              36.79229909168324,
              -1.317648858746514
            ],
            [
              36.79247875474007,
              -1.317648858746514
            ],
            [
              36.79247875474007,
              -1.317828521803338
            ],
            [
              36.79301774391054,
              -1.317828521803338
            ],
            [
              36.79301774391054,
              -1.318008184860162
            ],
            [
              36.79319740696736,
              -1.318008184860162
            ],
            [
              36.79319740696736,
              -1.317828521803338
            ],
            [
              36.793377070024185,
              -1.317828521803338
            ],
            [
              36.793377070024185,
              -1.318008184860162
            ],
            [
              36.79373639613783,
              -1.318008184860162
            ],
            [
              36.79373639613783,
              -1.3181878479169857
            ],
            [
              36.79391605919466,
              -1.3181878479169857
            ],
            [
              36.79391605919466,
              -1.3183675109738098
            ],
            [
              36.7942753853083,
              -1.3183675109738098
            ],
            [
              36.7942753853083,
              -1.3185471740306336
            ],
            [
              36.79445504836513,
              -1.3185471740306336
            ],
            [
              36.79445504836513,
              -1.3187268370874576
            ],
            [
              36.79463471142195,
              -1.3187268370874576
            ],
            [
              36.79463471142195,
              -1.3189065001442815
            ],
            [
              36.794814374478776,
              -1.3189065001442815
            ],
            [
              36.794814374478776,
              -1.3190861632011053
            ],
            [
              36.79535336364925,
              -1.3190861632011053
            ],
            [
              36.79535336364925,
              -1.3189065001442815
            ],
            [
              36.795533026706075,
              -1.3189065001442815
            ],
            [
              36.795533026706075,
              -1.3187268370874576
            ],
            [
              36.79589235281972,
              -1.3187268370874576
            ],
            [
              36.79589235281972,
              -1.3185471740306336
            ],
            [
              36.79607201587655,
              -1.3185471740306336
            ],
            [
              36.79607201587655,
              -1.3183675109738098
            ],
            [
              36.796251678933366,
              -1.3183675109738098
            ],
            [
              36.796251678933366,
              -1.3181878479169857
            ],
            [
              36.79661100504701,
              -1.3181878479169857
            ],
            [
              36.79661100504701,
              -1.3183675109738098
            ],
            [
              36.79679066810384,
              -1.3183675109738098
            ],
            [
              36.79679066810384,
              -1.3185471740306336
            ],
            [
              36.797149994217484,
              -1.3185471740306336
            ],
            [
              36.797149994217484,
              -1.3187268370874576
            ],
            [
              36.7987669617289,
              -1.3187268370874576
            ],
            [
              36.7987669617289,
              -1.3185471740306336
            ],
            [
              36.79894662478573,
              -1.3185471740306336
            ],
            [
              36.79894662478573,
              -1.3183675109738098
            ],
            [
              36.79912628784255,
              -1.3183675109738098
            ],
            [
              36.79912628784255,
              -1.3181878479169857
            ],
            [
              36.799305950899374,
              -1.3181878479169857
            ],
            [
              36.799305950899374,
              -1.3174691956896902
            ],
            [
              36.7994856139562,
              -1.3174691956896902
            ],
            [
              36.7994856139562,
              -1.3172895326328664
            ],
            [
              36.799844940069846,
              -1.3172895326328664
            ],
            [
              36.799844940069846,
              -1.3167505434623945
            ],
            [
              36.79966527701302,
              -1.3167505434623945
            ],
            [
              36.79966527701302,
              -1.3165708804055707
            ],
            [
              36.799305950899374,
              -1.3165708804055707
            ],
            [
              36.799305950899374,
              -1.3163912173487469
            ],
            [
              36.79912628784255,
              -1.3163912173487469
            ],
            [
              36.79912628784255,
              -1.3162115542919228
            ],
            [
              36.79750932033114,
              -1.3162115542919228
            ],
            [
              36.79750932033114,
              -1.316031891235099
            ],
            [
              36.79732965727431,
              -1.316031891235099
            ],
            [
              36.79732965727431,
              -1.3153132390078033
            ],
            [
              36.79679066810384,
              -1.3153132390078033
            ],
            [
              36.79679066810384,
              -1.3154929020646273
            ],
            [
              36.79661100504701,
              -1.3154929020646273
            ],
            [
              36.79661100504701,
              -1.3156725651214511
            ],
            [
              36.79643134199019,
              -1.3156725651214511
            ],
            [
              36.79643134199019,
              -1.315852228178275
            ],
            [
              36.79607201587655,
              -1.315852228178275
            ],
            [
              36.79607201587655,
              -1.3156725651214511
            ],
            [
              36.79589235281972,
              -1.3156725651214511
            ],
            [
              36.79589235281972,
              -1.3153132390078033
            ],
            [
              36.79607201587655,
              -1.3153132390078033
            ],
            [
              36.79607201587655,
              -1.3151335759509795
            ],
            [
              36.79661100504701,
              -1.3151335759509795
            ],
            [
              36.79661100504701,
              -1.3149539128941556
            ],
            [
              36.79679066810384,
              -1.3149539128941556
            ],
            [
              36.79679066810384,
              -1.3145945867805078
            ],
            [
              36.796970331160665,
              -1.3145945867805078
            ],
            [
              36.796970331160665,
              -1.3144149237236837
            ],
            [
              36.79750932033114,
              -1.3144149237236837
            ],
            [
              36.79750932033114,
              -1.3147742498373316
            ],
            [
              36.79768898338796,
              -1.3147742498373316
            ],
            [
              36.79768898338796,
              -1.3149539128941556
            ],
            [
              36.79750932033114,
              -1.3149539128941556
            ],
            [
              36.79750932033114,
              -1.3153132390078033
            ],
            [
              36.79804830950161,
              -1.3153132390078033
            ],
            [
              36.79804830950161,
              -1.3151335759509795
            ],
            [
              36.79894662478573,
              -1.3151335759509795
            ],
            [
              36.79894662478573,
              -1.3153132390078033
            ],
            [
              36.79912628784255,
              -1.3153132390078033
            ],
            [
              36.79912628784255,
              -1.3151335759509795
            ],
            [
              36.7994856139562,
              -1.3151335759509795
            ],
            [
              36.7994856139562,
              -1.3149539128941556
            ],
            [
              36.79966527701302,
              -1.3149539128941556
            ],
            [
              36.79966527701302,
              -1.3144149237236837
            ],
            [
              36.799844940069846,
              -1.3144149237236837
            ],
            [
              36.799844940069846,
              -1.31423526066686
            ],
            [
              36.79966527701302,
              -1.31423526066686
            ],
            [
              36.79966527701302,
              -1.3131572823259166
            ],
            [
              36.7994856139562,
              -1.3131572823259166
            ],
            [
              36.7994856139562,
              -1.3127979562122687
            ],
            [
              36.799305950899374,
              -1.3127979562122687
            ],
            [
              36.799305950899374,
              -1.3126182931554449
            ],
            [
              36.79912628784255,
              -1.3126182931554449
            ],
            [
              36.79912628784255,
              -1.312258967041797
            ],
            [
              36.79894662478573,
              -1.312258967041797
            ],
            [
              36.79894662478573,
              -1.3120793039849732
            ],
            [
              36.7987669617289,
              -1.3120793039849732
            ],
            [
              36.7987669617289,
              -1.3118996409281491
            ],
            [
              36.798407635615256,
              -1.3118996409281491
            ],
            [
              36.798407635615256,
              -1.3117199778713253
            ],
            [
              36.79804830950161,
              -1.3117199778713253
            ],
            [
              36.79804830950161,
              -1.3115403148145013
            ],
            [
              36.79768898338796,
              -1.3115403148145013
            ],
            [
              36.79768898338796,
              -1.3113606517576775
            ],
            [
              36.79679066810384,
              -1.3113606517576775
            ],
            [
              36.79679066810384,
              -1.3115403148145013
            ],
            [
              36.79661100504701,
              -1.3115403148145013
            ],
            [
              36.79661100504701,
              -1.3118996409281491
            ],
            [
              36.79643134199019,
              -1.3118996409281491
            ],
            [
              36.79643134199019,
              -1.312258967041797
            ],
            [
              36.79607201587655,
              -1.312258967041797
            ],
            [
              36.79607201587655,
              -1.3124386300986208
            ],
            [
              36.79589235281972,
              -1.3124386300986208
            ],
            [
              36.79589235281972,
              -1.3126182931554449
            ],
            [
              36.795533026706075,
              -1.3126182931554449
            ],
            [
              36.795533026706075,
              -1.312258967041797
            ],
            [
              36.79535336364925,
              -1.312258967041797
            ],
            [
              36.79535336364925,
              -1.3120793039849732
            ],
            [
              36.79517370059242,
              -1.3120793039849732
            ],
            [
              36.79517370059242,
              -1.3111809887008536
            ],
            [
              36.7949940375356,
              -1.3111809887008536
            ],
            [
              36.7949940375356,
              -1.3110013256440296
            ],
            [
              36.79445504836513,
              -1.3110013256440296
            ],
            [
              36.79445504836513,
              -1.3108216625872058
            ],
            [
              36.794095722251484,
              -1.3108216625872058
            ],
            [
              36.794095722251484,
              -1.3106419995303817
            ],
            [
              36.79391605919466,
              -1.3106419995303817
            ],
            [
              36.79391605919466,
              -1.310282673416734
            ],
            [
              36.79355673308101,
              -1.310282673416734
            ],
            [
              36.79355673308101,
              -1.31010301035991
            ],
            [
              36.79283808085371,
              -1.31010301035991
            ],
            [
              36.79283808085371,
              -1.3099233473030862
            ],
            [
              36.79247875474007,
              -1.3099233473030862
            ],
            [
              36.79247875474007,
              -1.3097436842462624
            ],
            [
              36.79229909168324,
              -1.3097436842462624
            ]
          ],
          [
            [
              36.78996347194453,
              -1.3129776192690925
            ],
            [
              36.789604145830886,
              -1.3129776192690925
            ],
            [
              36.789604145830886,
              -1.3133369453827404
            ],
            [
              36.789783808887705,
              -1.3133369453827404
            ],
            [
              36.789783808887705,
              -1.3131572823259166
            ],
            [
              36.78996347194453,
              -1.3131572823259166
            ],
            [
              36.78996347194453,
              -1.3129776192690925
            ]
          ]
        ]
      },
      "id": "+204785-7291",
      "properties": {
        "area_ha": 58.333977895190905,
        "area_m2": 583339.778951909,
        "class": 0,
        "count": 1462
      }
    },
    {
      "type": "Feature",
      "geometry": {
        "geodesic": false,
        "type": "Polygon",
        "coordinates": [
          [
            [
              36.80128224452444,
              -1.2605160066765126
            ],
            [
              36.80128224452444,
              -1.2606956697333365
            ],
            [
              36.80110258146761,
              -1.2606956697333365
            ],
            [
              36.80110258146761,
              -1.2608753327901603
            ],
            [
              36.80092291841079,
              -1.2608753327901603
            ],
            [
              36.80092291841079,
              -1.261414321960632
            ],
            [
              36.80110258146761,
              -1.261414321960632
            ],
            [
              36.80110258146761,
              -1.261593985017456
            ],
            [
              36.80182123369491,
              -1.261593985017456
            ],
            [
              36.80182123369491,
              -1.261414321960632
            ],
            [
              36.802000896751736,
              -1.261414321960632
            ],
            [
              36.802000896751736,
              -1.2612346589038081
            ],
            [
              36.80182123369491,
              -1.2612346589038081
            ],
            [
              36.80182123369491,
              -1.2606956697333365
            ],
            [
              36.80164157063808,
              -1.2606956697333365
            ],
            [
              36.80164157063808,
              -1.2605160066765126
            ],
            [
              36.80128224452444,
              -1.2605160066765126
            ]
          ]
        ]
      },
      "id": "+204836-7017",
      "properties": {
        "area_ha": 1.037424830034898,
        "area_m2": 10374.248300348982,
        "class": 0,
        "count": 26
      }
    },
    {
      "type": "Feature",
      "geometry": {
        "geodesic": false,
        "type": "Polygon",
        "coordinates": [
          [
            [
              36.82050619160459,
              -1.282075573495381
            ],
            [
              36.82050619160459,
              -1.2822552365522049
            ],
            [
              36.82032652854777,
              -1.2822552365522049
            ],
            [
              36.82032652854777,
              -1.282434899609029
            ],
            [
              36.82014686549095,
              -1.282434899609029
            ],
            [
              36.82014686549095,
              -1.2831535518363244
            ],
            [
              36.82086551771824,
              -1.2831535518363244
            ],
            [
              36.82086551771824,
              -1.2827942257226768
            ],
            [
              36.821045180775066,
              -1.2827942257226768
            ],
            [
              36.821045180775066,
              -1.282434899609029
            ],
            [
              36.82068585466142,
              -1.282434899609029
            ],
            [
              36.82068585466142,
              -1.282075573495381
            ],
            [
              36.82050619160459,
              -1.282075573495381
            ]
          ]
        ]
      },
      "id": "+204942-7137",
      "properties": {
        "area_ha": 0.8379130460144097,
        "area_m2": 8379.130460144097,
        "class": 0,
        "count": 21
      }
    },
    {
      "type": "Feature",
      "geometry": {
        "geodesic": false,
        "type": "Polygon",
        "coordinates": [
          [
            [
              36.8228418113433,
              -1.2799196168134943
            ],
            [
              36.8228418113433,
              -1.280458605983966
            ],
            [
              36.823201137456955,
              -1.280458605983966
            ],
            [
              36.823201137456955,
              -1.2806382690407898
            ],
            [
              36.823380800513775,
              -1.2806382690407898
            ],
            [
              36.823380800513775,
              -1.2808179320976136
            ],
            [
              36.82374012662743,
              -1.2808179320976136
            ],
            [
              36.82374012662743,
              -1.2809975951544377
            ],
            [
              36.82409945274107,
              -1.2809975951544377
            ],
            [
              36.82409945274107,
              -1.2800992798703181
            ],
            [
              36.82302147440013,
              -1.2800992798703181
            ],
            [
              36.82302147440013,
              -1.2799196168134943
            ],
            [
              36.8228418113433,
              -1.2799196168134943
            ]
          ]
        ]
      },
      "id": "+204955-7125",
      "properties": {
        "area_ha": 1.0374170099790387,
        "area_m2": 10374.170099790388,
        "class": 0,
        "count": 26
      }
    },
    {
      "type": "Feature",
      "geometry": {
        "geodesic": false,
        "type": "Polygon",
        "coordinates": [
          [
            [
              36.828411366104845,
              -1.2835128779499723
            ],
            [
              36.828411366104845,
              -1.2838722040636201
            ],
            [
              36.828231703048026,
              -1.2838722040636201
            ],
            [
              36.828231703048026,
              -1.284051867120444
            ],
            [
              36.828411366104845,
              -1.284051867120444
            ],
            [
              36.828411366104845,
              -1.2847705193477397
            ],
            [
              36.82859102916167,
              -1.2847705193477397
            ],
            [
              36.82859102916167,
              -1.2849501824045635
            ],
            [
              36.82877069221849,
              -1.2849501824045635
            ],
            [
              36.82877069221849,
              -1.2851298454613875
            ],
            [
              36.82895035527532,
              -1.2851298454613875
            ],
            [
              36.82895035527532,
              -1.2847705193477397
            ],
            [
              36.82930968138896,
              -1.2847705193477397
            ],
            [
              36.82930968138896,
              -1.2845908562909156
            ],
            [
              36.82948934444579,
              -1.2845908562909156
            ],
            [
              36.82948934444579,
              -1.2836925410067963
            ],
            [
              36.82895035527532,
              -1.2836925410067963
            ],
            [
              36.82895035527532,
              -1.2835128779499723
            ],
            [
              36.828411366104845,
              -1.2835128779499723
            ]
          ]
        ]
      },
      "id": "+204988-7145",
      "properties": {
        "area_ha": 1.6758250646759756,
        "area_m2": 16758.250646759756,
        "class": 0,
        "count": 42
      }
    },
    {
      "type": "Feature",
      "geometry": {
        "geodesic": false,
        "type": "Polygon",
        "coordinates": [
          [
            [
              36.83020799667309,
              -1.2772246709611357
            ],
            [
              36.83020799667309,
              -1.2774043340179595
            ],
            [
              36.83002833361626,
              -1.2774043340179595
            ],
            [
              36.83002833361626,
              -1.2777636601316074
            ],
            [
              36.83020799667309,
              -1.2777636601316074
            ],
            [
              36.83020799667309,
              -1.2779433231884312
            ],
            [
              36.830567322786735,
              -1.2779433231884312
            ],
            [
              36.830567322786735,
              -1.2781229862452552
            ],
            [
              36.830746985843554,
              -1.2781229862452552
            ],
            [
              36.830746985843554,
              -1.2779433231884312
            ],
            [
              36.83092664890038,
              -1.2779433231884312
            ],
            [
              36.83092664890038,
              -1.2781229862452552
            ],
            [
              36.83110631195721,
              -1.2781229862452552
            ],
            [
              36.83110631195721,
              -1.278302649302079
            ],
            [
              36.831285975014026,
              -1.278302649302079
            ],
            [
              36.831285975014026,
              -1.278482312358903
            ],
            [
              36.83146563807085,
              -1.278482312358903
            ],
            [
              36.83146563807085,
              -1.278302649302079
            ],
            [
              36.83164530112768,
              -1.278302649302079
            ],
            [
              36.83164530112768,
              -1.2781229862452552
            ],
            [
              36.83146563807085,
              -1.2781229862452552
            ],
            [
              36.83146563807085,
              -1.2779433231884312
            ],
            [
              36.831285975014026,
              -1.2779433231884312
            ],
            [
              36.831285975014026,
              -1.2777636601316074
            ],
            [
              36.83110631195721,
              -1.2777636601316074
            ],
            [
              36.83110631195721,
              -1.2775839970747835
            ],
            [
              36.83092664890038,
              -1.2775839970747835
            ],
            [
              36.83092664890038,
              -1.2772246709611357
            ],
            [
              36.83020799667309,
              -1.2772246709611357
            ]
          ]
        ]
      },
      "id": "+204999-7110",
      "properties": {
        "area_ha": 1.1571202140519068,
        "area_m2": 11571.202140519068,
        "class": 0,
        "count": 29
      }
    },
    {
      "type": "Feature",
      "geometry": {
        "geodesic": false,
        "type": "Polygon",
        "coordinates": [
          [
            [
              36.83236395335497,
              -1.3041741294847213
            ],
            [
              36.83236395335497,
              -1.3045334555983692
            ],
            [
              36.83218429029815,
              -1.3045334555983692
            ],
            [
              36.83218429029815,
              -1.304713118655193
            ],
            [
              36.83164530112768,
              -1.304713118655193
            ],
            [
              36.83164530112768,
              -1.3045334555983692
            ],
            [
              36.83146563807085,
              -1.3045334555983692
            ],
            [
              36.83146563807085,
              -1.3048927817120168
            ],
            [
              36.83164530112768,
              -1.3048927817120168
            ],
            [
              36.83164530112768,
              -1.3050724447688409
            ],
            [
              36.832004627241325,
              -1.3050724447688409
            ],
            [
              36.832004627241325,
              -1.3048927817120168
            ],
            [
              36.83218429029815,
              -1.3048927817120168
            ],
            [
              36.83218429029815,
              -1.3050724447688409
            ],
            [
              36.83236395335497,
              -1.3050724447688409
            ],
            [
              36.83236395335497,
              -1.3048927817120168
            ],
            [
              36.83218429029815,
              -1.3048927817120168
            ],
            [
              36.83218429029815,
              -1.304713118655193
            ],
            [
              36.8325436164118,
              -1.304713118655193
            ],
            [
              36.8325436164118,
              -1.3048927817120168
            ],
            [
              36.83272327946862,
              -1.3048927817120168
            ],
            [
              36.83272327946862,
              -1.304713118655193
            ],
            [
              36.83290294252544,
              -1.304713118655193
            ],
            [
              36.83290294252544,
              -1.3041741294847213
            ],
            [
              36.83236395335497,
              -1.3041741294847213
            ]
          ]
        ]
      },
      "id": "+205010-7260",
      "properties": {
        "area_ha": 0.758105228515754,
        "area_m2": 7581.052285157541,
        "class": 0,
        "count": 19
      }
    },
    {
      "type": "Feature",
      "geometry": {
        "geodesic": false,
        "type": "Polygon",
        "coordinates": [
          [
            [
              36.83955047562793,
              -1.306330086166608
            ],
            [
              36.83955047562793,
              -1.306509749223432
            ],
            [
              36.839370812571104,
              -1.306509749223432
            ],
            [
              36.839370812571104,
              -1.306689412280256
            ],
            [
              36.83901148645746,
              -1.306689412280256
            ],
            [
              36.83901148645746,
              -1.3068690753370797
            ],
            [
              36.83883182340063,
              -1.3068690753370797
            ],
            [
              36.83883182340063,
              -1.3072284014507276
            ],
            [
              36.838472497286986,
              -1.3072284014507276
            ],
            [
              36.838472497286986,
              -1.3074080645075516
            ],
            [
              36.83829283423016,
              -1.3074080645075516
            ],
            [
              36.83829283423016,
              -1.3075877275643755
            ],
            [
              36.837933508116514,
              -1.3075877275643755
            ],
            [
              36.837933508116514,
              -1.3077673906211993
            ],
            [
              36.83739451894604,
              -1.3077673906211993
            ],
            [
              36.83739451894604,
              -1.3079470536780233
            ],
            [
              36.837035192832396,
              -1.3079470536780233
            ],
            [
              36.837035192832396,
              -1.3077673906211993
            ],
            [
              36.8363165406051,
              -1.3077673906211993
            ],
            [
              36.8363165406051,
              -1.3081267167348472
            ],
            [
              36.83613687754828,
              -1.3081267167348472
            ],
            [
              36.83613687754828,
              -1.3088453689621429
            ],
            [
              36.8363165406051,
              -1.3088453689621429
            ],
            [
              36.8363165406051,
              -1.3090250320189667
            ],
            [
              36.83649620366192,
              -1.3090250320189667
            ],
            [
              36.83649620366192,
              -1.3092046950757905
            ],
            [
              36.83685552977557,
              -1.3092046950757905
            ],
            [
              36.83685552977557,
              -1.3093843581326146
            ],
            [
              36.837214855889215,
              -1.3093843581326146
            ],
            [
              36.837214855889215,
              -1.3092046950757905
            ],
            [
              36.837933508116514,
              -1.3092046950757905
            ],
            [
              36.837933508116514,
              -1.3090250320189667
            ],
            [
              36.83811317117334,
              -1.3090250320189667
            ],
            [
              36.83811317117334,
              -1.3092046950757905
            ],
            [
              36.838652160343806,
              -1.3092046950757905
            ],
            [
              36.838652160343806,
              -1.3090250320189667
            ],
            [
              36.839370812571104,
              -1.3090250320189667
            ],
            [
              36.839370812571104,
              -1.3092046950757905
            ],
            [
              36.83990980174158,
              -1.3092046950757905
            ],
            [
              36.83990980174158,
              -1.3093843581326146
            ],
            [
              36.8400894647984,
              -1.3093843581326146
            ],
            [
              36.8400894647984,
              -1.3095640211894384
            ],
            [
              36.84026912785522,
              -1.3095640211894384
            ],
            [
              36.84026912785522,
              -1.310282673416734
            ],
            [
              36.84044879091205,
              -1.310282673416734
            ],
            [
              36.84044879091205,
              -1.310462336473558
            ],
            [
              36.84170643230981,
              -1.310462336473558
            ],
            [
              36.84170643230981,
              -1.310282673416734
            ],
            [
              36.84188609536664,
              -1.310282673416734
            ],
            [
              36.84188609536664,
              -1.3099233473030862
            ],
            [
              36.841526769252994,
              -1.3099233473030862
            ],
            [
              36.841526769252994,
              -1.3097436842462624
            ],
            [
              36.84098778008252,
              -1.3097436842462624
            ],
            [
              36.84098778008252,
              -1.3095640211894384
            ],
            [
              36.840808117025695,
              -1.3095640211894384
            ],
            [
              36.840808117025695,
              -1.3088453689621429
            ],
            [
              36.84098778008252,
              -1.3088453689621429
            ],
            [
              36.84098778008252,
              -1.308486042848495
            ],
            [
              36.84116744313934,
              -1.308486042848495
            ],
            [
              36.84116744313934,
              -1.3083063797916712
            ],
            [
              36.84134710619617,
              -1.3083063797916712
            ],
            [
              36.84134710619617,
              -1.3077673906211993
            ],
            [
              36.841526769252994,
              -1.3077673906211993
            ],
            [
              36.841526769252994,
              -1.3075877275643755
            ],
            [
              36.84134710619617,
              -1.3075877275643755
            ],
            [
              36.84134710619617,
              -1.3072284014507276
            ],
            [
              36.84026912785522,
              -1.3072284014507276
            ],
            [
              36.84026912785522,
              -1.306689412280256
            ],
            [
              36.8400894647984,
              -1.306689412280256
            ],
            [
              36.8400894647984,
              -1.306509749223432
            ],
            [
              36.83973013868475,
              -1.306509749223432
            ],
            [
              36.83973013868475,
              -1.306330086166608
            ],
            [
              36.83955047562793,
              -1.306330086166608
            ]
          ]
        ]
      },
      "id": "+205048-7272",
      "properties": {
        "area_ha": 13.446372933088336,
        "area_m2": 134463.72933088336,
        "class": 0,
        "count": 337
      }
    },
    {
      "type": "Feature",
      "geometry": {
        "geodesic": false,
        "type": "Polygon",
        "coordinates": [
          [
            [
              36.84062845396887,
              -1.2836925410067963
            ],
            [
              36.84062845396887,
              -1.2845908562909156
            ],
            [
              36.84098778008252,
              -1.2845908562909156
            ],
            [
              36.84098778008252,
              -1.2844111932340918
            ],
            [
              36.84134710619617,
              -1.2844111932340918
            ],
            [
              36.84134710619617,
              -1.2836925410067963
            ],
            [
              36.84062845396887,
              -1.2836925410067963
            ]
          ]
        ]
      },
      "id": "+205057-7146",
      "properties": {
        "area_ha": 0.7182107678603115,
        "area_m2": 7182.107678603114,
        "class": 0,
        "count": 18
      }
    },
    {
      "type": "Feature",
      "geometry": {
        "geodesic": false,
        "type": "Polygon",
        "coordinates": [
          [
            [
              36.84350306287806,
              -1.263390615585695
            ],
            [
              36.84350306287806,
              -1.2637499416993427
            ],
            [
              36.84332339982123,
              -1.2637499416993427
            ],
            [
              36.84332339982123,
              -1.2641092678129906
            ],
            [
              36.843143736764404,
              -1.2641092678129906
            ],
            [
              36.843143736764404,
              -1.2642889308698146
            ],
            [
              36.842964073707584,
              -1.2642889308698146
            ],
            [
              36.842964073707584,
              -1.2648279200402863
            ],
            [
              36.84278441065076,
              -1.2648279200402863
            ],
            [
              36.84278441065076,
              -1.265187246153934
            ],
            [
              36.842964073707584,
              -1.265187246153934
            ],
            [
              36.842964073707584,
              -1.2655465722675818
            ],
            [
              36.84332339982123,
              -1.2655465722675818
            ],
            [
              36.84332339982123,
              -1.2657262353244059
            ],
            [
              36.84350306287806,
              -1.2657262353244059
            ],
            [
              36.84350306287806,
              -1.2662652244948776
            ],
            [
              36.843682725934876,
              -1.2662652244948776
            ],
            [
              36.843682725934876,
              -1.2668042136653492
            ],
            [
              36.8438623889917,
              -1.2668042136653492
            ],
            [
              36.8438623889917,
              -1.2675228658926447
            ],
            [
              36.84404205204853,
              -1.2675228658926447
            ],
            [
              36.84404205204853,
              -1.2677025289494688
            ],
            [
              36.844401378162175,
              -1.2677025289494688
            ],
            [
              36.844401378162175,
              -1.2675228658926447
            ],
            [
              36.844581041218994,
              -1.2675228658926447
            ],
            [
              36.844581041218994,
              -1.267343202835821
            ],
            [
              36.84512003038947,
              -1.267343202835821
            ],
            [
              36.84512003038947,
              -1.267163539778997
            ],
            [
              36.84529969344629,
              -1.267163539778997
            ],
            [
              36.84529969344629,
              -1.2668042136653492
            ],
            [
              36.84547935650312,
              -1.2668042136653492
            ],
            [
              36.84547935650312,
              -1.2666245506085252
            ],
            [
              36.84565901955994,
              -1.2666245506085252
            ],
            [
              36.84565901955994,
              -1.2662652244948776
            ],
            [
              36.84547935650312,
              -1.2662652244948776
            ],
            [
              36.84547935650312,
              -1.2659058983812297
            ],
            [
              36.84565901955994,
              -1.2659058983812297
            ],
            [
              36.84565901955994,
              -1.265366909210758
            ],
            [
              36.84547935650312,
              -1.265366909210758
            ],
            [
              36.84547935650312,
              -1.265187246153934
            ],
            [
              36.84529969344629,
              -1.265187246153934
            ],
            [
              36.84529969344629,
              -1.2646482569834623
            ],
            [
              36.84512003038947,
              -1.2646482569834623
            ],
            [
              36.84512003038947,
              -1.2648279200402863
            ],
            [
              36.84476070427582,
              -1.2648279200402863
            ],
            [
              36.84476070427582,
              -1.2650075830971101
            ],
            [
              36.84404205204853,
              -1.2650075830971101
            ],
            [
              36.84404205204853,
              -1.2648279200402863
            ],
            [
              36.8438623889917,
              -1.2648279200402863
            ],
            [
              36.8438623889917,
              -1.2644685939266385
            ],
            [
              36.843682725934876,
              -1.2644685939266385
            ],
            [
              36.843682725934876,
              -1.2642889308698146
            ],
            [
              36.8438623889917,
              -1.2642889308698146
            ],
            [
              36.8438623889917,
              -1.2639296047561668
            ],
            [
              36.84404205204853,
              -1.2639296047561668
            ],
            [
              36.84404205204853,
              -1.2637499416993427
            ],
            [
              36.84422171510535,
              -1.2637499416993427
            ],
            [
              36.84422171510535,
              -1.263570278642519
            ],
            [
              36.84404205204853,
              -1.263570278642519
            ],
            [
              36.84404205204853,
              -1.263390615585695
            ],
            [
              36.84350306287806,
              -1.263390615585695
            ]
          ],
          [
            [
              36.84476070427582,
              -1.2655465722675818
            ],
            [
              36.844581041218994,
              -1.2655465722675818
            ],
            [
              36.844581041218994,
              -1.2657262353244059
            ],
            [
              36.844401378162175,
              -1.2657262353244059
            ],
            [
              36.844401378162175,
              -1.2660855614380535
            ],
            [
              36.84476070427582,
              -1.2660855614380535
            ],
            [
              36.84476070427582,
              -1.2655465722675818
            ]
          ]
        ]
      },
      "id": "+205072-7033",
      "properties": {
        "area_ha": 7.541267004210855,
        "area_m2": 75412.67004210856,
        "class": 0,
        "count": 189
      }
    },
    {
      "type": "Feature",
      "geometry": {
        "geodesic": false,
        "type": "Polygon",
        "coordinates": [
          [
            [
              36.84350306287806,
              -1.2881841174273938
            ],
            [
              36.84350306287806,
              -1.2883637804842176
            ],
            [
              36.84260474759393,
              -1.2883637804842176
            ],
            [
              36.84260474759393,
              -1.2881841174273938
            ],
            [
              36.842245421480285,
              -1.2881841174273938
            ],
            [
              36.842245421480285,
              -1.2883637804842176
            ],
            [
              36.842065758423466,
              -1.2883637804842176
            ],
            [
              36.842065758423466,
              -1.2889027696546895
            ],
            [
              36.842245421480285,
              -1.2889027696546895
            ],
            [
              36.842245421480285,
              -1.2890824327115133
            ],
            [
              36.84242508453711,
              -1.2890824327115133
            ],
            [
              36.84242508453711,
              -1.2892620957683372
            ],
            [
              36.842245421480285,
              -1.2892620957683372
            ],
            [
              36.842245421480285,
              -1.289621421881985
            ],
            [
              36.842065758423466,
              -1.289621421881985
            ],
            [
              36.842065758423466,
              -1.2905197371661046
            ],
            [
              36.842245421480285,
              -1.2905197371661046
            ],
            [
              36.842245421480285,
              -1.2906994002229284
            ],
            [
              36.84278441065076,
              -1.2906994002229284
            ],
            [
              36.84278441065076,
              -1.2908790632797524
            ],
            [
              36.84332339982123,
              -1.2908790632797524
            ],
            [
              36.84332339982123,
              -1.2906994002229284
            ],
            [
              36.843682725934876,
              -1.2906994002229284
            ],
            [
              36.843682725934876,
              -1.2908790632797524
            ],
            [
              36.84404205204853,
              -1.2908790632797524
            ],
            [
              36.84404205204853,
              -1.2910587263365763
            ],
            [
              36.844401378162175,
              -1.2910587263365763
            ],
            [
              36.844401378162175,
              -1.2912383893934
            ],
            [
              36.84476070427582,
              -1.2912383893934
            ],
            [
              36.84476070427582,
              -1.2910587263365763
            ],
            [
              36.84512003038947,
              -1.2910587263365763
            ],
            [
              36.84512003038947,
              -1.2906994002229284
            ],
            [
              36.84494036733265,
              -1.2906994002229284
            ],
            [
              36.84494036733265,
              -1.2905197371661046
            ],
            [
              36.84476070427582,
              -1.2905197371661046
            ],
            [
              36.84476070427582,
              -1.2903400741092808
            ],
            [
              36.844581041218994,
              -1.2903400741092808
            ],
            [
              36.844581041218994,
              -1.2901604110524567
            ],
            [
              36.84422171510535,
              -1.2901604110524567
            ],
            [
              36.84422171510535,
              -1.289980747995633
            ],
            [
              36.84404205204853,
              -1.289980747995633
            ],
            [
              36.84404205204853,
              -1.2898010849388089
            ],
            [
              36.8438623889917,
              -1.2898010849388089
            ],
            [
              36.8438623889917,
              -1.2894417588251612
            ],
            [
              36.843682725934876,
              -1.2894417588251612
            ],
            [
              36.843682725934876,
              -1.2890824327115133
            ],
            [
              36.8438623889917,
              -1.2890824327115133
            ],
            [
              36.8438623889917,
              -1.2887231065978655
            ],
            [
              36.84422171510535,
              -1.2887231065978655
            ],
            [
              36.84422171510535,
              -1.2881841174273938
            ],
            [
              36.84350306287806,
              -1.2881841174273938
            ]
          ]
        ]
      },
      "id": "+205073-7171",
      "properties": {
        "area_ha": 6.743186346662107,
        "area_m2": 67431.86346662107,
        "class": 0,
        "count": 169
      }
    },
    {
      "type": "Feature",
      "geometry": {
        "geodesic": false,
        "type": "Polygon",
        "coordinates": [
          [
            [
              36.84709632401453,
              -1.2872858021432743
            ],
            [
              36.847275987071356,
              -1.2872858021432743
            ],
            [
              36.847275987071356,
              -1.287465465200098
            ],
            [
              36.84745565012818,
              -1.287465465200098
            ],
            [
              36.84745565012818,
              -1.2872858021432743
            ],
            [
              36.847635313185,
              -1.2872858021432743
            ],
            [
              36.847635313185,
              -1.2867468129728026
            ],
            [
              36.84745565012818,
              -1.2867468129728026
            ],
            [
              36.84745565012818,
              -1.2863874868591547
            ],
            [
              36.847275987071356,
              -1.2863874868591547
            ],
            [
              36.847275987071356,
              -1.2856688346318592
            ],
            [
              36.84709632401453,
              -1.2856688346318592
            ],
            [
              36.84709632401453,
              -1.2854891715750352
            ],
            [
              36.84655733484406,
              -1.2854891715750352
            ],
            [
              36.84655733484406,
              -1.2856688346318592
            ],
            [
              36.84637767178724,
              -1.2856688346318592
            ],
            [
              36.84637767178724,
              -1.2854891715750352
            ],
            [
              36.84619800873041,
              -1.2854891715750352
            ],
            [
              36.84619800873041,
              -1.2856688346318592
            ],
            [
              36.84565901955994,
              -1.2856688346318592
            ],
            [
              36.84565901955994,
              -1.2854891715750352
            ],
            [
              36.84529969344629,
              -1.2854891715750352
            ],
            [
              36.84529969344629,
              -1.2851298454613875
            ],
            [
              36.84512003038947,
              -1.2851298454613875
            ],
            [
              36.84512003038947,
              -1.2847705193477397
            ],
            [
              36.84529969344629,
              -1.2847705193477397
            ],
            [
              36.84529969344629,
              -1.2845908562909156
            ],
            [
              36.84547935650312,
              -1.2845908562909156
            ],
            [
              36.84547935650312,
              -1.2836925410067963
            ],
            [
              36.84512003038947,
              -1.2836925410067963
            ],
            [
              36.84512003038947,
              -1.2835128779499723
            ],
            [
              36.84494036733265,
              -1.2835128779499723
            ],
            [
              36.84494036733265,
              -1.2831535518363244
            ],
            [
              36.844581041218994,
              -1.2831535518363244
            ],
            [
              36.844581041218994,
              -1.2829738887795006
            ],
            [
              36.844401378162175,
              -1.2829738887795006
            ],
            [
              36.844401378162175,
              -1.2831535518363244
            ],
            [
              36.84404205204853,
              -1.2831535518363244
            ],
            [
              36.84404205204853,
              -1.2836925410067963
            ],
            [
              36.84422171510535,
              -1.2836925410067963
            ],
            [
              36.84422171510535,
              -1.284231530177268
            ],
            [
              36.844401378162175,
              -1.284231530177268
            ],
            [
              36.844401378162175,
              -1.2845908562909156
            ],
            [
              36.844581041218994,
              -1.2845908562909156
            ],
            [
              36.844581041218994,
              -1.2847705193477397
            ],
            [
              36.844401378162175,
              -1.2847705193477397
            ],
            [
              36.844401378162175,
              -1.2851298454613875
            ],
            [
              36.844581041218994,
              -1.2851298454613875
            ],
            [
              36.844581041218994,
              -1.2856688346318592
            ],
            [
              36.84476070427582,
              -1.2856688346318592
            ],
            [
              36.84476070427582,
              -1.2860281607455069
            ],
            [
              36.84494036733265,
              -1.2860281607455069
            ],
            [
              36.84494036733265,
              -1.286207823802331
            ],
            [
              36.84619800873041,
              -1.286207823802331
            ],
            [
              36.84619800873041,
              -1.2863874868591547
            ],
            [
              36.84655733484406,
              -1.2863874868591547
            ],
            [
              36.84655733484406,
              -1.2865671499159788
            ],
            [
              36.846736997900884,
              -1.2865671499159788
            ],
            [
              36.846736997900884,
              -1.2869264760296264
            ],
            [
              36.84691666095771,
              -1.2869264760296264
            ],
            [
              36.84691666095771,
              -1.2871061390864504
            ],
            [
              36.84709632401453,
              -1.2871061390864504
            ],
            [
              36.84709632401453,
              -1.2872858021432743
            ]
          ]
        ]
      },
      "id": "+205075-7142",
      "properties": {
        "area_ha": 5.94518661985359,
        "area_m2": 59451.8661985359,
        "class": 0,
        "count": 149
      }
    },
    {
      "type": "Feature",
      "geometry": {
        "geodesic": false,
        "type": "Polygon",
        "coordinates": [
          [
            [
              36.847635313185,
              -1.3117199778713253
            ],
            [
              36.84709632401453,
              -1.3117199778713253
            ],
            [
              36.84709632401453,
              -1.3115403148145013
            ],
            [
              36.84691666095771,
              -1.3115403148145013
            ],
            [
              36.84691666095771,
              -1.3111809887008536
            ],
            [
              36.845838682616765,
              -1.3111809887008536
            ],
            [
              36.845838682616765,
              -1.3110013256440296
            ],
            [
              36.84529969344629,
              -1.3110013256440296
            ],
            [
              36.84529969344629,
              -1.3108216625872058
            ],
            [
              36.84476070427582,
              -1.3108216625872058
            ],
            [
              36.84476070427582,
              -1.3106419995303817
            ],
            [
              36.844401378162175,
              -1.3106419995303817
            ],
            [
              36.844401378162175,
              -1.3108216625872058
            ],
            [
              36.84404205204853,
              -1.3108216625872058
            ],
            [
              36.84404205204853,
              -1.3110013256440296
            ],
            [
              36.84278441065076,
              -1.3110013256440296
            ],
            [
              36.84278441065076,
              -1.3111809887008536
            ],
            [
              36.842964073707584,
              -1.3111809887008536
            ],
            [
              36.842964073707584,
              -1.3118996409281491
            ],
            [
              36.84278441065076,
              -1.3118996409281491
            ],
            [
              36.84278441065076,
              -1.312258967041797
            ],
            [
              36.842964073707584,
              -1.312258967041797
            ],
            [
              36.842964073707584,
              -1.3124386300986208
            ],
            [
              36.843143736764404,
              -1.3124386300986208
            ],
            [
              36.843143736764404,
              -1.3126182931554449
            ],
            [
              36.84404205204853,
              -1.3126182931554449
            ],
            [
              36.84404205204853,
              -1.3124386300986208
            ],
            [
              36.84476070427582,
              -1.3124386300986208
            ],
            [
              36.84476070427582,
              -1.3126182931554449
            ],
            [
              36.84494036733265,
              -1.3126182931554449
            ],
            [
              36.84494036733265,
              -1.3127979562122687
            ],
            [
              36.84512003038947,
              -1.3127979562122687
            ],
            [
              36.84512003038947,
              -1.3131572823259166
            ],
            [
              36.84529969344629,
              -1.3131572823259166
            ],
            [
              36.84529969344629,
              -1.3133369453827404
            ],
            [
              36.84565901955994,
              -1.3133369453827404
            ],
            [
              36.84565901955994,
              -1.3135166084395644
            ],
            [
              36.845838682616765,
              -1.3135166084395644
            ],
            [
              36.845838682616765,
              -1.3136962714963882
            ],
            [
              36.846736997900884,
              -1.3136962714963882
            ],
            [
              36.846736997900884,
              -1.313875934553212
            ],
            [
              36.847275987071356,
              -1.313875934553212
            ],
            [
              36.847275987071356,
              -1.314055597610036
            ],
            [
              36.84745565012818,
              -1.314055597610036
            ],
            [
              36.84745565012818,
              -1.313875934553212
            ],
            [
              36.84853362846912,
              -1.313875934553212
            ],
            [
              36.84853362846912,
              -1.314055597610036
            ],
            [
              36.84889295458277,
              -1.314055597610036
            ],
            [
              36.84889295458277,
              -1.31423526066686
            ],
            [
              36.84907261763959,
              -1.31423526066686
            ],
            [
              36.84907261763959,
              -1.3144149237236837
            ],
            [
              36.849431943753245,
              -1.3144149237236837
            ],
            [
              36.849431943753245,
              -1.31423526066686
            ],
            [
              36.849611606810065,
              -1.31423526066686
            ],
            [
              36.849611606810065,
              -1.314055597610036
            ],
            [
              36.84979126986689,
              -1.314055597610036
            ],
            [
              36.84979126986689,
              -1.3136962714963882
            ],
            [
              36.85015059598054,
              -1.3136962714963882
            ],
            [
              36.85015059598054,
              -1.313875934553212
            ],
            [
              36.850869248207836,
              -1.313875934553212
            ],
            [
              36.850869248207836,
              -1.3135166084395644
            ],
            [
              36.851048911264655,
              -1.3135166084395644
            ],
            [
              36.851048911264655,
              -1.3133369453827404
            ],
            [
              36.85122857432148,
              -1.3133369453827404
            ],
            [
              36.85122857432148,
              -1.3131572823259166
            ],
            [
              36.851048911264655,
              -1.3131572823259166
            ],
            [
              36.851048911264655,
              -1.3129776192690925
            ],
            [
              36.850869248207836,
              -1.3129776192690925
            ],
            [
              36.850869248207836,
              -1.3127979562122687
            ],
            [
              36.85068958515101,
              -1.3127979562122687
            ],
            [
              36.85068958515101,
              -1.312258967041797
            ],
            [
              36.85050992209418,
              -1.312258967041797
            ],
            [
              36.85050992209418,
              -1.3120793039849732
            ],
            [
              36.850330259037364,
              -1.3120793039849732
            ],
            [
              36.850330259037364,
              -1.3118996409281491
            ],
            [
              36.849611606810065,
              -1.3118996409281491
            ],
            [
              36.849611606810065,
              -1.312258967041797
            ],
            [
              36.849431943753245,
              -1.312258967041797
            ],
            [
              36.849431943753245,
              -1.3124386300986208
            ],
            [
              36.84889295458277,
              -1.3124386300986208
            ],
            [
              36.84889295458277,
              -1.312258967041797
            ],
            [
              36.84871329152595,
              -1.312258967041797
            ],
            [
              36.84871329152595,
              -1.3120793039849732
            ],
            [
              36.8483539654123,
              -1.3120793039849732
            ],
            [
              36.8483539654123,
              -1.3118996409281491
            ],
            [
              36.847635313185,
              -1.3118996409281491
            ],
            [
              36.847635313185,
              -1.3117199778713253
            ]
          ]
        ]
      },
      "id": "+205076-7296",
      "properties": {
        "area_ha": 19.670774094195192,
        "area_m2": 196707.74094195192,
        "class": 0,
        "count": 493
      }
    },
    {
      "type": "Feature",
      "geometry": {
        "geodesic": false,
        "type": "Polygon",
        "coordinates": [
          [
            [
              36.84601834567359,
              -1.2998622161209477
            ],
            [
              36.84601834567359,
              -1.3000418791777715
            ],
            [
              36.845838682616765,
              -1.3000418791777715
            ],
            [
              36.845838682616765,
              -1.3002215422345953
            ],
            [
              36.84565901955994,
              -1.3002215422345953
            ],
            [
              36.84565901955994,
              -1.3004012052914193
            ],
            [
              36.845838682616765,
              -1.3004012052914193
            ],
            [
              36.845838682616765,
              -1.3005808683482432
            ],
            [
              36.84619800873041,
              -1.3005808683482432
            ],
            [
              36.84619800873041,
              -1.3007605314050672
            ],
            [
              36.84655733484406,
              -1.3007605314050672
            ],
            [
              36.84655733484406,
              -1.3002215422345953
            ],
            [
              36.84637767178724,
              -1.3002215422345953
            ],
            [
              36.84637767178724,
              -1.3000418791777715
            ],
            [
              36.84619800873041,
              -1.3000418791777715
            ],
            [
              36.84619800873041,
              -1.2998622161209477
            ],
            [
              36.84601834567359,
              -1.2998622161209477
            ]
          ]
        ]
      },
      "id": "+205084-7236",
      "properties": {
        "area_ha": 0.5985051574076786,
        "area_m2": 5985.051574076786,
        "class": 0,
        "count": 15
      }
    },
    {
      "type": "Feature",
      "geometry": {
        "geodesic": false,
        "type": "Polygon",
        "coordinates": [
          [
            [
              36.85068958515101,
              -1.2806382690407898
            ],
            [
              36.85068958515101,
              -1.2808179320976136
            ],
            [
              36.850330259037364,
              -1.2808179320976136
            ],
            [
              36.850330259037364,
              -1.2811772582112615
            ],
            [
              36.85050992209418,
              -1.2811772582112615
            ],
            [
              36.85050992209418,
              -1.2817162473817332
            ],
            [
              36.85068958515101,
              -1.2817162473817332
            ],
            [
              36.85068958515101,
              -1.282075573495381
            ],
            [
              36.850869248207836,
              -1.282075573495381
            ],
            [
              36.850869248207836,
              -1.2822552365522049
            ],
            [
              36.851048911264655,
              -1.2822552365522049
            ],
            [
              36.851048911264655,
              -1.282434899609029
            ],
            [
              36.85122857432148,
              -1.282434899609029
            ],
            [
              36.85122857432148,
              -1.2826145626658527
            ],
            [
              36.85140823737831,
              -1.2826145626658527
            ],
            [
              36.85140823737831,
              -1.2827942257226768
            ],
            [
              36.851767563491954,
              -1.2827942257226768
            ],
            [
              36.851767563491954,
              -1.2826145626658527
            ],
            [
              36.85194722654878,
              -1.2826145626658527
            ],
            [
              36.85194722654878,
              -1.2822552365522049
            ],
            [
              36.85158790043513,
              -1.2822552365522049
            ],
            [
              36.85158790043513,
              -1.282434899609029
            ],
            [
              36.85140823737831,
              -1.282434899609029
            ],
            [
              36.85140823737831,
              -1.2817162473817332
            ],
            [
              36.85122857432148,
              -1.2817162473817332
            ],
            [
              36.85122857432148,
              -1.2815365843249094
            ],
            [
              36.85140823737831,
              -1.2815365843249094
            ],
            [
              36.85140823737831,
              -1.2808179320976136
            ],
            [
              36.85122857432148,
              -1.2808179320976136
            ],
            [
              36.85122857432148,
              -1.2806382690407898
            ],
            [
              36.85068958515101,
              -1.2806382690407898
            ]
          ]
        ]
      },
      "id": "+205112-7129",
      "properties": {
        "area_ha": 1.9950318604956396,
        "area_m2": 19950.318604956396,
        "class": 0,
        "count": 50
      }
    },
    {
      "type": "Feature",
      "geometry": {
        "geodesic": false,
        "type": "Polygon",
        "coordinates": [
          [
            [
              36.85122857432148,
              -1.2872858021432743
            ],
            [
              36.85122857432148,
              -1.287465465200098
            ],
            [
              36.851048911264655,
              -1.287465465200098
            ],
            [
              36.851048911264655,
              -1.2876451282569221
            ],
            [
              36.85068958515101,
              -1.2876451282569221
            ],
            [
              36.85068958515101,
              -1.287824791313746
            ],
            [
              36.85015059598054,
              -1.287824791313746
            ],
            [
              36.85015059598054,
              -1.28800445437057
            ],
            [
              36.84979126986689,
              -1.28800445437057
            ],
            [
              36.84979126986689,
              -1.287824791313746
            ],
            [
              36.84925228069642,
              -1.287824791313746
            ],
            [
              36.84925228069642,
              -1.28800445437057
            ],
            [
              36.84907261763959,
              -1.28800445437057
            ],
            [
              36.84907261763959,
              -1.2885434435410417
            ],
            [
              36.84925228069642,
              -1.2885434435410417
            ],
            [
              36.84925228069642,
              -1.2887231065978655
            ],
            [
              36.849611606810065,
              -1.2887231065978655
            ],
            [
              36.849611606810065,
              -1.2889027696546895
            ],
            [
              36.84979126986689,
              -1.2889027696546895
            ],
            [
              36.84979126986689,
              -1.2890824327115133
            ],
            [
              36.84997093292372,
              -1.2890824327115133
            ],
            [
              36.84997093292372,
              -1.2892620957683372
            ],
            [
              36.850330259037364,
              -1.2892620957683372
            ],
            [
              36.850330259037364,
              -1.2890824327115133
            ],
            [
              36.851767563491954,
              -1.2890824327115133
            ],
            [
              36.851767563491954,
              -1.2892620957683372
            ],
            [
              36.85194722654878,
              -1.2892620957683372
            ],
            [
              36.85194722654878,
              -1.2890824327115133
            ],
            [
              36.8521268896056,
              -1.2890824327115133
            ],
            [
              36.8521268896056,
              -1.2889027696546895
            ],
            [
              36.852486215719246,
              -1.2889027696546895
            ],
            [
              36.852486215719246,
              -1.2887231065978655
            ],
            [
              36.8528455418329,
              -1.2887231065978655
            ],
            [
              36.8528455418329,
              -1.2883637804842176
            ],
            [
              36.85266587877607,
              -1.2883637804842176
            ],
            [
              36.85266587877607,
              -1.2881841174273938
            ],
            [
              36.852486215719246,
              -1.2881841174273938
            ],
            [
              36.852486215719246,
              -1.28800445437057
            ],
            [
              36.85266587877607,
              -1.28800445437057
            ],
            [
              36.85266587877607,
              -1.2876451282569221
            ],
            [
              36.852486215719246,
              -1.2876451282569221
            ],
            [
              36.852486215719246,
              -1.287465465200098
            ],
            [
              36.85230655266243,
              -1.287465465200098
            ],
            [
              36.85230655266243,
              -1.2872858021432743
            ],
            [
              36.85122857432148,
              -1.2872858021432743
            ]
          ]
        ]
      },
      "id": "+205118-7166",
      "properties": {
        "area_ha": 6.144682156533231,
        "area_m2": 61446.82156533231,
        "class": 0,
        "count": 154
      }
    },
    {
      "type": "Feature",
      "geometry": {
        "geodesic": false,
        "type": "Polygon",
        "coordinates": [
          [
            [
              36.849611606810065,
              -1.2628516264152232
            ],
            [
              36.849611606810065,
              -1.2630312894720472
            ],
            [
              36.849431943753245,
              -1.2630312894720472
            ],
            [
              36.849431943753245,
              -1.263210952528871
            ],
            [
              36.84925228069642,
              -1.263210952528871
            ],
            [
              36.84925228069642,
              -1.2637499416993427
            ],
            [
              36.849431943753245,
              -1.2637499416993427
            ],
            [
              36.849431943753245,
              -1.2639296047561668
            ],
            [
              36.849611606810065,
              -1.2639296047561668
            ],
            [
              36.849611606810065,
              -1.2637499416993427
            ],
            [
              36.850330259037364,
              -1.2637499416993427
            ],
            [
              36.850330259037364,
              -1.2639296047561668
            ],
            [
              36.85015059598054,
              -1.2639296047561668
            ],
            [
              36.85015059598054,
              -1.2641092678129906
            ],
            [
              36.850330259037364,
              -1.2641092678129906
            ],
            [
              36.850330259037364,
              -1.2642889308698146
            ],
            [
              36.85015059598054,
              -1.2642889308698146
            ],
            [
              36.85015059598054,
              -1.2646482569834623
            ],
            [
              36.849611606810065,
              -1.2646482569834623
            ],
            [
              36.849611606810065,
              -1.2644685939266385
            ],
            [
              36.849431943753245,
              -1.2644685939266385
            ],
            [
              36.849431943753245,
              -1.2642889308698146
            ],
            [
              36.84907261763959,
              -1.2642889308698146
            ],
            [
              36.84907261763959,
              -1.2644685939266385
            ],
            [
              36.84871329152595,
              -1.2644685939266385
            ],
            [
              36.84871329152595,
              -1.2646482569834623
            ],
            [
              36.84853362846912,
              -1.2646482569834623
            ],
            [
              36.84853362846912,
              -1.2650075830971101
            ],
            [
              36.8483539654123,
              -1.2650075830971101
            ],
            [
              36.8483539654123,
              -1.265187246153934
            ],
            [
              36.84853362846912,
              -1.265187246153934
            ],
            [
              36.84853362846912,
              -1.2655465722675818
            ],
            [
              36.84871329152595,
              -1.2655465722675818
            ],
            [
              36.84871329152595,
              -1.2659058983812297
            ],
            [
              36.84889295458277,
              -1.2659058983812297
            ],
            [
              36.84889295458277,
              -1.2660855614380535
            ],
            [
              36.84871329152595,
              -1.2660855614380535
            ],
            [
              36.84871329152595,
              -1.2666245506085252
            ],
            [
              36.84853362846912,
              -1.2666245506085252
            ],
            [
              36.84853362846912,
              -1.2664448875517014
            ],
            [
              36.8483539654123,
              -1.2664448875517014
            ],
            [
              36.8483539654123,
              -1.2666245506085252
            ],
            [
              36.848174302355474,
              -1.2666245506085252
            ],
            [
              36.848174302355474,
              -1.2668042136653492
            ],
            [
              36.8483539654123,
              -1.2668042136653492
            ],
            [
              36.8483539654123,
              -1.266983876722173
            ],
            [
              36.84871329152595,
              -1.266983876722173
            ],
            [
              36.84871329152595,
              -1.2668042136653492
            ],
            [
              36.84907261763959,
              -1.2668042136653492
            ],
            [
              36.84907261763959,
              -1.2666245506085252
            ],
            [
              36.84925228069642,
              -1.2666245506085252
            ],
            [
              36.84925228069642,
              -1.2664448875517014
            ],
            [
              36.849431943753245,
              -1.2664448875517014
            ],
            [
              36.849431943753245,
              -1.2666245506085252
            ],
            [
              36.849611606810065,
              -1.2666245506085252
            ],
            [
              36.849611606810065,
              -1.2668042136653492
            ],
            [
              36.849431943753245,
              -1.2668042136653492
            ],
            [
              36.849431943753245,
              -1.2678821920062926
            ],
            [
              36.849611606810065,
              -1.2678821920062926
            ],
            [
              36.849611606810065,
              -1.2687805072904121
            ],
            [
              36.84997093292372,
              -1.2687805072904121
            ],
            [
              36.84997093292372,
              -1.2682415181199405
            ],
            [
              36.85015059598054,
              -1.2682415181199405
            ],
            [
              36.85015059598054,
              -1.2678821920062926
            ],
            [
              36.84997093292372,
              -1.2678821920062926
            ],
            [
              36.84997093292372,
              -1.2677025289494688
            ],
            [
              36.85068958515101,
              -1.2677025289494688
            ],
            [
              36.85068958515101,
              -1.2675228658926447
            ],
            [
              36.850869248207836,
              -1.2675228658926447
            ],
            [
              36.850869248207836,
              -1.266983876722173
            ],
            [
              36.85050992209418,
              -1.266983876722173
            ],
            [
              36.85050992209418,
              -1.2668042136653492
            ],
            [
              36.850330259037364,
              -1.2668042136653492
            ],
            [
              36.850330259037364,
              -1.2662652244948776
            ],
            [
              36.85068958515101,
              -1.2662652244948776
            ],
            [
              36.85068958515101,
              -1.2660855614380535
            ],
            [
              36.85122857432148,
              -1.2660855614380535
            ],
            [
              36.85122857432148,
              -1.2662652244948776
            ],
            [
              36.85158790043513,
              -1.2662652244948776
            ],
            [
              36.85158790043513,
              -1.2664448875517014
            ],
            [
              36.85230655266243,
              -1.2664448875517014
            ],
            [
              36.85230655266243,
              -1.2662652244948776
            ],
            [
              36.852486215719246,
              -1.2662652244948776
            ],
            [
              36.852486215719246,
              -1.2664448875517014
            ],
            [
              36.85266587877607,
              -1.2664448875517014
            ],
            [
              36.85266587877607,
              -1.2662652244948776
            ],
            [
              36.8528455418329,
              -1.2662652244948776
            ],
            [
              36.8528455418329,
              -1.2664448875517014
            ],
            [
              36.85302520488972,
              -1.2664448875517014
            ],
            [
              36.85302520488972,
              -1.2660855614380535
            ],
            [
              36.85374385711702,
              -1.2660855614380535
            ],
            [
              36.85374385711702,
              -1.2657262353244059
            ],
            [
              36.85392352017384,
              -1.2657262353244059
            ],
            [
              36.85392352017384,
              -1.265366909210758
            ],
            [
              36.85410318323066,
              -1.265366909210758
            ],
            [
              36.85410318323066,
              -1.265187246153934
            ],
            [
              36.85392352017384,
              -1.265187246153934
            ],
            [
              36.85392352017384,
              -1.2644685939266385
            ],
            [
              36.85374385711702,
              -1.2644685939266385
            ],
            [
              36.85374385711702,
              -1.2642889308698146
            ],
            [
              36.85356419406019,
              -1.2642889308698146
            ],
            [
              36.85356419406019,
              -1.2641092678129906
            ],
            [
              36.853204867946545,
              -1.2641092678129906
            ],
            [
              36.853204867946545,
              -1.2639296047561668
            ],
            [
              36.85230655266243,
              -1.2639296047561668
            ],
            [
              36.85230655266243,
              -1.2637499416993427
            ],
            [
              36.852486215719246,
              -1.2637499416993427
            ],
            [
              36.852486215719246,
              -1.263570278642519
            ],
            [
              36.8528455418329,
              -1.263570278642519
            ],
            [
              36.8528455418329,
              -1.263390615585695
            ],
            [
              36.85338453100337,
              -1.263390615585695
            ],
            [
              36.85338453100337,
              -1.2630312894720472
            ],
            [
              36.8528455418329,
              -1.2630312894720472
            ],
            [
              36.8528455418329,
              -1.2628516264152232
            ],
            [
              36.849611606810065,
              -1.2628516264152232
            ]
          ],
          [
            [
              36.85068958515101,
              -1.267163539778997
            ],
            [
              36.85050992209418,
              -1.267163539778997
            ],
            [
              36.85050992209418,
              -1.2675228658926447
            ],
            [
              36.85068958515101,
              -1.2675228658926447
            ],
            [
              36.85068958515101,
              -1.267163539778997
            ]
          ],
          [
            [
              36.85015059598054,
              -1.2666245506085252
            ],
            [
              36.84997093292372,
              -1.2666245506085252
            ],
            [
              36.84997093292372,
              -1.2668042136653492
            ],
            [
              36.849611606810065,
              -1.2668042136653492
            ],
            [
              36.849611606810065,
              -1.266983876722173
            ],
            [
              36.85015059598054,
              -1.266983876722173
            ],
            [
              36.85015059598054,
              -1.2666245506085252
            ]
          ],
          [
            [
              36.8521268896056,
              -1.2637499416993427
            ],
            [
              36.85194722654878,
              -1.2637499416993427
            ],
            [
              36.85194722654878,
              -1.2639296047561668
            ],
            [
              36.85158790043513,
              -1.2639296047561668
            ],
            [
              36.85158790043513,
              -1.2642889308698146
            ],
            [
              36.851767563491954,
              -1.2642889308698146
            ],
            [
              36.851767563491954,
              -1.2641092678129906
            ],
            [
              36.85194722654878,
              -1.2641092678129906
            ],
            [
              36.85194722654878,
              -1.2642889308698146
            ],
            [
              36.8521268896056,
              -1.2642889308698146
            ],
            [
              36.8521268896056,
              -1.2637499416993427
            ]
          ]
        ]
      },
      "id": "+205121-7030",
      "properties": {
        "area_ha": 21.067670468522508,
        "area_m2": 210676.7046852251,
        "class": 0,
        "count": 528
      }
    },
    {
      "type": "Feature",
      "geometry": {
        "geodesic": false,
        "type": "Polygon",
        "coordinates": [
          [
            [
              36.85518116157161,
              -1.2642889308698146
            ],
            [
              36.85518116157161,
              -1.2646482569834623
            ],
            [
              36.85500149851478,
              -1.2646482569834623
            ],
            [
              36.85500149851478,
              -1.2648279200402863
            ],
            [
              36.85482183545796,
              -1.2648279200402863
            ],
            [
              36.85482183545796,
              -1.2650075830971101
            ],
            [
              36.854642172401135,
              -1.2650075830971101
            ],
            [
              36.854642172401135,
              -1.265366909210758
            ],
            [
              36.85482183545796,
              -1.265366909210758
            ],
            [
              36.85482183545796,
              -1.2655465722675818
            ],
            [
              36.85554048768525,
              -1.2655465722675818
            ],
            [
              36.85554048768525,
              -1.265366909210758
            ],
            [
              36.855360824628434,
              -1.265366909210758
            ],
            [
              36.855360824628434,
              -1.2650075830971101
            ],
            [
              36.85554048768525,
              -1.2650075830971101
            ],
            [
              36.85554048768525,
              -1.2644685939266385
            ],
            [
              36.85572015074208,
              -1.2644685939266385
            ],
            [
              36.85572015074208,
              -1.2642889308698146
            ],
            [
              36.85518116157161,
              -1.2642889308698146
            ]
          ]
        ]
      },
      "id": "+205137-7038",
      "properties": {
        "area_ha": 0.9576214917538713,
        "area_m2": 9576.214917538713,
        "class": 0,
        "count": 24
      }
    },
    {
      "type": "Feature",
      "geometry": {
        "geodesic": false,
        "type": "Polygon",
        "coordinates": [
          [
            [
              36.85572015074208,
              -1.284051867120444
            ],
            [
              36.85572015074208,
              -1.284231530177268
            ],
            [
              36.85518116157161,
              -1.284231530177268
            ],
            [
              36.85518116157161,
              -1.2844111932340918
            ],
            [
              36.85500149851478,
              -1.2844111932340918
            ],
            [
              36.85500149851478,
              -1.284231530177268
            ],
            [
              36.85482183545796,
              -1.284231530177268
            ],
            [
              36.85482183545796,
              -1.2844111932340918
            ],
            [
              36.85446250934431,
              -1.2844111932340918
            ],
            [
              36.85446250934431,
              -1.2845908562909156
            ],
            [
              36.85428284628749,
              -1.2845908562909156
            ],
            [
              36.85428284628749,
              -1.2844111932340918
            ],
            [
              36.85410318323066,
              -1.2844111932340918
            ],
            [
              36.85410318323066,
              -1.2845908562909156
            ],
            [
              36.85428284628749,
              -1.2845908562909156
            ],
            [
              36.85428284628749,
              -1.2849501824045635
            ],
            [
              36.85410318323066,
              -1.2849501824045635
            ],
            [
              36.85410318323066,
              -1.2853095085182114
            ],
            [
              36.85428284628749,
              -1.2853095085182114
            ],
            [
              36.85428284628749,
              -1.2854891715750352
            ],
            [
              36.854642172401135,
              -1.2854891715750352
            ],
            [
              36.854642172401135,
              -1.2856688346318592
            ],
            [
              36.85500149851478,
              -1.2856688346318592
            ],
            [
              36.85500149851478,
              -1.2854891715750352
            ],
            [
              36.85554048768525,
              -1.2854891715750352
            ],
            [
              36.85554048768525,
              -1.2853095085182114
            ],
            [
              36.85572015074208,
              -1.2853095085182114
            ],
            [
              36.85572015074208,
              -1.2851298454613875
            ],
            [
              36.856079476855726,
              -1.2851298454613875
            ],
            [
              36.856079476855726,
              -1.2849501824045635
            ],
            [
              36.85625913991255,
              -1.2849501824045635
            ],
            [
              36.85625913991255,
              -1.284231530177268
            ],
            [
              36.85589981379891,
              -1.284231530177268
            ],
            [
              36.85589981379891,
              -1.284051867120444
            ],
            [
              36.85572015074208,
              -1.284051867120444
            ]
          ]
        ]
      },
      "id": "+205138-7148",
      "properties": {
        "area_ha": 2.7930410908231194,
        "area_m2": 27930.41090823119,
        "class": 0,
        "count": 70
      }
    },
    {
      "type": "Feature",
      "geometry": {
        "geodesic": false,
        "type": "Polygon",
        "coordinates": [
          [
            [
              36.85500149851478,
              -1.287824791313746
            ],
            [
              36.85500149851478,
              -1.2881841174273938
            ],
            [
              36.85518116157161,
              -1.2881841174273938
            ],
            [
              36.85518116157161,
              -1.2885434435410417
            ],
            [
              36.85572015074208,
              -1.2885434435410417
            ],
            [
              36.85572015074208,
              -1.2883637804842176
            ],
            [
              36.856079476855726,
              -1.2883637804842176
            ],
            [
              36.856079476855726,
              -1.287824791313746
            ],
            [
              36.85500149851478,
              -1.287824791313746
            ]
          ]
        ]
      },
      "id": "+205139-7169",
      "properties": {
        "area_ha": 0.7980106721013429,
        "area_m2": 7980.106721013429,
        "class": 0,
        "count": 20
      }
    },
    {
      "type": "Feature",
      "geometry": {
        "geodesic": false,
        "type": "Polygon",
        "coordinates": [
          [
            [
              36.85859475965126,
              -1.284231530177268
            ],
            [
              36.85859475965126,
              -1.2844111932340918
            ],
            [
              36.858235433537615,
              -1.2844111932340918
            ],
            [
              36.858235433537615,
              -1.2847705193477397
            ],
            [
              36.85805577048079,
              -1.2847705193477397
            ],
            [
              36.85805577048079,
              -1.2854891715750352
            ],
            [
              36.85769644436714,
              -1.2854891715750352
            ],
            [
              36.85769644436714,
              -1.2856688346318592
            ],
            [
              36.8573371182535,
              -1.2856688346318592
            ],
            [
              36.8573371182535,
              -1.2860281607455069
            ],
            [
              36.85715745519667,
              -1.2860281607455069
            ],
            [
              36.85715745519667,
              -1.2865671499159788
            ],
            [
              36.8573371182535,
              -1.2865671499159788
            ],
            [
              36.8573371182535,
              -1.2863874868591547
            ],
            [
              36.857516781310316,
              -1.2863874868591547
            ],
            [
              36.857516781310316,
              -1.286207823802331
            ],
            [
              36.85787610742397,
              -1.286207823802331
            ],
            [
              36.85787610742397,
              -1.285848497688683
            ],
            [
              36.85805577048079,
              -1.285848497688683
            ],
            [
              36.85805577048079,
              -1.2856688346318592
            ],
            [
              36.858235433537615,
              -1.2856688346318592
            ],
            [
              36.858235433537615,
              -1.2854891715750352
            ],
            [
              36.85841509659444,
              -1.2854891715750352
            ],
            [
              36.85841509659444,
              -1.2853095085182114
            ],
            [
              36.85859475965126,
              -1.2853095085182114
            ],
            [
              36.85859475965126,
              -1.2851298454613875
            ],
            [
              36.85877442270809,
              -1.2851298454613875
            ],
            [
              36.85877442270809,
              -1.2847705193477397
            ],
            [
              36.85895408576491,
              -1.2847705193477397
            ],
            [
              36.85895408576491,
              -1.2844111932340918
            ],
            [
              36.85877442270809,
              -1.2844111932340918
            ],
            [
              36.85877442270809,
              -1.284231530177268
            ],
            [
              36.85859475965126,
              -1.284231530177268
            ]
          ]
        ]
      },
      "id": "+205154-7149",
      "properties": {
        "area_ha": 1.5561225979139142,
        "area_m2": 15561.225979139143,
        "class": 0,
        "count": 39
      }
    },
    {
      "type": "Feature",
      "geometry": {
        "geodesic": false,
        "type": "Polygon",
        "coordinates": [
          [
            [
              36.860391390219505,
              -1.295011313586702
            ],
            [
              36.860391390219505,
              -1.2951909766435261
            ],
            [
              36.86003206410585,
              -1.2951909766435261
            ],
            [
              36.86003206410585,
              -1.29537063970035
            ],
            [
              36.85985240104903,
              -1.29537063970035
            ],
            [
              36.85985240104903,
              -1.295550302757174
            ],
            [
              36.86021172716268,
              -1.295550302757174
            ],
            [
              36.86021172716268,
              -1.2957299658139978
            ],
            [
              36.86003206410585,
              -1.2957299658139978
            ],
            [
              36.86003206410585,
              -1.2959096288708216
            ],
            [
              36.860391390219505,
              -1.2959096288708216
            ],
            [
              36.860391390219505,
              -1.2957299658139978
            ],
            [
              36.860571053276324,
              -1.2957299658139978
            ],
            [
              36.860571053276324,
              -1.2959096288708216
            ],
            [
              36.86075071633315,
              -1.2959096288708216
            ],
            [
              36.86075071633315,
              -1.295550302757174
            ],
            [
              36.86093037938997,
              -1.295550302757174
            ],
            [
              36.86093037938997,
              -1.29537063970035
            ],
            [
              36.86075071633315,
              -1.29537063970035
            ],
            [
              36.86075071633315,
              -1.2951909766435261
            ],
            [
              36.860571053276324,
              -1.2951909766435261
            ],
            [
              36.860571053276324,
              -1.295011313586702
            ],
            [
              36.860391390219505,
              -1.295011313586702
            ]
          ]
        ]
      },
      "id": "+205164-7209",
      "properties": {
        "area_ha": 0.67830714554593,
        "area_m2": 6783.0714554593,
        "class": 0,
        "count": 17
      }
    },
    {
      "type": "Feature",
      "geometry": {
        "geodesic": false,
        "type": "Polygon",
        "coordinates": [
          [
            [
              36.861110042446796,
              -1.312258967041797
            ],
            [
              36.861110042446796,
              -1.3124386300986208
            ],
            [
              36.86093037938997,
              -1.3124386300986208
            ],
            [
              36.86093037938997,
              -1.3126182931554449
            ],
            [
              36.860571053276324,
              -1.3126182931554449
            ],
            [
              36.860571053276324,
              -1.3127979562122687
            ],
            [
              36.86021172716268,
              -1.3127979562122687
            ],
            [
              36.86021172716268,
              -1.3129776192690925
            ],
            [
              36.85985240104903,
              -1.3129776192690925
            ],
            [
              36.85985240104903,
              -1.3131572823259166
            ],
            [
              36.86003206410585,
              -1.3131572823259166
            ],
            [
              36.86003206410585,
              -1.3136962714963882
            ],
            [
              36.86021172716268,
              -1.3136962714963882
            ],
            [
              36.86021172716268,
              -1.313875934553212
            ],
            [
              36.860391390219505,
              -1.313875934553212
            ],
            [
              36.860391390219505,
              -1.3136962714963882
            ],
            [
              36.86075071633315,
              -1.3136962714963882
            ],
            [
              36.86075071633315,
              -1.3135166084395644
            ],
            [
              36.861110042446796,
              -1.3135166084395644
            ],
            [
              36.861110042446796,
              -1.3133369453827404
            ],
            [
              36.86128970550362,
              -1.3133369453827404
            ],
            [
              36.86128970550362,
              -1.3131572823259166
            ],
            [
              36.86164903161727,
              -1.3131572823259166
            ],
            [
              36.86164903161727,
              -1.3129776192690925
            ],
            [
              36.86218802078774,
              -1.3129776192690925
            ],
            [
              36.86218802078774,
              -1.3127979562122687
            ],
            [
              36.86272700995821,
              -1.3127979562122687
            ],
            [
              36.86272700995821,
              -1.3126182931554449
            ],
            [
              36.86254734690139,
              -1.3126182931554449
            ],
            [
              36.86254734690139,
              -1.312258967041797
            ],
            [
              36.861110042446796,
              -1.312258967041797
            ]
          ]
        ]
      },
      "id": "+205175-7305",
      "properties": {
        "area_ha": 2.7132096877862386,
        "area_m2": 27132.096877862386,
        "class": 0,
        "count": 68
      }
    },
    {
      "type": "Feature",
      "geometry": {
        "geodesic": false,
        "type": "Polygon",
        "coordinates": [
          [
            [
              36.86236768384457,
              -1.253868473574028
            ],
            [
              36.86236768384457,
              -1.254048136630852
            ],
            [
              36.86218802078774,
              -1.254048136630852
            ],
            [
              36.86218802078774,
              -1.2547667888581475
            ],
            [
              36.86236768384457,
              -1.2547667888581475
            ],
            [
              36.86236768384457,
              -1.2549464519149716
            ],
            [
              36.86254734690139,
              -1.2549464519149716
            ],
            [
              36.86254734690139,
              -1.2547667888581475
            ],
            [
              36.86290667301503,
              -1.2547667888581475
            ],
            [
              36.86290667301503,
              -1.253868473574028
            ],
            [
              36.86236768384457,
              -1.253868473574028
            ]
          ]
        ]
      },
      "id": "+205177-6980",
      "properties": {
        "area_ha": 0.7980211569735844,
        "area_m2": 7980.211569735845,
        "class": 0,
        "count": 20
      }
    },
    {
      "type": "Feature",
      "geometry": {
        "geodesic": false,
        "type": "Polygon",
        "coordinates": [
          [
            [
              36.86272700995821,
              -1.3203438045988727
            ],
            [
              36.86272700995821,
              -1.3207031307125205
            ],
            [
              36.86236768384457,
              -1.3207031307125205
            ],
            [
              36.86236768384457,
              -1.3212421198829922
            ],
            [
              36.86254734690139,
              -1.3212421198829922
            ],
            [
              36.86254734690139,
              -1.32160144599664
            ],
            [
              36.86236768384457,
              -1.32160144599664
            ],
            [
              36.86236768384457,
              -1.321781109053464
            ],
            [
              36.86254734690139,
              -1.321781109053464
            ],
            [
              36.86254734690139,
              -1.3219607721102877
            ],
            [
              36.86236768384457,
              -1.3219607721102877
            ],
            [
              36.86236768384457,
              -1.3223200982239356
            ],
            [
              36.86254734690139,
              -1.3223200982239356
            ],
            [
              36.86254734690139,
              -1.3224997612807596
            ],
            [
              36.86308633607186,
              -1.3224997612807596
            ],
            [
              36.86308633607186,
              -1.3221404351671118
            ],
            [
              36.863265999128686,
              -1.3221404351671118
            ],
            [
              36.863265999128686,
              -1.3212421198829922
            ],
            [
              36.863445662185505,
              -1.3212421198829922
            ],
            [
              36.863445662185505,
              -1.3207031307125205
            ],
            [
              36.863265999128686,
              -1.3207031307125205
            ],
            [
              36.863265999128686,
              -1.3205234676556965
            ],
            [
              36.86308633607186,
              -1.3205234676556965
            ],
            [
              36.86308633607186,
              -1.3203438045988727
            ],
            [
              36.86272700995821,
              -1.3203438045988727
            ]
          ]
        ]
      },
      "id": "+205178-7350",
      "properties": {
        "area_ha": 2.074800408549692,
        "area_m2": 20748.00408549692,
        "class": 0,
        "count": 52
      }
    },
    {
      "type": "Feature",
      "geometry": {
        "geodesic": false,
        "type": "Polygon",
        "coordinates": [
          [
            [
              36.86398465135598,
              -1.3117199778713253
            ],
            [
              36.86398465135598,
              -1.3118996409281491
            ],
            [
              36.86380498829916,
              -1.3118996409281491
            ],
            [
              36.86380498829916,
              -1.3120793039849732
            ],
            [
              36.86362532524233,
              -1.3120793039849732
            ],
            [
              36.86362532524233,
              -1.3124386300986208
            ],
            [
              36.863445662185505,
              -1.3124386300986208
            ],
            [
              36.863445662185505,
              -1.3131572823259166
            ],
            [
              36.86308633607186,
              -1.3131572823259166
            ],
            [
              36.86308633607186,
              -1.3133369453827404
            ],
            [
              36.86290667301503,
              -1.3133369453827404
            ],
            [
              36.86290667301503,
              -1.3135166084395644
            ],
            [
              36.86272700995821,
              -1.3135166084395644
            ],
            [
              36.86272700995821,
              -1.313875934553212
            ],
            [
              36.86254734690139,
              -1.313875934553212
            ],
            [
              36.86254734690139,
              -1.314055597610036
            ],
            [
              36.86272700995821,
              -1.314055597610036
            ],
            [
              36.86272700995821,
              -1.3144149237236837
            ],
            [
              36.86254734690139,
              -1.3144149237236837
            ],
            [
              36.86254734690139,
              -1.3147742498373316
            ],
            [
              36.86272700995821,
              -1.3147742498373316
            ],
            [
              36.86272700995821,
              -1.3144149237236837
            ],
            [
              36.863265999128686,
              -1.3144149237236837
            ],
            [
              36.863265999128686,
              -1.31423526066686
            ],
            [
              36.86362532524233,
              -1.31423526066686
            ],
            [
              36.86362532524233,
              -1.314055597610036
            ],
            [
              36.86380498829916,
              -1.314055597610036
            ],
            [
              36.86380498829916,
              -1.313875934553212
            ],
            [
              36.86398465135598,
              -1.313875934553212
            ],
            [
              36.86398465135598,
              -1.3136962714963882
            ],
            [
              36.86452364052645,
              -1.3136962714963882
            ],
            [
              36.86452364052645,
              -1.3135166084395644
            ],
            [
              36.86524229275375,
              -1.3135166084395644
            ],
            [
              36.86524229275375,
              -1.3133369453827404
            ],
            [
              36.86542195581057,
              -1.3133369453827404
            ],
            [
              36.86542195581057,
              -1.3124386300986208
            ],
            [
              36.86524229275375,
              -1.3124386300986208
            ],
            [
              36.86524229275375,
              -1.3120793039849732
            ],
            [
              36.86506262969692,
              -1.3120793039849732
            ],
            [
              36.86506262969692,
              -1.3118996409281491
            ],
            [
              36.864882966640096,
              -1.3118996409281491
            ],
            [
              36.864882966640096,
              -1.3117199778713253
            ],
            [
              36.86398465135598,
              -1.3117199778713253
            ]
          ]
        ]
      },
      "id": "+205188-7302",
      "properties": {
        "area_ha": 5.346619037456517,
        "area_m2": 53466.190374565165,
        "class": 0,
        "count": 134
      }
    },
    {
      "type": "Feature",
      "geometry": {
        "geodesic": false,
        "type": "Polygon",
        "coordinates": [
          [
            [
              36.865601618867395,
              -1.2818959104385572
            ],
            [
              36.865601618867395,
              -1.282075573495381
            ],
            [
              36.86506262969692,
              -1.282075573495381
            ],
            [
              36.86506262969692,
              -1.2822552365522049
            ],
            [
              36.86452364052645,
              -1.2822552365522049
            ],
            [
              36.86452364052645,
              -1.282434899609029
            ],
            [
              36.86434397746963,
              -1.282434899609029
            ],
            [
              36.86434397746963,
              -1.2826145626658527
            ],
            [
              36.86398465135598,
              -1.2826145626658527
            ],
            [
              36.86398465135598,
              -1.2827942257226768
            ],
            [
              36.86380498829916,
              -1.2827942257226768
            ],
            [
              36.86380498829916,
              -1.2831535518363244
            ],
            [
              36.86398465135598,
              -1.2831535518363244
            ],
            [
              36.86398465135598,
              -1.2833332148931484
            ],
            [
              36.864882966640096,
              -1.2833332148931484
            ],
            [
              36.864882966640096,
              -1.2831535518363244
            ],
            [
              36.86506262969692,
              -1.2831535518363244
            ],
            [
              36.86506262969692,
              -1.2829738887795006
            ],
            [
              36.86524229275375,
              -1.2829738887795006
            ],
            [
              36.86524229275375,
              -1.2827942257226768
            ],
            [
              36.86542195581057,
              -1.2827942257226768
            ],
            [
              36.86542195581057,
              -1.282434899609029
            ],
            [
              36.865601618867395,
              -1.282434899609029
            ],
            [
              36.865601618867395,
              -1.2822552365522049
            ],
            [
              36.86578128192422,
              -1.2822552365522049
            ],
            [
              36.86578128192422,
              -1.2818959104385572
            ],
            [
              36.865601618867395,
              -1.2818959104385572
            ]
          ]
        ]
      },
      "id": "+205193-7136",
      "properties": {
        "area_ha": 1.7955279357266622,
        "area_m2": 17955.279357266623,
        "class": 0,
        "count": 45
      }
    },
    {
      "type": "Feature",
      "geometry": {
        "geodesic": false,
        "type": "Polygon",
        "coordinates": [
          [
            [
              36.869194880003874,
              -1.252071843005789
            ],
            [
              36.869194880003874,
              -1.252251506062613
            ],
            [
              36.868476227776576,
              -1.252251506062613
            ],
            [
              36.868476227776576,
              -1.2524311691194367
            ],
            [
              36.86811690166293,
              -1.2524311691194367
            ],
            [
              36.86811690166293,
              -1.2526108321762608
            ],
            [
              36.8679372386061,
              -1.2526108321762608
            ],
            [
              36.8679372386061,
              -1.2527904952330846
            ],
            [
              36.86811690166293,
              -1.2527904952330846
            ],
            [
              36.86811690166293,
              -1.2533294844035563
            ],
            [
              36.867757575549284,
              -1.2533294844035563
            ],
            [
              36.867757575549284,
              -1.2536888105172042
            ],
            [
              36.86757791249246,
              -1.2536888105172042
            ],
            [
              36.86757791249246,
              -1.2535091474603803
            ],
            [
              36.867038923321985,
              -1.2535091474603803
            ],
            [
              36.867038923321985,
              -1.254048136630852
            ],
            [
              36.86685926026516,
              -1.254048136630852
            ],
            [
              36.86685926026516,
              -1.2551261149717954
            ],
            [
              36.867038923321985,
              -1.2551261149717954
            ],
            [
              36.867038923321985,
              -1.2553057780286194
            ],
            [
              36.86739824943563,
              -1.2553057780286194
            ],
            [
              36.86739824943563,
              -1.255665104142267
            ],
            [
              36.867757575549284,
              -1.255665104142267
            ],
            [
              36.867757575549284,
              -1.2551261149717954
            ],
            [
              36.8679372386061,
              -1.2551261149717954
            ],
            [
              36.8679372386061,
              -1.2544074627444999
            ],
            [
              36.86811690166293,
              -1.2544074627444999
            ],
            [
              36.86811690166293,
              -1.254048136630852
            ],
            [
              36.868476227776576,
              -1.254048136630852
            ],
            [
              36.868476227776576,
              -1.253868473574028
            ],
            [
              36.8686558908334,
              -1.253868473574028
            ],
            [
              36.8686558908334,
              -1.2535091474603803
            ],
            [
              36.869374543060694,
              -1.2535091474603803
            ],
            [
              36.869374543060694,
              -1.2533294844035563
            ],
            [
              36.87027285834482,
              -1.2533294844035563
            ],
            [
              36.87027285834482,
              -1.2531498213467325
            ],
            [
              36.87045252140164,
              -1.2531498213467325
            ],
            [
              36.87045252140164,
              -1.2527904952330846
            ],
            [
              36.87027285834482,
              -1.2527904952330846
            ],
            [
              36.87027285834482,
              -1.2526108321762608
            ],
            [
              36.87009319528799,
              -1.2526108321762608
            ],
            [
              36.87009319528799,
              -1.252251506062613
            ],
            [
              36.86955420611752,
              -1.252251506062613
            ],
            [
              36.86955420611752,
              -1.252071843005789
            ],
            [
              36.869194880003874,
              -1.252071843005789
            ]
          ]
        ]
      },
      "id": "+205214-6970",
      "properties": {
        "area_ha": 6.104863695227421,
        "area_m2": 61048.63695227422,
        "class": 0,
        "count": 153
      }
    },
    {
      "type": "Feature",
      "geometry": {
        "geodesic": false,
        "type": "Polygon",
        "coordinates": [
          [
            [
              36.87027285834482,
              -1.2770450079043116
            ],
            [
              36.87027285834482,
              -1.2772246709611357
            ],
            [
              36.87009319528799,
              -1.2772246709611357
            ],
            [
              36.87009319528799,
              -1.2770450079043116
            ],
            [
              36.869913532231166,
              -1.2770450079043116
            ],
            [
              36.869913532231166,
              -1.2772246709611357
            ],
            [
              36.87009319528799,
              -1.2772246709611357
            ],
            [
              36.87009319528799,
              -1.2774043340179595
            ],
            [
              36.87045252140164,
              -1.2774043340179595
            ],
            [
              36.87045252140164,
              -1.2775839970747835
            ],
            [
              36.87027285834482,
              -1.2775839970747835
            ],
            [
              36.87027285834482,
              -1.2777636601316074
            ],
            [
              36.87009319528799,
              -1.2777636601316074
            ],
            [
              36.87009319528799,
              -1.2779433231884312
            ],
            [
              36.869374543060694,
              -1.2779433231884312
            ],
            [
              36.869374543060694,
              -1.2781229862452552
            ],
            [
              36.86883555389022,
              -1.2781229862452552
            ],
            [
              36.86883555389022,
              -1.278302649302079
            ],
            [
              36.8686558908334,
              -1.278302649302079
            ],
            [
              36.8686558908334,
              -1.278482312358903
            ],
            [
              36.868476227776576,
              -1.278482312358903
            ],
            [
              36.868476227776576,
              -1.278661975415727
            ],
            [
              36.868296564719756,
              -1.278661975415727
            ],
            [
              36.868296564719756,
              -1.2788416384725507
            ],
            [
              36.86811690166293,
              -1.2788416384725507
            ],
            [
              36.86811690166293,
              -1.2790213015293748
            ],
            [
              36.8679372386061,
              -1.2790213015293748
            ],
            [
              36.8679372386061,
              -1.2792009645861986
            ],
            [
              36.867757575549284,
              -1.2792009645861986
            ],
            [
              36.867757575549284,
              -1.2795602906998464
            ],
            [
              36.86757791249246,
              -1.2795602906998464
            ],
            [
              36.86757791249246,
              -1.2799196168134943
            ],
            [
              36.867757575549284,
              -1.2799196168134943
            ],
            [
              36.867757575549284,
              -1.280278942927142
            ],
            [
              36.8679372386061,
              -1.280278942927142
            ],
            [
              36.8679372386061,
              -1.280458605983966
            ],
            [
              36.86811690166293,
              -1.280458605983966
            ],
            [
              36.86811690166293,
              -1.2809975951544377
            ],
            [
              36.868296564719756,
              -1.2809975951544377
            ],
            [
              36.868296564719756,
              -1.2808179320976136
            ],
            [
              36.868476227776576,
              -1.2808179320976136
            ],
            [
              36.868476227776576,
              -1.2806382690407898
            ],
            [
              36.8686558908334,
              -1.2806382690407898
            ],
            [
              36.8686558908334,
              -1.280458605983966
            ],
            [
              36.86901521694705,
              -1.280458605983966
            ],
            [
              36.86901521694705,
              -1.280278942927142
            ],
            [
              36.869374543060694,
              -1.280278942927142
            ],
            [
              36.869374543060694,
              -1.2800992798703181
            ],
            [
              36.87009319528799,
              -1.2800992798703181
            ],
            [
              36.87009319528799,
              -1.2792009645861986
            ],
            [
              36.87027285834482,
              -1.2792009645861986
            ],
            [
              36.87027285834482,
              -1.2788416384725507
            ],
            [
              36.87045252140164,
              -1.2788416384725507
            ],
            [
              36.87045252140164,
              -1.278482312358903
            ],
            [
              36.870632184458465,
              -1.278482312358903
            ],
            [
              36.870632184458465,
              -1.278302649302079
            ],
            [
              36.870811847515284,
              -1.278302649302079
            ],
            [
              36.870811847515284,
              -1.2781229862452552
            ],
            [
              36.87099151057211,
              -1.2781229862452552
            ],
            [
              36.87099151057211,
              -1.2779433231884312
            ],
            [
              36.87135083668576,
              -1.2779433231884312
            ],
            [
              36.87135083668576,
              -1.2775839970747835
            ],
            [
              36.87117117362894,
              -1.2775839970747835
            ],
            [
              36.87117117362894,
              -1.2774043340179595
            ],
            [
              36.87099151057211,
              -1.2774043340179595
            ],
            [
              36.87099151057211,
              -1.2772246709611357
            ],
            [
              36.870811847515284,
              -1.2772246709611357
            ],
            [
              36.870811847515284,
              -1.2774043340179595
            ],
            [
              36.87045252140164,
              -1.2774043340179595
            ],
            [
              36.87045252140164,
              -1.2770450079043116
            ],
            [
              36.87027285834482,
              -1.2770450079043116
            ]
          ]
        ]
      },
      "id": "+205219-7109",
      "properties": {
        "area_ha": 7.541228032767444,
        "area_m2": 75412.28032767444,
        "class": 0,
        "count": 189
      }
    },
    {
      "type": "Feature",
      "geometry": {
        "geodesic": false,
        "type": "Polygon",
        "coordinates": [
          [
            [
              36.87117117362894,
              -1.2741703989951292
            ],
            [
              36.87117117362894,
              -1.2743500620519532
            ],
            [
              36.87099151057211,
              -1.2743500620519532
            ],
            [
              36.87099151057211,
              -1.274709388165601
            ],
            [
              36.870811847515284,
              -1.274709388165601
            ],
            [
              36.870811847515284,
              -1.2750687142792487
            ],
            [
              36.870632184458465,
              -1.2750687142792487
            ],
            [
              36.870632184458465,
              -1.2752483773360728
            ],
            [
              36.87045252140164,
              -1.2752483773360728
            ],
            [
              36.87045252140164,
              -1.2754280403928966
            ],
            [
              36.87027285834482,
              -1.2754280403928966
            ],
            [
              36.87027285834482,
              -1.2759670295633683
            ],
            [
              36.87045252140164,
              -1.2759670295633683
            ],
            [
              36.87045252140164,
              -1.2761466926201923
            ],
            [
              36.870632184458465,
              -1.2761466926201923
            ],
            [
              36.870632184458465,
              -1.2763263556770161
            ],
            [
              36.87099151057211,
              -1.2763263556770161
            ],
            [
              36.87099151057211,
              -1.27650601873384
            ],
            [
              36.87171016279941,
              -1.27650601873384
            ],
            [
              36.87171016279941,
              -1.2759670295633683
            ],
            [
              36.87188982585623,
              -1.2759670295633683
            ],
            [
              36.87188982585623,
              -1.2756077034497204
            ],
            [
              36.872069488913056,
              -1.2756077034497204
            ],
            [
              36.872069488913056,
              -1.274889051222425
            ],
            [
              36.87188982585623,
              -1.274889051222425
            ],
            [
              36.87188982585623,
              -1.274529725108777
            ],
            [
              36.87171016279941,
              -1.274529725108777
            ],
            [
              36.87171016279941,
              -1.2743500620519532
            ],
            [
              36.87153049974258,
              -1.2743500620519532
            ],
            [
              36.87153049974258,
              -1.2741703989951292
            ],
            [
              36.87117117362894,
              -1.2741703989951292
            ]
          ]
        ]
      },
      "id": "+205225-7093",
      "properties": {
        "area_ha": 3.4314631131287547,
        "area_m2": 34314.63113128755,
        "class": 0,
        "count": 86
      }
    },
    {
      "type": "Feature",
      "geometry": {
        "geodesic": false,
        "type": "Polygon",
        "coordinates": [
          [
            [
              36.8724288150267,
              -1.2725534314837141
            ],
            [
              36.8724288150267,
              -1.272733094540538
            ],
            [
              36.87224915196988,
              -1.272733094540538
            ],
            [
              36.87224915196988,
              -1.272912757597362
            ],
            [
              36.872069488913056,
              -1.272912757597362
            ],
            [
              36.872069488913056,
              -1.2730924206541858
            ],
            [
              36.87188982585623,
              -1.2730924206541858
            ],
            [
              36.87188982585623,
              -1.2736314098246575
            ],
            [
              36.87224915196988,
              -1.2736314098246575
            ],
            [
              36.87224915196988,
              -1.2734517467678337
            ],
            [
              36.8724288150267,
              -1.2734517467678337
            ],
            [
              36.8724288150267,
              -1.2732720837110096
            ],
            [
              36.87260847808353,
              -1.2732720837110096
            ],
            [
              36.87260847808353,
              -1.272912757597362
            ],
            [
              36.87278814114035,
              -1.272912757597362
            ],
            [
              36.87278814114035,
              -1.2725534314837141
            ],
            [
              36.8724288150267,
              -1.2725534314837141
            ]
          ]
        ]
      },
      "id": "+205232-7084",
      "properties": {
        "area_ha": 0.6783130878887816,
        "area_m2": 6783.130878887816,
        "class": 0,
        "count": 17
      }
    },
    {
      "type": "Feature",
      "geometry": {
        "geodesic": false,
        "type": "Polygon",
        "coordinates": [
          [
            [
              36.873506793367646,
              -1.2509938646648455
            ],
            [
              36.873506793367646,
              -1.2511735277216696
            ],
            [
              36.873147467254,
              -1.2511735277216696
            ],
            [
              36.873147467254,
              -1.2513531907784934
            ],
            [
              36.872967804197174,
              -1.2513531907784934
            ],
            [
              36.872967804197174,
              -1.2517125168921412
            ],
            [
              36.87278814114035,
              -1.2517125168921412
            ],
            [
              36.87278814114035,
              -1.2515328538353174
            ],
            [
              36.8724288150267,
              -1.2515328538353174
            ],
            [
              36.8724288150267,
              -1.2513531907784934
            ],
            [
              36.87224915196988,
              -1.2513531907784934
            ],
            [
              36.87224915196988,
              -1.2515328538353174
            ],
            [
              36.87188982585623,
              -1.2515328538353174
            ],
            [
              36.87188982585623,
              -1.2527904952330846
            ],
            [
              36.87153049974258,
              -1.2527904952330846
            ],
            [
              36.87153049974258,
              -1.2533294844035563
            ],
            [
              36.87224915196988,
              -1.2533294844035563
            ],
            [
              36.87224915196988,
              -1.2531498213467325
            ],
            [
              36.8724288150267,
              -1.2531498213467325
            ],
            [
              36.8724288150267,
              -1.2527904952330846
            ],
            [
              36.87278814114035,
              -1.2527904952330846
            ],
            [
              36.87278814114035,
              -1.252251506062613
            ],
            [
              36.87368645642447,
              -1.252251506062613
            ],
            [
              36.87368645642447,
              -1.251892179948965
            ],
            [
              36.87386611948129,
              -1.251892179948965
            ],
            [
              36.87386611948129,
              -1.2517125168921412
            ],
            [
              36.87404578253812,
              -1.2517125168921412
            ],
            [
              36.87404578253812,
              -1.2511735277216696
            ],
            [
              36.87386611948129,
              -1.2511735277216696
            ],
            [
              36.87386611948129,
              -1.2509938646648455
            ],
            [
              36.873506793367646,
              -1.2509938646648455
            ]
          ]
        ]
      },
      "id": "+205238-6964",
      "properties": {
        "area_ha": 3.3915928744015873,
        "area_m2": 33915.92874401587,
        "class": 0,
        "count": 85
      }
    },
    {
      "type": "Feature",
      "geometry": {
        "geodesic": false,
        "type": "Polygon",
        "coordinates": [
          [
            [
              36.87512376087906,
              -1.2829738887795006
            ],
            [
              36.87512376087906,
              -1.2831535518363244
            ],
            [
              36.87494409782224,
              -1.2831535518363244
            ],
            [
              36.87494409782224,
              -1.2833332148931484
            ],
            [
              36.87476443476541,
              -1.2833332148931484
            ],
            [
              36.87476443476541,
              -1.2835128779499723
            ],
            [
              36.87458477170859,
              -1.2835128779499723
            ],
            [
              36.87458477170859,
              -1.284051867120444
            ],
            [
              36.874225445594945,
              -1.284051867120444
            ],
            [
              36.874225445594945,
              -1.284231530177268
            ],
            [
              36.87404578253812,
              -1.284231530177268
            ],
            [
              36.87404578253812,
              -1.2844111932340918
            ],
            [
              36.87386611948129,
              -1.2844111932340918
            ],
            [
              36.87386611948129,
              -1.2845908562909156
            ],
            [
              36.87404578253812,
              -1.2845908562909156
            ],
            [
              36.87404578253812,
              -1.2847705193477397
            ],
            [
              36.874225445594945,
              -1.2847705193477397
            ],
            [
              36.874225445594945,
              -1.2845908562909156
            ],
            [
              36.874405108651764,
              -1.2845908562909156
            ],
            [
              36.874405108651764,
              -1.2844111932340918
            ],
            [
              36.87458477170859,
              -1.2844111932340918
            ],
            [
              36.87458477170859,
              -1.284231530177268
            ],
            [
              36.87476443476541,
              -1.284231530177268
            ],
            [
              36.87476443476541,
              -1.284051867120444
            ],
            [
              36.87512376087906,
              -1.284051867120444
            ],
            [
              36.87512376087906,
              -1.2838722040636201
            ],
            [
              36.87548308699271,
              -1.2838722040636201
            ],
            [
              36.87548308699271,
              -1.2831535518363244
            ],
            [
              36.87530342393588,
              -1.2831535518363244
            ],
            [
              36.87530342393588,
              -1.2829738887795006
            ],
            [
              36.87512376087906,
              -1.2829738887795006
            ]
          ]
        ]
      },
      "id": "+205246-7142",
      "properties": {
        "area_ha": 1.236918694629482,
        "area_m2": 12369.18694629482,
        "class": 0,
        "count": 31
      }
    },
    {
      "type": "Feature",
      "geometry": {
        "geodesic": false,
        "type": "Polygon",
        "coordinates": [
          [
            [
              36.87494409782224,
              -1.2590787022219214
            ],
            [
              36.87494409782224,
              -1.259797354449217
            ],
            [
              36.87512376087906,
              -1.259797354449217
            ],
            [
              36.87512376087906,
              -1.2599770175060407
            ],
            [
              36.87476443476541,
              -1.2599770175060407
            ],
            [
              36.87476443476541,
              -1.2601566805628648
            ],
            [
              36.87494409782224,
              -1.2601566805628648
            ],
            [
              36.87494409782224,
              -1.2605160066765126
            ],
            [
              36.87530342393588,
              -1.2605160066765126
            ],
            [
              36.87530342393588,
              -1.2599770175060407
            ],
            [
              36.87548308699271,
              -1.2599770175060407
            ],
            [
              36.87548308699271,
              -1.259797354449217
            ],
            [
              36.875842413106355,
              -1.259797354449217
            ],
            [
              36.875842413106355,
              -1.259438028335569
            ],
            [
              36.875662750049536,
              -1.259438028335569
            ],
            [
              36.875662750049536,
              -1.2590787022219214
            ],
            [
              36.87494409782224,
              -1.2590787022219214
            ]
          ]
        ]
      },
      "id": "+205248-7009",
      "properties": {
        "area_ha": 1.0773263483475937,
        "area_m2": 10773.263483475936,
        "class": 0,
        "count": 27
      }
    },
    {
      "type": "Feature",
      "geometry": {
        "geodesic": false,
        "type": "Polygon",
        "coordinates": [
          [
            [
              36.86452364052645,
              -1.2580007238809778
            ],
            [
              36.86452364052645,
              -1.2581803869378019
            ],
            [
              36.864164314412804,
              -1.2581803869378019
            ],
            [
              36.864164314412804,
              -1.2583600499946257
            ],
            [
              36.86398465135598,
              -1.2583600499946257
            ],
            [
              36.86398465135598,
              -1.2585397130514495
            ],
            [
              36.863445662185505,
              -1.2585397130514495
            ],
            [
              36.863445662185505,
              -1.2587193761082736
            ],
            [
              36.863265999128686,
              -1.2587193761082736
            ],
            [
              36.863265999128686,
              -1.2588990391650974
            ],
            [
              36.86290667301503,
              -1.2588990391650974
            ],
            [
              36.86290667301503,
              -1.2590787022219214
            ],
            [
              36.86272700995821,
              -1.2590787022219214
            ],
            [
              36.86272700995821,
              -1.2592583652787452
            ],
            [
              36.86254734690139,
              -1.2592583652787452
            ],
            [
              36.86254734690139,
              -1.259438028335569
            ],
            [
              36.86218802078774,
              -1.259438028335569
            ],
            [
              36.86218802078774,
              -1.2601566805628648
            ],
            [
              36.86236768384457,
              -1.2601566805628648
            ],
            [
              36.86236768384457,
              -1.2612346589038081
            ],
            [
              36.86164903161727,
              -1.2612346589038081
            ],
            [
              36.86164903161727,
              -1.2603363436196886
            ],
            [
              36.86146936856044,
              -1.2603363436196886
            ],
            [
              36.86146936856044,
              -1.259617691392393
            ],
            [
              36.86164903161727,
              -1.259617691392393
            ],
            [
              36.86164903161727,
              -1.2590787022219214
            ],
            [
              36.861828694674095,
              -1.2590787022219214
            ],
            [
              36.861828694674095,
              -1.2587193761082736
            ],
            [
              36.862008357730915,
              -1.2587193761082736
            ],
            [
              36.862008357730915,
              -1.2585397130514495
            ],
            [
              36.86218802078774,
              -1.2585397130514495
            ],
            [
              36.86218802078774,
              -1.2583600499946257
            ],
            [
              36.86236768384457,
              -1.2583600499946257
            ],
            [
              36.86236768384457,
              -1.2580007238809778
            ],
            [
              36.86218802078774,
              -1.2580007238809778
            ],
            [
              36.86218802078774,
              -1.257821060824154
            ],
            [
              36.862008357730915,
              -1.257821060824154
            ],
            [
              36.862008357730915,
              -1.25764139776733
            ],
            [
              36.86164903161727,
              -1.25764139776733
            ],
            [
              36.86164903161727,
              -1.257821060824154
            ],
            [
              36.86128970550362,
              -1.257821060824154
            ],
            [
              36.86128970550362,
              -1.2580007238809778
            ],
            [
              36.861110042446796,
              -1.2580007238809778
            ],
            [
              36.861110042446796,
              -1.2581803869378019
            ],
            [
              36.86093037938997,
              -1.2581803869378019
            ],
            [
              36.86093037938997,
              -1.2585397130514495
            ],
            [
              36.86075071633315,
              -1.2585397130514495
            ],
            [
              36.86075071633315,
              -1.2590787022219214
            ],
            [
              36.860571053276324,
              -1.2590787022219214
            ],
            [
              36.860571053276324,
              -1.259617691392393
            ],
            [
              36.860391390219505,
              -1.259617691392393
            ],
            [
              36.860391390219505,
              -1.259797354449217
            ],
            [
              36.86021172716268,
              -1.259797354449217
            ],
            [
              36.86021172716268,
              -1.2599770175060407
            ],
            [
              36.85985240104903,
              -1.2599770175060407
            ],
            [
              36.85985240104903,
              -1.2601566805628648
            ],
            [
              36.859672737992206,
              -1.2601566805628648
            ],
            [
              36.859672737992206,
              -1.2603363436196886
            ],
            [
              36.85949307493538,
              -1.2603363436196886
            ],
            [
              36.85949307493538,
              -1.2605160066765126
            ],
            [
              36.85895408576491,
              -1.2605160066765126
            ],
            [
              36.85895408576491,
              -1.2608753327901603
            ],
            [
              36.85859475965126,
              -1.2608753327901603
            ],
            [
              36.85859475965126,
              -1.2612346589038081
            ],
            [
              36.85841509659444,
              -1.2612346589038081
            ],
            [
              36.85841509659444,
              -1.261414321960632
            ],
            [
              36.85787610742397,
              -1.261414321960632
            ],
            [
              36.85787610742397,
              -1.261593985017456
            ],
            [
              36.85715745519667,
              -1.261593985017456
            ],
            [
              36.85715745519667,
              -1.2617736480742798
            ],
            [
              36.8566184660262,
              -1.2617736480742798
            ],
            [
              36.8566184660262,
              -1.2619533111311039
            ],
            [
              36.85625913991255,
              -1.2619533111311039
            ],
            [
              36.85625913991255,
              -1.2617736480742798
            ],
            [
              36.856079476855726,
              -1.2617736480742798
            ],
            [
              36.856079476855726,
              -1.2621329741879277
            ],
            [
              36.85625913991255,
              -1.2621329741879277
            ],
            [
              36.85625913991255,
              -1.2623126372447515
            ],
            [
              36.85554048768525,
              -1.2623126372447515
            ],
            [
              36.85554048768525,
              -1.2621329741879277
            ],
            [
              36.855360824628434,
              -1.2621329741879277
            ],
            [
              36.855360824628434,
              -1.2619533111311039
            ],
            [
              36.85500149851478,
              -1.2619533111311039
            ],
            [
              36.85500149851478,
              -1.2617736480742798
            ],
            [
              36.85482183545796,
              -1.2617736480742798
            ],
            [
              36.85482183545796,
              -1.2619533111311039
            ],
            [
              36.85500149851478,
              -1.2619533111311039
            ],
            [
              36.85500149851478,
              -1.2623126372447515
            ],
            [
              36.85518116157161,
              -1.2623126372447515
            ],
            [
              36.85518116157161,
              -1.2624923003015756
            ],
            [
              36.855360824628434,
              -1.2624923003015756
            ],
            [
              36.855360824628434,
              -1.2630312894720472
            ],
            [
              36.85554048768525,
              -1.2630312894720472
            ],
            [
              36.85554048768525,
              -1.263390615585695
            ],
            [
              36.85572015074208,
              -1.263390615585695
            ],
            [
              36.85572015074208,
              -1.263570278642519
            ],
            [
              36.8566184660262,
              -1.263570278642519
            ],
            [
              36.8566184660262,
              -1.263390615585695
            ],
            [
              36.856977792139844,
              -1.263390615585695
            ],
            [
              36.856977792139844,
              -1.263210952528871
            ],
            [
              36.856798129083025,
              -1.263210952528871
            ],
            [
              36.856798129083025,
              -1.2630312894720472
            ],
            [
              36.8566184660262,
              -1.2630312894720472
            ],
            [
              36.8566184660262,
              -1.2628516264152232
            ],
            [
              36.85643880296937,
              -1.2628516264152232
            ],
            [
              36.85643880296937,
              -1.2626719633583994
            ],
            [
              36.85625913991255,
              -1.2626719633583994
            ],
            [
              36.85625913991255,
              -1.2623126372447515
            ],
            [
              36.8566184660262,
              -1.2623126372447515
            ],
            [
              36.8566184660262,
              -1.2624923003015756
            ],
            [
              36.856798129083025,
              -1.2624923003015756
            ],
            [
              36.856798129083025,
              -1.2623126372447515
            ],
            [
              36.856977792139844,
              -1.2623126372447515
            ],
            [
              36.856977792139844,
              -1.2624923003015756
            ],
            [
              36.8573371182535,
              -1.2624923003015756
            ],
            [
              36.8573371182535,
              -1.2630312894720472
            ],
            [
              36.857516781310316,
              -1.2630312894720472
            ],
            [
              36.857516781310316,
              -1.263570278642519
            ],
            [
              36.85805577048079,
              -1.263570278642519
            ],
            [
              36.85805577048079,
              -1.263390615585695
            ],
            [
              36.858235433537615,
              -1.263390615585695
            ],
            [
              36.858235433537615,
              -1.2624923003015756
            ],
            [
              36.85841509659444,
              -1.2624923003015756
            ],
            [
              36.85841509659444,
              -1.2623126372447515
            ],
            [
              36.85913374882173,
              -1.2623126372447515
            ],
            [
              36.85913374882173,
              -1.2621329741879277
            ],
            [
              36.85985240104903,
              -1.2621329741879277
            ],
            [
              36.85985240104903,
              -1.2619533111311039
            ],
            [
              36.86021172716268,
              -1.2619533111311039
            ],
            [
              36.86021172716268,
              -1.2617736480742798
            ],
            [
              36.860391390219505,
              -1.2617736480742798
            ],
            [
              36.860391390219505,
              -1.261593985017456
            ],
            [
              36.860571053276324,
              -1.261593985017456
            ],
            [
              36.860571053276324,
              -1.261414321960632
            ],
            [
              36.861110042446796,
              -1.261414321960632
            ],
            [
              36.861110042446796,
              -1.261593985017456
            ],
            [
              36.86093037938997,
              -1.261593985017456
            ],
            [
              36.86093037938997,
              -1.2617736480742798
            ],
            [
              36.86075071633315,
              -1.2617736480742798
            ],
            [
              36.86075071633315,
              -1.2619533111311039
            ],
            [
              36.860571053276324,
              -1.2619533111311039
            ],
            [
              36.860571053276324,
              -1.2621329741879277
            ],
            [
              36.860391390219505,
              -1.2621329741879277
            ],
            [
              36.860391390219505,
              -1.2624923003015756
            ],
            [
              36.86003206410585,
              -1.2624923003015756
            ],
            [
              36.86003206410585,
              -1.2628516264152232
            ],
            [
              36.85985240104903,
              -1.2628516264152232
            ],
            [
              36.85985240104903,
              -1.2630312894720472
            ],
            [
              36.859672737992206,
              -1.2630312894720472
            ],
            [
              36.859672737992206,
              -1.2637499416993427
            ],
            [
              36.86003206410585,
              -1.2637499416993427
            ],
            [
              36.86003206410585,
              -1.263570278642519
            ],
            [
              36.86021172716268,
              -1.263570278642519
            ],
            [
              36.86021172716268,
              -1.263390615585695
            ],
            [
              36.861110042446796,
              -1.263390615585695
            ],
            [
              36.861110042446796,
              -1.263210952528871
            ],
            [
              36.862008357730915,
              -1.263210952528871
            ],
            [
              36.862008357730915,
              -1.2630312894720472
            ],
            [
              36.86290667301503,
              -1.2630312894720472
            ],
            [
              36.86290667301503,
              -1.2628516264152232
            ],
            [
              36.863265999128686,
              -1.2628516264152232
            ],
            [
              36.863265999128686,
              -1.2626719633583994
            ],
            [
              36.86362532524233,
              -1.2626719633583994
            ],
            [
              36.86362532524233,
              -1.2624923003015756
            ],
            [
              36.86380498829916,
              -1.2624923003015756
            ],
            [
              36.86380498829916,
              -1.2621329741879277
            ],
            [
              36.863265999128686,
              -1.2621329741879277
            ],
            [
              36.863265999128686,
              -1.2619533111311039
            ],
            [
              36.86308633607186,
              -1.2619533111311039
            ],
            [
              36.86308633607186,
              -1.2617736480742798
            ],
            [
              36.86290667301503,
              -1.2617736480742798
            ],
            [
              36.86290667301503,
              -1.2610549958469843
            ],
            [
              36.86308633607186,
              -1.2610549958469843
            ],
            [
              36.86308633607186,
              -1.2608753327901603
            ],
            [
              36.863265999128686,
              -1.2608753327901603
            ],
            [
              36.863265999128686,
              -1.2606956697333365
            ],
            [
              36.86362532524233,
              -1.2606956697333365
            ],
            [
              36.86362532524233,
              -1.2605160066765126
            ],
            [
              36.864882966640096,
              -1.2605160066765126
            ],
            [
              36.864882966640096,
              -1.2606956697333365
            ],
            [
              36.86506262969692,
              -1.2606956697333365
            ],
            [
              36.86506262969692,
              -1.2605160066765126
            ],
            [
              36.86524229275375,
              -1.2605160066765126
            ],
            [
              36.86524229275375,
              -1.2603363436196886
            ],
            [
              36.86542195581057,
              -1.2603363436196886
            ],
            [
              36.86542195581057,
              -1.2601566805628648
            ],
            [
              36.865601618867395,
              -1.2601566805628648
            ],
            [
              36.865601618867395,
              -1.2603363436196886
            ],
            [
              36.86578128192422,
              -1.2603363436196886
            ],
            [
              36.86578128192422,
              -1.2605160066765126
            ],
            [
              36.86649993415151,
              -1.2605160066765126
            ],
            [
              36.86649993415151,
              -1.2603363436196886
            ],
            [
              36.867038923321985,
              -1.2603363436196886
            ],
            [
              36.867038923321985,
              -1.2605160066765126
            ],
            [
              36.86757791249246,
              -1.2605160066765126
            ],
            [
              36.86757791249246,
              -1.2606956697333365
            ],
            [
              36.867757575549284,
              -1.2606956697333365
            ],
            [
              36.867757575549284,
              -1.2605160066765126
            ],
            [
              36.868476227776576,
              -1.2605160066765126
            ],
            [
              36.868476227776576,
              -1.2601566805628648
            ],
            [
              36.86883555389022,
              -1.2601566805628648
            ],
            [
              36.86883555389022,
              -1.259797354449217
            ],
            [
              36.86901521694705,
              -1.259797354449217
            ],
            [
              36.86901521694705,
              -1.259438028335569
            ],
            [
              36.869913532231166,
              -1.259438028335569
            ],
            [
              36.869913532231166,
              -1.2592583652787452
            ],
            [
              36.87027285834482,
              -1.2592583652787452
            ],
            [
              36.87027285834482,
              -1.2590787022219214
            ],
            [
              36.870632184458465,
              -1.2590787022219214
            ],
            [
              36.870632184458465,
              -1.2588990391650974
            ],
            [
              36.870811847515284,
              -1.2588990391650974
            ],
            [
              36.870811847515284,
              -1.2587193761082736
            ],
            [
              36.87099151057211,
              -1.2587193761082736
            ],
            [
              36.87099151057211,
              -1.2585397130514495
            ],
            [
              36.87117117362894,
              -1.2585397130514495
            ],
            [
              36.87117117362894,
              -1.2583600499946257
            ],
            [
              36.87135083668576,
              -1.2583600499946257
            ],
            [
              36.87135083668576,
              -1.2581803869378019
            ],
            [
              36.87188982585623,
              -1.2581803869378019
            ],
            [
              36.87188982585623,
              -1.2580007238809778
            ],
            [
              36.872069488913056,
              -1.2580007238809778
            ],
            [
              36.872069488913056,
              -1.25764139776733
            ],
            [
              36.8724288150267,
              -1.25764139776733
            ],
            [
              36.8724288150267,
              -1.2574617347105062
            ],
            [
              36.87260847808353,
              -1.2574617347105062
            ],
            [
              36.87260847808353,
              -1.2569227455400345
            ],
            [
              36.8724288150267,
              -1.2569227455400345
            ],
            [
              36.8724288150267,
              -1.2562040933127387
            ],
            [
              36.87260847808353,
              -1.2562040933127387
            ],
            [
              36.87260847808353,
              -1.256024430255915
            ],
            [
              36.87278814114035,
              -1.256024430255915
            ],
            [
              36.87278814114035,
              -1.2562040933127387
            ],
            [
              36.872967804197174,
              -1.2562040933127387
            ],
            [
              36.872967804197174,
              -1.256024430255915
            ],
            [
              36.873147467254,
              -1.256024430255915
            ],
            [
              36.873147467254,
              -1.2562040933127387
            ],
            [
              36.87332713031082,
              -1.2562040933127387
            ],
            [
              36.87332713031082,
              -1.2563837563695628
            ],
            [
              36.87386611948129,
              -1.2563837563695628
            ],
            [
              36.87386611948129,
              -1.2565634194263866
            ],
            [
              36.87404578253812,
              -1.2565634194263866
            ],
            [
              36.87404578253812,
              -1.2567430824832106
            ],
            [
              36.874225445594945,
              -1.2567430824832106
            ],
            [
              36.874225445594945,
              -1.2569227455400345
            ],
            [
              36.87458477170859,
              -1.2569227455400345
            ],
            [
              36.87458477170859,
              -1.2571024085968583
            ],
            [
              36.87476443476541,
              -1.2571024085968583
            ],
            [
              36.87476443476541,
              -1.2572820716536823
            ],
            [
              36.87548308699271,
              -1.2572820716536823
            ],
            [
              36.87548308699271,
              -1.2569227455400345
            ],
            [
              36.875842413106355,
              -1.2569227455400345
            ],
            [
              36.875842413106355,
              -1.2571024085968583
            ],
            [
              36.87638140227683,
              -1.2571024085968583
            ],
            [
              36.87638140227683,
              -1.2565634194263866
            ],
            [
              36.87674072839047,
              -1.2565634194263866
            ],
            [
              36.87674072839047,
              -1.2562040933127387
            ],
            [
              36.876561065333654,
              -1.2562040933127387
            ],
            [
              36.876561065333654,
              -1.255844767199091
            ],
            [
              36.87674072839047,
              -1.255844767199091
            ],
            [
              36.87674072839047,
              -1.255665104142267
            ],
            [
              36.876561065333654,
              -1.255665104142267
            ],
            [
              36.876561065333654,
              -1.2554854410854432
            ],
            [
              36.87620173922001,
              -1.2554854410854432
            ],
            [
              36.87620173922001,
              -1.2549464519149716
            ],
            [
              36.87638140227683,
              -1.2549464519149716
            ],
            [
              36.87638140227683,
              -1.2544074627444999
            ],
            [
              36.87620173922001,
              -1.2544074627444999
            ],
            [
              36.87620173922001,
              -1.2542277996876758
            ],
            [
              36.87602207616318,
              -1.2542277996876758
            ],
            [
              36.87602207616318,
              -1.254048136630852
            ],
            [
              36.875842413106355,
              -1.254048136630852
            ],
            [
              36.875842413106355,
              -1.253868473574028
            ],
            [
              36.87548308699271,
              -1.253868473574028
            ],
            [
              36.87548308699271,
              -1.254048136630852
            ],
            [
              36.87530342393588,
              -1.254048136630852
            ],
            [
              36.87530342393588,
              -1.2551261149717954
            ],
            [
              36.87512376087906,
              -1.2551261149717954
            ],
            [
              36.87512376087906,
              -1.2554854410854432
            ],
            [
              36.87494409782224,
              -1.2554854410854432
            ],
            [
              36.87494409782224,
              -1.256024430255915
            ],
            [
              36.87458477170859,
              -1.256024430255915
            ],
            [
              36.87458477170859,
              -1.255844767199091
            ],
            [
              36.874225445594945,
              -1.255844767199091
            ],
            [
              36.874225445594945,
              -1.255665104142267
            ],
            [
              36.87404578253812,
              -1.255665104142267
            ],
            [
              36.87404578253812,
              -1.2554854410854432
            ],
            [
              36.87386611948129,
              -1.2554854410854432
            ],
            [
              36.87386611948129,
              -1.2553057780286194
            ],
            [
              36.87368645642447,
              -1.2553057780286194
            ],
            [
              36.87368645642447,
              -1.2549464519149716
            ],
            [
              36.873147467254,
              -1.2549464519149716
            ],
            [
              36.873147467254,
              -1.2553057780286194
            ],
            [
              36.872967804197174,
              -1.2553057780286194
            ],
            [
              36.872967804197174,
              -1.2554854410854432
            ],
            [
              36.87260847808353,
              -1.2554854410854432
            ],
            [
              36.87260847808353,
              -1.2553057780286194
            ],
            [
              36.87224915196988,
              -1.2553057780286194
            ],
            [
              36.87224915196988,
              -1.2551261149717954
            ],
            [
              36.87171016279941,
              -1.2551261149717954
            ],
            [
              36.87171016279941,
              -1.2549464519149716
            ],
            [
              36.87135083668576,
              -1.2549464519149716
            ],
            [
              36.87135083668576,
              -1.2547667888581475
            ],
            [
              36.87045252140164,
              -1.2547667888581475
            ],
            [
              36.87045252140164,
              -1.2549464519149716
            ],
            [
              36.87027285834482,
              -1.2549464519149716
            ],
            [
              36.87027285834482,
              -1.2553057780286194
            ],
            [
              36.87009319528799,
              -1.2553057780286194
            ],
            [
              36.87009319528799,
              -1.255665104142267
            ],
            [
              36.86973386917435,
              -1.255665104142267
            ],
            [
              36.86973386917435,
              -1.255844767199091
            ],
            [
              36.869374543060694,
              -1.255844767199091
            ],
            [
              36.869374543060694,
              -1.256024430255915
            ],
            [
              36.869194880003874,
              -1.256024430255915
            ],
            [
              36.869194880003874,
              -1.2562040933127387
            ],
            [
              36.86901521694705,
              -1.2562040933127387
            ],
            [
              36.86901521694705,
              -1.2565634194263866
            ],
            [
              36.86883555389022,
              -1.2565634194263866
            ],
            [
              36.86883555389022,
              -1.2567430824832106
            ],
            [
              36.868476227776576,
              -1.2567430824832106
            ],
            [
              36.868476227776576,
              -1.2569227455400345
            ],
            [
              36.86757791249246,
              -1.2569227455400345
            ],
            [
              36.86757791249246,
              -1.2571024085968583
            ],
            [
              36.86739824943563,
              -1.2571024085968583
            ],
            [
              36.86739824943563,
              -1.25764139776733
            ],
            [
              36.86757791249246,
              -1.25764139776733
            ],
            [
              36.86757791249246,
              -1.257821060824154
            ],
            [
              36.867757575549284,
              -1.257821060824154
            ],
            [
              36.867757575549284,
              -1.2580007238809778
            ],
            [
              36.8679372386061,
              -1.2580007238809778
            ],
            [
              36.8679372386061,
              -1.257821060824154
            ],
            [
              36.86811690166293,
              -1.257821060824154
            ],
            [
              36.86811690166293,
              -1.2581803869378019
            ],
            [
              36.86739824943563,
              -1.2581803869378019
            ],
            [
              36.86739824943563,
              -1.2580007238809778
            ],
            [
              36.867038923321985,
              -1.2580007238809778
            ],
            [
              36.867038923321985,
              -1.2581803869378019
            ],
            [
              36.86685926026516,
              -1.2581803869378019
            ],
            [
              36.86685926026516,
              -1.257821060824154
            ],
            [
              36.86721858637881,
              -1.257821060824154
            ],
            [
              36.86721858637881,
              -1.25764139776733
            ],
            [
              36.86685926026516,
              -1.25764139776733
            ],
            [
              36.86685926026516,
              -1.257821060824154
            ],
            [
              36.86667959720834,
              -1.257821060824154
            ],
            [
              36.86667959720834,
              -1.25764139776733
            ],
            [
              36.865601618867395,
              -1.25764139776733
            ],
            [
              36.865601618867395,
              -1.2574617347105062
            ],
            [
              36.86506262969692,
              -1.2574617347105062
            ],
            [
              36.86506262969692,
              -1.25764139776733
            ],
            [
              36.864882966640096,
              -1.25764139776733
            ],
            [
              36.864882966640096,
              -1.257821060824154
            ],
            [
              36.864703303583276,
              -1.257821060824154
            ],
            [
              36.864703303583276,
              -1.2580007238809778
            ],
            [
              36.86452364052645,
              -1.2580007238809778
            ]
          ],
          [
            [
              36.86146936856044,
              -1.2612346589038081
            ],
            [
              36.86128970550362,
              -1.2612346589038081
            ],
            [
              36.86128970550362,
              -1.261414321960632
            ],
            [
              36.86146936856044,
              -1.261414321960632
            ],
            [
              36.86146936856044,
              -1.2612346589038081
            ]
          ],
          [
            [
              36.873147467254,
              -1.2554854410854432
            ],
            [
              36.872967804197174,
              -1.2554854410854432
            ],
            [
              36.872967804197174,
              -1.255844767199091
            ],
            [
              36.873147467254,
              -1.255844767199091
            ],
            [
              36.873147467254,
              -1.2554854410854432
            ]
          ]
        ]
      },
      "id": "+205249-6980",
      "properties": {
        "area_ha": 66.91395421230715,
        "area_m2": 669139.5421230715,
        "class": 0,
        "count": 1677
      }
    },
    {
      "type": "Feature",
      "geometry": {
        "geodesic": false,
        "type": "Polygon",
        "coordinates": [
          [
            [
              36.87548308699271,
              -1.270756800915475
            ],
            [
              36.87548308699271,
              -1.270936463972299
            ],
            [
              36.87530342393588,
              -1.270936463972299
            ],
            [
              36.87530342393588,
              -1.271116127029123
            ],
            [
              36.87512376087906,
              -1.271116127029123
            ],
            [
              36.87512376087906,
              -1.2712957900859467
            ],
            [
              36.87494409782224,
              -1.2712957900859467
            ],
            [
              36.87494409782224,
              -1.2714754531427708
            ],
            [
              36.87476443476541,
              -1.2714754531427708
            ],
            [
              36.87476443476541,
              -1.2718347792564184
            ],
            [
              36.87458477170859,
              -1.2718347792564184
            ],
            [
              36.87458477170859,
              -1.2720144423132425
            ],
            [
              36.874405108651764,
              -1.2720144423132425
            ],
            [
              36.874405108651764,
              -1.2721941053700663
            ],
            [
              36.874225445594945,
              -1.2721941053700663
            ],
            [
              36.874225445594945,
              -1.2723737684268903
            ],
            [
              36.87386611948129,
              -1.2723737684268903
            ],
            [
              36.87386611948129,
              -1.2725534314837141
            ],
            [
              36.87368645642447,
              -1.2725534314837141
            ],
            [
              36.87368645642447,
              -1.272912757597362
            ],
            [
              36.873506793367646,
              -1.272912757597362
            ],
            [
              36.873506793367646,
              -1.2734517467678337
            ],
            [
              36.87404578253812,
              -1.2734517467678337
            ],
            [
              36.87404578253812,
              -1.2732720837110096
            ],
            [
              36.874225445594945,
              -1.2732720837110096
            ],
            [
              36.874225445594945,
              -1.2730924206541858
            ],
            [
              36.874405108651764,
              -1.2730924206541858
            ],
            [
              36.874405108651764,
              -1.272733094540538
            ],
            [
              36.87476443476541,
              -1.272733094540538
            ],
            [
              36.87476443476541,
              -1.2725534314837141
            ],
            [
              36.87494409782224,
              -1.2725534314837141
            ],
            [
              36.87494409782224,
              -1.2723737684268903
            ],
            [
              36.87512376087906,
              -1.2723737684268903
            ],
            [
              36.87512376087906,
              -1.2721941053700663
            ],
            [
              36.87530342393588,
              -1.2721941053700663
            ],
            [
              36.87530342393588,
              -1.2718347792564184
            ],
            [
              36.87548308699271,
              -1.2718347792564184
            ],
            [
              36.87548308699271,
              -1.2716551161995946
            ],
            [
              36.875662750049536,
              -1.2716551161995946
            ],
            [
              36.875662750049536,
              -1.2712957900859467
            ],
            [
              36.875842413106355,
              -1.2712957900859467
            ],
            [
              36.875842413106355,
              -1.270756800915475
            ],
            [
              36.87548308699271,
              -1.270756800915475
            ]
          ]
        ]
      },
      "id": "+205249-7074",
      "properties": {
        "area_ha": 2.553650187421202,
        "area_m2": 25536.50187421202,
        "class": 0,
        "count": 64
      }
    },
    {
      "type": "Feature",
      "geometry": {
        "geodesic": false,
        "type": "Polygon",
        "coordinates": [
          [
            [
              36.875842413106355,
              -1.2493768971534305
            ],
            [
              36.875842413106355,
              -1.2495565602102543
            ],
            [
              36.87548308699271,
              -1.2495565602102543
            ],
            [
              36.87548308699271,
              -1.2500955493807262
            ],
            [
              36.87530342393588,
              -1.2500955493807262
            ],
            [
              36.87530342393588,
              -1.25027521243755
            ],
            [
              36.87512376087906,
              -1.25027521243755
            ],
            [
              36.87512376087906,
              -1.2504548754943738
            ],
            [
              36.87494409782224,
              -1.2504548754943738
            ],
            [
              36.87494409782224,
              -1.2506345385511979
            ],
            [
              36.87476443476541,
              -1.2506345385511979
            ],
            [
              36.87476443476541,
              -1.2511735277216696
            ],
            [
              36.87530342393588,
              -1.2511735277216696
            ],
            [
              36.87530342393588,
              -1.2513531907784934
            ],
            [
              36.875842413106355,
              -1.2513531907784934
            ],
            [
              36.875842413106355,
              -1.251892179948965
            ],
            [
              36.87602207616318,
              -1.251892179948965
            ],
            [
              36.87602207616318,
              -1.2515328538353174
            ],
            [
              36.87620173922001,
              -1.2515328538353174
            ],
            [
              36.87620173922001,
              -1.2513531907784934
            ],
            [
              36.87638140227683,
              -1.2513531907784934
            ],
            [
              36.87638140227683,
              -1.2511735277216696
            ],
            [
              36.87620173922001,
              -1.2511735277216696
            ],
            [
              36.87620173922001,
              -1.2513531907784934
            ],
            [
              36.87602207616318,
              -1.2513531907784934
            ],
            [
              36.87602207616318,
              -1.2509938646648455
            ],
            [
              36.87620173922001,
              -1.2509938646648455
            ],
            [
              36.87620173922001,
              -1.2508142016080217
            ],
            [
              36.87638140227683,
              -1.2508142016080217
            ],
            [
              36.87638140227683,
              -1.2499158863239022
            ],
            [
              36.87620173922001,
              -1.2499158863239022
            ],
            [
              36.87620173922001,
              -1.2497362232670783
            ],
            [
              36.87638140227683,
              -1.2497362232670783
            ],
            [
              36.87638140227683,
              -1.2495565602102543
            ],
            [
              36.87602207616318,
              -1.2495565602102543
            ],
            [
              36.87602207616318,
              -1.2493768971534305
            ],
            [
              36.875842413106355,
              -1.2493768971534305
            ]
          ]
        ]
      },
      "id": "+205250-6955",
      "properties": {
        "area_ha": 2.7531769780936792,
        "area_m2": 27531.769780936793,
        "class": 0,
        "count": 69
      }
    },
    {
      "type": "Feature",
      "geometry": {
        "geodesic": false,
        "type": "Polygon",
        "coordinates": [
          [
            [
              36.87602207616318,
              -1.3313032510651308
            ],
            [
              36.87602207616318,
              -1.3316625771787787
            ],
            [
              36.875842413106355,
              -1.3316625771787787
            ],
            [
              36.875842413106355,
              -1.3323812294060742
            ],
            [
              36.87602207616318,
              -1.3323812294060742
            ],
            [
              36.87602207616318,
              -1.3325608924628982
            ],
            [
              36.8769203914473,
              -1.3325608924628982
            ],
            [
              36.8769203914473,
              -1.3318422402356025
            ],
            [
              36.87674072839047,
              -1.3318422402356025
            ],
            [
              36.87674072839047,
              -1.3316625771787787
            ],
            [
              36.87638140227683,
              -1.3316625771787787
            ],
            [
              36.87638140227683,
              -1.3314829141219549
            ],
            [
              36.87620173922001,
              -1.3314829141219549
            ],
            [
              36.87620173922001,
              -1.3313032510651308
            ],
            [
              36.87602207616318,
              -1.3313032510651308
            ]
          ]
        ]
      },
      "id": "+205251-7411",
      "properties": {
        "area_ha": 1.2368949537503495,
        "area_m2": 12368.949537503495,
        "class": 0,
        "count": 31
      }
    },
    {
      "type": "Feature",
      "geometry": {
        "geodesic": false,
        "type": "Polygon",
        "coordinates": [
          [
            [
              36.875842413106355,
              -1.2944723244162304
            ],
            [
              36.875842413106355,
              -1.2951909766435261
            ],
            [
              36.87638140227683,
              -1.2951909766435261
            ],
            [
              36.87638140227683,
              -1.295011313586702
            ],
            [
              36.876561065333654,
              -1.295011313586702
            ],
            [
              36.876561065333654,
              -1.2944723244162304
            ],
            [
              36.875842413106355,
              -1.2944723244162304
            ]
          ]
        ]
      },
      "id": "+205253-7206",
      "properties": {
        "area_ha": 0.598506455411725,
        "area_m2": 5985.06455411725,
        "class": 0,
        "count": 15
      }
    },
    {
      "type": "Feature",
      "geometry": {
        "geodesic": false,
        "type": "Polygon",
        "coordinates": [
          [
            [
              36.875662750049536,
              -1.332920218576546
            ],
            [
              36.875662750049536,
              -1.334716849144785
            ],
            [
              36.875842413106355,
              -1.334716849144785
            ],
            [
              36.875842413106355,
              -1.3343575230311373
            ],
            [
              36.87602207616318,
              -1.3343575230311373
            ],
            [
              36.87602207616318,
              -1.3341778599743133
            ],
            [
              36.87620173922001,
              -1.3341778599743133
            ],
            [
              36.87620173922001,
              -1.3339981969174894
            ],
            [
              36.876561065333654,
              -1.3339981969174894
            ],
            [
              36.876561065333654,
              -1.3338185338606654
            ],
            [
              36.87674072839047,
              -1.3338185338606654
            ],
            [
              36.87674072839047,
              -1.33309988163337
            ],
            [
              36.876561065333654,
              -1.33309988163337
            ],
            [
              36.876561065333654,
              -1.332920218576546
            ],
            [
              36.875662750049536,
              -1.332920218576546
            ]
          ]
        ]
      },
      "id": "+205253-7420",
      "properties": {
        "area_ha": 1.635892236407282,
        "area_m2": 16358.922364072821,
        "class": 0,
        "count": 41
      }
    },
    {
      "type": "Feature",
      "geometry": {
        "geodesic": false,
        "type": "Polygon",
        "coordinates": [
          [
            [
              36.87853735895872,
              -1.3050724447688409
            ],
            [
              36.87853735895872,
              -1.3052521078256647
            ],
            [
              36.877998369788244,
              -1.3052521078256647
            ],
            [
              36.877998369788244,
              -1.3054317708824885
            ],
            [
              36.87745938061777,
              -1.3054317708824885
            ],
            [
              36.87745938061777,
              -1.3057910969961364
            ],
            [
              36.877998369788244,
              -1.3057910969961364
            ],
            [
              36.877998369788244,
              -1.3056114339393126
            ],
            [
              36.87817803284507,
              -1.3056114339393126
            ],
            [
              36.87817803284507,
              -1.3057910969961364
            ],
            [
              36.87853735895872,
              -1.3057910969961364
            ],
            [
              36.87853735895872,
              -1.3059707600529604
            ],
            [
              36.878717022015536,
              -1.3059707600529604
            ],
            [
              36.878717022015536,
              -1.3057910969961364
            ],
            [
              36.87889668507236,
              -1.3057910969961364
            ],
            [
              36.87889668507236,
              -1.3054317708824885
            ],
            [
              36.87907634812919,
              -1.3054317708824885
            ],
            [
              36.87907634812919,
              -1.3052521078256647
            ],
            [
              36.878717022015536,
              -1.3052521078256647
            ],
            [
              36.878717022015536,
              -1.3050724447688409
            ],
            [
              36.87853735895872,
              -1.3050724447688409
            ]
          ]
        ]
      },
      "id": "+205265-7265",
      "properties": {
        "area_ha": 0.9177060101567118,
        "area_m2": 9177.060101567118,
        "class": 0,
        "count": 23
      }
    },
    {
      "type": "Feature",
      "geometry": {
        "geodesic": false,
        "type": "Polygon",
        "coordinates": [
          [
            [
              36.87745938061777,
              -1.3093843581326146
            ],
            [
              36.87745938061777,
              -1.3095640211894384
            ],
            [
              36.877100054504126,
              -1.3095640211894384
            ],
            [
              36.877100054504126,
              -1.3097436842462624
            ],
            [
              36.87674072839047,
              -1.3097436842462624
            ],
            [
              36.87674072839047,
              -1.3099233473030862
            ],
            [
              36.875662750049536,
              -1.3099233473030862
            ],
            [
              36.875662750049536,
              -1.31010301035991
            ],
            [
              36.87530342393588,
              -1.31010301035991
            ],
            [
              36.87530342393588,
              -1.310282673416734
            ],
            [
              36.87512376087906,
              -1.310282673416734
            ],
            [
              36.87512376087906,
              -1.310462336473558
            ],
            [
              36.87530342393588,
              -1.310462336473558
            ],
            [
              36.87530342393588,
              -1.3110013256440296
            ],
            [
              36.87512376087906,
              -1.3110013256440296
            ],
            [
              36.87512376087906,
              -1.3111809887008536
            ],
            [
              36.874405108651764,
              -1.3111809887008536
            ],
            [
              36.874405108651764,
              -1.3108216625872058
            ],
            [
              36.874225445594945,
              -1.3108216625872058
            ],
            [
              36.874225445594945,
              -1.31010301035991
            ],
            [
              36.87386611948129,
              -1.31010301035991
            ],
            [
              36.87386611948129,
              -1.3099233473030862
            ],
            [
              36.873506793367646,
              -1.3099233473030862
            ],
            [
              36.873506793367646,
              -1.31010301035991
            ],
            [
              36.872967804197174,
              -1.31010301035991
            ],
            [
              36.872967804197174,
              -1.310282673416734
            ],
            [
              36.87260847808353,
              -1.310282673416734
            ],
            [
              36.87260847808353,
              -1.310462336473558
            ],
            [
              36.87224915196988,
              -1.310462336473558
            ],
            [
              36.87224915196988,
              -1.3106419995303817
            ],
            [
              36.870632184458465,
              -1.3106419995303817
            ],
            [
              36.870632184458465,
              -1.3108216625872058
            ],
            [
              36.86973386917435,
              -1.3108216625872058
            ],
            [
              36.86973386917435,
              -1.3110013256440296
            ],
            [
              36.86811690166293,
              -1.3110013256440296
            ],
            [
              36.86811690166293,
              -1.3111809887008536
            ],
            [
              36.86667959720834,
              -1.3111809887008536
            ],
            [
              36.86667959720834,
              -1.3113606517576775
            ],
            [
              36.86649993415151,
              -1.3113606517576775
            ],
            [
              36.86649993415151,
              -1.3118996409281491
            ],
            [
              36.86667959720834,
              -1.3118996409281491
            ],
            [
              36.86667959720834,
              -1.312258967041797
            ],
            [
              36.86685926026516,
              -1.312258967041797
            ],
            [
              36.86685926026516,
              -1.3126182931554449
            ],
            [
              36.867038923321985,
              -1.3126182931554449
            ],
            [
              36.867038923321985,
              -1.3127979562122687
            ],
            [
              36.86721858637881,
              -1.3127979562122687
            ],
            [
              36.86721858637881,
              -1.3129776192690925
            ],
            [
              36.867038923321985,
              -1.3129776192690925
            ],
            [
              36.867038923321985,
              -1.3131572823259166
            ],
            [
              36.86685926026516,
              -1.3131572823259166
            ],
            [
              36.86685926026516,
              -1.3133369453827404
            ],
            [
              36.86667959720834,
              -1.3133369453827404
            ],
            [
              36.86667959720834,
              -1.3135166084395644
            ],
            [
              36.86632027109469,
              -1.3135166084395644
            ],
            [
              36.86632027109469,
              -1.3136962714963882
            ],
            [
              36.86596094498104,
              -1.3136962714963882
            ],
            [
              36.86596094498104,
              -1.313875934553212
            ],
            [
              36.86578128192422,
              -1.313875934553212
            ],
            [
              36.86578128192422,
              -1.3136962714963882
            ],
            [
              36.865601618867395,
              -1.3136962714963882
            ],
            [
              36.865601618867395,
              -1.313875934553212
            ],
            [
              36.86542195581057,
              -1.313875934553212
            ],
            [
              36.86542195581057,
              -1.3144149237236837
            ],
            [
              36.86524229275375,
              -1.3144149237236837
            ],
            [
              36.86524229275375,
              -1.3147742498373316
            ],
            [
              36.86506262969692,
              -1.3147742498373316
            ],
            [
              36.86506262969692,
              -1.3149539128941556
            ],
            [
              36.864882966640096,
              -1.3149539128941556
            ],
            [
              36.864882966640096,
              -1.315852228178275
            ],
            [
              36.86542195581057,
              -1.315852228178275
            ],
            [
              36.86542195581057,
              -1.316031891235099
            ],
            [
              36.865601618867395,
              -1.316031891235099
            ],
            [
              36.865601618867395,
              -1.3162115542919228
            ],
            [
              36.86578128192422,
              -1.3162115542919228
            ],
            [
              36.86578128192422,
              -1.3165708804055707
            ],
            [
              36.86596094498104,
              -1.3165708804055707
            ],
            [
              36.86596094498104,
              -1.3167505434623945
            ],
            [
              36.86632027109469,
              -1.3167505434623945
            ],
            [
              36.86632027109469,
              -1.3165708804055707
            ],
            [
              36.86739824943563,
              -1.3165708804055707
            ],
            [
              36.86739824943563,
              -1.3167505434623945
            ],
            [
              36.867757575549284,
              -1.3167505434623945
            ],
            [
              36.867757575549284,
              -1.3169302065192185
            ],
            [
              36.8679372386061,
              -1.3169302065192185
            ],
            [
              36.8679372386061,
              -1.3167505434623945
            ],
            [
              36.86883555389022,
              -1.3167505434623945
            ],
            [
              36.86883555389022,
              -1.3169302065192185
            ],
            [
              36.86901521694705,
              -1.3169302065192185
            ],
            [
              36.86901521694705,
              -1.3172895326328664
            ],
            [
              36.869194880003874,
              -1.3172895326328664
            ],
            [
              36.869194880003874,
              -1.317648858746514
            ],
            [
              36.869374543060694,
              -1.317648858746514
            ],
            [
              36.869374543060694,
              -1.317828521803338
            ],
            [
              36.87045252140164,
              -1.317828521803338
            ],
            [
              36.87045252140164,
              -1.318008184860162
            ],
            [
              36.870811847515284,
              -1.318008184860162
            ],
            [
              36.870811847515284,
              -1.3181878479169857
            ],
            [
              36.87153049974258,
              -1.3181878479169857
            ],
            [
              36.87153049974258,
              -1.318008184860162
            ],
            [
              36.87135083668576,
              -1.318008184860162
            ],
            [
              36.87135083668576,
              -1.317828521803338
            ],
            [
              36.87153049974258,
              -1.317828521803338
            ],
            [
              36.87153049974258,
              -1.3174691956896902
            ],
            [
              36.87135083668576,
              -1.3174691956896902
            ],
            [
              36.87135083668576,
              -1.3169302065192185
            ],
            [
              36.87153049974258,
              -1.3169302065192185
            ],
            [
              36.87153049974258,
              -1.3165708804055707
            ],
            [
              36.87188982585623,
              -1.3165708804055707
            ],
            [
              36.87188982585623,
              -1.3162115542919228
            ],
            [
              36.87224915196988,
              -1.3162115542919228
            ],
            [
              36.87224915196988,
              -1.316031891235099
            ],
            [
              36.8724288150267,
              -1.316031891235099
            ],
            [
              36.8724288150267,
              -1.315852228178275
            ],
            [
              36.87278814114035,
              -1.315852228178275
            ],
            [
              36.87278814114035,
              -1.316031891235099
            ],
            [
              36.873147467254,
              -1.316031891235099
            ],
            [
              36.873147467254,
              -1.315852228178275
            ],
            [
              36.87332713031082,
              -1.315852228178275
            ],
            [
              36.87332713031082,
              -1.316031891235099
            ],
            [
              36.873506793367646,
              -1.316031891235099
            ],
            [
              36.873506793367646,
              -1.315852228178275
            ],
            [
              36.87332713031082,
              -1.315852228178275
            ],
            [
              36.87332713031082,
              -1.3149539128941556
            ],
            [
              36.87368645642447,
              -1.3149539128941556
            ],
            [
              36.87368645642447,
              -1.3147742498373316
            ],
            [
              36.87404578253812,
              -1.3147742498373316
            ],
            [
              36.87404578253812,
              -1.3149539128941556
            ],
            [
              36.874405108651764,
              -1.3149539128941556
            ],
            [
              36.874405108651764,
              -1.3151335759509795
            ],
            [
              36.87458477170859,
              -1.3151335759509795
            ],
            [
              36.87458477170859,
              -1.315852228178275
            ],
            [
              36.874405108651764,
              -1.315852228178275
            ],
            [
              36.874405108651764,
              -1.316031891235099
            ],
            [
              36.874225445594945,
              -1.316031891235099
            ],
            [
              36.874225445594945,
              -1.3162115542919228
            ],
            [
              36.87404578253812,
              -1.3162115542919228
            ],
            [
              36.87404578253812,
              -1.3167505434623945
            ],
            [
              36.874225445594945,
              -1.3167505434623945
            ],
            [
              36.874225445594945,
              -1.3171098695760424
            ],
            [
              36.874405108651764,
              -1.3171098695760424
            ],
            [
              36.874405108651764,
              -1.3172895326328664
            ],
            [
              36.87458477170859,
              -1.3172895326328664
            ],
            [
              36.87458477170859,
              -1.3183675109738098
            ],
            [
              36.874405108651764,
              -1.3183675109738098
            ],
            [
              36.874405108651764,
              -1.3187268370874576
            ],
            [
              36.87404578253812,
              -1.3187268370874576
            ],
            [
              36.87404578253812,
              -1.3189065001442815
            ],
            [
              36.874225445594945,
              -1.3189065001442815
            ],
            [
              36.874225445594945,
              -1.3192658262579293
            ],
            [
              36.874405108651764,
              -1.3192658262579293
            ],
            [
              36.874405108651764,
              -1.3194454893147531
            ],
            [
              36.87458477170859,
              -1.3194454893147531
            ],
            [
              36.87458477170859,
              -1.319625152371577
            ],
            [
              36.87476443476541,
              -1.319625152371577
            ],
            [
              36.87476443476541,
              -1.319804815428401
            ],
            [
              36.87512376087906,
              -1.319804815428401
            ],
            [
              36.87512376087906,
              -1.3194454893147531
            ],
            [
              36.87530342393588,
              -1.3194454893147531
            ],
            [
              36.87530342393588,
              -1.3192658262579293
            ],
            [
              36.87548308699271,
              -1.3192658262579293
            ],
            [
              36.87548308699271,
              -1.3190861632011053
            ],
            [
              36.875662750049536,
              -1.3190861632011053
            ],
            [
              36.875662750049536,
              -1.3187268370874576
            ],
            [
              36.875842413106355,
              -1.3187268370874576
            ],
            [
              36.875842413106355,
              -1.3183675109738098
            ],
            [
              36.87602207616318,
              -1.3183675109738098
            ],
            [
              36.87602207616318,
              -1.3181878479169857
            ],
            [
              36.87620173922001,
              -1.3181878479169857
            ],
            [
              36.87620173922001,
              -1.317828521803338
            ],
            [
              36.87638140227683,
              -1.317828521803338
            ],
            [
              36.87638140227683,
              -1.317648858746514
            ],
            [
              36.87620173922001,
              -1.317648858746514
            ],
            [
              36.87620173922001,
              -1.3174691956896902
            ],
            [
              36.87602207616318,
              -1.3174691956896902
            ],
            [
              36.87602207616318,
              -1.3172895326328664
            ],
            [
              36.875842413106355,
              -1.3172895326328664
            ],
            [
              36.875842413106355,
              -1.3171098695760424
            ],
            [
              36.875662750049536,
              -1.3171098695760424
            ],
            [
              36.875662750049536,
              -1.3165708804055707
            ],
            [
              36.875842413106355,
              -1.3165708804055707
            ],
            [
              36.875842413106355,
              -1.3163912173487469
            ],
            [
              36.87674072839047,
              -1.3163912173487469
            ],
            [
              36.87674072839047,
              -1.3165708804055707
            ],
            [
              36.87745938061777,
              -1.3165708804055707
            ],
            [
              36.87745938061777,
              -1.3162115542919228
            ],
            [
              36.8776390436746,
              -1.3162115542919228
            ],
            [
              36.8776390436746,
              -1.315852228178275
            ],
            [
              36.87781870673142,
              -1.315852228178275
            ],
            [
              36.87781870673142,
              -1.3156725651214511
            ],
            [
              36.877998369788244,
              -1.3156725651214511
            ],
            [
              36.877998369788244,
              -1.3153132390078033
            ],
            [
              36.87817803284507,
              -1.3153132390078033
            ],
            [
              36.87817803284507,
              -1.3149539128941556
            ],
            [
              36.87835769590189,
              -1.3149539128941556
            ],
            [
              36.87835769590189,
              -1.3145945867805078
            ],
            [
              36.87853735895872,
              -1.3145945867805078
            ],
            [
              36.87853735895872,
              -1.3144149237236837
            ],
            [
              36.87835769590189,
              -1.3144149237236837
            ],
            [
              36.87835769590189,
              -1.31423526066686
            ],
            [
              36.87781870673142,
              -1.31423526066686
            ],
            [
              36.87781870673142,
              -1.314055597610036
            ],
            [
              36.8776390436746,
              -1.314055597610036
            ],
            [
              36.8776390436746,
              -1.313875934553212
            ],
            [
              36.87745938061777,
              -1.313875934553212
            ],
            [
              36.87745938061777,
              -1.3133369453827404
            ],
            [
              36.877279717560945,
              -1.3133369453827404
            ],
            [
              36.877279717560945,
              -1.3127979562122687
            ],
            [
              36.8776390436746,
              -1.3127979562122687
            ],
            [
              36.8776390436746,
              -1.3126182931554449
            ],
            [
              36.87781870673142,
              -1.3126182931554449
            ],
            [
              36.87781870673142,
              -1.3127979562122687
            ],
            [
              36.877998369788244,
              -1.3127979562122687
            ],
            [
              36.877998369788244,
              -1.3126182931554449
            ],
            [
              36.87817803284507,
              -1.3126182931554449
            ],
            [
              36.87817803284507,
              -1.3124386300986208
            ],
            [
              36.87781870673142,
              -1.3124386300986208
            ],
            [
              36.87781870673142,
              -1.312258967041797
            ],
            [
              36.877998369788244,
              -1.312258967041797
            ],
            [
              36.877998369788244,
              -1.3120793039849732
            ],
            [
              36.87781870673142,
              -1.3120793039849732
            ],
            [
              36.87781870673142,
              -1.312258967041797
            ],
            [
              36.87745938061777,
              -1.312258967041797
            ],
            [
              36.87745938061777,
              -1.3120793039849732
            ],
            [
              36.877279717560945,
              -1.3120793039849732
            ],
            [
              36.877279717560945,
              -1.3118996409281491
            ],
            [
              36.87674072839047,
              -1.3118996409281491
            ],
            [
              36.87674072839047,
              -1.3120793039849732
            ],
            [
              36.87602207616318,
              -1.3120793039849732
            ],
            [
              36.87602207616318,
              -1.312258967041797
            ],
            [
              36.87530342393588,
              -1.312258967041797
            ],
            [
              36.87530342393588,
              -1.3118996409281491
            ],
            [
              36.875662750049536,
              -1.3118996409281491
            ],
            [
              36.875662750049536,
              -1.3115403148145013
            ],
            [
              36.875842413106355,
              -1.3115403148145013
            ],
            [
              36.875842413106355,
              -1.3113606517576775
            ],
            [
              36.87602207616318,
              -1.3113606517576775
            ],
            [
              36.87602207616318,
              -1.3111809887008536
            ],
            [
              36.87620173922001,
              -1.3111809887008536
            ],
            [
              36.87620173922001,
              -1.3110013256440296
            ],
            [
              36.876561065333654,
              -1.3110013256440296
            ],
            [
              36.876561065333654,
              -1.3108216625872058
            ],
            [
              36.877100054504126,
              -1.3108216625872058
            ],
            [
              36.877100054504126,
              -1.3106419995303817
            ],
            [
              36.87745938061777,
              -1.3106419995303817
            ],
            [
              36.87745938061777,
              -1.310462336473558
            ],
            [
              36.87781870673142,
              -1.310462336473558
            ],
            [
              36.87781870673142,
              -1.310282673416734
            ],
            [
              36.87817803284507,
              -1.310282673416734
            ],
            [
              36.87817803284507,
              -1.31010301035991
            ],
            [
              36.87835769590189,
              -1.31010301035991
            ],
            [
              36.87835769590189,
              -1.3099233473030862
            ],
            [
              36.87853735895872,
              -1.3099233473030862
            ],
            [
              36.87853735895872,
              -1.3097436842462624
            ],
            [
              36.878717022015536,
              -1.3097436842462624
            ],
            [
              36.878717022015536,
              -1.3093843581326146
            ],
            [
              36.87745938061777,
              -1.3093843581326146
            ]
          ],
          [
            [
              36.87260847808353,
              -1.3126182931554449
            ],
            [
              36.87171016279941,
              -1.3126182931554449
            ],
            [
              36.87171016279941,
              -1.3129776192690925
            ],
            [
              36.87153049974258,
              -1.3129776192690925
            ],
            [
              36.87153049974258,
              -1.3131572823259166
            ],
            [
              36.87045252140164,
              -1.3131572823259166
            ],
            [
              36.87045252140164,
              -1.3133369453827404
            ],
            [
              36.87009319528799,
              -1.3133369453827404
            ],
            [
              36.87009319528799,
              -1.3136962714963882
            ],
            [
              36.869913532231166,
              -1.3136962714963882
            ],
            [
              36.869913532231166,
              -1.314055597610036
            ],
            [
              36.86973386917435,
              -1.314055597610036
            ],
            [
              36.86973386917435,
              -1.31423526066686
            ],
            [
              36.86955420611752,
              -1.31423526066686
            ],
            [
              36.86955420611752,
              -1.3147742498373316
            ],
            [
              36.869374543060694,
              -1.3147742498373316
            ],
            [
              36.869374543060694,
              -1.3154929020646273
            ],
            [
              36.869194880003874,
              -1.3154929020646273
            ],
            [
              36.869194880003874,
              -1.316031891235099
            ],
            [
              36.869374543060694,
              -1.316031891235099
            ],
            [
              36.869374543060694,
              -1.3163912173487469
            ],
            [
              36.86955420611752,
              -1.3163912173487469
            ],
            [
              36.86955420611752,
              -1.3165708804055707
            ],
            [
              36.869913532231166,
              -1.3165708804055707
            ],
            [
              36.869913532231166,
              -1.3167505434623945
            ],
            [
              36.870811847515284,
              -1.3167505434623945
            ],
            [
              36.870811847515284,
              -1.3165708804055707
            ],
            [
              36.87099151057211,
              -1.3165708804055707
            ],
            [
              36.87099151057211,
              -1.3163912173487469
            ],
            [
              36.87117117362894,
              -1.3163912173487469
            ],
            [
              36.87117117362894,
              -1.3162115542919228
            ],
            [
              36.87135083668576,
              -1.3162115542919228
            ],
            [
              36.87135083668576,
              -1.315852228178275
            ],
            [
              36.87153049974258,
              -1.315852228178275
            ],
            [
              36.87153049974258,
              -1.3156725651214511
            ],
            [
              36.87171016279941,
              -1.3156725651214511
            ],
            [
              36.87171016279941,
              -1.3154929020646273
            ],
            [
              36.87188982585623,
              -1.3154929020646273
            ],
            [
              36.87188982585623,
              -1.3153132390078033
            ],
            [
              36.87224915196988,
              -1.3153132390078033
            ],
            [
              36.87224915196988,
              -1.3151335759509795
            ],
            [
              36.8724288150267,
              -1.3151335759509795
            ],
            [
              36.8724288150267,
              -1.3149539128941556
            ],
            [
              36.872967804197174,
              -1.3149539128941556
            ],
            [
              36.872967804197174,
              -1.3147742498373316
            ],
            [
              36.873147467254,
              -1.3147742498373316
            ],
            [
              36.873147467254,
              -1.3145945867805078
            ],
            [
              36.87332713031082,
              -1.3145945867805078
            ],
            [
              36.87332713031082,
              -1.314055597610036
            ],
            [
              36.873147467254,
              -1.314055597610036
            ],
            [
              36.873147467254,
              -1.313875934553212
            ],
            [
              36.872967804197174,
              -1.313875934553212
            ],
            [
              36.872967804197174,
              -1.3136962714963882
            ],
            [
              36.87278814114035,
              -1.3136962714963882
            ],
            [
              36.87278814114035,
              -1.3135166084395644
            ],
            [
              36.872967804197174,
              -1.3135166084395644
            ],
            [
              36.872967804197174,
              -1.3131572823259166
            ],
            [
              36.873147467254,
              -1.3131572823259166
            ],
            [
              36.873147467254,
              -1.3127979562122687
            ],
            [
              36.87260847808353,
              -1.3127979562122687
            ],
            [
              36.87260847808353,
              -1.3126182931554449
            ]
          ],
          [
            [
              36.87530342393588,
              -1.312258967041797
            ],
            [
              36.874225445594945,
              -1.312258967041797
            ],
            [
              36.874225445594945,
              -1.3124386300986208
            ],
            [
              36.87404578253812,
              -1.3124386300986208
            ],
            [
              36.87404578253812,
              -1.3126182931554449
            ],
            [
              36.87386611948129,
              -1.3126182931554449
            ],
            [
              36.87386611948129,
              -1.3127979562122687
            ],
            [
              36.87494409782224,
              -1.3127979562122687
            ],
            [
              36.87494409782224,
              -1.3126182931554449
            ],
            [
              36.87476443476541,
              -1.3126182931554449
            ],
            [
              36.87476443476541,
              -1.3124386300986208
            ],
            [
              36.87530342393588,
              -1.3124386300986208
            ],
            [
              36.87530342393588,
              -1.312258967041797
            ]
          ],
          [
            [
              36.869194880003874,
              -1.3120793039849732
            ],
            [
              36.86901521694705,
              -1.3120793039849732
            ],
            [
              36.86901521694705,
              -1.312258967041797
            ],
            [
              36.869194880003874,
              -1.312258967041797
            ],
            [
              36.869194880003874,
              -1.3120793039849732
            ]
          ]
        ]
      },
      "id": "+205265-7289",
      "properties": {
        "area_ha": 78.12444946320629,
        "area_m2": 781244.4946320629,
        "class": 0,
        "count": 1958
      }
    },
    {
      "type": "Feature",
      "geometry": {
        "geodesic": false,
        "type": "Polygon",
        "coordinates": [
          [
            [
              36.878717022015536,
              -1.310462336473558
            ],
            [
              36.878717022015536,
              -1.3108216625872058
            ],
            [
              36.87853735895872,
              -1.3108216625872058
            ],
            [
              36.87853735895872,
              -1.3111809887008536
            ],
            [
              36.878717022015536,
              -1.3111809887008536
            ],
            [
              36.878717022015536,
              -1.3120793039849732
            ],
            [
              36.87853735895872,
              -1.3120793039849732
            ],
            [
              36.87853735895872,
              -1.3124386300986208
            ],
            [
              36.87835769590189,
              -1.3124386300986208
            ],
            [
              36.87835769590189,
              -1.3126182931554449
            ],
            [
              36.878717022015536,
              -1.3126182931554449
            ],
            [
              36.878717022015536,
              -1.3127979562122687
            ],
            [
              36.87889668507236,
              -1.3127979562122687
            ],
            [
              36.87889668507236,
              -1.3131572823259166
            ],
            [
              36.87907634812919,
              -1.3131572823259166
            ],
            [
              36.87907634812919,
              -1.3133369453827404
            ],
            [
              36.87925601118601,
              -1.3133369453827404
            ],
            [
              36.87925601118601,
              -1.3131572823259166
            ],
            [
              36.879435674242835,
              -1.3131572823259166
            ],
            [
              36.879435674242835,
              -1.3127979562122687
            ],
            [
              36.87961533729966,
              -1.3127979562122687
            ],
            [
              36.87961533729966,
              -1.3126182931554449
            ],
            [
              36.87979500035648,
              -1.3126182931554449
            ],
            [
              36.87979500035648,
              -1.3124386300986208
            ],
            [
              36.87997466341331,
              -1.3124386300986208
            ],
            [
              36.87997466341331,
              -1.312258967041797
            ],
            [
              36.880154326470134,
              -1.312258967041797
            ],
            [
              36.880154326470134,
              -1.3118996409281491
            ],
            [
              36.88033398952695,
              -1.3118996409281491
            ],
            [
              36.88033398952695,
              -1.3117199778713253
            ],
            [
              36.880154326470134,
              -1.3117199778713253
            ],
            [
              36.880154326470134,
              -1.3113606517576775
            ],
            [
              36.87997466341331,
              -1.3113606517576775
            ],
            [
              36.87997466341331,
              -1.3111809887008536
            ],
            [
              36.87979500035648,
              -1.3111809887008536
            ],
            [
              36.87979500035648,
              -1.3110013256440296
            ],
            [
              36.87961533729966,
              -1.3110013256440296
            ],
            [
              36.87961533729966,
              -1.3108216625872058
            ],
            [
              36.879435674242835,
              -1.3108216625872058
            ],
            [
              36.879435674242835,
              -1.3106419995303817
            ],
            [
              36.87907634812919,
              -1.3106419995303817
            ],
            [
              36.87907634812919,
              -1.310462336473558
            ],
            [
              36.878717022015536,
              -1.310462336473558
            ]
          ]
        ]
      },
      "id": "+205267-7295",
      "properties": {
        "area_ha": 3.8304154790862945,
        "area_m2": 38304.15479086294,
        "class": 0,
        "count": 96
      }
    },
    {
      "type": "Feature",
      "geometry": {
        "geodesic": false,
        "type": "Polygon",
        "coordinates": [
          [
            [
              36.87961533729966,
              -1.2606956697333365
            ],
            [
              36.87961533729966,
              -1.261414321960632
            ],
            [
              36.87979500035648,
              -1.261414321960632
            ],
            [
              36.87979500035648,
              -1.2617736480742798
            ],
            [
              36.87997466341331,
              -1.2617736480742798
            ],
            [
              36.87997466341331,
              -1.2619533111311039
            ],
            [
              36.88033398952695,
              -1.2619533111311039
            ],
            [
              36.88033398952695,
              -1.2621329741879277
            ],
            [
              36.88051365258378,
              -1.2621329741879277
            ],
            [
              36.88051365258378,
              -1.2619533111311039
            ],
            [
              36.88033398952695,
              -1.2619533111311039
            ],
            [
              36.88033398952695,
              -1.2617736480742798
            ],
            [
              36.8806933156406,
              -1.2617736480742798
            ],
            [
              36.8806933156406,
              -1.261414321960632
            ],
            [
              36.880872978697425,
              -1.261414321960632
            ],
            [
              36.880872978697425,
              -1.2610549958469843
            ],
            [
              36.88051365258378,
              -1.2610549958469843
            ],
            [
              36.88051365258378,
              -1.2608753327901603
            ],
            [
              36.87997466341331,
              -1.2608753327901603
            ],
            [
              36.87997466341331,
              -1.2606956697333365
            ],
            [
              36.87961533729966,
              -1.2606956697333365
            ]
          ]
        ]
      },
      "id": "+205272-7018",
      "properties": {
        "area_ha": 1.3566323311482695,
        "area_m2": 13566.323311482696,
        "class": 0,
        "count": 34
      }
    },
    {
      "type": "Feature",
      "geometry": {
        "geodesic": false,
        "type": "Polygon",
        "coordinates": [
          [
            [
              36.87979500035648,
              -1.306689412280256
            ],
            [
              36.87979500035648,
              -1.3068690753370797
            ],
            [
              36.87997466341331,
              -1.3068690753370797
            ],
            [
              36.87997466341331,
              -1.3074080645075516
            ],
            [
              36.880154326470134,
              -1.3074080645075516
            ],
            [
              36.880154326470134,
              -1.3083063797916712
            ],
            [
              36.88051365258378,
              -1.3083063797916712
            ],
            [
              36.88051365258378,
              -1.308486042848495
            ],
            [
              36.88105264175425,
              -1.308486042848495
            ],
            [
              36.88105264175425,
              -1.3083063797916712
            ],
            [
              36.880872978697425,
              -1.3083063797916712
            ],
            [
              36.880872978697425,
              -1.3077673906211993
            ],
            [
              36.8806933156406,
              -1.3077673906211993
            ],
            [
              36.8806933156406,
              -1.3070487383939038
            ],
            [
              36.88051365258378,
              -1.3070487383939038
            ],
            [
              36.88051365258378,
              -1.3068690753370797
            ],
            [
              36.88033398952695,
              -1.3068690753370797
            ],
            [
              36.88033398952695,
              -1.306689412280256
            ],
            [
              36.87979500035648,
              -1.306689412280256
            ]
          ]
        ]
      },
      "id": "+205274-7274",
      "properties": {
        "area_ha": 1.3965080017099538,
        "area_m2": 13965.080017099539,
        "class": 0,
        "count": 35
      }
    },
    {
      "type": "Feature",
      "geometry": {
        "geodesic": false,
        "type": "Polygon",
        "coordinates": [
          [
            [
              36.87979500035648,
              -1.3370524688834957
            ],
            [
              36.87979500035648,
              -1.3372321319403198
            ],
            [
              36.87997466341331,
              -1.3372321319403198
            ],
            [
              36.87997466341331,
              -1.3374117949971436
            ],
            [
              36.880154326470134,
              -1.3374117949971436
            ],
            [
              36.880154326470134,
              -1.3377711211107914
            ],
            [
              36.88033398952695,
              -1.3377711211107914
            ],
            [
              36.88033398952695,
              -1.3379507841676153
            ],
            [
              36.88051365258378,
              -1.3379507841676153
            ],
            [
              36.88051365258378,
              -1.3381304472244393
            ],
            [
              36.8806933156406,
              -1.3381304472244393
            ],
            [
              36.8806933156406,
              -1.3393880886222065
            ],
            [
              36.880872978697425,
              -1.3393880886222065
            ],
            [
              36.880872978697425,
              -1.3395677516790305
            ],
            [
              36.88105264175425,
              -1.3395677516790305
            ],
            [
              36.88105264175425,
              -1.3397474147358543
            ],
            [
              36.8814119678679,
              -1.3397474147358543
            ],
            [
              36.8814119678679,
              -1.340286403906326
            ],
            [
              36.881591630924724,
              -1.340286403906326
            ],
            [
              36.881591630924724,
              -1.3404660669631498
            ],
            [
              36.881771293981544,
              -1.3404660669631498
            ],
            [
              36.881771293981544,
              -1.340645730019974
            ],
            [
              36.8821306200952,
              -1.340645730019974
            ],
            [
              36.8821306200952,
              -1.3410050561336218
            ],
            [
              36.88284927232249,
              -1.3410050561336218
            ],
            [
              36.88284927232249,
              -1.3408253930767977
            ],
            [
              36.883208598436134,
              -1.3408253930767977
            ],
            [
              36.883208598436134,
              -1.3399270777926782
            ],
            [
              36.883028935379315,
              -1.3399270777926782
            ],
            [
              36.883028935379315,
              -1.3397474147358543
            ],
            [
              36.88284927232249,
              -1.3397474147358543
            ],
            [
              36.88284927232249,
              -1.3395677516790305
            ],
            [
              36.883028935379315,
              -1.3395677516790305
            ],
            [
              36.883028935379315,
              -1.3392084255653827
            ],
            [
              36.88284927232249,
              -1.3392084255653827
            ],
            [
              36.88284927232249,
              -1.3388490994517348
            ],
            [
              36.88266960926566,
              -1.3388490994517348
            ],
            [
              36.88266960926566,
              -1.338669436394911
            ],
            [
              36.88248994620884,
              -1.338669436394911
            ],
            [
              36.88248994620884,
              -1.338489773338087
            ],
            [
              36.882310283152016,
              -1.338489773338087
            ],
            [
              36.882310283152016,
              -1.3383101102812631
            ],
            [
              36.8821306200952,
              -1.3383101102812631
            ],
            [
              36.8821306200952,
              -1.3381304472244393
            ],
            [
              36.881771293981544,
              -1.3381304472244393
            ],
            [
              36.881771293981544,
              -1.3383101102812631
            ],
            [
              36.880872978697425,
              -1.3383101102812631
            ],
            [
              36.880872978697425,
              -1.3381304472244393
            ],
            [
              36.8806933156406,
              -1.3381304472244393
            ],
            [
              36.8806933156406,
              -1.3379507841676153
            ],
            [
              36.88051365258378,
              -1.3379507841676153
            ],
            [
              36.88051365258378,
              -1.3377711211107914
            ],
            [
              36.8806933156406,
              -1.3377711211107914
            ],
            [
              36.8806933156406,
              -1.3374117949971436
            ],
            [
              36.88051365258378,
              -1.3374117949971436
            ],
            [
              36.88051365258378,
              -1.3372321319403198
            ],
            [
              36.88033398952695,
              -1.3372321319403198
            ],
            [
              36.88033398952695,
              -1.3370524688834957
            ],
            [
              36.87979500035648,
              -1.3370524688834957
            ]
          ]
        ]
      },
      "id": "+205274-7443",
      "properties": {
        "area_ha": 6.46375432220742,
        "area_m2": 64637.5432220742,
        "class": 0,
        "count": 162
      }
    },
    {
      "type": "Feature",
      "geometry": {
        "geodesic": false,
        "type": "Polygon",
        "coordinates": [
          [
            [
              36.88123230481107,
              -1.2644685939266385
            ],
            [
              36.88123230481107,
              -1.2646482569834623
            ],
            [
              36.8806933156406,
              -1.2646482569834623
            ],
            [
              36.8806933156406,
              -1.2655465722675818
            ],
            [
              36.8814119678679,
              -1.2655465722675818
            ],
            [
              36.8814119678679,
              -1.265366909210758
            ],
            [
              36.881591630924724,
              -1.265366909210758
            ],
            [
              36.881591630924724,
              -1.2650075830971101
            ],
            [
              36.8814119678679,
              -1.2650075830971101
            ],
            [
              36.8814119678679,
              -1.2648279200402863
            ],
            [
              36.88123230481107,
              -1.2648279200402863
            ],
            [
              36.88123230481107,
              -1.2646482569834623
            ],
            [
              36.8814119678679,
              -1.2646482569834623
            ],
            [
              36.8814119678679,
              -1.2644685939266385
            ],
            [
              36.88123230481107,
              -1.2644685939266385
            ]
          ]
        ]
      },
      "id": "+205280-7039",
      "properties": {
        "area_ha": 0.8778196609480042,
        "area_m2": 8778.196609480043,
        "class": 0,
        "count": 22
      }
    },
    {
      "type": "Feature",
      "geometry": {
        "geodesic": false,
        "type": "Polygon",
        "coordinates": [
          [
            [
              36.8821306200952,
              -1.3145945867805078
            ],
            [
              36.8821306200952,
              -1.3147742498373316
            ],
            [
              36.881771293981544,
              -1.3147742498373316
            ],
            [
              36.881771293981544,
              -1.3151335759509795
            ],
            [
              36.881591630924724,
              -1.3151335759509795
            ],
            [
              36.881591630924724,
              -1.3154929020646273
            ],
            [
              36.8814119678679,
              -1.3154929020646273
            ],
            [
              36.8814119678679,
              -1.3156725651214511
            ],
            [
              36.88123230481107,
              -1.3156725651214511
            ],
            [
              36.88123230481107,
              -1.315852228178275
            ],
            [
              36.88105264175425,
              -1.315852228178275
            ],
            [
              36.88105264175425,
              -1.3162115542919228
            ],
            [
              36.880872978697425,
              -1.3162115542919228
            ],
            [
              36.880872978697425,
              -1.3163912173487469
            ],
            [
              36.88051365258378,
              -1.3163912173487469
            ],
            [
              36.88051365258378,
              -1.3165708804055707
            ],
            [
              36.880154326470134,
              -1.3165708804055707
            ],
            [
              36.880154326470134,
              -1.3167505434623945
            ],
            [
              36.87907634812919,
              -1.3167505434623945
            ],
            [
              36.87907634812919,
              -1.3163912173487469
            ],
            [
              36.87853735895872,
              -1.3163912173487469
            ],
            [
              36.87853735895872,
              -1.3165708804055707
            ],
            [
              36.87817803284507,
              -1.3165708804055707
            ],
            [
              36.87817803284507,
              -1.3169302065192185
            ],
            [
              36.877998369788244,
              -1.3169302065192185
            ],
            [
              36.877998369788244,
              -1.3171098695760424
            ],
            [
              36.87781870673142,
              -1.3171098695760424
            ],
            [
              36.87781870673142,
              -1.317828521803338
            ],
            [
              36.8776390436746,
              -1.317828521803338
            ],
            [
              36.8776390436746,
              -1.3181878479169857
            ],
            [
              36.87745938061777,
              -1.3181878479169857
            ],
            [
              36.87745938061777,
              -1.3183675109738098
            ],
            [
              36.877279717560945,
              -1.3183675109738098
            ],
            [
              36.877279717560945,
              -1.3187268370874576
            ],
            [
              36.877100054504126,
              -1.3187268370874576
            ],
            [
              36.877100054504126,
              -1.3189065001442815
            ],
            [
              36.8769203914473,
              -1.3189065001442815
            ],
            [
              36.8769203914473,
              -1.3190861632011053
            ],
            [
              36.87674072839047,
              -1.3190861632011053
            ],
            [
              36.87674072839047,
              -1.3194454893147531
            ],
            [
              36.876561065333654,
              -1.3194454893147531
            ],
            [
              36.876561065333654,
              -1.319625152371577
            ],
            [
              36.87638140227683,
              -1.319625152371577
            ],
            [
              36.87638140227683,
              -1.3201641415420489
            ],
            [
              36.876561065333654,
              -1.3201641415420489
            ],
            [
              36.876561065333654,
              -1.3203438045988727
            ],
            [
              36.87674072839047,
              -1.3203438045988727
            ],
            [
              36.87674072839047,
              -1.3205234676556965
            ],
            [
              36.8769203914473,
              -1.3205234676556965
            ],
            [
              36.8769203914473,
              -1.3207031307125205
            ],
            [
              36.877100054504126,
              -1.3207031307125205
            ],
            [
              36.877100054504126,
              -1.3208827937693444
            ],
            [
              36.8776390436746,
              -1.3208827937693444
            ],
            [
              36.8776390436746,
              -1.3210624568261682
            ],
            [
              36.87817803284507,
              -1.3210624568261682
            ],
            [
              36.87817803284507,
              -1.3208827937693444
            ],
            [
              36.87853735895872,
              -1.3208827937693444
            ],
            [
              36.87853735895872,
              -1.3207031307125205
            ],
            [
              36.878717022015536,
              -1.3207031307125205
            ],
            [
              36.878717022015536,
              -1.3205234676556965
            ],
            [
              36.87907634812919,
              -1.3205234676556965
            ],
            [
              36.87907634812919,
              -1.3203438045988727
            ],
            [
              36.87979500035648,
              -1.3203438045988727
            ],
            [
              36.87979500035648,
              -1.3205234676556965
            ],
            [
              36.87997466341331,
              -1.3205234676556965
            ],
            [
              36.87997466341331,
              -1.3207031307125205
            ],
            [
              36.880154326470134,
              -1.3207031307125205
            ],
            [
              36.880154326470134,
              -1.3208827937693444
            ],
            [
              36.8806933156406,
              -1.3208827937693444
            ],
            [
              36.8806933156406,
              -1.3207031307125205
            ],
            [
              36.88105264175425,
              -1.3207031307125205
            ],
            [
              36.88105264175425,
              -1.3205234676556965
            ],
            [
              36.88123230481107,
              -1.3205234676556965
            ],
            [
              36.88123230481107,
              -1.3203438045988727
            ],
            [
              36.8814119678679,
              -1.3203438045988727
            ],
            [
              36.8814119678679,
              -1.3201641415420489
            ],
            [
              36.881771293981544,
              -1.3201641415420489
            ],
            [
              36.881771293981544,
              -1.3199844784852248
            ],
            [
              36.88195095703837,
              -1.3199844784852248
            ],
            [
              36.88195095703837,
              -1.319625152371577
            ],
            [
              36.8821306200952,
              -1.319625152371577
            ],
            [
              36.8821306200952,
              -1.3189065001442815
            ],
            [
              36.882310283152016,
              -1.3189065001442815
            ],
            [
              36.882310283152016,
              -1.3187268370874576
            ],
            [
              36.88248994620884,
              -1.3187268370874576
            ],
            [
              36.88248994620884,
              -1.3185471740306336
            ],
            [
              36.88266960926566,
              -1.3185471740306336
            ],
            [
              36.88266960926566,
              -1.3183675109738098
            ],
            [
              36.88284927232249,
              -1.3183675109738098
            ],
            [
              36.88284927232249,
              -1.3181878479169857
            ],
            [
              36.88338826149296,
              -1.3181878479169857
            ],
            [
              36.88338826149296,
              -1.318008184860162
            ],
            [
              36.88356792454979,
              -1.318008184860162
            ],
            [
              36.88356792454979,
              -1.3181878479169857
            ],
            [
              36.88392725066343,
              -1.3181878479169857
            ],
            [
              36.88392725066343,
              -1.3174691956896902
            ],
            [
              36.88374758760661,
              -1.3174691956896902
            ],
            [
              36.88374758760661,
              -1.3169302065192185
            ],
            [
              36.88356792454979,
              -1.3169302065192185
            ],
            [
              36.88356792454979,
              -1.3163912173487469
            ],
            [
              36.88338826149296,
              -1.3163912173487469
            ],
            [
              36.88338826149296,
              -1.3162115542919228
            ],
            [
              36.883028935379315,
              -1.3162115542919228
            ],
            [
              36.883028935379315,
              -1.315852228178275
            ],
            [
              36.88284927232249,
              -1.315852228178275
            ],
            [
              36.88284927232249,
              -1.3154929020646273
            ],
            [
              36.88266960926566,
              -1.3154929020646273
            ],
            [
              36.88266960926566,
              -1.3151335759509795
            ],
            [
              36.88248994620884,
              -1.3151335759509795
            ],
            [
              36.88248994620884,
              -1.3147742498373316
            ],
            [
              36.882310283152016,
              -1.3147742498373316
            ],
            [
              36.882310283152016,
              -1.3145945867805078
            ],
            [
              36.8821306200952,
              -1.3145945867805078
            ]
          ]
        ]
      },
      "id": "+205285-7318",
      "properties": {
        "area_ha": 31.5609459253234,
        "area_m2": 315609.459253234,
        "class": 0,
        "count": 791
      }
    },
    {
      "type": "Feature",
      "geometry": {
        "geodesic": false,
        "type": "Polygon",
        "coordinates": [
          [
            [
              36.88428657677708,
              -1.3052521078256647
            ],
            [
              36.88428657677708,
              -1.3054317708824885
            ],
            [
              36.88392725066343,
              -1.3054317708824885
            ],
            [
              36.88392725066343,
              -1.3057910969961364
            ],
            [
              36.88374758760661,
              -1.3057910969961364
            ],
            [
              36.88374758760661,
              -1.306330086166608
            ],
            [
              36.88356792454979,
              -1.306330086166608
            ],
            [
              36.88356792454979,
              -1.306509749223432
            ],
            [
              36.88338826149296,
              -1.306509749223432
            ],
            [
              36.88338826149296,
              -1.306689412280256
            ],
            [
              36.883208598436134,
              -1.306689412280256
            ],
            [
              36.883208598436134,
              -1.3068690753370797
            ],
            [
              36.8821306200952,
              -1.3068690753370797
            ],
            [
              36.8821306200952,
              -1.3072284014507276
            ],
            [
              36.882310283152016,
              -1.3072284014507276
            ],
            [
              36.882310283152016,
              -1.3074080645075516
            ],
            [
              36.8821306200952,
              -1.3074080645075516
            ],
            [
              36.8821306200952,
              -1.3079470536780233
            ],
            [
              36.88195095703837,
              -1.3079470536780233
            ],
            [
              36.88195095703837,
              -1.3083063797916712
            ],
            [
              36.881771293981544,
              -1.3083063797916712
            ],
            [
              36.881771293981544,
              -1.3090250320189667
            ],
            [
              36.88123230481107,
              -1.3090250320189667
            ],
            [
              36.88123230481107,
              -1.3088453689621429
            ],
            [
              36.88105264175425,
              -1.3088453689621429
            ],
            [
              36.88105264175425,
              -1.3093843581326146
            ],
            [
              36.8806933156406,
              -1.3093843581326146
            ],
            [
              36.8806933156406,
              -1.3095640211894384
            ],
            [
              36.88051365258378,
              -1.3095640211894384
            ],
            [
              36.88051365258378,
              -1.3099233473030862
            ],
            [
              36.8806933156406,
              -1.3099233473030862
            ],
            [
              36.8806933156406,
              -1.31010301035991
            ],
            [
              36.8814119678679,
              -1.31010301035991
            ],
            [
              36.8814119678679,
              -1.3099233473030862
            ],
            [
              36.881591630924724,
              -1.3099233473030862
            ],
            [
              36.881591630924724,
              -1.3093843581326146
            ],
            [
              36.881771293981544,
              -1.3093843581326146
            ],
            [
              36.881771293981544,
              -1.3092046950757905
            ],
            [
              36.88195095703837,
              -1.3092046950757905
            ],
            [
              36.88195095703837,
              -1.3090250320189667
            ],
            [
              36.8821306200952,
              -1.3090250320189667
            ],
            [
              36.8821306200952,
              -1.3088453689621429
            ],
            [
              36.882310283152016,
              -1.3088453689621429
            ],
            [
              36.882310283152016,
              -1.3086657059053188
            ],
            [
              36.88248994620884,
              -1.3086657059053188
            ],
            [
              36.88248994620884,
              -1.308486042848495
            ],
            [
              36.88266960926566,
              -1.308486042848495
            ],
            [
              36.88266960926566,
              -1.3081267167348472
            ],
            [
              36.88284927232249,
              -1.3081267167348472
            ],
            [
              36.88284927232249,
              -1.3079470536780233
            ],
            [
              36.883028935379315,
              -1.3079470536780233
            ],
            [
              36.883028935379315,
              -1.3077673906211993
            ],
            [
              36.883208598436134,
              -1.3077673906211993
            ],
            [
              36.883208598436134,
              -1.3075877275643755
            ],
            [
              36.88338826149296,
              -1.3075877275643755
            ],
            [
              36.88338826149296,
              -1.3072284014507276
            ],
            [
              36.88356792454979,
              -1.3072284014507276
            ],
            [
              36.88356792454979,
              -1.3068690753370797
            ],
            [
              36.88374758760661,
              -1.3068690753370797
            ],
            [
              36.88374758760661,
              -1.306689412280256
            ],
            [
              36.88392725066343,
              -1.306689412280256
            ],
            [
              36.88392725066343,
              -1.306330086166608
            ],
            [
              36.88410691372026,
              -1.306330086166608
            ],
            [
              36.88410691372026,
              -1.3057910969961364
            ],
            [
              36.88428657677708,
              -1.3057910969961364
            ],
            [
              36.88428657677708,
              -1.3056114339393126
            ],
            [
              36.884466239833905,
              -1.3056114339393126
            ],
            [
              36.884466239833905,
              -1.3052521078256647
            ],
            [
              36.88428657677708,
              -1.3052521078256647
            ]
          ]
        ]
      },
      "id": "+205297-7266",
      "properties": {
        "area_ha": 4.548625382879587,
        "area_m2": 45486.25382879587,
        "class": 0,
        "count": 114
      }
    },
    {
      "type": "Feature",
      "geometry": {
        "geodesic": false,
        "type": "Polygon",
        "coordinates": [
          [
            [
              36.88482556594755,
              -1.263570278642519
            ],
            [
              36.88482556594755,
              -1.2637499416993427
            ],
            [
              36.884645902890725,
              -1.2637499416993427
            ],
            [
              36.884645902890725,
              -1.2639296047561668
            ],
            [
              36.88428657677708,
              -1.2639296047561668
            ],
            [
              36.88428657677708,
              -1.2642889308698146
            ],
            [
              36.88410691372026,
              -1.2642889308698146
            ],
            [
              36.88410691372026,
              -1.2650075830971101
            ],
            [
              36.88428657677708,
              -1.2650075830971101
            ],
            [
              36.88428657677708,
              -1.265366909210758
            ],
            [
              36.884466239833905,
              -1.265366909210758
            ],
            [
              36.884466239833905,
              -1.2655465722675818
            ],
            [
              36.88428657677708,
              -1.2655465722675818
            ],
            [
              36.88428657677708,
              -1.2657262353244059
            ],
            [
              36.884466239833905,
              -1.2657262353244059
            ],
            [
              36.884466239833905,
              -1.2655465722675818
            ],
            [
              36.88482556594755,
              -1.2655465722675818
            ],
            [
              36.88482556594755,
              -1.265366909210758
            ],
            [
              36.88500522900438,
              -1.265366909210758
            ],
            [
              36.88500522900438,
              -1.2646482569834623
            ],
            [
              36.88482556594755,
              -1.2646482569834623
            ],
            [
              36.88482556594755,
              -1.2639296047561668
            ],
            [
              36.88500522900438,
              -1.2639296047561668
            ],
            [
              36.88500522900438,
              -1.263570278642519
            ],
            [
              36.88482556594755,
              -1.263570278642519
            ]
          ]
        ]
      },
      "id": "+205300-7034",
      "properties": {
        "area_ha": 1.516234157254655,
        "area_m2": 15162.34157254655,
        "class": 0,
        "count": 38
      }
    },
    {
      "type": "Feature",
      "geometry": {
        "geodesic": false,
        "type": "Polygon",
        "coordinates": [
          [
            [
              36.88554421817485,
              -1.3135166084395644
            ],
            [
              36.88554421817485,
              -1.3136962714963882
            ],
            [
              36.885364555118024,
              -1.3136962714963882
            ],
            [
              36.885364555118024,
              -1.313875934553212
            ],
            [
              36.88500522900438,
              -1.313875934553212
            ],
            [
              36.88500522900438,
              -1.31423526066686
            ],
            [
              36.8851848920612,
              -1.31423526066686
            ],
            [
              36.8851848920612,
              -1.3144149237236837
            ],
            [
              36.885364555118024,
              -1.3144149237236837
            ],
            [
              36.885364555118024,
              -1.3149539128941556
            ],
            [
              36.88554421817485,
              -1.3149539128941556
            ],
            [
              36.88554421817485,
              -1.3156725651214511
            ],
            [
              36.885903544288496,
              -1.3156725651214511
            ],
            [
              36.885903544288496,
              -1.316031891235099
            ],
            [
              36.88608320734532,
              -1.316031891235099
            ],
            [
              36.88608320734532,
              -1.3162115542919228
            ],
            [
              36.88626287040214,
              -1.3162115542919228
            ],
            [
              36.88626287040214,
              -1.3165708804055707
            ],
            [
              36.88644253345897,
              -1.3165708804055707
            ],
            [
              36.88644253345897,
              -1.3167505434623945
            ],
            [
              36.88662219651579,
              -1.3167505434623945
            ],
            [
              36.88662219651579,
              -1.3172895326328664
            ],
            [
              36.886801859572614,
              -1.3172895326328664
            ],
            [
              36.886801859572614,
              -1.317828521803338
            ],
            [
              36.88698152262944,
              -1.317828521803338
            ],
            [
              36.88698152262944,
              -1.318008184860162
            ],
            [
              36.88716118568626,
              -1.318008184860162
            ],
            [
              36.88716118568626,
              -1.3187268370874576
            ],
            [
              36.88698152262944,
              -1.3187268370874576
            ],
            [
              36.88698152262944,
              -1.3190861632011053
            ],
            [
              36.886801859572614,
              -1.3190861632011053
            ],
            [
              36.886801859572614,
              -1.3192658262579293
            ],
            [
              36.88644253345897,
              -1.3192658262579293
            ],
            [
              36.88644253345897,
              -1.3194454893147531
            ],
            [
              36.885903544288496,
              -1.3194454893147531
            ],
            [
              36.885903544288496,
              -1.319625152371577
            ],
            [
              36.88500522900438,
              -1.319625152371577
            ],
            [
              36.88500522900438,
              -1.3194454893147531
            ],
            [
              36.88482556594755,
              -1.3194454893147531
            ],
            [
              36.88482556594755,
              -1.3192658262579293
            ],
            [
              36.884645902890725,
              -1.3192658262579293
            ],
            [
              36.884645902890725,
              -1.3194454893147531
            ],
            [
              36.884466239833905,
              -1.3194454893147531
            ],
            [
              36.884466239833905,
              -1.319625152371577
            ],
            [
              36.88428657677708,
              -1.319625152371577
            ],
            [
              36.88428657677708,
              -1.319804815428401
            ],
            [
              36.88410691372026,
              -1.319804815428401
            ],
            [
              36.88410691372026,
              -1.3199844784852248
            ],
            [
              36.88392725066343,
              -1.3199844784852248
            ],
            [
              36.88392725066343,
              -1.3201641415420489
            ],
            [
              36.88374758760661,
              -1.3201641415420489
            ],
            [
              36.88374758760661,
              -1.3203438045988727
            ],
            [
              36.88338826149296,
              -1.3203438045988727
            ],
            [
              36.88338826149296,
              -1.3205234676556965
            ],
            [
              36.883208598436134,
              -1.3205234676556965
            ],
            [
              36.883208598436134,
              -1.3207031307125205
            ],
            [
              36.883028935379315,
              -1.3207031307125205
            ],
            [
              36.883028935379315,
              -1.3210624568261682
            ],
            [
              36.88284927232249,
              -1.3210624568261682
            ],
            [
              36.88284927232249,
              -1.3212421198829922
            ],
            [
              36.883028935379315,
              -1.3212421198829922
            ],
            [
              36.883028935379315,
              -1.321421782939816
            ],
            [
              36.883208598436134,
              -1.321421782939816
            ],
            [
              36.883208598436134,
              -1.32160144599664
            ],
            [
              36.88338826149296,
              -1.32160144599664
            ],
            [
              36.88338826149296,
              -1.3219607721102877
            ],
            [
              36.88356792454979,
              -1.3219607721102877
            ],
            [
              36.88356792454979,
              -1.3221404351671118
            ],
            [
              36.88374758760661,
              -1.3221404351671118
            ],
            [
              36.88374758760661,
              -1.3224997612807596
            ],
            [
              36.88392725066343,
              -1.3224997612807596
            ],
            [
              36.88392725066343,
              -1.3226794243375835
            ],
            [
              36.88410691372026,
              -1.3226794243375835
            ],
            [
              36.88410691372026,
              -1.3232184135080551
            ],
            [
              36.884466239833905,
              -1.3232184135080551
            ],
            [
              36.884466239833905,
              -1.323398076564879
            ],
            [
              36.884645902890725,
              -1.323398076564879
            ],
            [
              36.884645902890725,
              -1.323577739621703
            ],
            [
              36.88482556594755,
              -1.323577739621703
            ],
            [
              36.88482556594755,
              -1.3237574026785268
            ],
            [
              36.8851848920612,
              -1.3237574026785268
            ],
            [
              36.8851848920612,
              -1.323577739621703
            ],
            [
              36.88554421817485,
              -1.323577739621703
            ],
            [
              36.88554421817485,
              -1.323398076564879
            ],
            [
              36.88572388123167,
              -1.323398076564879
            ],
            [
              36.88572388123167,
              -1.3232184135080551
            ],
            [
              36.885903544288496,
              -1.3232184135080551
            ],
            [
              36.885903544288496,
              -1.3230387504512313
            ],
            [
              36.88626287040214,
              -1.3230387504512313
            ],
            [
              36.88626287040214,
              -1.3228590873944073
            ],
            [
              36.88662219651579,
              -1.3228590873944073
            ],
            [
              36.88662219651579,
              -1.3226794243375835
            ],
            [
              36.886801859572614,
              -1.3226794243375835
            ],
            [
              36.886801859572614,
              -1.3224997612807596
            ],
            [
              36.88716118568626,
              -1.3224997612807596
            ],
            [
              36.88716118568626,
              -1.3223200982239356
            ],
            [
              36.88734084874309,
              -1.3223200982239356
            ],
            [
              36.88734084874309,
              -1.3224997612807596
            ],
            [
              36.88787983791356,
              -1.3224997612807596
            ],
            [
              36.88787983791356,
              -1.3228590873944073
            ],
            [
              36.888059500970385,
              -1.3228590873944073
            ],
            [
              36.888059500970385,
              -1.323577739621703
            ],
            [
              36.888239164027205,
              -1.323577739621703
            ],
            [
              36.888239164027205,
              -1.3239370657353509
            ],
            [
              36.88841882708403,
              -1.3239370657353509
            ],
            [
              36.88841882708403,
              -1.3237574026785268
            ],
            [
              36.88877815319768,
              -1.3237574026785268
            ],
            [
              36.88877815319768,
              -1.323577739621703
            ],
            [
              36.88913747931132,
              -1.323577739621703
            ],
            [
              36.88913747931132,
              -1.3239370657353509
            ],
            [
              36.88931714236815,
              -1.3239370657353509
            ],
            [
              36.88931714236815,
              -1.3241167287921747
            ],
            [
              36.889496805424976,
              -1.3241167287921747
            ],
            [
              36.889496805424976,
              -1.3244760549058225
            ],
            [
              36.88931714236815,
              -1.3244760549058225
            ],
            [
              36.88931714236815,
              -1.3246557179626464
            ],
            [
              36.889496805424976,
              -1.3246557179626464
            ],
            [
              36.889496805424976,
              -1.3248353810194702
            ],
            [
              36.889676468481795,
              -1.3248353810194702
            ],
            [
              36.889676468481795,
              -1.3250150440762942
            ],
            [
              36.88985613153862,
              -1.3250150440762942
            ],
            [
              36.88985613153862,
              -1.325374370189942
            ],
            [
              36.89003579459545,
              -1.325374370189942
            ],
            [
              36.89003579459545,
              -1.325554033246766
            ],
            [
              36.890395120709094,
              -1.325554033246766
            ],
            [
              36.890395120709094,
              -1.3257336963035897
            ],
            [
              36.89075444682274,
              -1.3257336963035897
            ],
            [
              36.89075444682274,
              -1.325554033246766
            ],
            [
              36.89093410987957,
              -1.325554033246766
            ],
            [
              36.89093410987957,
              -1.325374370189942
            ],
            [
              36.89075444682274,
              -1.325374370189942
            ],
            [
              36.89075444682274,
              -1.325194707133118
            ],
            [
              36.89057478376591,
              -1.325194707133118
            ],
            [
              36.89057478376591,
              -1.3246557179626464
            ],
            [
              36.890395120709094,
              -1.3246557179626464
            ],
            [
              36.890395120709094,
              -1.3242963918489985
            ],
            [
              36.89021545765227,
              -1.3242963918489985
            ],
            [
              36.89021545765227,
              -1.3244760549058225
            ],
            [
              36.89003579459545,
              -1.3244760549058225
            ],
            [
              36.89003579459545,
              -1.3237574026785268
            ],
            [
              36.88985613153862,
              -1.3237574026785268
            ],
            [
              36.88985613153862,
              -1.3230387504512313
            ],
            [
              36.889676468481795,
              -1.3230387504512313
            ],
            [
              36.889676468481795,
              -1.3228590873944073
            ],
            [
              36.889496805424976,
              -1.3228590873944073
            ],
            [
              36.889496805424976,
              -1.3226794243375835
            ],
            [
              36.88931714236815,
              -1.3226794243375835
            ],
            [
              36.88931714236815,
              -1.3224997612807596
            ],
            [
              36.88913747931132,
              -1.3224997612807596
            ],
            [
              36.88913747931132,
              -1.3221404351671118
            ],
            [
              36.8889578162545,
              -1.3221404351671118
            ],
            [
              36.8889578162545,
              -1.321781109053464
            ],
            [
              36.88877815319768,
              -1.321781109053464
            ],
            [
              36.88877815319768,
              -1.321421782939816
            ],
            [
              36.88859849014085,
              -1.321421782939816
            ],
            [
              36.88859849014085,
              -1.3212421198829922
            ],
            [
              36.88841882708403,
              -1.3212421198829922
            ],
            [
              36.88841882708403,
              -1.3207031307125205
            ],
            [
              36.888239164027205,
              -1.3207031307125205
            ],
            [
              36.888239164027205,
              -1.3194454893147531
            ],
            [
              36.888059500970385,
              -1.3194454893147531
            ],
            [
              36.888059500970385,
              -1.3187268370874576
            ],
            [
              36.88787983791356,
              -1.3187268370874576
            ],
            [
              36.88787983791356,
              -1.3185471740306336
            ],
            [
              36.888059500970385,
              -1.3185471740306336
            ],
            [
              36.888059500970385,
              -1.3183675109738098
            ],
            [
              36.888239164027205,
              -1.3183675109738098
            ],
            [
              36.888239164027205,
              -1.318008184860162
            ],
            [
              36.88841882708403,
              -1.318008184860162
            ],
            [
              36.88841882708403,
              -1.317828521803338
            ],
            [
              36.88877815319768,
              -1.317828521803338
            ],
            [
              36.88877815319768,
              -1.3174691956896902
            ],
            [
              36.8889578162545,
              -1.3174691956896902
            ],
            [
              36.8889578162545,
              -1.3172895326328664
            ],
            [
              36.88877815319768,
              -1.3172895326328664
            ],
            [
              36.88877815319768,
              -1.3169302065192185
            ],
            [
              36.88859849014085,
              -1.3169302065192185
            ],
            [
              36.88859849014085,
              -1.3167505434623945
            ],
            [
              36.88841882708403,
              -1.3167505434623945
            ],
            [
              36.88841882708403,
              -1.3163912173487469
            ],
            [
              36.888239164027205,
              -1.3163912173487469
            ],
            [
              36.888239164027205,
              -1.3162115542919228
            ],
            [
              36.888059500970385,
              -1.3162115542919228
            ],
            [
              36.888059500970385,
              -1.315852228178275
            ],
            [
              36.88787983791356,
              -1.315852228178275
            ],
            [
              36.88787983791356,
              -1.3149539128941556
            ],
            [
              36.88770017485673,
              -1.3149539128941556
            ],
            [
              36.88770017485673,
              -1.3147742498373316
            ],
            [
              36.88716118568626,
              -1.3147742498373316
            ],
            [
              36.88716118568626,
              -1.3145945867805078
            ],
            [
              36.886801859572614,
              -1.3145945867805078
            ],
            [
              36.886801859572614,
              -1.3144149237236837
            ],
            [
              36.88662219651579,
              -1.3144149237236837
            ],
            [
              36.88662219651579,
              -1.31423526066686
            ],
            [
              36.88644253345897,
              -1.31423526066686
            ],
            [
              36.88644253345897,
              -1.313875934553212
            ],
            [
              36.88626287040214,
              -1.313875934553212
            ],
            [
              36.88626287040214,
              -1.3136962714963882
            ],
            [
              36.885903544288496,
              -1.3136962714963882
            ],
            [
              36.885903544288496,
              -1.3135166084395644
            ],
            [
              36.88554421817485,
              -1.3135166084395644
            ]
          ],
          [
            [
              36.89075444682274,
              -1.325374370189942
            ],
            [
              36.89057478376591,
              -1.325374370189942
            ],
            [
              36.89057478376591,
              -1.325554033246766
            ],
            [
              36.89075444682274,
              -1.325554033246766
            ],
            [
              36.89075444682274,
              -1.325374370189942
            ]
          ],
          [
            [
              36.889496805424976,
              -1.3237574026785268
            ],
            [
              36.88931714236815,
              -1.3237574026785268
            ],
            [
              36.88931714236815,
              -1.3239370657353509
            ],
            [
              36.889496805424976,
              -1.3239370657353509
            ],
            [
              36.889496805424976,
              -1.3237574026785268
            ]
          ],
          [
            [
              36.88644253345897,
              -1.3208827937693444
            ],
            [
              36.88572388123167,
              -1.3208827937693444
            ],
            [
              36.88572388123167,
              -1.3210624568261682
            ],
            [
              36.885364555118024,
              -1.3210624568261682
            ],
            [
              36.885364555118024,
              -1.3212421198829922
            ],
            [
              36.8851848920612,
              -1.3212421198829922
            ],
            [
              36.8851848920612,
              -1.321421782939816
            ],
            [
              36.88500522900438,
              -1.321421782939816
            ],
            [
              36.88500522900438,
              -1.32160144599664
            ],
            [
              36.88482556594755,
              -1.32160144599664
            ],
            [
              36.88482556594755,
              -1.321781109053464
            ],
            [
              36.884645902890725,
              -1.321781109053464
            ],
            [
              36.884645902890725,
              -1.3219607721102877
            ],
            [
              36.88482556594755,
              -1.3219607721102877
            ],
            [
              36.88482556594755,
              -1.3221404351671118
            ],
            [
              36.88500522900438,
              -1.3221404351671118
            ],
            [
              36.88500522900438,
              -1.3223200982239356
            ],
            [
              36.88554421817485,
              -1.3223200982239356
            ],
            [
              36.88554421817485,
              -1.3221404351671118
            ],
            [
              36.88608320734532,
              -1.3221404351671118
            ],
            [
              36.88608320734532,
              -1.3219607721102877
            ],
            [
              36.88626287040214,
              -1.3219607721102877
            ],
            [
              36.88626287040214,
              -1.321781109053464
            ],
            [
              36.88644253345897,
              -1.321781109053464
            ],
            [
              36.88644253345897,
              -1.321421782939816
            ],
            [
              36.88662219651579,
              -1.321421782939816
            ],
            [
              36.88662219651579,
              -1.3212421198829922
            ],
            [
              36.88644253345897,
              -1.3212421198829922
            ],
            [
              36.88644253345897,
              -1.3208827937693444
            ]
          ]
        ]
      },
      "id": "+205305-7312",
      "properties": {
        "area_ha": 35.91002874629101,
        "area_m2": 359100.2874629101,
        "class": 0,
        "count": 900
      }
    },
    {
      "type": "Feature",
      "geometry": {
        "geodesic": false,
        "type": "Polygon",
        "coordinates": [
          [
            [
              36.88572388123167,
              -1.2714754531427708
            ],
            [
              36.88572388123167,
              -1.2716551161995946
            ],
            [
              36.885364555118024,
              -1.2716551161995946
            ],
            [
              36.885364555118024,
              -1.2718347792564184
            ],
            [
              36.8851848920612,
              -1.2718347792564184
            ],
            [
              36.8851848920612,
              -1.2720144423132425
            ],
            [
              36.88500522900438,
              -1.2720144423132425
            ],
            [
              36.88500522900438,
              -1.2721941053700663
            ],
            [
              36.88482556594755,
              -1.2721941053700663
            ],
            [
              36.88482556594755,
              -1.2723737684268903
            ],
            [
              36.884645902890725,
              -1.2723737684268903
            ],
            [
              36.884645902890725,
              -1.2725534314837141
            ],
            [
              36.884466239833905,
              -1.2725534314837141
            ],
            [
              36.884466239833905,
              -1.272733094540538
            ],
            [
              36.88428657677708,
              -1.272733094540538
            ],
            [
              36.88428657677708,
              -1.2732720837110096
            ],
            [
              36.884466239833905,
              -1.2732720837110096
            ],
            [
              36.884466239833905,
              -1.2734517467678337
            ],
            [
              36.884645902890725,
              -1.2734517467678337
            ],
            [
              36.884645902890725,
              -1.2736314098246575
            ],
            [
              36.88482556594755,
              -1.2736314098246575
            ],
            [
              36.88482556594755,
              -1.2739907359383054
            ],
            [
              36.88500522900438,
              -1.2739907359383054
            ],
            [
              36.88500522900438,
              -1.2743500620519532
            ],
            [
              36.8851848920612,
              -1.2743500620519532
            ],
            [
              36.8851848920612,
              -1.274529725108777
            ],
            [
              36.88572388123167,
              -1.274529725108777
            ],
            [
              36.88572388123167,
              -1.2743500620519532
            ],
            [
              36.88626287040214,
              -1.2743500620519532
            ],
            [
              36.88626287040214,
              -1.2741703989951292
            ],
            [
              36.88644253345897,
              -1.2741703989951292
            ],
            [
              36.88644253345897,
              -1.2739907359383054
            ],
            [
              36.88662219651579,
              -1.2739907359383054
            ],
            [
              36.88662219651579,
              -1.2738110728814815
            ],
            [
              36.88698152262944,
              -1.2738110728814815
            ],
            [
              36.88698152262944,
              -1.2736314098246575
            ],
            [
              36.88716118568626,
              -1.2736314098246575
            ],
            [
              36.88716118568626,
              -1.2734517467678337
            ],
            [
              36.88752051179991,
              -1.2734517467678337
            ],
            [
              36.88752051179991,
              -1.2732720837110096
            ],
            [
              36.88787983791356,
              -1.2732720837110096
            ],
            [
              36.88787983791356,
              -1.272733094540538
            ],
            [
              36.88770017485673,
              -1.272733094540538
            ],
            [
              36.88770017485673,
              -1.2723737684268903
            ],
            [
              36.88752051179991,
              -1.2723737684268903
            ],
            [
              36.88752051179991,
              -1.2720144423132425
            ],
            [
              36.88734084874309,
              -1.2720144423132425
            ],
            [
              36.88734084874309,
              -1.2716551161995946
            ],
            [
              36.88716118568626,
              -1.2716551161995946
            ],
            [
              36.88716118568626,
              -1.2714754531427708
            ],
            [
              36.88572388123167,
              -1.2714754531427708
            ]
          ]
        ]
      },
      "id": "+205312-7078",
      "properties": {
        "area_ha": 9.017574596679403,
        "area_m2": 90175.74596679403,
        "class": 0,
        "count": 226
      }
    },
    {
      "type": "Feature",
      "geometry": {
        "geodesic": false,
        "type": "Polygon",
        "coordinates": [
          [
            [
              36.88698152262944,
              -1.3081267167348472
            ],
            [
              36.88698152262944,
              -1.3083063797916712
            ],
            [
              36.886801859572614,
              -1.3083063797916712
            ],
            [
              36.886801859572614,
              -1.308486042848495
            ],
            [
              36.88662219651579,
              -1.308486042848495
            ],
            [
              36.88662219651579,
              -1.3088453689621429
            ],
            [
              36.88716118568626,
              -1.3088453689621429
            ],
            [
              36.88716118568626,
              -1.3090250320189667
            ],
            [
              36.88734084874309,
              -1.3090250320189667
            ],
            [
              36.88734084874309,
              -1.3092046950757905
            ],
            [
              36.88770017485673,
              -1.3092046950757905
            ],
            [
              36.88770017485673,
              -1.308486042848495
            ],
            [
              36.88752051179991,
              -1.308486042848495
            ],
            [
              36.88752051179991,
              -1.3083063797916712
            ],
            [
              36.88716118568626,
              -1.3083063797916712
            ],
            [
              36.88716118568626,
              -1.3081267167348472
            ],
            [
              36.88698152262944,
              -1.3081267167348472
            ]
          ]
        ]
      },
      "id": "+205312-7282",
      "properties": {
        "area_ha": 0.8778046607873276,
        "area_m2": 8778.046607873275,
        "class": 0,
        "count": 22
      }
    },
    {
      "type": "Feature",
      "geometry": {
        "geodesic": false,
        "type": "Polygon",
        "coordinates": [
          [
            [
              36.88698152262944,
              -1.2545871258013237
            ],
            [
              36.88698152262944,
              -1.2549464519149716
            ],
            [
              36.886801859572614,
              -1.2549464519149716
            ],
            [
              36.886801859572614,
              -1.2553057780286194
            ],
            [
              36.88662219651579,
              -1.2553057780286194
            ],
            [
              36.88662219651579,
              -1.2554854410854432
            ],
            [
              36.88626287040214,
              -1.2554854410854432
            ],
            [
              36.88626287040214,
              -1.255844767199091
            ],
            [
              36.88644253345897,
              -1.255844767199091
            ],
            [
              36.88644253345897,
              -1.255665104142267
            ],
            [
              36.88662219651579,
              -1.255665104142267
            ],
            [
              36.88662219651579,
              -1.2554854410854432
            ],
            [
              36.88698152262944,
              -1.2554854410854432
            ],
            [
              36.88698152262944,
              -1.2553057780286194
            ],
            [
              36.88716118568626,
              -1.2553057780286194
            ],
            [
              36.88716118568626,
              -1.2554854410854432
            ],
            [
              36.88734084874309,
              -1.2554854410854432
            ],
            [
              36.88734084874309,
              -1.2553057780286194
            ],
            [
              36.88752051179991,
              -1.2553057780286194
            ],
            [
              36.88752051179991,
              -1.2547667888581475
            ],
            [
              36.88734084874309,
              -1.2547667888581475
            ],
            [
              36.88734084874309,
              -1.2545871258013237
            ],
            [
              36.88698152262944,
              -1.2545871258013237
            ]
          ]
        ]
      },
      "id": "+205313-6984",
      "properties": {
        "area_ha": 0.7581198639505032,
        "area_m2": 7581.198639505033,
        "class": 0,
        "count": 19
      }
    },
    {
      "type": "Feature",
      "geometry": {
        "geodesic": false,
        "type": "Polygon",
        "coordinates": [
          [
            [
              36.88787983791356,
              -1.3133369453827404
            ],
            [
              36.88787983791356,
              -1.3135166084395644
            ],
            [
              36.88770017485673,
              -1.3135166084395644
            ],
            [
              36.88770017485673,
              -1.314055597610036
            ],
            [
              36.88841882708403,
              -1.314055597610036
            ],
            [
              36.88841882708403,
              -1.3144149237236837
            ],
            [
              36.888239164027205,
              -1.3144149237236837
            ],
            [
              36.888239164027205,
              -1.3147742498373316
            ],
            [
              36.88841882708403,
              -1.3147742498373316
            ],
            [
              36.88841882708403,
              -1.3149539128941556
            ],
            [
              36.88877815319768,
              -1.3149539128941556
            ],
            [
              36.88877815319768,
              -1.3151335759509795
            ],
            [
              36.88913747931132,
              -1.3151335759509795
            ],
            [
              36.88913747931132,
              -1.3154929020646273
            ],
            [
              36.88931714236815,
              -1.3154929020646273
            ],
            [
              36.88931714236815,
              -1.3156725651214511
            ],
            [
              36.889496805424976,
              -1.3156725651214511
            ],
            [
              36.889496805424976,
              -1.315852228178275
            ],
            [
              36.89057478376591,
              -1.315852228178275
            ],
            [
              36.89057478376591,
              -1.316031891235099
            ],
            [
              36.89075444682274,
              -1.316031891235099
            ],
            [
              36.89075444682274,
              -1.3163912173487469
            ],
            [
              36.89093410987957,
              -1.3163912173487469
            ],
            [
              36.89093410987957,
              -1.3162115542919228
            ],
            [
              36.89129343599321,
              -1.3162115542919228
            ],
            [
              36.89129343599321,
              -1.315852228178275
            ],
            [
              36.891113772936386,
              -1.315852228178275
            ],
            [
              36.891113772936386,
              -1.3154929020646273
            ],
            [
              36.89093410987957,
              -1.3154929020646273
            ],
            [
              36.89093410987957,
              -1.3153132390078033
            ],
            [
              36.89021545765227,
              -1.3153132390078033
            ],
            [
              36.89021545765227,
              -1.3151335759509795
            ],
            [
              36.89003579459545,
              -1.3151335759509795
            ],
            [
              36.89003579459545,
              -1.3149539128941556
            ],
            [
              36.88931714236815,
              -1.3149539128941556
            ],
            [
              36.88931714236815,
              -1.3145945867805078
            ],
            [
              36.88913747931132,
              -1.3145945867805078
            ],
            [
              36.88913747931132,
              -1.3144149237236837
            ],
            [
              36.88877815319768,
              -1.3144149237236837
            ],
            [
              36.88877815319768,
              -1.31423526066686
            ],
            [
              36.88859849014085,
              -1.31423526066686
            ],
            [
              36.88859849014085,
              -1.314055597610036
            ],
            [
              36.88841882708403,
              -1.314055597610036
            ],
            [
              36.88841882708403,
              -1.313875934553212
            ],
            [
              36.88859849014085,
              -1.313875934553212
            ],
            [
              36.88859849014085,
              -1.3136962714963882
            ],
            [
              36.88841882708403,
              -1.3136962714963882
            ],
            [
              36.88841882708403,
              -1.3135166084395644
            ],
            [
              36.888239164027205,
              -1.3135166084395644
            ],
            [
              36.888239164027205,
              -1.3133369453827404
            ],
            [
              36.88787983791356,
              -1.3133369453827404
            ]
          ]
        ]
      },
      "id": "+205318-7311",
      "properties": {
        "area_ha": 3.351609332676848,
        "area_m2": 33516.09332676848,
        "class": 0,
        "count": 84
      }
    },
    {
      "type": "Feature",
      "geometry": {
        "geodesic": false,
        "type": "Polygon",
        "coordinates": [
          [
            [
              36.888059500970385,
              -1.252251506062613
            ],
            [
              36.888059500970385,
              -1.2535091474603803
            ],
            [
              36.88770017485673,
              -1.2535091474603803
            ],
            [
              36.88770017485673,
              -1.2536888105172042
            ],
            [
              36.88787983791356,
              -1.2536888105172042
            ],
            [
              36.88787983791356,
              -1.253868473574028
            ],
            [
              36.888059500970385,
              -1.253868473574028
            ],
            [
              36.888059500970385,
              -1.2536888105172042
            ],
            [
              36.888239164027205,
              -1.2536888105172042
            ],
            [
              36.888239164027205,
              -1.2533294844035563
            ],
            [
              36.88859849014085,
              -1.2533294844035563
            ],
            [
              36.88859849014085,
              -1.2531498213467325
            ],
            [
              36.88877815319768,
              -1.2531498213467325
            ],
            [
              36.88877815319768,
              -1.2529701582899087
            ],
            [
              36.8889578162545,
              -1.2529701582899087
            ],
            [
              36.8889578162545,
              -1.2526108321762608
            ],
            [
              36.88859849014085,
              -1.2526108321762608
            ],
            [
              36.88859849014085,
              -1.252251506062613
            ],
            [
              36.888059500970385,
              -1.252251506062613
            ]
          ]
        ]
      },
      "id": "+205320-6971",
      "properties": {
        "area_ha": 1.1172302137165715,
        "area_m2": 11172.302137165714,
        "class": 0,
        "count": 28
      }
    },
    {
      "type": "Feature",
      "geometry": {
        "geodesic": false,
        "type": "Polygon",
        "coordinates": [
          [
            [
              36.88841882708403,
              -1.3108216625872058
            ],
            [
              36.88841882708403,
              -1.3110013256440296
            ],
            [
              36.88859849014085,
              -1.3110013256440296
            ],
            [
              36.88859849014085,
              -1.3111809887008536
            ],
            [
              36.88877815319768,
              -1.3111809887008536
            ],
            [
              36.88877815319768,
              -1.3115403148145013
            ],
            [
              36.8889578162545,
              -1.3115403148145013
            ],
            [
              36.8889578162545,
              -1.3120793039849732
            ],
            [
              36.88913747931132,
              -1.3120793039849732
            ],
            [
              36.88913747931132,
              -1.312258967041797
            ],
            [
              36.889496805424976,
              -1.312258967041797
            ],
            [
              36.889496805424976,
              -1.3120793039849732
            ],
            [
              36.88931714236815,
              -1.3120793039849732
            ],
            [
              36.88931714236815,
              -1.3118996409281491
            ],
            [
              36.889496805424976,
              -1.3118996409281491
            ],
            [
              36.889496805424976,
              -1.3113606517576775
            ],
            [
              36.88931714236815,
              -1.3113606517576775
            ],
            [
              36.88931714236815,
              -1.3111809887008536
            ],
            [
              36.88913747931132,
              -1.3111809887008536
            ],
            [
              36.88913747931132,
              -1.3110013256440296
            ],
            [
              36.88877815319768,
              -1.3110013256440296
            ],
            [
              36.88877815319768,
              -1.3108216625872058
            ],
            [
              36.88841882708403,
              -1.3108216625872058
            ]
          ]
        ]
      },
      "id": "+205321-7297",
      "properties": {
        "area_ha": 0.8778036578959989,
        "area_m2": 8778.03657895999,
        "class": 0,
        "count": 22
      }
    },
    {
      "type": "Feature",
      "geometry": {
        "geodesic": false,
        "type": "Polygon",
        "coordinates": [
          [
            [
              36.8889578162545,
              -1.2441666685055373
            ],
            [
              36.8889578162545,
              -1.244346331562361
            ],
            [
              36.88877815319768,
              -1.244346331562361
            ],
            [
              36.88877815319768,
              -1.244705657676009
            ],
            [
              36.8889578162545,
              -1.244705657676009
            ],
            [
              36.8889578162545,
              -1.2450649837896568
            ],
            [
              36.88931714236815,
              -1.2450649837896568
            ],
            [
              36.88931714236815,
              -1.2452446468464806
            ],
            [
              36.889676468481795,
              -1.2452446468464806
            ],
            [
              36.889676468481795,
              -1.2450649837896568
            ],
            [
              36.88985613153862,
              -1.2450649837896568
            ],
            [
              36.88985613153862,
              -1.2452446468464806
            ],
            [
              36.89003579459545,
              -1.2452446468464806
            ],
            [
              36.89003579459545,
              -1.2450649837896568
            ],
            [
              36.89021545765227,
              -1.2450649837896568
            ],
            [
              36.89021545765227,
              -1.2441666685055373
            ],
            [
              36.8889578162545,
              -1.2441666685055373
            ]
          ]
        ]
      },
      "id": "+205329-6926",
      "properties": {
        "area_ha": 1.5960481346057127,
        "area_m2": 15960.481346057128,
        "class": 0,
        "count": 40
      }
    },
    {
      "type": "Feature",
      "geometry": {
        "geodesic": false,
        "type": "Polygon",
        "coordinates": [
          [
            [
              36.89075444682274,
              -1.263210952528871
            ],
            [
              36.89075444682274,
              -1.263570278642519
            ],
            [
              36.890395120709094,
              -1.263570278642519
            ],
            [
              36.890395120709094,
              -1.2637499416993427
            ],
            [
              36.89021545765227,
              -1.2637499416993427
            ],
            [
              36.89021545765227,
              -1.2642889308698146
            ],
            [
              36.89003579459545,
              -1.2642889308698146
            ],
            [
              36.89003579459545,
              -1.2644685939266385
            ],
            [
              36.890395120709094,
              -1.2644685939266385
            ],
            [
              36.890395120709094,
              -1.2646482569834623
            ],
            [
              36.89057478376591,
              -1.2646482569834623
            ],
            [
              36.89057478376591,
              -1.2648279200402863
            ],
            [
              36.89021545765227,
              -1.2648279200402863
            ],
            [
              36.89021545765227,
              -1.2650075830971101
            ],
            [
              36.89003579459545,
              -1.2650075830971101
            ],
            [
              36.89003579459545,
              -1.265187246153934
            ],
            [
              36.88985613153862,
              -1.265187246153934
            ],
            [
              36.88985613153862,
              -1.265366909210758
            ],
            [
              36.889676468481795,
              -1.265366909210758
            ],
            [
              36.889676468481795,
              -1.265187246153934
            ],
            [
              36.889496805424976,
              -1.265187246153934
            ],
            [
              36.889496805424976,
              -1.265366909210758
            ],
            [
              36.889676468481795,
              -1.265366909210758
            ],
            [
              36.889676468481795,
              -1.2655465722675818
            ],
            [
              36.88931714236815,
              -1.2655465722675818
            ],
            [
              36.88931714236815,
              -1.2657262353244059
            ],
            [
              36.889496805424976,
              -1.2657262353244059
            ],
            [
              36.889496805424976,
              -1.2662652244948776
            ],
            [
              36.88985613153862,
              -1.2662652244948776
            ],
            [
              36.88985613153862,
              -1.2660855614380535
            ],
            [
              36.89003579459545,
              -1.2660855614380535
            ],
            [
              36.89003579459545,
              -1.2659058983812297
            ],
            [
              36.89021545765227,
              -1.2659058983812297
            ],
            [
              36.89021545765227,
              -1.2657262353244059
            ],
            [
              36.890395120709094,
              -1.2657262353244059
            ],
            [
              36.890395120709094,
              -1.2655465722675818
            ],
            [
              36.89057478376591,
              -1.2655465722675818
            ],
            [
              36.89057478376591,
              -1.265187246153934
            ],
            [
              36.89075444682274,
              -1.265187246153934
            ],
            [
              36.89075444682274,
              -1.2646482569834623
            ],
            [
              36.89093410987957,
              -1.2646482569834623
            ],
            [
              36.89093410987957,
              -1.2639296047561668
            ],
            [
              36.891113772936386,
              -1.2639296047561668
            ],
            [
              36.891113772936386,
              -1.263570278642519
            ],
            [
              36.89093410987957,
              -1.263570278642519
            ],
            [
              36.89093410987957,
              -1.263210952528871
            ],
            [
              36.89075444682274,
              -1.263210952528871
            ]
          ]
        ]
      },
      "id": "+205333-7032",
      "properties": {
        "area_ha": 2.394053869828805,
        "area_m2": 23940.538698288048,
        "class": 0,
        "count": 60
      }
    },
    {
      "type": "Feature",
      "geometry": {
        "geodesic": false,
        "type": "Polygon",
        "coordinates": [
          [
            [
              36.89093410987957,
              -1.2495565602102543
            ],
            [
              36.89093410987957,
              -1.2497362232670783
            ],
            [
              36.89075444682274,
              -1.2497362232670783
            ],
            [
              36.89075444682274,
              -1.2499158863239022
            ],
            [
              36.89057478376591,
              -1.2499158863239022
            ],
            [
              36.89057478376591,
              -1.2500955493807262
            ],
            [
              36.890395120709094,
              -1.2500955493807262
            ],
            [
              36.890395120709094,
              -1.25027521243755
            ],
            [
              36.89021545765227,
              -1.25027521243755
            ],
            [
              36.89021545765227,
              -1.2500955493807262
            ],
            [
              36.88985613153862,
              -1.2500955493807262
            ],
            [
              36.88985613153862,
              -1.2504548754943738
            ],
            [
              36.889496805424976,
              -1.2504548754943738
            ],
            [
              36.889496805424976,
              -1.2506345385511979
            ],
            [
              36.8889578162545,
              -1.2506345385511979
            ],
            [
              36.8889578162545,
              -1.2508142016080217
            ],
            [
              36.888239164027205,
              -1.2508142016080217
            ],
            [
              36.888239164027205,
              -1.2509938646648455
            ],
            [
              36.88787983791356,
              -1.2509938646648455
            ],
            [
              36.88787983791356,
              -1.2511735277216696
            ],
            [
              36.888059500970385,
              -1.2511735277216696
            ],
            [
              36.888059500970385,
              -1.2513531907784934
            ],
            [
              36.88859849014085,
              -1.2513531907784934
            ],
            [
              36.88859849014085,
              -1.2515328538353174
            ],
            [
              36.88913747931132,
              -1.2515328538353174
            ],
            [
              36.88913747931132,
              -1.2517125168921412
            ],
            [
              36.889676468481795,
              -1.2517125168921412
            ],
            [
              36.889676468481795,
              -1.252251506062613
            ],
            [
              36.889496805424976,
              -1.252251506062613
            ],
            [
              36.889496805424976,
              -1.2527904952330846
            ],
            [
              36.89021545765227,
              -1.2527904952330846
            ],
            [
              36.89021545765227,
              -1.2526108321762608
            ],
            [
              36.890395120709094,
              -1.2526108321762608
            ],
            [
              36.890395120709094,
              -1.252251506062613
            ],
            [
              36.89057478376591,
              -1.252251506062613
            ],
            [
              36.89057478376591,
              -1.252071843005789
            ],
            [
              36.890395120709094,
              -1.252071843005789
            ],
            [
              36.890395120709094,
              -1.251892179948965
            ],
            [
              36.89057478376591,
              -1.251892179948965
            ],
            [
              36.89057478376591,
              -1.2517125168921412
            ],
            [
              36.890395120709094,
              -1.2517125168921412
            ],
            [
              36.890395120709094,
              -1.2515328538353174
            ],
            [
              36.89075444682274,
              -1.2515328538353174
            ],
            [
              36.89075444682274,
              -1.2513531907784934
            ],
            [
              36.89057478376591,
              -1.2513531907784934
            ],
            [
              36.89057478376591,
              -1.2511735277216696
            ],
            [
              36.89093410987957,
              -1.2511735277216696
            ],
            [
              36.89093410987957,
              -1.2513531907784934
            ],
            [
              36.891113772936386,
              -1.2513531907784934
            ],
            [
              36.891113772936386,
              -1.2515328538353174
            ],
            [
              36.89201208822051,
              -1.2515328538353174
            ],
            [
              36.89201208822051,
              -1.2509938646648455
            ],
            [
              36.891832425163685,
              -1.2509938646648455
            ],
            [
              36.891832425163685,
              -1.2508142016080217
            ],
            [
              36.89165276210686,
              -1.2508142016080217
            ],
            [
              36.89165276210686,
              -1.2500955493807262
            ],
            [
              36.89147309905004,
              -1.2500955493807262
            ],
            [
              36.89147309905004,
              -1.2497362232670783
            ],
            [
              36.89129343599321,
              -1.2497362232670783
            ],
            [
              36.89129343599321,
              -1.2495565602102543
            ],
            [
              36.89093410987957,
              -1.2495565602102543
            ]
          ]
        ]
      },
      "id": "+205335-6956",
      "properties": {
        "area_ha": 6.862990517074136,
        "area_m2": 68629.90517074136,
        "class": 0,
        "count": 172
      }
    },
    {
      "type": "Feature",
      "geometry": {
        "geodesic": false,
        "type": "Polygon",
        "coordinates": [
          [
            [
              36.89165276210686,
              -1.2533294844035563
            ],
            [
              36.89165276210686,
              -1.2535091474603803
            ],
            [
              36.89147309905004,
              -1.2535091474603803
            ],
            [
              36.89147309905004,
              -1.2536888105172042
            ],
            [
              36.89165276210686,
              -1.2536888105172042
            ],
            [
              36.89165276210686,
              -1.254048136630852
            ],
            [
              36.89147309905004,
              -1.254048136630852
            ],
            [
              36.89147309905004,
              -1.2551261149717954
            ],
            [
              36.89165276210686,
              -1.2551261149717954
            ],
            [
              36.89165276210686,
              -1.255665104142267
            ],
            [
              36.891832425163685,
              -1.255665104142267
            ],
            [
              36.891832425163685,
              -1.255844767199091
            ],
            [
              36.89165276210686,
              -1.255844767199091
            ],
            [
              36.89165276210686,
              -1.2565634194263866
            ],
            [
              36.89201208822051,
              -1.2565634194263866
            ],
            [
              36.89201208822051,
              -1.2563837563695628
            ],
            [
              36.89237141433416,
              -1.2563837563695628
            ],
            [
              36.89237141433416,
              -1.2562040933127387
            ],
            [
              36.89255107739098,
              -1.2562040933127387
            ],
            [
              36.89255107739098,
              -1.255665104142267
            ],
            [
              36.89237141433416,
              -1.255665104142267
            ],
            [
              36.89237141433416,
              -1.2554854410854432
            ],
            [
              36.89201208822051,
              -1.2554854410854432
            ],
            [
              36.89201208822051,
              -1.2551261149717954
            ],
            [
              36.89237141433416,
              -1.2551261149717954
            ],
            [
              36.89237141433416,
              -1.2553057780286194
            ],
            [
              36.89255107739098,
              -1.2553057780286194
            ],
            [
              36.89255107739098,
              -1.2551261149717954
            ],
            [
              36.89237141433416,
              -1.2551261149717954
            ],
            [
              36.89237141433416,
              -1.2549464519149716
            ],
            [
              36.89255107739098,
              -1.2549464519149716
            ],
            [
              36.89255107739098,
              -1.2545871258013237
            ],
            [
              36.89237141433416,
              -1.2545871258013237
            ],
            [
              36.89237141433416,
              -1.2535091474603803
            ],
            [
              36.89201208822051,
              -1.2535091474603803
            ],
            [
              36.89201208822051,
              -1.2533294844035563
            ],
            [
              36.89165276210686,
              -1.2533294844035563
            ]
          ],
          [
            [
              36.891832425163685,
              -1.2549464519149716
            ],
            [
              36.89165276210686,
              -1.2549464519149716
            ],
            [
              36.89165276210686,
              -1.2551261149717954
            ],
            [
              36.891832425163685,
              -1.2551261149717954
            ],
            [
              36.891832425163685,
              -1.2549464519149716
            ]
          ]
        ]
      },
      "id": "+205339-6977",
      "properties": {
        "area_ha": 2.992578704108163,
        "area_m2": 29925.78704108163,
        "class": 0,
        "count": 75
      }
    },
    {
      "type": "Feature",
      "geometry": {
        "geodesic": false,
        "type": "Polygon",
        "coordinates": [
          [
            [
              36.89219175127733,
              -1.32160144599664
            ],
            [
              36.89219175127733,
              -1.3223200982239356
            ],
            [
              36.89255107739098,
              -1.3223200982239356
            ],
            [
              36.89255107739098,
              -1.3224997612807596
            ],
            [
              36.8927307404478,
              -1.3224997612807596
            ],
            [
              36.8927307404478,
              -1.3223200982239356
            ],
            [
              36.89291040350463,
              -1.3223200982239356
            ],
            [
              36.89291040350463,
              -1.3221404351671118
            ],
            [
              36.8927307404478,
              -1.3221404351671118
            ],
            [
              36.8927307404478,
              -1.321781109053464
            ],
            [
              36.89255107739098,
              -1.321781109053464
            ],
            [
              36.89255107739098,
              -1.32160144599664
            ],
            [
              36.89219175127733,
              -1.32160144599664
            ]
          ]
        ]
      },
      "id": "+205342-7357",
      "properties": {
        "area_ha": 0.5186999729834015,
        "area_m2": 5186.999729834015,
        "class": 0,
        "count": 13
      }
    },
    {
      "type": "Feature",
      "geometry": {
        "geodesic": false,
        "type": "Polygon",
        "coordinates": [
          [
            [
              36.8934493926751,
              -1.3183675109738098
            ],
            [
              36.89309006656145,
              -1.3183675109738098
            ],
            [
              36.89309006656145,
              -1.3187268370874576
            ],
            [
              36.89291040350463,
              -1.3187268370874576
            ],
            [
              36.89291040350463,
              -1.3189065001442815
            ],
            [
              36.893269729618275,
              -1.3189065001442815
            ],
            [
              36.893269729618275,
              -1.3192658262579293
            ],
            [
              36.8934493926751,
              -1.3192658262579293
            ],
            [
              36.8934493926751,
              -1.3190861632011053
            ],
            [
              36.89362905573192,
              -1.3190861632011053
            ],
            [
              36.89362905573192,
              -1.3192658262579293
            ],
            [
              36.89380871878875,
              -1.3192658262579293
            ],
            [
              36.89380871878875,
              -1.319804815428401
            ],
            [
              36.893988381845574,
              -1.319804815428401
            ],
            [
              36.893988381845574,
              -1.3201641415420489
            ],
            [
              36.89416804490239,
              -1.3201641415420489
            ],
            [
              36.89416804490239,
              -1.3205234676556965
            ],
            [
              36.894527371016046,
              -1.3205234676556965
            ],
            [
              36.894527371016046,
              -1.3207031307125205
            ],
            [
              36.89488669712969,
              -1.3207031307125205
            ],
            [
              36.89488669712969,
              -1.3205234676556965
            ],
            [
              36.895425686300165,
              -1.3205234676556965
            ],
            [
              36.895425686300165,
              -1.3203438045988727
            ],
            [
              36.895605349356984,
              -1.3203438045988727
            ],
            [
              36.895605349356984,
              -1.3201641415420489
            ],
            [
              36.89524602324334,
              -1.3201641415420489
            ],
            [
              36.89524602324334,
              -1.319804815428401
            ],
            [
              36.895605349356984,
              -1.319804815428401
            ],
            [
              36.895605349356984,
              -1.3192658262579293
            ],
            [
              36.89524602324334,
              -1.3192658262579293
            ],
            [
              36.89524602324334,
              -1.3189065001442815
            ],
            [
              36.894527371016046,
              -1.3189065001442815
            ],
            [
              36.894527371016046,
              -1.3190861632011053
            ],
            [
              36.89416804490239,
              -1.3190861632011053
            ],
            [
              36.89416804490239,
              -1.3192658262579293
            ],
            [
              36.893988381845574,
              -1.3192658262579293
            ],
            [
              36.893988381845574,
              -1.3189065001442815
            ],
            [
              36.89362905573192,
              -1.3189065001442815
            ],
            [
              36.89362905573192,
              -1.3185471740306336
            ],
            [
              36.8934493926751,
              -1.3185471740306336
            ],
            [
              36.8934493926751,
              -1.3183675109738098
            ]
          ]
        ]
      },
      "id": "+205347-7339",
      "properties": {
        "area_ha": 3.471303219611061,
        "area_m2": 34713.03219611061,
        "class": 0,
        "count": 87
      }
    },
    {
      "type": "Feature",
      "geometry": {
        "geodesic": false,
        "type": "Polygon",
        "coordinates": [
          [
            [
              36.89362905573192,
              -1.3057910969961364
            ],
            [
              36.8927307404478,
              -1.3057910969961364
            ],
            [
              36.8927307404478,
              -1.3059707600529604
            ],
            [
              36.89291040350463,
              -1.3059707600529604
            ],
            [
              36.89291040350463,
              -1.3068690753370797
            ],
            [
              36.89237141433416,
              -1.3068690753370797
            ],
            [
              36.89237141433416,
              -1.306689412280256
            ],
            [
              36.89201208822051,
              -1.306689412280256
            ],
            [
              36.89201208822051,
              -1.3072284014507276
            ],
            [
              36.89237141433416,
              -1.3072284014507276
            ],
            [
              36.89237141433416,
              -1.3075877275643755
            ],
            [
              36.89255107739098,
              -1.3075877275643755
            ],
            [
              36.89255107739098,
              -1.3079470536780233
            ],
            [
              36.89237141433416,
              -1.3079470536780233
            ],
            [
              36.89237141433416,
              -1.3083063797916712
            ],
            [
              36.89219175127733,
              -1.3083063797916712
            ],
            [
              36.89219175127733,
              -1.3088453689621429
            ],
            [
              36.89237141433416,
              -1.3088453689621429
            ],
            [
              36.89237141433416,
              -1.3090250320189667
            ],
            [
              36.89255107739098,
              -1.3090250320189667
            ],
            [
              36.89255107739098,
              -1.3097436842462624
            ],
            [
              36.89362905573192,
              -1.3097436842462624
            ],
            [
              36.89362905573192,
              -1.3095640211894384
            ],
            [
              36.893269729618275,
              -1.3095640211894384
            ],
            [
              36.893269729618275,
              -1.3093843581326146
            ],
            [
              36.8934493926751,
              -1.3093843581326146
            ],
            [
              36.8934493926751,
              -1.3092046950757905
            ],
            [
              36.89362905573192,
              -1.3092046950757905
            ],
            [
              36.89362905573192,
              -1.3090250320189667
            ],
            [
              36.89380871878875,
              -1.3090250320189667
            ],
            [
              36.89380871878875,
              -1.3088453689621429
            ],
            [
              36.89416804490239,
              -1.3088453689621429
            ],
            [
              36.89416804490239,
              -1.3086657059053188
            ],
            [
              36.89434770795922,
              -1.3086657059053188
            ],
            [
              36.89434770795922,
              -1.3083063797916712
            ],
            [
              36.894707034072866,
              -1.3083063797916712
            ],
            [
              36.894707034072866,
              -1.3081267167348472
            ],
            [
              36.89506636018651,
              -1.3081267167348472
            ],
            [
              36.89506636018651,
              -1.3083063797916712
            ],
            [
              36.89524602324334,
              -1.3083063797916712
            ],
            [
              36.89524602324334,
              -1.3081267167348472
            ],
            [
              36.895425686300165,
              -1.3081267167348472
            ],
            [
              36.895425686300165,
              -1.3079470536780233
            ],
            [
              36.895605349356984,
              -1.3079470536780233
            ],
            [
              36.895605349356984,
              -1.3077673906211993
            ],
            [
              36.89578501241381,
              -1.3077673906211993
            ],
            [
              36.89578501241381,
              -1.3075877275643755
            ],
            [
              36.89632400158428,
              -1.3075877275643755
            ],
            [
              36.89632400158428,
              -1.3074080645075516
            ],
            [
              36.89668332769793,
              -1.3074080645075516
            ],
            [
              36.89668332769793,
              -1.3072284014507276
            ],
            [
              36.897042653811575,
              -1.3072284014507276
            ],
            [
              36.897042653811575,
              -1.306509749223432
            ],
            [
              36.896862990754755,
              -1.306509749223432
            ],
            [
              36.896862990754755,
              -1.3061504231097842
            ],
            [
              36.89668332769793,
              -1.3061504231097842
            ],
            [
              36.89668332769793,
              -1.306330086166608
            ],
            [
              36.89650366464111,
              -1.306330086166608
            ],
            [
              36.89650366464111,
              -1.306509749223432
            ],
            [
              36.896144338527456,
              -1.306509749223432
            ],
            [
              36.896144338527456,
              -1.306689412280256
            ],
            [
              36.89578501241381,
              -1.306689412280256
            ],
            [
              36.89578501241381,
              -1.3074080645075516
            ],
            [
              36.895605349356984,
              -1.3074080645075516
            ],
            [
              36.895605349356984,
              -1.3077673906211993
            ],
            [
              36.89524602324334,
              -1.3077673906211993
            ],
            [
              36.89524602324334,
              -1.3075877275643755
            ],
            [
              36.89488669712969,
              -1.3075877275643755
            ],
            [
              36.89488669712969,
              -1.3074080645075516
            ],
            [
              36.894527371016046,
              -1.3074080645075516
            ],
            [
              36.894527371016046,
              -1.3070487383939038
            ],
            [
              36.89434770795922,
              -1.3070487383939038
            ],
            [
              36.89434770795922,
              -1.306689412280256
            ],
            [
              36.89416804490239,
              -1.306689412280256
            ],
            [
              36.89416804490239,
              -1.306509749223432
            ],
            [
              36.893988381845574,
              -1.306509749223432
            ],
            [
              36.893988381845574,
              -1.3059707600529604
            ],
            [
              36.89362905573192,
              -1.3059707600529604
            ],
            [
              36.89362905573192,
              -1.3057910969961364
            ]
          ]
        ]
      },
      "id": "+205348-7269",
      "properties": {
        "area_ha": 10.334159021051006,
        "area_m2": 103341.59021051005,
        "class": 0,
        "count": 259
      }
    },
    {
      "type": "Feature",
      "geometry": {
        "geodesic": false,
        "type": "Polygon",
        "coordinates": [
          [
            [
              36.893988381845574,
              -1.3242963918489985
            ],
            [
              36.893988381845574,
              -1.3244760549058225
            ],
            [
              36.89380871878875,
              -1.3244760549058225
            ],
            [
              36.89380871878875,
              -1.3248353810194702
            ],
            [
              36.893988381845574,
              -1.3248353810194702
            ],
            [
              36.893988381845574,
              -1.325194707133118
            ],
            [
              36.89434770795922,
              -1.325194707133118
            ],
            [
              36.89434770795922,
              -1.325554033246766
            ],
            [
              36.894707034072866,
              -1.325554033246766
            ],
            [
              36.894707034072866,
              -1.3250150440762942
            ],
            [
              36.894527371016046,
              -1.3250150440762942
            ],
            [
              36.894527371016046,
              -1.3246557179626464
            ],
            [
              36.89434770795922,
              -1.3246557179626464
            ],
            [
              36.89434770795922,
              -1.3242963918489985
            ],
            [
              36.893988381845574,
              -1.3242963918489985
            ]
          ]
        ]
      },
      "id": "+205352-7372",
      "properties": {
        "area_ha": 0.7979990362337506,
        "area_m2": 7979.990362337506,
        "class": 0,
        "count": 20
      }
    },
    {
      "type": "Feature",
      "geometry": {
        "geodesic": false,
        "type": "Polygon",
        "coordinates": [
          [
            [
              36.895425686300165,
              -1.321781109053464
            ],
            [
              36.895425686300165,
              -1.3219607721102877
            ],
            [
              36.89524602324334,
              -1.3219607721102877
            ],
            [
              36.89524602324334,
              -1.321781109053464
            ],
            [
              36.89506636018651,
              -1.321781109053464
            ],
            [
              36.89506636018651,
              -1.3221404351671118
            ],
            [
              36.89524602324334,
              -1.3221404351671118
            ],
            [
              36.89524602324334,
              -1.3223200982239356
            ],
            [
              36.89506636018651,
              -1.3223200982239356
            ],
            [
              36.89506636018651,
              -1.3226794243375835
            ],
            [
              36.89524602324334,
              -1.3226794243375835
            ],
            [
              36.89524602324334,
              -1.3228590873944073
            ],
            [
              36.895425686300165,
              -1.3228590873944073
            ],
            [
              36.895425686300165,
              -1.3230387504512313
            ],
            [
              36.89596467547064,
              -1.3230387504512313
            ],
            [
              36.89596467547064,
              -1.323398076564879
            ],
            [
              36.896144338527456,
              -1.323398076564879
            ],
            [
              36.896144338527456,
              -1.3241167287921747
            ],
            [
              36.89596467547064,
              -1.3241167287921747
            ],
            [
              36.89596467547064,
              -1.3244760549058225
            ],
            [
              36.896144338527456,
              -1.3244760549058225
            ],
            [
              36.896144338527456,
              -1.3246557179626464
            ],
            [
              36.89668332769793,
              -1.3246557179626464
            ],
            [
              36.89668332769793,
              -1.3241167287921747
            ],
            [
              36.89650366464111,
              -1.3241167287921747
            ],
            [
              36.89650366464111,
              -1.3237574026785268
            ],
            [
              36.89632400158428,
              -1.3237574026785268
            ],
            [
              36.89632400158428,
              -1.323577739621703
            ],
            [
              36.89650366464111,
              -1.323577739621703
            ],
            [
              36.89650366464111,
              -1.3230387504512313
            ],
            [
              36.89668332769793,
              -1.3230387504512313
            ],
            [
              36.89668332769793,
              -1.3228590873944073
            ],
            [
              36.89632400158428,
              -1.3228590873944073
            ],
            [
              36.89632400158428,
              -1.3226794243375835
            ],
            [
              36.896144338527456,
              -1.3226794243375835
            ],
            [
              36.896144338527456,
              -1.3228590873944073
            ],
            [
              36.89596467547064,
              -1.3228590873944073
            ],
            [
              36.89596467547064,
              -1.3226794243375835
            ],
            [
              36.89578501241381,
              -1.3226794243375835
            ],
            [
              36.89578501241381,
              -1.3223200982239356
            ],
            [
              36.895605349356984,
              -1.3223200982239356
            ],
            [
              36.895605349356984,
              -1.3221404351671118
            ],
            [
              36.895425686300165,
              -1.3221404351671118
            ],
            [
              36.895425686300165,
              -1.3219607721102877
            ],
            [
              36.895605349356984,
              -1.3219607721102877
            ],
            [
              36.895605349356984,
              -1.321781109053464
            ],
            [
              36.895425686300165,
              -1.321781109053464
            ]
          ],
          [
            [
              36.895425686300165,
              -1.3224997612807596
            ],
            [
              36.89524602324334,
              -1.3224997612807596
            ],
            [
              36.89524602324334,
              -1.3226794243375835
            ],
            [
              36.895425686300165,
              -1.3226794243375835
            ],
            [
              36.895425686300165,
              -1.3224997612807596
            ]
          ]
        ]
      },
      "id": "+205359-7358",
      "properties": {
        "area_ha": 1.9550989728353092,
        "area_m2": 19550.98972835309,
        "class": 0,
        "count": 49
      }
    },
    {
      "type": "Feature",
      "geometry": {
        "geodesic": false,
        "type": "Polygon",
        "coordinates": [
          [
            [
              36.893269729618275,
              -1.2686008442335883
            ],
            [
              36.893269729618275,
              -1.2687805072904121
            ],
            [
              36.89309006656145,
              -1.2687805072904121
            ],
            [
              36.89309006656145,
              -1.2686008442335883
            ],
            [
              36.89291040350463,
              -1.2686008442335883
            ],
            [
              36.89291040350463,
              -1.2687805072904121
            ],
            [
              36.89309006656145,
              -1.2687805072904121
            ],
            [
              36.89309006656145,
              -1.268960170347236
            ],
            [
              36.893269729618275,
              -1.268960170347236
            ],
            [
              36.893269729618275,
              -1.26913983340406
            ],
            [
              36.8934493926751,
              -1.26913983340406
            ],
            [
              36.8934493926751,
              -1.2686008442335883
            ],
            [
              36.89362905573192,
              -1.2686008442335883
            ],
            [
              36.89362905573192,
              -1.2693194964608838
            ],
            [
              36.89380871878875,
              -1.2693194964608838
            ],
            [
              36.89380871878875,
              -1.2686008442335883
            ],
            [
              36.89362905573192,
              -1.2686008442335883
            ],
            [
              36.89362905573192,
              -1.2684211811767643
            ],
            [
              36.89380871878875,
              -1.2684211811767643
            ],
            [
              36.89380871878875,
              -1.2680618550631164
            ],
            [
              36.89416804490239,
              -1.2680618550631164
            ],
            [
              36.89416804490239,
              -1.2678821920062926
            ],
            [
              36.89434770795922,
              -1.2678821920062926
            ],
            [
              36.89434770795922,
              -1.2677025289494688
            ],
            [
              36.894527371016046,
              -1.2677025289494688
            ],
            [
              36.894527371016046,
              -1.2675228658926447
            ],
            [
              36.89434770795922,
              -1.2675228658926447
            ],
            [
              36.89434770795922,
              -1.267343202835821
            ],
            [
              36.894707034072866,
              -1.267343202835821
            ],
            [
              36.894707034072866,
              -1.267163539778997
            ],
            [
              36.89506636018651,
              -1.267163539778997
            ],
            [
              36.89506636018651,
              -1.266983876722173
            ],
            [
              36.894707034072866,
              -1.266983876722173
            ],
            [
              36.894707034072866,
              -1.2668042136653492
            ],
            [
              36.894527371016046,
              -1.2668042136653492
            ],
            [
              36.894527371016046,
              -1.2666245506085252
            ],
            [
              36.894707034072866,
              -1.2666245506085252
            ],
            [
              36.894707034072866,
              -1.2664448875517014
            ],
            [
              36.89488669712969,
              -1.2664448875517014
            ],
            [
              36.89488669712969,
              -1.2662652244948776
            ],
            [
              36.89506636018651,
              -1.2662652244948776
            ],
            [
              36.89506636018651,
              -1.2660855614380535
            ],
            [
              36.89524602324334,
              -1.2660855614380535
            ],
            [
              36.89524602324334,
              -1.2659058983812297
            ],
            [
              36.895425686300165,
              -1.2659058983812297
            ],
            [
              36.895425686300165,
              -1.2655465722675818
            ],
            [
              36.89596467547064,
              -1.2655465722675818
            ],
            [
              36.89596467547064,
              -1.265366909210758
            ],
            [
              36.896144338527456,
              -1.265366909210758
            ],
            [
              36.896144338527456,
              -1.265187246153934
            ],
            [
              36.89632400158428,
              -1.265187246153934
            ],
            [
              36.89632400158428,
              -1.2650075830971101
            ],
            [
              36.89650366464111,
              -1.2650075830971101
            ],
            [
              36.89650366464111,
              -1.2657262353244059
            ],
            [
              36.89632400158428,
              -1.2657262353244059
            ],
            [
              36.89632400158428,
              -1.2659058983812297
            ],
            [
              36.89650366464111,
              -1.2659058983812297
            ],
            [
              36.89650366464111,
              -1.2657262353244059
            ],
            [
              36.896862990754755,
              -1.2657262353244059
            ],
            [
              36.896862990754755,
              -1.2659058983812297
            ],
            [
              36.897042653811575,
              -1.2659058983812297
            ],
            [
              36.897042653811575,
              -1.2664448875517014
            ],
            [
              36.89740197992523,
              -1.2664448875517014
            ],
            [
              36.89740197992523,
              -1.266983876722173
            ],
            [
              36.89668332769793,
              -1.266983876722173
            ],
            [
              36.89668332769793,
              -1.267163539778997
            ],
            [
              36.89650366464111,
              -1.267163539778997
            ],
            [
              36.89650366464111,
              -1.266983876722173
            ],
            [
              36.89632400158428,
              -1.266983876722173
            ],
            [
              36.89632400158428,
              -1.267163539778997
            ],
            [
              36.89578501241381,
              -1.267163539778997
            ],
            [
              36.89578501241381,
              -1.267343202835821
            ],
            [
              36.895425686300165,
              -1.267343202835821
            ],
            [
              36.895425686300165,
              -1.2680618550631164
            ],
            [
              36.895605349356984,
              -1.2680618550631164
            ],
            [
              36.895605349356984,
              -1.2684211811767643
            ],
            [
              36.89578501241381,
              -1.2684211811767643
            ],
            [
              36.89578501241381,
              -1.2687805072904121
            ],
            [
              36.89596467547064,
              -1.2687805072904121
            ],
            [
              36.89596467547064,
              -1.26913983340406
            ],
            [
              36.89632400158428,
              -1.26913983340406
            ],
            [
              36.89632400158428,
              -1.268960170347236
            ],
            [
              36.896144338527456,
              -1.268960170347236
            ],
            [
              36.896144338527456,
              -1.2682415181199405
            ],
            [
              36.89632400158428,
              -1.2682415181199405
            ],
            [
              36.89632400158428,
              -1.2678821920062926
            ],
            [
              36.89668332769793,
              -1.2678821920062926
            ],
            [
              36.89668332769793,
              -1.2677025289494688
            ],
            [
              36.896862990754755,
              -1.2677025289494688
            ],
            [
              36.896862990754755,
              -1.2675228658926447
            ],
            [
              36.8972223168684,
              -1.2675228658926447
            ],
            [
              36.8972223168684,
              -1.2677025289494688
            ],
            [
              36.89758164298205,
              -1.2677025289494688
            ],
            [
              36.89758164298205,
              -1.2678821920062926
            ],
            [
              36.89776130603887,
              -1.2678821920062926
            ],
            [
              36.89776130603887,
              -1.2680618550631164
            ],
            [
              36.8979409690957,
              -1.2680618550631164
            ],
            [
              36.8979409690957,
              -1.2678821920062926
            ],
            [
              36.89812063215252,
              -1.2678821920062926
            ],
            [
              36.89812063215252,
              -1.2677025289494688
            ],
            [
              36.8979409690957,
              -1.2677025289494688
            ],
            [
              36.8979409690957,
              -1.267343202835821
            ],
            [
              36.89776130603887,
              -1.267343202835821
            ],
            [
              36.89776130603887,
              -1.266983876722173
            ],
            [
              36.89758164298205,
              -1.266983876722173
            ],
            [
              36.89758164298205,
              -1.2668042136653492
            ],
            [
              36.89776130603887,
              -1.2668042136653492
            ],
            [
              36.89776130603887,
              -1.2666245506085252
            ],
            [
              36.8979409690957,
              -1.2666245506085252
            ],
            [
              36.8979409690957,
              -1.2664448875517014
            ],
            [
              36.898300295209346,
              -1.2664448875517014
            ],
            [
              36.898300295209346,
              -1.2655465722675818
            ],
            [
              36.89776130603887,
              -1.2655465722675818
            ],
            [
              36.89776130603887,
              -1.265366909210758
            ],
            [
              36.8979409690957,
              -1.265366909210758
            ],
            [
              36.8979409690957,
              -1.265187246153934
            ],
            [
              36.89776130603887,
              -1.265187246153934
            ],
            [
              36.89776130603887,
              -1.2650075830971101
            ],
            [
              36.89758164298205,
              -1.2650075830971101
            ],
            [
              36.89758164298205,
              -1.2648279200402863
            ],
            [
              36.89740197992523,
              -1.2648279200402863
            ],
            [
              36.89740197992523,
              -1.2644685939266385
            ],
            [
              36.8972223168684,
              -1.2644685939266385
            ],
            [
              36.8972223168684,
              -1.2642889308698146
            ],
            [
              36.896862990754755,
              -1.2642889308698146
            ],
            [
              36.896862990754755,
              -1.2639296047561668
            ],
            [
              36.89668332769793,
              -1.2639296047561668
            ],
            [
              36.89668332769793,
              -1.263390615585695
            ],
            [
              36.89650366464111,
              -1.263390615585695
            ],
            [
              36.89650366464111,
              -1.2630312894720472
            ],
            [
              36.89668332769793,
              -1.2630312894720472
            ],
            [
              36.89668332769793,
              -1.2628516264152232
            ],
            [
              36.89650366464111,
              -1.2628516264152232
            ],
            [
              36.89650366464111,
              -1.2624923003015756
            ],
            [
              36.89668332769793,
              -1.2624923003015756
            ],
            [
              36.89668332769793,
              -1.2623126372447515
            ],
            [
              36.89650366464111,
              -1.2623126372447515
            ],
            [
              36.89650366464111,
              -1.2619533111311039
            ],
            [
              36.89632400158428,
              -1.2619533111311039
            ],
            [
              36.89632400158428,
              -1.2617736480742798
            ],
            [
              36.896144338527456,
              -1.2617736480742798
            ],
            [
              36.896144338527456,
              -1.261593985017456
            ],
            [
              36.89632400158428,
              -1.261593985017456
            ],
            [
              36.89632400158428,
              -1.2610549958469843
            ],
            [
              36.89650366464111,
              -1.2610549958469843
            ],
            [
              36.89650366464111,
              -1.2608753327901603
            ],
            [
              36.89668332769793,
              -1.2608753327901603
            ],
            [
              36.89668332769793,
              -1.2605160066765126
            ],
            [
              36.89650366464111,
              -1.2605160066765126
            ],
            [
              36.89650366464111,
              -1.2601566805628648
            ],
            [
              36.89632400158428,
              -1.2601566805628648
            ],
            [
              36.89632400158428,
              -1.2599770175060407
            ],
            [
              36.896144338527456,
              -1.2599770175060407
            ],
            [
              36.896144338527456,
              -1.2601566805628648
            ],
            [
              36.89506636018651,
              -1.2601566805628648
            ],
            [
              36.89506636018651,
              -1.2603363436196886
            ],
            [
              36.894707034072866,
              -1.2603363436196886
            ],
            [
              36.894707034072866,
              -1.2605160066765126
            ],
            [
              36.894527371016046,
              -1.2605160066765126
            ],
            [
              36.894527371016046,
              -1.2606956697333365
            ],
            [
              36.894707034072866,
              -1.2606956697333365
            ],
            [
              36.894707034072866,
              -1.2608753327901603
            ],
            [
              36.89434770795922,
              -1.2608753327901603
            ],
            [
              36.89434770795922,
              -1.2612346589038081
            ],
            [
              36.894527371016046,
              -1.2612346589038081
            ],
            [
              36.894527371016046,
              -1.2617736480742798
            ],
            [
              36.89488669712969,
              -1.2617736480742798
            ],
            [
              36.89488669712969,
              -1.261593985017456
            ],
            [
              36.895605349356984,
              -1.261593985017456
            ],
            [
              36.895605349356984,
              -1.2619533111311039
            ],
            [
              36.89596467547064,
              -1.2619533111311039
            ],
            [
              36.89596467547064,
              -1.2624923003015756
            ],
            [
              36.896144338527456,
              -1.2624923003015756
            ],
            [
              36.896144338527456,
              -1.2628516264152232
            ],
            [
              36.89632400158428,
              -1.2628516264152232
            ],
            [
              36.89632400158428,
              -1.2630312894720472
            ],
            [
              36.896144338527456,
              -1.2630312894720472
            ],
            [
              36.896144338527456,
              -1.263210952528871
            ],
            [
              36.89596467547064,
              -1.263210952528871
            ],
            [
              36.89596467547064,
              -1.263390615585695
            ],
            [
              36.89578501241381,
              -1.263390615585695
            ],
            [
              36.89578501241381,
              -1.263570278642519
            ],
            [
              36.895605349356984,
              -1.263570278642519
            ],
            [
              36.895605349356984,
              -1.2642889308698146
            ],
            [
              36.896144338527456,
              -1.2642889308698146
            ],
            [
              36.896144338527456,
              -1.2641092678129906
            ],
            [
              36.89650366464111,
              -1.2641092678129906
            ],
            [
              36.89650366464111,
              -1.2642889308698146
            ],
            [
              36.89632400158428,
              -1.2642889308698146
            ],
            [
              36.89632400158428,
              -1.2650075830971101
            ],
            [
              36.896144338527456,
              -1.2650075830971101
            ],
            [
              36.896144338527456,
              -1.2648279200402863
            ],
            [
              36.895605349356984,
              -1.2648279200402863
            ],
            [
              36.895605349356984,
              -1.2650075830971101
            ],
            [
              36.895425686300165,
              -1.2650075830971101
            ],
            [
              36.895425686300165,
              -1.2648279200402863
            ],
            [
              36.89524602324334,
              -1.2648279200402863
            ],
            [
              36.89524602324334,
              -1.2650075830971101
            ],
            [
              36.894707034072866,
              -1.2650075830971101
            ],
            [
              36.894707034072866,
              -1.265187246153934
            ],
            [
              36.894527371016046,
              -1.265187246153934
            ],
            [
              36.894527371016046,
              -1.265366909210758
            ],
            [
              36.89416804490239,
              -1.265366909210758
            ],
            [
              36.89416804490239,
              -1.2655465722675818
            ],
            [
              36.893988381845574,
              -1.2655465722675818
            ],
            [
              36.893988381845574,
              -1.265366909210758
            ],
            [
              36.8934493926751,
              -1.265366909210758
            ],
            [
              36.8934493926751,
              -1.265187246153934
            ],
            [
              36.89362905573192,
              -1.265187246153934
            ],
            [
              36.89362905573192,
              -1.2648279200402863
            ],
            [
              36.89380871878875,
              -1.2648279200402863
            ],
            [
              36.89380871878875,
              -1.2646482569834623
            ],
            [
              36.89362905573192,
              -1.2646482569834623
            ],
            [
              36.89362905573192,
              -1.2644685939266385
            ],
            [
              36.89380871878875,
              -1.2644685939266385
            ],
            [
              36.89380871878875,
              -1.2642889308698146
            ],
            [
              36.8934493926751,
              -1.2642889308698146
            ],
            [
              36.8934493926751,
              -1.2646482569834623
            ],
            [
              36.893269729618275,
              -1.2646482569834623
            ],
            [
              36.893269729618275,
              -1.2648279200402863
            ],
            [
              36.89309006656145,
              -1.2648279200402863
            ],
            [
              36.89309006656145,
              -1.265187246153934
            ],
            [
              36.89291040350463,
              -1.265187246153934
            ],
            [
              36.89291040350463,
              -1.2655465722675818
            ],
            [
              36.8927307404478,
              -1.2655465722675818
            ],
            [
              36.8927307404478,
              -1.2659058983812297
            ],
            [
              36.89255107739098,
              -1.2659058983812297
            ],
            [
              36.89255107739098,
              -1.2660855614380535
            ],
            [
              36.89237141433416,
              -1.2660855614380535
            ],
            [
              36.89237141433416,
              -1.2662652244948776
            ],
            [
              36.89219175127733,
              -1.2662652244948776
            ],
            [
              36.89219175127733,
              -1.2659058983812297
            ],
            [
              36.89201208822051,
              -1.2659058983812297
            ],
            [
              36.89201208822051,
              -1.2660855614380535
            ],
            [
              36.891832425163685,
              -1.2660855614380535
            ],
            [
              36.891832425163685,
              -1.2662652244948776
            ],
            [
              36.89165276210686,
              -1.2662652244948776
            ],
            [
              36.89165276210686,
              -1.2664448875517014
            ],
            [
              36.89147309905004,
              -1.2664448875517014
            ],
            [
              36.89147309905004,
              -1.2666245506085252
            ],
            [
              36.89129343599321,
              -1.2666245506085252
            ],
            [
              36.89129343599321,
              -1.2668042136653492
            ],
            [
              36.891113772936386,
              -1.2668042136653492
            ],
            [
              36.891113772936386,
              -1.266983876722173
            ],
            [
              36.89093410987957,
              -1.266983876722173
            ],
            [
              36.89093410987957,
              -1.2675228658926447
            ],
            [
              36.890395120709094,
              -1.2675228658926447
            ],
            [
              36.890395120709094,
              -1.2682415181199405
            ],
            [
              36.89057478376591,
              -1.2682415181199405
            ],
            [
              36.89057478376591,
              -1.2684211811767643
            ],
            [
              36.89075444682274,
              -1.2684211811767643
            ],
            [
              36.89075444682274,
              -1.2686008442335883
            ],
            [
              36.89093410987957,
              -1.2686008442335883
            ],
            [
              36.89093410987957,
              -1.268960170347236
            ],
            [
              36.891113772936386,
              -1.268960170347236
            ],
            [
              36.891113772936386,
              -1.2696788225745317
            ],
            [
              36.89129343599321,
              -1.2696788225745317
            ],
            [
              36.89129343599321,
              -1.2700381486881795
            ],
            [
              36.89147309905004,
              -1.2700381486881795
            ],
            [
              36.89147309905004,
              -1.2702178117450034
            ],
            [
              36.89165276210686,
              -1.2702178117450034
            ],
            [
              36.89165276210686,
              -1.2703974748018272
            ],
            [
              36.891832425163685,
              -1.2703974748018272
            ],
            [
              36.891832425163685,
              -1.2705771378586512
            ],
            [
              36.89201208822051,
              -1.2705771378586512
            ],
            [
              36.89201208822051,
              -1.2703974748018272
            ],
            [
              36.89237141433416,
              -1.2703974748018272
            ],
            [
              36.89237141433416,
              -1.2705771378586512
            ],
            [
              36.89219175127733,
              -1.2705771378586512
            ],
            [
              36.89219175127733,
              -1.270756800915475
            ],
            [
              36.89201208822051,
              -1.270756800915475
            ],
            [
              36.89201208822051,
              -1.2714754531427708
            ],
            [
              36.89219175127733,
              -1.2714754531427708
            ],
            [
              36.89219175127733,
              -1.2718347792564184
            ],
            [
              36.89237141433416,
              -1.2718347792564184
            ],
            [
              36.89237141433416,
              -1.2720144423132425
            ],
            [
              36.89255107739098,
              -1.2720144423132425
            ],
            [
              36.89255107739098,
              -1.2723737684268903
            ],
            [
              36.8927307404478,
              -1.2723737684268903
            ],
            [
              36.8927307404478,
              -1.272912757597362
            ],
            [
              36.89291040350463,
              -1.272912757597362
            ],
            [
              36.89291040350463,
              -1.272733094540538
            ],
            [
              36.89309006656145,
              -1.272733094540538
            ],
            [
              36.89309006656145,
              -1.2725534314837141
            ],
            [
              36.89362905573192,
              -1.2725534314837141
            ],
            [
              36.89362905573192,
              -1.2723737684268903
            ],
            [
              36.8934493926751,
              -1.2723737684268903
            ],
            [
              36.8934493926751,
              -1.2721941053700663
            ],
            [
              36.893269729618275,
              -1.2721941053700663
            ],
            [
              36.893269729618275,
              -1.2720144423132425
            ],
            [
              36.89309006656145,
              -1.2720144423132425
            ],
            [
              36.89309006656145,
              -1.2714754531427708
            ],
            [
              36.89291040350463,
              -1.2714754531427708
            ],
            [
              36.89291040350463,
              -1.271116127029123
            ],
            [
              36.8927307404478,
              -1.271116127029123
            ],
            [
              36.8927307404478,
              -1.2712957900859467
            ],
            [
              36.89255107739098,
              -1.2712957900859467
            ],
            [
              36.89255107739098,
              -1.270936463972299
            ],
            [
              36.89219175127733,
              -1.270936463972299
            ],
            [
              36.89219175127733,
              -1.270756800915475
            ],
            [
              36.89237141433416,
              -1.270756800915475
            ],
            [
              36.89237141433416,
              -1.2705771378586512
            ],
            [
              36.89255107739098,
              -1.2705771378586512
            ],
            [
              36.89255107739098,
              -1.2702178117450034
            ],
            [
              36.8927307404478,
              -1.2702178117450034
            ],
            [
              36.8927307404478,
              -1.2700381486881795
            ],
            [
              36.89255107739098,
              -1.2700381486881795
            ],
            [
              36.89255107739098,
              -1.2698584856313555
            ],
            [
              36.89237141433416,
              -1.2698584856313555
            ],
            [
              36.89237141433416,
              -1.2700381486881795
            ],
            [
              36.89219175127733,
              -1.2700381486881795
            ],
            [
              36.89219175127733,
              -1.2702178117450034
            ],
            [
              36.89201208822051,
              -1.2702178117450034
            ],
            [
              36.89201208822051,
              -1.2703974748018272
            ],
            [
              36.891832425163685,
              -1.2703974748018272
            ],
            [
              36.891832425163685,
              -1.2700381486881795
            ],
            [
              36.89201208822051,
              -1.2700381486881795
            ],
            [
              36.89201208822051,
              -1.2698584856313555
            ],
            [
              36.891832425163685,
              -1.2698584856313555
            ],
            [
              36.891832425163685,
              -1.2694991595177079
            ],
            [
              36.89165276210686,
              -1.2694991595177079
            ],
            [
              36.89165276210686,
              -1.26913983340406
            ],
            [
              36.891832425163685,
              -1.26913983340406
            ],
            [
              36.891832425163685,
              -1.2687805072904121
            ],
            [
              36.89201208822051,
              -1.2687805072904121
            ],
            [
              36.89201208822051,
              -1.2682415181199405
            ],
            [
              36.89237141433416,
              -1.2682415181199405
            ],
            [
              36.89237141433416,
              -1.2678821920062926
            ],
            [
              36.89255107739098,
              -1.2678821920062926
            ],
            [
              36.89255107739098,
              -1.2680618550631164
            ],
            [
              36.8927307404478,
              -1.2680618550631164
            ],
            [
              36.8927307404478,
              -1.2678821920062926
            ],
            [
              36.89291040350463,
              -1.2678821920062926
            ],
            [
              36.89291040350463,
              -1.2682415181199405
            ],
            [
              36.89309006656145,
              -1.2682415181199405
            ],
            [
              36.89309006656145,
              -1.2684211811767643
            ],
            [
              36.8934493926751,
              -1.2684211811767643
            ],
            [
              36.8934493926751,
              -1.2686008442335883
            ],
            [
              36.893269729618275,
              -1.2686008442335883
            ]
          ],
          [
            [
              36.89380871878875,
              -1.2675228658926447
            ],
            [
              36.89362905573192,
              -1.2675228658926447
            ],
            [
              36.89362905573192,
              -1.2677025289494688
            ],
            [
              36.89380871878875,
              -1.2677025289494688
            ],
            [
              36.89380871878875,
              -1.2675228658926447
            ]
          ],
          [
            [
              36.89434770795922,
              -1.2675228658926447
            ],
            [
              36.89416804490239,
              -1.2675228658926447
            ],
            [
              36.89416804490239,
              -1.2677025289494688
            ],
            [
              36.89434770795922,
              -1.2677025289494688
            ],
            [
              36.89434770795922,
              -1.2675228658926447
            ]
          ],
          [
            [
              36.89434770795922,
              -1.2666245506085252
            ],
            [
              36.89416804490239,
              -1.2666245506085252
            ],
            [
              36.89416804490239,
              -1.2668042136653492
            ],
            [
              36.89434770795922,
              -1.2668042136653492
            ],
            [
              36.89434770795922,
              -1.2666245506085252
            ]
          ],
          [
            [
              36.894527371016046,
              -1.2660855614380535
            ],
            [
              36.89434770795922,
              -1.2660855614380535
            ],
            [
              36.89434770795922,
              -1.2662652244948776
            ],
            [
              36.89416804490239,
              -1.2662652244948776
            ],
            [
              36.89416804490239,
              -1.2664448875517014
            ],
            [
              36.89434770795922,
              -1.2664448875517014
            ],
            [
              36.89434770795922,
              -1.2666245506085252
            ],
            [
              36.894527371016046,
              -1.2666245506085252
            ],
            [
              36.894527371016046,
              -1.2660855614380535
            ]
          ],
          [
            [
              36.89596467547064,
              -1.265187246153934
            ],
            [
              36.89578501241381,
              -1.265187246153934
            ],
            [
              36.89578501241381,
              -1.265366909210758
            ],
            [
              36.89596467547064,
              -1.265366909210758
            ],
            [
              36.89596467547064,
              -1.265187246153934
            ]
          ],
          [
            [
              36.89668332769793,
              -1.2639296047561668
            ],
            [
              36.89650366464111,
              -1.2639296047561668
            ],
            [
              36.89650366464111,
              -1.2641092678129906
            ],
            [
              36.89668332769793,
              -1.2641092678129906
            ],
            [
              36.89668332769793,
              -1.2639296047561668
            ]
          ],
          [
            [
              36.89129343599321,
              -1.2687805072904121
            ],
            [
              36.891113772936386,
              -1.2687805072904121
            ],
            [
              36.891113772936386,
              -1.268960170347236
            ],
            [
              36.89129343599321,
              -1.268960170347236
            ],
            [
              36.89129343599321,
              -1.2687805072904121
            ]
          ],
          [
            [
              36.89147309905004,
              -1.267343202835821
            ],
            [
              36.89129343599321,
              -1.267343202835821
            ],
            [
              36.89129343599321,
              -1.2675228658926447
            ],
            [
              36.891113772936386,
              -1.2675228658926447
            ],
            [
              36.891113772936386,
              -1.2677025289494688
            ],
            [
              36.89093410987957,
              -1.2677025289494688
            ],
            [
              36.89093410987957,
              -1.2678821920062926
            ],
            [
              36.89075444682274,
              -1.2678821920062926
            ],
            [
              36.89075444682274,
              -1.2680618550631164
            ],
            [
              36.891113772936386,
              -1.2680618550631164
            ],
            [
              36.891113772936386,
              -1.2684211811767643
            ],
            [
              36.89093410987957,
              -1.2684211811767643
            ],
            [
              36.89093410987957,
              -1.2686008442335883
            ],
            [
              36.89129343599321,
              -1.2686008442335883
            ],
            [
              36.89129343599321,
              -1.2682415181199405
            ],
            [
              36.89147309905004,
              -1.2682415181199405
            ],
            [
              36.89147309905004,
              -1.2678821920062926
            ],
            [
              36.89129343599321,
              -1.2678821920062926
            ],
            [
              36.89129343599321,
              -1.2677025289494688
            ],
            [
              36.89147309905004,
              -1.2677025289494688
            ],
            [
              36.89147309905004,
              -1.267343202835821
            ]
          ],
          [
            [
              36.89219175127733,
              -1.2668042136653492
            ],
            [
              36.89201208822051,
              -1.2668042136653492
            ],
            [
              36.89201208822051,
              -1.266983876722173
            ],
            [
              36.89219175127733,
              -1.266983876722173
            ],
            [
              36.89219175127733,
              -1.2668042136653492
            ]
          ],
          [
            [
              36.89219175127733,
              -1.2662652244948776
            ],
            [
              36.89201208822051,
              -1.2662652244948776
            ],
            [
              36.89201208822051,
              -1.2666245506085252
            ],
            [
              36.89237141433416,
              -1.2666245506085252
            ],
            [
              36.89237141433416,
              -1.2664448875517014
            ],
            [
              36.89219175127733,
              -1.2664448875517014
            ],
            [
              36.89219175127733,
              -1.2662652244948776
            ]
          ],
          [
            [
              36.89309006656145,
              -1.2678821920062926
            ],
            [
              36.89309006656145,
              -1.2680618550631164
            ],
            [
              36.893269729618275,
              -1.2680618550631164
            ],
            [
              36.893269729618275,
              -1.2678821920062926
            ],
            [
              36.89309006656145,
              -1.2678821920062926
            ]
          ],
          [
            [
              36.893269729618275,
              -1.2678821920062926
            ],
            [
              36.8934493926751,
              -1.2678821920062926
            ],
            [
              36.8934493926751,
              -1.2677025289494688
            ],
            [
              36.893269729618275,
              -1.2677025289494688
            ],
            [
              36.893269729618275,
              -1.2678821920062926
            ]
          ]
        ]
      },
      "id": "+205363-7014",
      "properties": {
        "area_ha": 29.167540472210145,
        "area_m2": 291675.40472210146,
        "class": 0,
        "count": 731
      }
    },
    {
      "type": "Feature",
      "geometry": {
        "geodesic": false,
        "type": "Polygon",
        "coordinates": [
          [
            [
              36.896144338527456,
              -1.2378784615167007
            ],
            [
              36.896144338527456,
              -1.2380581245735245
            ],
            [
              36.89632400158428,
              -1.2380581245735245
            ],
            [
              36.89632400158428,
              -1.2382377876303483
            ],
            [
              36.896144338527456,
              -1.2382377876303483
            ],
            [
              36.896144338527456,
              -1.2387767768008202
            ],
            [
              36.89632400158428,
              -1.2387767768008202
            ],
            [
              36.89632400158428,
              -1.2391361029144679
            ],
            [
              36.896144338527456,
              -1.2391361029144679
            ],
            [
              36.896144338527456,
              -1.2394954290281157
            ],
            [
              36.89578501241381,
              -1.2394954290281157
            ],
            [
              36.89578501241381,
              -1.2396750920849398
            ],
            [
              36.896144338527456,
              -1.2396750920849398
            ],
            [
              36.896144338527456,
              -1.2394954290281157
            ],
            [
              36.89632400158428,
              -1.2394954290281157
            ],
            [
              36.89632400158428,
              -1.239315765971292
            ],
            [
              36.89668332769793,
              -1.239315765971292
            ],
            [
              36.89668332769793,
              -1.2394954290281157
            ],
            [
              36.896862990754755,
              -1.2394954290281157
            ],
            [
              36.896862990754755,
              -1.2384174506871723
            ],
            [
              36.89650366464111,
              -1.2384174506871723
            ],
            [
              36.89650366464111,
              -1.2378784615167007
            ],
            [
              36.896144338527456,
              -1.2378784615167007
            ]
          ]
        ]
      },
      "id": "+205364-6891",
      "properties": {
        "area_ha": 1.077334930565048,
        "area_m2": 10773.34930565048,
        "class": 0,
        "count": 27
      }
    },
    {
      "type": "Feature",
      "geometry": {
        "geodesic": false,
        "type": "Polygon",
        "coordinates": [
          [
            [
              36.89632400158428,
              -1.3048927817120168
            ],
            [
              36.89632400158428,
              -1.3056114339393126
            ],
            [
              36.89650366464111,
              -1.3056114339393126
            ],
            [
              36.89650366464111,
              -1.3057910969961364
            ],
            [
              36.89668332769793,
              -1.3057910969961364
            ],
            [
              36.89668332769793,
              -1.3059707600529604
            ],
            [
              36.8972223168684,
              -1.3059707600529604
            ],
            [
              36.8972223168684,
              -1.3057910969961364
            ],
            [
              36.89740197992523,
              -1.3057910969961364
            ],
            [
              36.89740197992523,
              -1.3056114339393126
            ],
            [
              36.897042653811575,
              -1.3056114339393126
            ],
            [
              36.897042653811575,
              -1.3052521078256647
            ],
            [
              36.896862990754755,
              -1.3052521078256647
            ],
            [
              36.896862990754755,
              -1.3048927817120168
            ],
            [
              36.89632400158428,
              -1.3048927817120168
            ]
          ]
        ]
      },
      "id": "+205366-7264",
      "properties": {
        "area_ha": 0.877805778405602,
        "area_m2": 8778.05778405602,
        "class": 0,
        "count": 22
      }
    },
    {
      "type": "Feature",
      "geometry": {
        "geodesic": false,
        "type": "Polygon",
        "coordinates": [
          [
            [
              36.89650366464111,
              -1.280458605983966
            ],
            [
              36.89650366464111,
              -1.2809975951544377
            ],
            [
              36.89668332769793,
              -1.2809975951544377
            ],
            [
              36.89668332769793,
              -1.2811772582112615
            ],
            [
              36.896862990754755,
              -1.2811772582112615
            ],
            [
              36.896862990754755,
              -1.2813569212680855
            ],
            [
              36.897042653811575,
              -1.2813569212680855
            ],
            [
              36.897042653811575,
              -1.2817162473817332
            ],
            [
              36.896862990754755,
              -1.2817162473817332
            ],
            [
              36.896862990754755,
              -1.2818959104385572
            ],
            [
              36.8972223168684,
              -1.2818959104385572
            ],
            [
              36.8972223168684,
              -1.2817162473817332
            ],
            [
              36.89740197992523,
              -1.2817162473817332
            ],
            [
              36.89740197992523,
              -1.2813569212680855
            ],
            [
              36.897042653811575,
              -1.2813569212680855
            ],
            [
              36.897042653811575,
              -1.280458605983966
            ],
            [
              36.89650366464111,
              -1.280458605983966
            ]
          ]
        ]
      },
      "id": "+205367-7128",
      "properties": {
        "area_ha": 0.7182116166365748,
        "area_m2": 7182.1161663657485,
        "class": 0,
        "count": 18
      }
    },
    {
      "type": "Feature",
      "geometry": {
        "geodesic": false,
        "type": "Polygon",
        "coordinates": [
          [
            [
              36.897042653811575,
              -1.2617736480742798
            ],
            [
              36.897042653811575,
              -1.2619533111311039
            ],
            [
              36.896862990754755,
              -1.2619533111311039
            ],
            [
              36.896862990754755,
              -1.2621329741879277
            ],
            [
              36.897042653811575,
              -1.2621329741879277
            ],
            [
              36.897042653811575,
              -1.2623126372447515
            ],
            [
              36.896862990754755,
              -1.2623126372447515
            ],
            [
              36.896862990754755,
              -1.2628516264152232
            ],
            [
              36.897042653811575,
              -1.2628516264152232
            ],
            [
              36.897042653811575,
              -1.2626719633583994
            ],
            [
              36.89740197992523,
              -1.2626719633583994
            ],
            [
              36.89740197992523,
              -1.2624923003015756
            ],
            [
              36.89758164298205,
              -1.2624923003015756
            ],
            [
              36.89758164298205,
              -1.2623126372447515
            ],
            [
              36.89740197992523,
              -1.2623126372447515
            ],
            [
              36.89740197992523,
              -1.2621329741879277
            ],
            [
              36.8972223168684,
              -1.2621329741879277
            ],
            [
              36.8972223168684,
              -1.2617736480742798
            ],
            [
              36.897042653811575,
              -1.2617736480742798
            ]
          ]
        ]
      },
      "id": "+205368-7024",
      "properties": {
        "area_ha": 0.5187121635552335,
        "area_m2": 5187.121635552336,
        "class": 0,
        "count": 13
      }
    },
    {
      "type": "Feature",
      "geometry": {
        "geodesic": false,
        "type": "Polygon",
        "coordinates": [
          [
            [
              36.89865962132299,
              -1.302916488086954
            ],
            [
              36.89865962132299,
              -1.303096151143778
            ],
            [
              36.898300295209346,
              -1.303096151143778
            ],
            [
              36.898300295209346,
              -1.3032758142006018
            ],
            [
              36.8979409690957,
              -1.3032758142006018
            ],
            [
              36.8979409690957,
              -1.3034554772574256
            ],
            [
              36.89776130603887,
              -1.3034554772574256
            ],
            [
              36.89776130603887,
              -1.3036351403142497
            ],
            [
              36.89758164298205,
              -1.3036351403142497
            ],
            [
              36.89758164298205,
              -1.3039944664278973
            ],
            [
              36.89847995826617,
              -1.3039944664278973
            ],
            [
              36.89847995826617,
              -1.3038148033710735
            ],
            [
              36.89883928437982,
              -1.3038148033710735
            ],
            [
              36.89883928437982,
              -1.3036351403142497
            ],
            [
              36.89937827355029,
              -1.3036351403142497
            ],
            [
              36.89937827355029,
              -1.3039944664278973
            ],
            [
              36.89955793660711,
              -1.3039944664278973
            ],
            [
              36.89955793660711,
              -1.3036351403142497
            ],
            [
              36.89991726272076,
              -1.3036351403142497
            ],
            [
              36.89991726272076,
              -1.3034554772574256
            ],
            [
              36.899737599663936,
              -1.3034554772574256
            ],
            [
              36.899737599663936,
              -1.303096151143778
            ],
            [
              36.89937827355029,
              -1.303096151143778
            ],
            [
              36.89937827355029,
              -1.302916488086954
            ],
            [
              36.89865962132299,
              -1.302916488086954
            ]
          ]
        ]
      },
      "id": "+205380-7253",
      "properties": {
        "area_ha": 1.915214134890811,
        "area_m2": 19152.14134890811,
        "class": 0,
        "count": 48
      }
    },
    {
      "type": "Feature",
      "geometry": {
        "geodesic": false,
        "type": "Polygon",
        "coordinates": [
          [
            [
              36.89901894743664,
              -1.2836925410067963
            ],
            [
              36.89901894743664,
              -1.2838722040636201
            ],
            [
              36.89883928437982,
              -1.2838722040636201
            ],
            [
              36.89883928437982,
              -1.2844111932340918
            ],
            [
              36.89937827355029,
              -1.2844111932340918
            ],
            [
              36.89937827355029,
              -1.284231530177268
            ],
            [
              36.89955793660711,
              -1.284231530177268
            ],
            [
              36.89955793660711,
              -1.2836925410067963
            ],
            [
              36.89901894743664,
              -1.2836925410067963
            ]
          ],
          [
            [
              36.899198610493464,
              -1.2838722040636201
            ],
            [
              36.89901894743664,
              -1.2838722040636201
            ],
            [
              36.89901894743664,
              -1.284051867120444
            ],
            [
              36.899198610493464,
              -1.284051867120444
            ],
            [
              36.899198610493464,
              -1.2838722040636201
            ]
          ]
        ]
      },
      "id": "+205381-7146",
      "properties": {
        "area_ha": 0.5187077936077548,
        "area_m2": 5187.077936077548,
        "class": 0,
        "count": 13
      }
    },
    {
      "type": "Feature",
      "geometry": {
        "geodesic": false,
        "type": "Polygon",
        "coordinates": [
          [
            [
              36.89937827355029,
              -1.3503475350884646
            ],
            [
              36.89937827355029,
              -1.3505271981452887
            ],
            [
              36.899198610493464,
              -1.3505271981452887
            ],
            [
              36.899198610493464,
              -1.3508865242589365
            ],
            [
              36.89901894743664,
              -1.3508865242589365
            ],
            [
              36.89901894743664,
              -1.3514255134294082
            ],
            [
              36.89883928437982,
              -1.3514255134294082
            ],
            [
              36.89883928437982,
              -1.351605176486232
            ],
            [
              36.89865962132299,
              -1.351605176486232
            ],
            [
              36.89865962132299,
              -1.3517848395430558
            ],
            [
              36.898300295209346,
              -1.3517848395430558
            ],
            [
              36.898300295209346,
              -1.3519645025998799
            ],
            [
              36.89812063215252,
              -1.3519645025998799
            ],
            [
              36.89812063215252,
              -1.3521441656567037
            ],
            [
              36.89758164298205,
              -1.3521441656567037
            ],
            [
              36.89758164298205,
              -1.3523238287135277
            ],
            [
              36.89776130603887,
              -1.3523238287135277
            ],
            [
              36.89776130603887,
              -1.3525034917703516
            ],
            [
              36.89847995826617,
              -1.3525034917703516
            ],
            [
              36.89847995826617,
              -1.3523238287135277
            ],
            [
              36.89883928437982,
              -1.3523238287135277
            ],
            [
              36.89883928437982,
              -1.3519645025998799
            ],
            [
              36.89901894743664,
              -1.3519645025998799
            ],
            [
              36.89901894743664,
              -1.3517848395430558
            ],
            [
              36.899198610493464,
              -1.3517848395430558
            ],
            [
              36.899198610493464,
              -1.351605176486232
            ],
            [
              36.89937827355029,
              -1.351605176486232
            ],
            [
              36.89937827355029,
              -1.3514255134294082
            ],
            [
              36.89955793660711,
              -1.3514255134294082
            ],
            [
              36.89955793660711,
              -1.3512458503725842
            ],
            [
              36.899737599663936,
              -1.3512458503725842
            ],
            [
              36.899737599663936,
              -1.3505271981452887
            ],
            [
              36.89955793660711,
              -1.3505271981452887
            ],
            [
              36.89955793660711,
              -1.3503475350884646
            ],
            [
              36.89937827355029,
              -1.3503475350884646
            ]
          ]
        ]
      },
      "id": "+205381-7517",
      "properties": {
        "area_ha": 1.7156792765574738,
        "area_m2": 17156.792765574737,
        "class": 0,
        "count": 43
      }
    },
    {
      "type": "Feature",
      "geometry": {
        "geodesic": false,
        "type": "Polygon",
        "coordinates": [
          [
            [
              36.89991726272076,
              -1.2545871258013237
            ],
            [
              36.89991726272076,
              -1.2547667888581475
            ],
            [
              36.899737599663936,
              -1.2547667888581475
            ],
            [
              36.899737599663936,
              -1.2549464519149716
            ],
            [
              36.89955793660711,
              -1.2549464519149716
            ],
            [
              36.89955793660711,
              -1.2551261149717954
            ],
            [
              36.899198610493464,
              -1.2551261149717954
            ],
            [
              36.899198610493464,
              -1.255844767199091
            ],
            [
              36.89937827355029,
              -1.255844767199091
            ],
            [
              36.89937827355029,
              -1.255665104142267
            ],
            [
              36.89955793660711,
              -1.255665104142267
            ],
            [
              36.89955793660711,
              -1.2554854410854432
            ],
            [
              36.899737599663936,
              -1.2554854410854432
            ],
            [
              36.899737599663936,
              -1.2553057780286194
            ],
            [
              36.89991726272076,
              -1.2553057780286194
            ],
            [
              36.89991726272076,
              -1.2551261149717954
            ],
            [
              36.90009692577758,
              -1.2551261149717954
            ],
            [
              36.90009692577758,
              -1.2545871258013237
            ],
            [
              36.89991726272076,
              -1.2545871258013237
            ]
          ]
        ]
      },
      "id": "+205384-6984",
      "properties": {
        "area_ha": 0.6384167134686756,
        "area_m2": 6384.167134686755,
        "class": 0,
        "count": 16
      }
    },
    {
      "type": "Feature",
      "geometry": {
        "geodesic": false,
        "type": "Polygon",
        "coordinates": [
          [
            [
              36.900635914948055,
              -1.3201641415420489
            ],
            [
              36.900635914948055,
              -1.3203438045988727
            ],
            [
              36.900456251891235,
              -1.3203438045988727
            ],
            [
              36.900456251891235,
              -1.3205234676556965
            ],
            [
              36.90009692577758,
              -1.3205234676556965
            ],
            [
              36.90009692577758,
              -1.3207031307125205
            ],
            [
              36.89991726272076,
              -1.3207031307125205
            ],
            [
              36.89991726272076,
              -1.3210624568261682
            ],
            [
              36.900456251891235,
              -1.3210624568261682
            ],
            [
              36.900456251891235,
              -1.3208827937693444
            ],
            [
              36.900635914948055,
              -1.3208827937693444
            ],
            [
              36.900635914948055,
              -1.3207031307125205
            ],
            [
              36.9009952410617,
              -1.3207031307125205
            ],
            [
              36.9009952410617,
              -1.3201641415420489
            ],
            [
              36.900635914948055,
              -1.3201641415420489
            ]
          ]
        ]
      },
      "id": "+205389-7349",
      "properties": {
        "area_ha": 0.6783003490370156,
        "area_m2": 6783.003490370156,
        "class": 0,
        "count": 17
      }
    },
    {
      "type": "Feature",
      "geometry": {
        "geodesic": false,
        "type": "Polygon",
        "coordinates": [
          [
            [
              36.90153423023217,
              -1.2694991595177079
            ],
            [
              36.90153423023217,
              -1.2696788225745317
            ],
            [
              36.90135456717535,
              -1.2696788225745317
            ],
            [
              36.90135456717535,
              -1.2698584856313555
            ],
            [
              36.9009952410617,
              -1.2698584856313555
            ],
            [
              36.9009952410617,
              -1.2702178117450034
            ],
            [
              36.900635914948055,
              -1.2702178117450034
            ],
            [
              36.900635914948055,
              -1.2703974748018272
            ],
            [
              36.89991726272076,
              -1.2703974748018272
            ],
            [
              36.89991726272076,
              -1.2705771378586512
            ],
            [
              36.89937827355029,
              -1.2705771378586512
            ],
            [
              36.89937827355029,
              -1.270936463972299
            ],
            [
              36.899198610493464,
              -1.270936463972299
            ],
            [
              36.899198610493464,
              -1.2716551161995946
            ],
            [
              36.89901894743664,
              -1.2716551161995946
            ],
            [
              36.89901894743664,
              -1.2718347792564184
            ],
            [
              36.89865962132299,
              -1.2718347792564184
            ],
            [
              36.89865962132299,
              -1.2723737684268903
            ],
            [
              36.89883928437982,
              -1.2723737684268903
            ],
            [
              36.89883928437982,
              -1.2725534314837141
            ],
            [
              36.89937827355029,
              -1.2725534314837141
            ],
            [
              36.89937827355029,
              -1.2723737684268903
            ],
            [
              36.89955793660711,
              -1.2723737684268903
            ],
            [
              36.89955793660711,
              -1.2721941053700663
            ],
            [
              36.899737599663936,
              -1.2721941053700663
            ],
            [
              36.899737599663936,
              -1.2720144423132425
            ],
            [
              36.89991726272076,
              -1.2720144423132425
            ],
            [
              36.89991726272076,
              -1.2718347792564184
            ],
            [
              36.90009692577758,
              -1.2718347792564184
            ],
            [
              36.90009692577758,
              -1.2714754531427708
            ],
            [
              36.90027658883441,
              -1.2714754531427708
            ],
            [
              36.90027658883441,
              -1.2712957900859467
            ],
            [
              36.90081557800488,
              -1.2712957900859467
            ],
            [
              36.90081557800488,
              -1.270936463972299
            ],
            [
              36.9009952410617,
              -1.270936463972299
            ],
            [
              36.9009952410617,
              -1.270756800915475
            ],
            [
              36.90117490411853,
              -1.270756800915475
            ],
            [
              36.90117490411853,
              -1.2705771378586512
            ],
            [
              36.90135456717535,
              -1.2705771378586512
            ],
            [
              36.90135456717535,
              -1.2703974748018272
            ],
            [
              36.90153423023217,
              -1.2703974748018272
            ],
            [
              36.90153423023217,
              -1.2702178117450034
            ],
            [
              36.901893556345826,
              -1.2702178117450034
            ],
            [
              36.901893556345826,
              -1.2700381486881795
            ],
            [
              36.90225288245947,
              -1.2700381486881795
            ],
            [
              36.90225288245947,
              -1.2698584856313555
            ],
            [
              36.90261220857312,
              -1.2698584856313555
            ],
            [
              36.90261220857312,
              -1.2696788225745317
            ],
            [
              36.902073219402645,
              -1.2696788225745317
            ],
            [
              36.902073219402645,
              -1.2694991595177079
            ],
            [
              36.90153423023217,
              -1.2694991595177079
            ]
          ]
        ]
      },
      "id": "+205395-7067",
      "properties": {
        "area_ha": 4.389088259802657,
        "area_m2": 43890.88259802657,
        "class": 0,
        "count": 110
      }
    },
    {
      "type": "Feature",
      "geometry": {
        "geodesic": false,
        "type": "Polygon",
        "coordinates": [
          [
            [
              36.9024325455163,
              -1.2527904952330846
            ],
            [
              36.9024325455163,
              -1.2529701582899087
            ],
            [
              36.90225288245947,
              -1.2529701582899087
            ],
            [
              36.90225288245947,
              -1.2531498213467325
            ],
            [
              36.901713893289,
              -1.2531498213467325
            ],
            [
              36.901713893289,
              -1.2533294844035563
            ],
            [
              36.901893556345826,
              -1.2533294844035563
            ],
            [
              36.901893556345826,
              -1.2535091474603803
            ],
            [
              36.902073219402645,
              -1.2535091474603803
            ],
            [
              36.902073219402645,
              -1.2536888105172042
            ],
            [
              36.90225288245947,
              -1.2536888105172042
            ],
            [
              36.90225288245947,
              -1.253868473574028
            ],
            [
              36.90261220857312,
              -1.253868473574028
            ],
            [
              36.90261220857312,
              -1.2531498213467325
            ],
            [
              36.9024325455163,
              -1.2531498213467325
            ],
            [
              36.9024325455163,
              -1.2529701582899087
            ],
            [
              36.90261220857312,
              -1.2529701582899087
            ],
            [
              36.90261220857312,
              -1.2527904952330846
            ],
            [
              36.9024325455163,
              -1.2527904952330846
            ]
          ]
        ]
      },
      "id": "+205398-6974",
      "properties": {
        "area_ha": 0.638417157273328,
        "area_m2": 6384.17157273328,
        "class": 0,
        "count": 16
      }
    },
    {
      "type": "Feature",
      "geometry": {
        "geodesic": false,
        "type": "Polygon",
        "coordinates": [
          [
            [
              36.9024325455163,
              -1.2612346589038081
            ],
            [
              36.9024325455163,
              -1.261414321960632
            ],
            [
              36.90225288245947,
              -1.261414321960632
            ],
            [
              36.90225288245947,
              -1.261593985017456
            ],
            [
              36.901713893289,
              -1.261593985017456
            ],
            [
              36.901713893289,
              -1.261414321960632
            ],
            [
              36.90117490411853,
              -1.261414321960632
            ],
            [
              36.90117490411853,
              -1.261593985017456
            ],
            [
              36.9009952410617,
              -1.261593985017456
            ],
            [
              36.9009952410617,
              -1.2617736480742798
            ],
            [
              36.90081557800488,
              -1.2617736480742798
            ],
            [
              36.90081557800488,
              -1.2619533111311039
            ],
            [
              36.900635914948055,
              -1.2619533111311039
            ],
            [
              36.900635914948055,
              -1.2621329741879277
            ],
            [
              36.900456251891235,
              -1.2621329741879277
            ],
            [
              36.900456251891235,
              -1.2623126372447515
            ],
            [
              36.90027658883441,
              -1.2623126372447515
            ],
            [
              36.90027658883441,
              -1.2624923003015756
            ],
            [
              36.89991726272076,
              -1.2624923003015756
            ],
            [
              36.89991726272076,
              -1.2626719633583994
            ],
            [
              36.899737599663936,
              -1.2626719633583994
            ],
            [
              36.899737599663936,
              -1.2628516264152232
            ],
            [
              36.89955793660711,
              -1.2628516264152232
            ],
            [
              36.89955793660711,
              -1.2630312894720472
            ],
            [
              36.89937827355029,
              -1.2630312894720472
            ],
            [
              36.89937827355029,
              -1.263210952528871
            ],
            [
              36.89955793660711,
              -1.263210952528871
            ],
            [
              36.89955793660711,
              -1.2630312894720472
            ],
            [
              36.90027658883441,
              -1.2630312894720472
            ],
            [
              36.90027658883441,
              -1.263210952528871
            ],
            [
              36.900456251891235,
              -1.263210952528871
            ],
            [
              36.900456251891235,
              -1.263570278642519
            ],
            [
              36.900635914948055,
              -1.263570278642519
            ],
            [
              36.900635914948055,
              -1.2637499416993427
            ],
            [
              36.900456251891235,
              -1.2637499416993427
            ],
            [
              36.900456251891235,
              -1.2641092678129906
            ],
            [
              36.90009692577758,
              -1.2641092678129906
            ],
            [
              36.90009692577758,
              -1.2642889308698146
            ],
            [
              36.900456251891235,
              -1.2642889308698146
            ],
            [
              36.900456251891235,
              -1.2644685939266385
            ],
            [
              36.90027658883441,
              -1.2644685939266385
            ],
            [
              36.90027658883441,
              -1.2646482569834623
            ],
            [
              36.89991726272076,
              -1.2646482569834623
            ],
            [
              36.89991726272076,
              -1.2644685939266385
            ],
            [
              36.899737599663936,
              -1.2644685939266385
            ],
            [
              36.899737599663936,
              -1.2646482569834623
            ],
            [
              36.89955793660711,
              -1.2646482569834623
            ],
            [
              36.89955793660711,
              -1.2644685939266385
            ],
            [
              36.89937827355029,
              -1.2644685939266385
            ],
            [
              36.89937827355029,
              -1.2646482569834623
            ],
            [
              36.899198610493464,
              -1.2646482569834623
            ],
            [
              36.899198610493464,
              -1.2642889308698146
            ],
            [
              36.89937827355029,
              -1.2642889308698146
            ],
            [
              36.89937827355029,
              -1.2641092678129906
            ],
            [
              36.899198610493464,
              -1.2641092678129906
            ],
            [
              36.899198610493464,
              -1.2642889308698146
            ],
            [
              36.89901894743664,
              -1.2642889308698146
            ],
            [
              36.89901894743664,
              -1.2646482569834623
            ],
            [
              36.89883928437982,
              -1.2646482569834623
            ],
            [
              36.89883928437982,
              -1.2648279200402863
            ],
            [
              36.89901894743664,
              -1.2648279200402863
            ],
            [
              36.89901894743664,
              -1.2646482569834623
            ],
            [
              36.899198610493464,
              -1.2646482569834623
            ],
            [
              36.899198610493464,
              -1.2650075830971101
            ],
            [
              36.89901894743664,
              -1.2650075830971101
            ],
            [
              36.89901894743664,
              -1.2655465722675818
            ],
            [
              36.89883928437982,
              -1.2655465722675818
            ],
            [
              36.89883928437982,
              -1.2659058983812297
            ],
            [
              36.89901894743664,
              -1.2659058983812297
            ],
            [
              36.89901894743664,
              -1.2660855614380535
            ],
            [
              36.89847995826617,
              -1.2660855614380535
            ],
            [
              36.89847995826617,
              -1.2662652244948776
            ],
            [
              36.89883928437982,
              -1.2662652244948776
            ],
            [
              36.89883928437982,
              -1.2668042136653492
            ],
            [
              36.89865962132299,
              -1.2668042136653492
            ],
            [
              36.89865962132299,
              -1.266983876722173
            ],
            [
              36.89883928437982,
              -1.266983876722173
            ],
            [
              36.89883928437982,
              -1.2677025289494688
            ],
            [
              36.899737599663936,
              -1.2677025289494688
            ],
            [
              36.899737599663936,
              -1.2675228658926447
            ],
            [
              36.90027658883441,
              -1.2675228658926447
            ],
            [
              36.90027658883441,
              -1.2677025289494688
            ],
            [
              36.900456251891235,
              -1.2677025289494688
            ],
            [
              36.900456251891235,
              -1.2675228658926447
            ],
            [
              36.900635914948055,
              -1.2675228658926447
            ],
            [
              36.900635914948055,
              -1.2668042136653492
            ],
            [
              36.90081557800488,
              -1.2668042136653492
            ],
            [
              36.90081557800488,
              -1.2666245506085252
            ],
            [
              36.9009952410617,
              -1.2666245506085252
            ],
            [
              36.9009952410617,
              -1.2664448875517014
            ],
            [
              36.90117490411853,
              -1.2664448875517014
            ],
            [
              36.90117490411853,
              -1.2660855614380535
            ],
            [
              36.900635914948055,
              -1.2660855614380535
            ],
            [
              36.900635914948055,
              -1.2662652244948776
            ],
            [
              36.900456251891235,
              -1.2662652244948776
            ],
            [
              36.900456251891235,
              -1.265366909210758
            ],
            [
              36.90027658883441,
              -1.265366909210758
            ],
            [
              36.90027658883441,
              -1.2648279200402863
            ],
            [
              36.900456251891235,
              -1.2648279200402863
            ],
            [
              36.900456251891235,
              -1.2650075830971101
            ],
            [
              36.90081557800488,
              -1.2650075830971101
            ],
            [
              36.90081557800488,
              -1.2646482569834623
            ],
            [
              36.9009952410617,
              -1.2646482569834623
            ],
            [
              36.9009952410617,
              -1.2648279200402863
            ],
            [
              36.90117490411853,
              -1.2648279200402863
            ],
            [
              36.90117490411853,
              -1.2646482569834623
            ],
            [
              36.90135456717535,
              -1.2646482569834623
            ],
            [
              36.90135456717535,
              -1.2644685939266385
            ],
            [
              36.901893556345826,
              -1.2644685939266385
            ],
            [
              36.901893556345826,
              -1.2646482569834623
            ],
            [
              36.902073219402645,
              -1.2646482569834623
            ],
            [
              36.902073219402645,
              -1.2644685939266385
            ],
            [
              36.9024325455163,
              -1.2644685939266385
            ],
            [
              36.9024325455163,
              -1.2642889308698146
            ],
            [
              36.90261220857312,
              -1.2642889308698146
            ],
            [
              36.90261220857312,
              -1.263390615585695
            ],
            [
              36.90225288245947,
              -1.263390615585695
            ],
            [
              36.90225288245947,
              -1.263210952528871
            ],
            [
              36.90261220857312,
              -1.263210952528871
            ],
            [
              36.90261220857312,
              -1.2630312894720472
            ],
            [
              36.902791871629944,
              -1.2630312894720472
            ],
            [
              36.902791871629944,
              -1.263210952528871
            ],
            [
              36.90297153468676,
              -1.263210952528871
            ],
            [
              36.90297153468676,
              -1.2630312894720472
            ],
            [
              36.902791871629944,
              -1.2630312894720472
            ],
            [
              36.902791871629944,
              -1.2628516264152232
            ],
            [
              36.90297153468676,
              -1.2628516264152232
            ],
            [
              36.90297153468676,
              -1.2626719633583994
            ],
            [
              36.903510523857236,
              -1.2626719633583994
            ],
            [
              36.903510523857236,
              -1.2628516264152232
            ],
            [
              36.90369018691406,
              -1.2628516264152232
            ],
            [
              36.90369018691406,
              -1.2626719633583994
            ],
            [
              36.90404951302771,
              -1.2626719633583994
            ],
            [
              36.90404951302771,
              -1.2623126372447515
            ],
            [
              36.90386984997089,
              -1.2623126372447515
            ],
            [
              36.90386984997089,
              -1.2619533111311039
            ],
            [
              36.903510523857236,
              -1.2619533111311039
            ],
            [
              36.903510523857236,
              -1.2617736480742798
            ],
            [
              36.903330860800416,
              -1.2617736480742798
            ],
            [
              36.903330860800416,
              -1.2619533111311039
            ],
            [
              36.90315119774359,
              -1.2619533111311039
            ],
            [
              36.90315119774359,
              -1.2624923003015756
            ],
            [
              36.90297153468676,
              -1.2624923003015756
            ],
            [
              36.90297153468676,
              -1.2617736480742798
            ],
            [
              36.90315119774359,
              -1.2617736480742798
            ],
            [
              36.90315119774359,
              -1.261593985017456
            ],
            [
              36.90297153468676,
              -1.261593985017456
            ],
            [
              36.90297153468676,
              -1.2612346589038081
            ],
            [
              36.9024325455163,
              -1.2612346589038081
            ]
          ],
          [
            [
              36.901893556345826,
              -1.263390615585695
            ],
            [
              36.901713893289,
              -1.263390615585695
            ],
            [
              36.901713893289,
              -1.263570278642519
            ],
            [
              36.901893556345826,
              -1.263570278642519
            ],
            [
              36.901893556345826,
              -1.263390615585695
            ]
          ],
          [
            [
              36.90369018691406,
              -1.2621329741879277
            ],
            [
              36.903330860800416,
              -1.2621329741879277
            ],
            [
              36.903330860800416,
              -1.2623126372447515
            ],
            [
              36.90369018691406,
              -1.2623126372447515
            ],
            [
              36.90369018691406,
              -1.2621329741879277
            ]
          ]
        ]
      },
      "id": "+205400-7021",
      "properties": {
        "area_ha": 16.7583808343315,
        "area_m2": 167583.808343315,
        "class": 0,
        "count": 420
      }
    },
    {
      "type": "Feature",
      "geometry": {
        "geodesic": false,
        "type": "Polygon",
        "coordinates": [
          [
            [
              36.90261220857312,
              -1.3584323726455403
            ],
            [
              36.90261220857312,
              -1.3586120357023643
            ],
            [
              36.9024325455163,
              -1.3586120357023643
            ],
            [
              36.9024325455163,
              -1.3587916987591881
            ],
            [
              36.90261220857312,
              -1.3587916987591881
            ],
            [
              36.90261220857312,
              -1.359151024872836
            ],
            [
              36.902791871629944,
              -1.359151024872836
            ],
            [
              36.902791871629944,
              -1.3593306879296598
            ],
            [
              36.90297153468676,
              -1.3593306879296598
            ],
            [
              36.90297153468676,
              -1.3595103509864839
            ],
            [
              36.90315119774359,
              -1.3595103509864839
            ],
            [
              36.90315119774359,
              -1.3596900140433077
            ],
            [
              36.903330860800416,
              -1.3596900140433077
            ],
            [
              36.903330860800416,
              -1.3598696771001315
            ],
            [
              36.903510523857236,
              -1.3598696771001315
            ],
            [
              36.903510523857236,
              -1.3600493401569556
            ],
            [
              36.90369018691406,
              -1.3600493401569556
            ],
            [
              36.90369018691406,
              -1.3602290032137794
            ],
            [
              36.90386984997089,
              -1.3602290032137794
            ],
            [
              36.90386984997089,
              -1.3604086662706034
            ],
            [
              36.90458850219818,
              -1.3604086662706034
            ],
            [
              36.90458850219818,
              -1.3602290032137794
            ],
            [
              36.90476816525501,
              -1.3602290032137794
            ],
            [
              36.90476816525501,
              -1.3600493401569556
            ],
            [
              36.90458850219818,
              -1.3600493401569556
            ],
            [
              36.90458850219818,
              -1.3596900140433077
            ],
            [
              36.90440883914136,
              -1.3596900140433077
            ],
            [
              36.90440883914136,
              -1.3595103509864839
            ],
            [
              36.90404951302771,
              -1.3595103509864839
            ],
            [
              36.90404951302771,
              -1.3593306879296598
            ],
            [
              36.90386984997089,
              -1.3593306879296598
            ],
            [
              36.90386984997089,
              -1.359151024872836
            ],
            [
              36.90369018691406,
              -1.359151024872836
            ],
            [
              36.90369018691406,
              -1.3589713618160122
            ],
            [
              36.903510523857236,
              -1.3589713618160122
            ],
            [
              36.903510523857236,
              -1.3587916987591881
            ],
            [
              36.90315119774359,
              -1.3587916987591881
            ],
            [
              36.90315119774359,
              -1.3586120357023643
            ],
            [
              36.90297153468676,
              -1.3586120357023643
            ],
            [
              36.90297153468676,
              -1.3584323726455403
            ],
            [
              36.90261220857312,
              -1.3584323726455403
            ]
          ]
        ]
      },
      "id": "+205400-7562",
      "properties": {
        "area_ha": 2.3540638717722553,
        "area_m2": 23540.63871772255,
        "class": 0,
        "count": 59
      }
    },
    {
      "type": "Feature",
      "geometry": {
        "geodesic": false,
        "type": "Polygon",
        "coordinates": [
          [
            [
              36.90369018691406,
              -1.2497362232670783
            ],
            [
              36.90369018691406,
              -1.2499158863239022
            ],
            [
              36.903510523857236,
              -1.2499158863239022
            ],
            [
              36.903510523857236,
              -1.2506345385511979
            ],
            [
              36.90369018691406,
              -1.2506345385511979
            ],
            [
              36.90369018691406,
              -1.2509938646648455
            ],
            [
              36.90386984997089,
              -1.2509938646648455
            ],
            [
              36.90386984997089,
              -1.2508142016080217
            ],
            [
              36.90404951302771,
              -1.2508142016080217
            ],
            [
              36.90404951302771,
              -1.2506345385511979
            ],
            [
              36.904229176084534,
              -1.2506345385511979
            ],
            [
              36.904229176084534,
              -1.2504548754943738
            ],
            [
              36.90440883914136,
              -1.2504548754943738
            ],
            [
              36.90440883914136,
              -1.25027521243755
            ],
            [
              36.904229176084534,
              -1.25027521243755
            ],
            [
              36.904229176084534,
              -1.2499158863239022
            ],
            [
              36.90386984997089,
              -1.2499158863239022
            ],
            [
              36.90386984997089,
              -1.2497362232670783
            ],
            [
              36.90369018691406,
              -1.2497362232670783
            ]
          ]
        ]
      },
      "id": "+205405-6957",
      "properties": {
        "area_ha": 0.837923499202015,
        "area_m2": 8379.23499202015,
        "class": 0,
        "count": 21
      }
    },
    {
      "type": "Feature",
      "geometry": {
        "geodesic": false,
        "type": "Polygon",
        "coordinates": [
          [
            [
              36.903330860800416,
              -1.2402140812554114
            ],
            [
              36.903330860800416,
              -1.2403937443122353
            ],
            [
              36.90315119774359,
              -1.2403937443122353
            ],
            [
              36.90315119774359,
              -1.240573407369059
            ],
            [
              36.902791871629944,
              -1.240573407369059
            ],
            [
              36.902791871629944,
              -1.240932733482707
            ],
            [
              36.90297153468676,
              -1.240932733482707
            ],
            [
              36.90297153468676,
              -1.2412920595963548
            ],
            [
              36.903510523857236,
              -1.2412920595963548
            ],
            [
              36.903510523857236,
              -1.241112396539531
            ],
            [
              36.90369018691406,
              -1.241112396539531
            ],
            [
              36.90369018691406,
              -1.2412920595963548
            ],
            [
              36.90386984997089,
              -1.2412920595963548
            ],
            [
              36.90386984997089,
              -1.241112396539531
            ],
            [
              36.90440883914136,
              -1.241112396539531
            ],
            [
              36.90440883914136,
              -1.240932733482707
            ],
            [
              36.90458850219818,
              -1.240932733482707
            ],
            [
              36.90458850219818,
              -1.2407530704258831
            ],
            [
              36.90440883914136,
              -1.2407530704258831
            ],
            [
              36.90440883914136,
              -1.240573407369059
            ],
            [
              36.904229176084534,
              -1.240573407369059
            ],
            [
              36.904229176084534,
              -1.2402140812554114
            ],
            [
              36.903330860800416,
              -1.2402140812554114
            ]
          ]
        ]
      },
      "id": "+205407-6904",
      "properties": {
        "area_ha": 1.6758530717227822,
        "area_m2": 16758.530717227823,
        "class": 0,
        "count": 42
      }
    },
    {
      "type": "Feature",
      "geometry": {
        "geodesic": false,
        "type": "Polygon",
        "coordinates": [
          [
            [
              36.904947828311826,
              -1.2402140812554114
            ],
            [
              36.904947828311826,
              -1.2407530704258831
            ],
            [
              36.90476816525501,
              -1.2407530704258831
            ],
            [
              36.90476816525501,
              -1.2414717226531786
            ],
            [
              36.90458850219818,
              -1.2414717226531786
            ],
            [
              36.90458850219818,
              -1.2416513857100027
            ],
            [
              36.90476816525501,
              -1.2416513857100027
            ],
            [
              36.90476816525501,
              -1.2418310487668265
            ],
            [
              36.90530715442548,
              -1.2418310487668265
            ],
            [
              36.90530715442548,
              -1.2420107118236503
            ],
            [
              36.90458850219818,
              -1.2420107118236503
            ],
            [
              36.90458850219818,
              -1.2423700379372982
            ],
            [
              36.90440883914136,
              -1.2423700379372982
            ],
            [
              36.90440883914136,
              -1.243088690164594
            ],
            [
              36.90458850219818,
              -1.243088690164594
            ],
            [
              36.90458850219818,
              -1.2432683532214177
            ],
            [
              36.90476816525501,
              -1.2432683532214177
            ],
            [
              36.90476816525501,
              -1.2434480162782415
            ],
            [
              36.90530715442548,
              -1.2434480162782415
            ],
            [
              36.90530715442548,
              -1.2436276793350656
            ],
            [
              36.905666480539125,
              -1.2436276793350656
            ],
            [
              36.905666480539125,
              -1.2438073423918894
            ],
            [
              36.90584614359595,
              -1.2438073423918894
            ],
            [
              36.90584614359595,
              -1.2436276793350656
            ],
            [
              36.90602580665277,
              -1.2436276793350656
            ],
            [
              36.90602580665277,
              -1.2434480162782415
            ],
            [
              36.9062054697096,
              -1.2434480162782415
            ],
            [
              36.9062054697096,
              -1.2432683532214177
            ],
            [
              36.906385132766424,
              -1.2432683532214177
            ],
            [
              36.906385132766424,
              -1.2429090271077698
            ],
            [
              36.9062054697096,
              -1.2429090271077698
            ],
            [
              36.9062054697096,
              -1.242729364050946
            ],
            [
              36.90584614359595,
              -1.242729364050946
            ],
            [
              36.90584614359595,
              -1.2425497009941222
            ],
            [
              36.905666480539125,
              -1.2425497009941222
            ],
            [
              36.905666480539125,
              -1.2423700379372982
            ],
            [
              36.9054868174823,
              -1.2423700379372982
            ],
            [
              36.9054868174823,
              -1.2421903748804743
            ],
            [
              36.90530715442548,
              -1.2421903748804743
            ],
            [
              36.90530715442548,
              -1.2420107118236503
            ],
            [
              36.9054868174823,
              -1.2420107118236503
            ],
            [
              36.9054868174823,
              -1.2418310487668265
            ],
            [
              36.905666480539125,
              -1.2418310487668265
            ],
            [
              36.905666480539125,
              -1.2414717226531786
            ],
            [
              36.90584614359595,
              -1.2414717226531786
            ],
            [
              36.90584614359595,
              -1.241112396539531
            ],
            [
              36.905666480539125,
              -1.241112396539531
            ],
            [
              36.905666480539125,
              -1.2403937443122353
            ],
            [
              36.90530715442548,
              -1.2403937443122353
            ],
            [
              36.90530715442548,
              -1.2402140812554114
            ],
            [
              36.904947828311826,
              -1.2402140812554114
            ]
          ]
        ]
      },
      "id": "+205413-6904",
      "properties": {
        "area_ha": 4.468939135137516,
        "area_m2": 44689.39135137516,
        "class": 0,
        "count": 112
      }
    },
    {
      "type": "Feature",
      "geometry": {
        "geodesic": false,
        "type": "Polygon",
        "coordinates": [
          [
            [
              36.90530715442548,
              -1.1830812291854098
            ],
            [
              36.90530715442548,
              -1.1832608922422336
            ],
            [
              36.90512749136865,
              -1.1832608922422336
            ],
            [
              36.90512749136865,
              -1.1830812291854098
            ],
            [
              36.90476816525501,
              -1.1830812291854098
            ],
            [
              36.90476816525501,
              -1.1832608922422336
            ],
            [
              36.90440883914136,
              -1.1832608922422336
            ],
            [
              36.90440883914136,
              -1.1834405552990577
            ],
            [
              36.904229176084534,
              -1.1834405552990577
            ],
            [
              36.904229176084534,
              -1.1837998814127053
            ],
            [
              36.90458850219818,
              -1.1837998814127053
            ],
            [
              36.90458850219818,
              -1.1836202183558815
            ],
            [
              36.90476816525501,
              -1.1836202183558815
            ],
            [
              36.90476816525501,
              -1.1837998814127053
            ],
            [
              36.904947828311826,
              -1.1837998814127053
            ],
            [
              36.904947828311826,
              -1.1836202183558815
            ],
            [
              36.90512749136865,
              -1.1836202183558815
            ],
            [
              36.90512749136865,
              -1.1834405552990577
            ],
            [
              36.90530715442548,
              -1.1834405552990577
            ],
            [
              36.90530715442548,
              -1.1832608922422336
            ],
            [
              36.9054868174823,
              -1.1832608922422336
            ],
            [
              36.9054868174823,
              -1.1830812291854098
            ],
            [
              36.90530715442548,
              -1.1830812291854098
            ]
          ]
        ]
      },
      "id": "+205414-6586",
      "properties": {
        "area_ha": 0.6384337383567273,
        "area_m2": 6384.337383567274,
        "class": 0,
        "count": 16
      }
    },
    {
      "type": "Feature",
      "geometry": {
        "geodesic": false,
        "type": "Polygon",
        "coordinates": [
          [
            [
              36.90530715442548,
              -1.2657262353244059
            ],
            [
              36.90530715442548,
              -1.2659058983812297
            ],
            [
              36.904947828311826,
              -1.2659058983812297
            ],
            [
              36.904947828311826,
              -1.2660855614380535
            ],
            [
              36.90458850219818,
              -1.2660855614380535
            ],
            [
              36.90458850219818,
              -1.2662652244948776
            ],
            [
              36.904229176084534,
              -1.2662652244948776
            ],
            [
              36.904229176084534,
              -1.2664448875517014
            ],
            [
              36.90404951302771,
              -1.2664448875517014
            ],
            [
              36.90404951302771,
              -1.2668042136653492
            ],
            [
              36.90386984997089,
              -1.2668042136653492
            ],
            [
              36.90386984997089,
              -1.267163539778997
            ],
            [
              36.90369018691406,
              -1.267163539778997
            ],
            [
              36.90369018691406,
              -1.266983876722173
            ],
            [
              36.903510523857236,
              -1.266983876722173
            ],
            [
              36.903510523857236,
              -1.267163539778997
            ],
            [
              36.90315119774359,
              -1.267163539778997
            ],
            [
              36.90315119774359,
              -1.267343202835821
            ],
            [
              36.903330860800416,
              -1.267343202835821
            ],
            [
              36.903330860800416,
              -1.2678821920062926
            ],
            [
              36.903510523857236,
              -1.2678821920062926
            ],
            [
              36.903510523857236,
              -1.2677025289494688
            ],
            [
              36.90386984997089,
              -1.2677025289494688
            ],
            [
              36.90386984997089,
              -1.267163539778997
            ],
            [
              36.904229176084534,
              -1.267163539778997
            ],
            [
              36.904229176084534,
              -1.266983876722173
            ],
            [
              36.90440883914136,
              -1.266983876722173
            ],
            [
              36.90440883914136,
              -1.2666245506085252
            ],
            [
              36.904947828311826,
              -1.2666245506085252
            ],
            [
              36.904947828311826,
              -1.2664448875517014
            ],
            [
              36.90512749136865,
              -1.2664448875517014
            ],
            [
              36.90512749136865,
              -1.2666245506085252
            ],
            [
              36.90530715442548,
              -1.2666245506085252
            ],
            [
              36.90530715442548,
              -1.2664448875517014
            ],
            [
              36.905666480539125,
              -1.2664448875517014
            ],
            [
              36.905666480539125,
              -1.2660855614380535
            ],
            [
              36.9054868174823,
              -1.2660855614380535
            ],
            [
              36.9054868174823,
              -1.2659058983812297
            ],
            [
              36.905666480539125,
              -1.2659058983812297
            ],
            [
              36.905666480539125,
              -1.2657262353244059
            ],
            [
              36.90530715442548,
              -1.2657262353244059
            ]
          ],
          [
            [
              36.90476816525501,
              -1.2662652244948776
            ],
            [
              36.90458850219818,
              -1.2662652244948776
            ],
            [
              36.90458850219818,
              -1.2664448875517014
            ],
            [
              36.90476816525501,
              -1.2664448875517014
            ],
            [
              36.90476816525501,
              -1.2662652244948776
            ]
          ]
        ]
      },
      "id": "+205415-7046",
      "properties": {
        "area_ha": 1.7157373672573049,
        "area_m2": 17157.37367257305,
        "class": 0,
        "count": 43
      }
    },
    {
      "type": "Feature",
      "geometry": {
        "geodesic": false,
        "type": "Polygon",
        "coordinates": [
          [
            [
              36.90602580665277,
              -1.3163912173487469
            ],
            [
              36.90602580665277,
              -1.3167505434623945
            ],
            [
              36.9054868174823,
              -1.3167505434623945
            ],
            [
              36.9054868174823,
              -1.3169302065192185
            ],
            [
              36.905666480539125,
              -1.3169302065192185
            ],
            [
              36.905666480539125,
              -1.3171098695760424
            ],
            [
              36.90584614359595,
              -1.3171098695760424
            ],
            [
              36.90584614359595,
              -1.3172895326328664
            ],
            [
              36.90602580665277,
              -1.3172895326328664
            ],
            [
              36.90602580665277,
              -1.3174691956896902
            ],
            [
              36.9062054697096,
              -1.3174691956896902
            ],
            [
              36.9062054697096,
              -1.317648858746514
            ],
            [
              36.906385132766424,
              -1.317648858746514
            ],
            [
              36.906385132766424,
              -1.317828521803338
            ],
            [
              36.90674445888007,
              -1.317828521803338
            ],
            [
              36.90674445888007,
              -1.318008184860162
            ],
            [
              36.90692412193689,
              -1.318008184860162
            ],
            [
              36.90692412193689,
              -1.3181878479169857
            ],
            [
              36.90728344805054,
              -1.3181878479169857
            ],
            [
              36.90728344805054,
              -1.318008184860162
            ],
            [
              36.907103784993716,
              -1.318008184860162
            ],
            [
              36.907103784993716,
              -1.317648858746514
            ],
            [
              36.90692412193689,
              -1.317648858746514
            ],
            [
              36.90692412193689,
              -1.3172895326328664
            ],
            [
              36.90674445888007,
              -1.3172895326328664
            ],
            [
              36.90674445888007,
              -1.3171098695760424
            ],
            [
              36.90656479582324,
              -1.3171098695760424
            ],
            [
              36.90656479582324,
              -1.3169302065192185
            ],
            [
              36.906385132766424,
              -1.3169302065192185
            ],
            [
              36.906385132766424,
              -1.3167505434623945
            ],
            [
              36.9062054697096,
              -1.3167505434623945
            ],
            [
              36.9062054697096,
              -1.3163912173487469
            ],
            [
              36.90602580665277,
              -1.3163912173487469
            ]
          ]
        ]
      },
      "id": "+205418-7328",
      "properties": {
        "area_ha": 1.3566025042632852,
        "area_m2": 13566.025042632851,
        "class": 0,
        "count": 34
      }
    },
    {
      "type": "Feature",
      "geometry": {
        "geodesic": false,
        "type": "Polygon",
        "coordinates": [
          [
            [
              36.906385132766424,
              -1.2499158863239022
            ],
            [
              36.906385132766424,
              -1.2500955493807262
            ],
            [
              36.9062054697096,
              -1.2500955493807262
            ],
            [
              36.9062054697096,
              -1.25027521243755
            ],
            [
              36.90602580665277,
              -1.25027521243755
            ],
            [
              36.90602580665277,
              -1.2506345385511979
            ],
            [
              36.90584614359595,
              -1.2506345385511979
            ],
            [
              36.90584614359595,
              -1.2508142016080217
            ],
            [
              36.90602580665277,
              -1.2508142016080217
            ],
            [
              36.90602580665277,
              -1.2506345385511979
            ],
            [
              36.90656479582324,
              -1.2506345385511979
            ],
            [
              36.90656479582324,
              -1.2504548754943738
            ],
            [
              36.90674445888007,
              -1.2504548754943738
            ],
            [
              36.90674445888007,
              -1.25027521243755
            ],
            [
              36.90692412193689,
              -1.25027521243755
            ],
            [
              36.90692412193689,
              -1.2499158863239022
            ],
            [
              36.906385132766424,
              -1.2499158863239022
            ]
          ]
        ]
      },
      "id": "+205422-6958",
      "properties": {
        "area_ha": 0.5985167919766506,
        "area_m2": 5985.167919766506,
        "class": 0,
        "count": 15
      }
    },
    {
      "type": "Feature",
      "geometry": {
        "geodesic": false,
        "type": "Polygon",
        "coordinates": [
          [
            [
              36.90602580665277,
              -1.2944723244162304
            ],
            [
              36.90602580665277,
              -1.295011313586702
            ],
            [
              36.90584614359595,
              -1.295011313586702
            ],
            [
              36.90584614359595,
              -1.2959096288708216
            ],
            [
              36.905666480539125,
              -1.2959096288708216
            ],
            [
              36.905666480539125,
              -1.2980655855527086
            ],
            [
              36.90602580665277,
              -1.2980655855527086
            ],
            [
              36.90602580665277,
              -1.2978859224958847
            ],
            [
              36.9062054697096,
              -1.2978859224958847
            ],
            [
              36.9062054697096,
              -1.2977062594390607
            ],
            [
              36.906385132766424,
              -1.2977062594390607
            ],
            [
              36.906385132766424,
              -1.297167270268589
            ],
            [
              36.90674445888007,
              -1.297167270268589
            ],
            [
              36.90674445888007,
              -1.2969876072117652
            ],
            [
              36.90656479582324,
              -1.2969876072117652
            ],
            [
              36.90656479582324,
              -1.2966282810981173
            ],
            [
              36.90674445888007,
              -1.2966282810981173
            ],
            [
              36.90674445888007,
              -1.2964486180412933
            ],
            [
              36.90656479582324,
              -1.2964486180412933
            ],
            [
              36.90656479582324,
              -1.2960892919276457
            ],
            [
              36.90674445888007,
              -1.2960892919276457
            ],
            [
              36.90674445888007,
              -1.295550302757174
            ],
            [
              36.90692412193689,
              -1.295550302757174
            ],
            [
              36.90692412193689,
              -1.2957299658139978
            ],
            [
              36.907103784993716,
              -1.2957299658139978
            ],
            [
              36.907103784993716,
              -1.295550302757174
            ],
            [
              36.90836142639149,
              -1.295550302757174
            ],
            [
              36.90836142639149,
              -1.29537063970035
            ],
            [
              36.908541089448306,
              -1.29537063970035
            ],
            [
              36.908541089448306,
              -1.2951909766435261
            ],
            [
              36.90872075250513,
              -1.2951909766435261
            ],
            [
              36.90872075250513,
              -1.2948316505298783
            ],
            [
              36.907822437221014,
              -1.2948316505298783
            ],
            [
              36.907822437221014,
              -1.295011313586702
            ],
            [
              36.90746311110736,
              -1.295011313586702
            ],
            [
              36.90746311110736,
              -1.2948316505298783
            ],
            [
              36.907103784993716,
              -1.2948316505298783
            ],
            [
              36.907103784993716,
              -1.2946519874730544
            ],
            [
              36.90692412193689,
              -1.2946519874730544
            ],
            [
              36.90692412193689,
              -1.2944723244162304
            ],
            [
              36.90602580665277,
              -1.2944723244162304
            ]
          ]
        ]
      },
      "id": "+205422-7206",
      "properties": {
        "area_ha": 5.386555950639745,
        "area_m2": 53865.55950639745,
        "class": 0,
        "count": 135
      }
    },
    {
      "type": "Feature",
      "geometry": {
        "geodesic": false,
        "type": "Polygon",
        "coordinates": [
          [
            [
              36.90836142639149,
              -1.278661975415727
            ],
            [
              36.90836142639149,
              -1.2788416384725507
            ],
            [
              36.90818176333466,
              -1.2788416384725507
            ],
            [
              36.90818176333466,
              -1.2790213015293748
            ],
            [
              36.908002100277834,
              -1.2790213015293748
            ],
            [
              36.908002100277834,
              -1.2792009645861986
            ],
            [
              36.907822437221014,
              -1.2792009645861986
            ],
            [
              36.907822437221014,
              -1.2795602906998464
            ],
            [
              36.90872075250513,
              -1.2795602906998464
            ],
            [
              36.90872075250513,
              -1.2797399537566703
            ],
            [
              36.90890041556195,
              -1.2797399537566703
            ],
            [
              36.90890041556195,
              -1.2795602906998464
            ],
            [
              36.90908007861878,
              -1.2795602906998464
            ],
            [
              36.90908007861878,
              -1.2793806276430224
            ],
            [
              36.90890041556195,
              -1.2793806276430224
            ],
            [
              36.90890041556195,
              -1.2790213015293748
            ],
            [
              36.90872075250513,
              -1.2790213015293748
            ],
            [
              36.90872075250513,
              -1.278661975415727
            ],
            [
              36.90836142639149,
              -1.278661975415727
            ]
          ]
        ]
      },
      "id": "+205432-7118",
      "properties": {
        "area_ha": 0.9576162199971335,
        "area_m2": 9576.162199971335,
        "class": 0,
        "count": 24
      }
    },
    {
      "type": "Feature",
      "geometry": {
        "geodesic": false,
        "type": "Polygon",
        "coordinates": [
          [
            [
              36.909259741675605,
              -1.2795602906998464
            ],
            [
              36.909259741675605,
              -1.2799196168134943
            ],
            [
              36.90908007861878,
              -1.2799196168134943
            ],
            [
              36.90908007861878,
              -1.280278942927142
            ],
            [
              36.90890041556195,
              -1.280278942927142
            ],
            [
              36.90890041556195,
              -1.280458605983966
            ],
            [
              36.90836142639149,
              -1.280458605983966
            ],
            [
              36.90836142639149,
              -1.2806382690407898
            ],
            [
              36.90818176333466,
              -1.2806382690407898
            ],
            [
              36.90818176333466,
              -1.2811772582112615
            ],
            [
              36.908002100277834,
              -1.2811772582112615
            ],
            [
              36.908002100277834,
              -1.2815365843249094
            ],
            [
              36.90818176333466,
              -1.2815365843249094
            ],
            [
              36.90818176333466,
              -1.2817162473817332
            ],
            [
              36.908002100277834,
              -1.2817162473817332
            ],
            [
              36.908002100277834,
              -1.2818959104385572
            ],
            [
              36.90818176333466,
              -1.2818959104385572
            ],
            [
              36.90818176333466,
              -1.2826145626658527
            ],
            [
              36.908541089448306,
              -1.2826145626658527
            ],
            [
              36.908541089448306,
              -1.2827942257226768
            ],
            [
              36.90872075250513,
              -1.2827942257226768
            ],
            [
              36.90872075250513,
              -1.2829738887795006
            ],
            [
              36.909259741675605,
              -1.2829738887795006
            ],
            [
              36.909259741675605,
              -1.2827942257226768
            ],
            [
              36.90961906778925,
              -1.2827942257226768
            ],
            [
              36.90961906778925,
              -1.2826145626658527
            ],
            [
              36.909439404732424,
              -1.2826145626658527
            ],
            [
              36.909439404732424,
              -1.282434899609029
            ],
            [
              36.90979873084608,
              -1.282434899609029
            ],
            [
              36.90979873084608,
              -1.2822552365522049
            ],
            [
              36.91033772001655,
              -1.2822552365522049
            ],
            [
              36.91033772001655,
              -1.282075573495381
            ],
            [
              36.91051738307337,
              -1.282075573495381
            ],
            [
              36.91051738307337,
              -1.2817162473817332
            ],
            [
              36.910697046130196,
              -1.2817162473817332
            ],
            [
              36.910697046130196,
              -1.2815365843249094
            ],
            [
              36.910876709187015,
              -1.2815365843249094
            ],
            [
              36.910876709187015,
              -1.2813569212680855
            ],
            [
              36.91123603530067,
              -1.2813569212680855
            ],
            [
              36.91123603530067,
              -1.2809975951544377
            ],
            [
              36.91141569835749,
              -1.2809975951544377
            ],
            [
              36.91141569835749,
              -1.280458605983966
            ],
            [
              36.91123603530067,
              -1.280458605983966
            ],
            [
              36.91123603530067,
              -1.280278942927142
            ],
            [
              36.91105637224384,
              -1.280278942927142
            ],
            [
              36.91105637224384,
              -1.2800992798703181
            ],
            [
              36.910697046130196,
              -1.2800992798703181
            ],
            [
              36.910697046130196,
              -1.2799196168134943
            ],
            [
              36.91033772001655,
              -1.2799196168134943
            ],
            [
              36.91033772001655,
              -1.2800992798703181
            ],
            [
              36.9099783939029,
              -1.2800992798703181
            ],
            [
              36.9099783939029,
              -1.2799196168134943
            ],
            [
              36.90961906778925,
              -1.2799196168134943
            ],
            [
              36.90961906778925,
              -1.2797399537566703
            ],
            [
              36.909439404732424,
              -1.2797399537566703
            ],
            [
              36.909439404732424,
              -1.2795602906998464
            ],
            [
              36.909259741675605,
              -1.2795602906998464
            ]
          ],
          [
            [
              36.909439404732424,
              -1.2811772582112615
            ],
            [
              36.909259741675605,
              -1.2811772582112615
            ],
            [
              36.909259741675605,
              -1.2813569212680855
            ],
            [
              36.909439404732424,
              -1.2813569212680855
            ],
            [
              36.909439404732424,
              -1.2811772582112615
            ]
          ]
        ]
      },
      "id": "+205436-7123",
      "properties": {
        "area_ha": 8.578638303618861,
        "area_m2": 85786.3830361886,
        "class": 0,
        "count": 215
      }
    },
    {
      "type": "Feature",
      "geometry": {
        "geodesic": false,
        "type": "Polygon",
        "coordinates": [
          [
            [
              36.909259741675605,
              -1.2734517467678337
            ],
            [
              36.909259741675605,
              -1.2736314098246575
            ],
            [
              36.90908007861878,
              -1.2736314098246575
            ],
            [
              36.90908007861878,
              -1.2739907359383054
            ],
            [
              36.90872075250513,
              -1.2739907359383054
            ],
            [
              36.90872075250513,
              -1.2743500620519532
            ],
            [
              36.908541089448306,
              -1.2743500620519532
            ],
            [
              36.908541089448306,
              -1.274529725108777
            ],
            [
              36.909259741675605,
              -1.274529725108777
            ],
            [
              36.909259741675605,
              -1.2743500620519532
            ],
            [
              36.90908007861878,
              -1.2743500620519532
            ],
            [
              36.90908007861878,
              -1.2739907359383054
            ],
            [
              36.909259741675605,
              -1.2739907359383054
            ],
            [
              36.909259741675605,
              -1.2741703989951292
            ],
            [
              36.909439404732424,
              -1.2741703989951292
            ],
            [
              36.909439404732424,
              -1.2738110728814815
            ],
            [
              36.90961906778925,
              -1.2738110728814815
            ],
            [
              36.90961906778925,
              -1.2734517467678337
            ],
            [
              36.909259741675605,
              -1.2734517467678337
            ]
          ]
        ]
      },
      "id": "+205437-7089",
      "properties": {
        "area_ha": 0.6384120967983636,
        "area_m2": 6384.120967983637,
        "class": 0,
        "count": 16
      }
    },
    {
      "type": "Feature",
      "geometry": {
        "geodesic": false,
        "type": "Polygon",
        "coordinates": [
          [
            [
              36.90961906778925,
              -1.3153132390078033
            ],
            [
              36.90961906778925,
              -1.3154929020646273
            ],
            [
              36.90908007861878,
              -1.3154929020646273
            ],
            [
              36.90908007861878,
              -1.3156725651214511
            ],
            [
              36.909259741675605,
              -1.3156725651214511
            ],
            [
              36.909259741675605,
              -1.315852228178275
            ],
            [
              36.9099783939029,
              -1.315852228178275
            ],
            [
              36.9099783939029,
              -1.3156725651214511
            ],
            [
              36.91015805695972,
              -1.3156725651214511
            ],
            [
              36.91015805695972,
              -1.315852228178275
            ],
            [
              36.91033772001655,
              -1.315852228178275
            ],
            [
              36.91033772001655,
              -1.3156725651214511
            ],
            [
              36.910697046130196,
              -1.3156725651214511
            ],
            [
              36.910697046130196,
              -1.315852228178275
            ],
            [
              36.910876709187015,
              -1.315852228178275
            ],
            [
              36.910876709187015,
              -1.316031891235099
            ],
            [
              36.91105637224384,
              -1.316031891235099
            ],
            [
              36.91105637224384,
              -1.3162115542919228
            ],
            [
              36.91141569835749,
              -1.3162115542919228
            ],
            [
              36.91141569835749,
              -1.316031891235099
            ],
            [
              36.91123603530067,
              -1.316031891235099
            ],
            [
              36.91123603530067,
              -1.315852228178275
            ],
            [
              36.91105637224384,
              -1.315852228178275
            ],
            [
              36.91105637224384,
              -1.3156725651214511
            ],
            [
              36.910876709187015,
              -1.3156725651214511
            ],
            [
              36.910876709187015,
              -1.3154929020646273
            ],
            [
              36.91015805695972,
              -1.3154929020646273
            ],
            [
              36.91015805695972,
              -1.3153132390078033
            ],
            [
              36.90961906778925,
              -1.3153132390078033
            ]
          ]
        ]
      },
      "id": "+205440-7322",
      "properties": {
        "area_ha": 0.957602384586528,
        "area_m2": 9576.02384586528,
        "class": 0,
        "count": 24
      }
    },
    {
      "type": "Feature",
      "geometry": {
        "geodesic": false,
        "type": "Polygon",
        "coordinates": [
          [
            [
              36.91123603530067,
              -1.278661975415727
            ],
            [
              36.91123603530067,
              -1.2788416384725507
            ],
            [
              36.910697046130196,
              -1.2788416384725507
            ],
            [
              36.910697046130196,
              -1.2795602906998464
            ],
            [
              36.91123603530067,
              -1.2795602906998464
            ],
            [
              36.91123603530067,
              -1.2790213015293748
            ],
            [
              36.91141569835749,
              -1.2790213015293748
            ],
            [
              36.91141569835749,
              -1.278661975415727
            ],
            [
              36.91123603530067,
              -1.278661975415727
            ]
          ]
        ]
      },
      "id": "+205447-7118",
      "properties": {
        "area_ha": 0.5586094638850494,
        "area_m2": 5586.0946388504935,
        "class": 0,
        "count": 14
      }
    },
    {
      "type": "Feature",
      "geometry": {
        "geodesic": false,
        "type": "Polygon",
        "coordinates": [
          [
            [
              36.91285300281208,
              -1.2761466926201923
            ],
            [
              36.91285300281208,
              -1.2763263556770161
            ],
            [
              36.91231401364161,
              -1.2763263556770161
            ],
            [
              36.91231401364161,
              -1.27650601873384
            ],
            [
              36.912134350584786,
              -1.27650601873384
            ],
            [
              36.912134350584786,
              -1.276685681790664
            ],
            [
              36.91231401364161,
              -1.276685681790664
            ],
            [
              36.91231401364161,
              -1.2770450079043116
            ],
            [
              36.91249367669843,
              -1.2770450079043116
            ],
            [
              36.91249367669843,
              -1.2772246709611357
            ],
            [
              36.91285300281208,
              -1.2772246709611357
            ],
            [
              36.91285300281208,
              -1.2774043340179595
            ],
            [
              36.91267333975526,
              -1.2774043340179595
            ],
            [
              36.91267333975526,
              -1.2775839970747835
            ],
            [
              36.91321232892573,
              -1.2775839970747835
            ],
            [
              36.91321232892573,
              -1.2774043340179595
            ],
            [
              36.91357165503938,
              -1.2774043340179595
            ],
            [
              36.91357165503938,
              -1.2772246709611357
            ],
            [
              36.9137513180962,
              -1.2772246709611357
            ],
            [
              36.9137513180962,
              -1.2768653448474878
            ],
            [
              36.91393098115302,
              -1.2768653448474878
            ],
            [
              36.91393098115302,
              -1.27650601873384
            ],
            [
              36.91357165503938,
              -1.27650601873384
            ],
            [
              36.91357165503938,
              -1.2763263556770161
            ],
            [
              36.91339199198255,
              -1.2763263556770161
            ],
            [
              36.91339199198255,
              -1.27650601873384
            ],
            [
              36.913032665868904,
              -1.27650601873384
            ],
            [
              36.913032665868904,
              -1.2761466926201923
            ],
            [
              36.91285300281208,
              -1.2761466926201923
            ]
          ]
        ]
      },
      "id": "+205456-7104",
      "properties": {
        "area_ha": 1.8753334409679225,
        "area_m2": 18753.334409679224,
        "class": 0,
        "count": 47
      }
    },
    {
      "type": "Feature",
      "geometry": {
        "geodesic": false,
        "type": "Polygon",
        "coordinates": [
          [
            [
              36.913032665868904,
              -1.2739907359383054
            ],
            [
              36.913032665868904,
              -1.2743500620519532
            ],
            [
              36.91285300281208,
              -1.2743500620519532
            ],
            [
              36.91285300281208,
              -1.274529725108777
            ],
            [
              36.913032665868904,
              -1.274529725108777
            ],
            [
              36.913032665868904,
              -1.274709388165601
            ],
            [
              36.91321232892573,
              -1.274709388165601
            ],
            [
              36.91321232892573,
              -1.274889051222425
            ],
            [
              36.91339199198255,
              -1.274889051222425
            ],
            [
              36.91339199198255,
              -1.2750687142792487
            ],
            [
              36.91357165503938,
              -1.2750687142792487
            ],
            [
              36.91357165503938,
              -1.274529725108777
            ],
            [
              36.9137513180962,
              -1.274529725108777
            ],
            [
              36.9137513180962,
              -1.2743500620519532
            ],
            [
              36.91339199198255,
              -1.2743500620519532
            ],
            [
              36.91339199198255,
              -1.2741703989951292
            ],
            [
              36.91321232892573,
              -1.2741703989951292
            ],
            [
              36.91321232892573,
              -1.2739907359383054
            ],
            [
              36.913032665868904,
              -1.2739907359383054
            ]
          ]
        ]
      },
      "id": "+205457-7092",
      "properties": {
        "area_ha": 0.5586104724221037,
        "area_m2": 5586.104724221037,
        "class": 0,
        "count": 14
      }
    },
    {
      "type": "Feature",
      "geometry": {
        "geodesic": false,
        "type": "Polygon",
        "coordinates": [
          [
            [
              36.91249367669843,
              -1.3039944664278973
            ],
            [
              36.91249367669843,
              -1.3043537925415452
            ],
            [
              36.91267333975526,
              -1.3043537925415452
            ],
            [
              36.91267333975526,
              -1.304713118655193
            ],
            [
              36.91285300281208,
              -1.304713118655193
            ],
            [
              36.91285300281208,
              -1.3048927817120168
            ],
            [
              36.91339199198255,
              -1.3048927817120168
            ],
            [
              36.91339199198255,
              -1.304713118655193
            ],
            [
              36.91357165503938,
              -1.304713118655193
            ],
            [
              36.91357165503938,
              -1.3043537925415452
            ],
            [
              36.91321232892573,
              -1.3043537925415452
            ],
            [
              36.91321232892573,
              -1.3038148033710735
            ],
            [
              36.91285300281208,
              -1.3038148033710735
            ],
            [
              36.91285300281208,
              -1.3039944664278973
            ],
            [
              36.91249367669843,
              -1.3039944664278973
            ]
          ]
        ]
      },
      "id": "+205457-7258",
      "properties": {
        "area_ha": 0.9177064333921225,
        "area_m2": 9177.064333921226,
        "class": 0,
        "count": 23
      }
    },
    {
      "type": "Feature",
      "geometry": {
        "geodesic": false,
        "type": "Polygon",
        "coordinates": [
          [
            [
              36.91339199198255,
              -1.2524311691194367
            ],
            [
              36.91339199198255,
              -1.2531498213467325
            ],
            [
              36.9137513180962,
              -1.2531498213467325
            ],
            [
              36.9137513180962,
              -1.2535091474603803
            ],
            [
              36.91411064420985,
              -1.2535091474603803
            ],
            [
              36.91411064420985,
              -1.2529701582899087
            ],
            [
              36.91393098115302,
              -1.2529701582899087
            ],
            [
              36.91393098115302,
              -1.2527904952330846
            ],
            [
              36.9137513180962,
              -1.2527904952330846
            ],
            [
              36.9137513180962,
              -1.2526108321762608
            ],
            [
              36.91357165503938,
              -1.2526108321762608
            ],
            [
              36.91357165503938,
              -1.2524311691194367
            ],
            [
              36.91339199198255,
              -1.2524311691194367
            ]
          ]
        ]
      },
      "id": "+205459-6972",
      "properties": {
        "area_ha": 0.5586150993389408,
        "area_m2": 5586.1509933894085,
        "class": 0,
        "count": 14
      }
    },
    {
      "type": "Feature",
      "geometry": {
        "geodesic": false,
        "type": "Polygon",
        "coordinates": [
          [
            [
              36.91536828560761,
              -1.274709388165601
            ],
            [
              36.91536828560761,
              -1.274889051222425
            ],
            [
              36.91482929643714,
              -1.274889051222425
            ],
            [
              36.91482929643714,
              -1.274709388165601
            ],
            [
              36.914469970323495,
              -1.274709388165601
            ],
            [
              36.914469970323495,
              -1.2750687142792487
            ],
            [
              36.914290307266675,
              -1.2750687142792487
            ],
            [
              36.914290307266675,
              -1.274889051222425
            ],
            [
              36.91393098115302,
              -1.274889051222425
            ],
            [
              36.91393098115302,
              -1.2750687142792487
            ],
            [
              36.9137513180962,
              -1.2750687142792487
            ],
            [
              36.9137513180962,
              -1.2756077034497204
            ],
            [
              36.914290307266675,
              -1.2756077034497204
            ],
            [
              36.914290307266675,
              -1.2757873665065445
            ],
            [
              36.91464963338032,
              -1.2757873665065445
            ],
            [
              36.91464963338032,
              -1.2756077034497204
            ],
            [
              36.91482929643714,
              -1.2756077034497204
            ],
            [
              36.91482929643714,
              -1.2754280403928966
            ],
            [
              36.91500895949397,
              -1.2754280403928966
            ],
            [
              36.91500895949397,
              -1.2752483773360728
            ],
            [
              36.91554794866444,
              -1.2752483773360728
            ],
            [
              36.91554794866444,
              -1.2754280403928966
            ],
            [
              36.91536828560761,
              -1.2754280403928966
            ],
            [
              36.91536828560761,
              -1.2756077034497204
            ],
            [
              36.91554794866444,
              -1.2756077034497204
            ],
            [
              36.91554794866444,
              -1.2759670295633683
            ],
            [
              36.915727611721266,
              -1.2759670295633683
            ],
            [
              36.915727611721266,
              -1.2763263556770161
            ],
            [
              36.915907274778085,
              -1.2763263556770161
            ],
            [
              36.915907274778085,
              -1.2761466926201923
            ],
            [
              36.91626660089174,
              -1.2761466926201923
            ],
            [
              36.91626660089174,
              -1.2757873665065445
            ],
            [
              36.91644626394856,
              -1.2757873665065445
            ],
            [
              36.91644626394856,
              -1.2756077034497204
            ],
            [
              36.916625927005384,
              -1.2756077034497204
            ],
            [
              36.916625927005384,
              -1.2754280403928966
            ],
            [
              36.91644626394856,
              -1.2754280403928966
            ],
            [
              36.91644626394856,
              -1.2752483773360728
            ],
            [
              36.915907274778085,
              -1.2752483773360728
            ],
            [
              36.915907274778085,
              -1.2750687142792487
            ],
            [
              36.91536828560761,
              -1.2750687142792487
            ],
            [
              36.91536828560761,
              -1.274889051222425
            ],
            [
              36.91554794866444,
              -1.274889051222425
            ],
            [
              36.91554794866444,
              -1.274709388165601
            ],
            [
              36.91536828560761,
              -1.274709388165601
            ]
          ]
        ]
      },
      "id": "+205470-7096",
      "properties": {
        "area_ha": 2.4738455152236236,
        "area_m2": 24738.455152236238,
        "class": 0,
        "count": 62
      }
    },
    {
      "type": "Feature",
      "geometry": {
        "geodesic": false,
        "type": "Polygon",
        "coordinates": [
          [
            [
              36.915188622550794,
              -1.332920218576546
            ],
            [
              36.915188622550794,
              -1.33309988163337
            ],
            [
              36.91500895949397,
              -1.33309988163337
            ],
            [
              36.91500895949397,
              -1.3334592077470178
            ],
            [
              36.91482929643714,
              -1.3334592077470178
            ],
            [
              36.91482929643714,
              -1.3336388708038416
            ],
            [
              36.91464963338032,
              -1.3336388708038416
            ],
            [
              36.91464963338032,
              -1.3338185338606654
            ],
            [
              36.914290307266675,
              -1.3338185338606654
            ],
            [
              36.914290307266675,
              -1.3339981969174894
            ],
            [
              36.91411064420985,
              -1.3339981969174894
            ],
            [
              36.91411064420985,
              -1.3341778599743133
            ],
            [
              36.91393098115302,
              -1.3341778599743133
            ],
            [
              36.91393098115302,
              -1.3343575230311373
            ],
            [
              36.9137513180962,
              -1.3343575230311373
            ],
            [
              36.9137513180962,
              -1.3345371860879611
            ],
            [
              36.91357165503938,
              -1.3345371860879611
            ],
            [
              36.91357165503938,
              -1.334716849144785
            ],
            [
              36.91411064420985,
              -1.334716849144785
            ],
            [
              36.91411064420985,
              -1.3345371860879611
            ],
            [
              36.914469970323495,
              -1.3345371860879611
            ],
            [
              36.914469970323495,
              -1.3343575230311373
            ],
            [
              36.91482929643714,
              -1.3343575230311373
            ],
            [
              36.91482929643714,
              -1.3341778599743133
            ],
            [
              36.91500895949397,
              -1.3341778599743133
            ],
            [
              36.91500895949397,
              -1.3338185338606654
            ],
            [
              36.915188622550794,
              -1.3338185338606654
            ],
            [
              36.915188622550794,
              -1.3334592077470178
            ],
            [
              36.91536828560761,
              -1.3334592077470178
            ],
            [
              36.91536828560761,
              -1.3332795446901937
            ],
            [
              36.91554794866444,
              -1.3332795446901937
            ],
            [
              36.91554794866444,
              -1.332920218576546
            ],
            [
              36.915188622550794,
              -1.332920218576546
            ]
          ]
        ]
      },
      "id": "+205470-7420",
      "properties": {
        "area_ha": 1.3166936011961428,
        "area_m2": 13166.936011961428,
        "class": 0,
        "count": 33
      }
    },
    {
      "type": "Feature",
      "geometry": {
        "geodesic": false,
        "type": "Polygon",
        "coordinates": [
          [
            [
              36.91554794866444,
              -1.2402140812554114
            ],
            [
              36.91554794866444,
              -1.2403937443122353
            ],
            [
              36.91536828560761,
              -1.2403937443122353
            ],
            [
              36.91536828560761,
              -1.2402140812554114
            ],
            [
              36.915188622550794,
              -1.2402140812554114
            ],
            [
              36.915188622550794,
              -1.240573407369059
            ],
            [
              36.91536828560761,
              -1.240573407369059
            ],
            [
              36.91536828560761,
              -1.2407530704258831
            ],
            [
              36.91554794866444,
              -1.2407530704258831
            ],
            [
              36.91554794866444,
              -1.241112396539531
            ],
            [
              36.91536828560761,
              -1.241112396539531
            ],
            [
              36.91536828560761,
              -1.2416513857100027
            ],
            [
              36.915188622550794,
              -1.2416513857100027
            ],
            [
              36.915188622550794,
              -1.2412920595963548
            ],
            [
              36.91464963338032,
              -1.2412920595963548
            ],
            [
              36.91464963338032,
              -1.2418310487668265
            ],
            [
              36.914469970323495,
              -1.2418310487668265
            ],
            [
              36.914469970323495,
              -1.2420107118236503
            ],
            [
              36.91464963338032,
              -1.2420107118236503
            ],
            [
              36.91464963338032,
              -1.2421903748804743
            ],
            [
              36.914469970323495,
              -1.2421903748804743
            ],
            [
              36.914469970323495,
              -1.2423700379372982
            ],
            [
              36.91411064420985,
              -1.2423700379372982
            ],
            [
              36.91411064420985,
              -1.2429090271077698
            ],
            [
              36.91464963338032,
              -1.2429090271077698
            ],
            [
              36.91464963338032,
              -1.2421903748804743
            ],
            [
              36.91500895949397,
              -1.2421903748804743
            ],
            [
              36.91500895949397,
              -1.2425497009941222
            ],
            [
              36.915188622550794,
              -1.2425497009941222
            ],
            [
              36.915188622550794,
              -1.242729364050946
            ],
            [
              36.91554794866444,
              -1.242729364050946
            ],
            [
              36.91554794866444,
              -1.2429090271077698
            ],
            [
              36.91608693783491,
              -1.2429090271077698
            ],
            [
              36.91608693783491,
              -1.2425497009941222
            ],
            [
              36.916805590062204,
              -1.2425497009941222
            ],
            [
              36.916805590062204,
              -1.2421903748804743
            ],
            [
              36.91698525311903,
              -1.2421903748804743
            ],
            [
              36.91698525311903,
              -1.2420107118236503
            ],
            [
              36.91716491617586,
              -1.2420107118236503
            ],
            [
              36.91716491617586,
              -1.2414717226531786
            ],
            [
              36.916805590062204,
              -1.2414717226531786
            ],
            [
              36.916805590062204,
              -1.241112396539531
            ],
            [
              36.916625927005384,
              -1.241112396539531
            ],
            [
              36.916625927005384,
              -1.2412920595963548
            ],
            [
              36.91644626394856,
              -1.2412920595963548
            ],
            [
              36.91644626394856,
              -1.241112396539531
            ],
            [
              36.91626660089174,
              -1.241112396539531
            ],
            [
              36.91626660089174,
              -1.2407530704258831
            ],
            [
              36.91608693783491,
              -1.2407530704258831
            ],
            [
              36.91608693783491,
              -1.240573407369059
            ],
            [
              36.915907274778085,
              -1.240573407369059
            ],
            [
              36.915907274778085,
              -1.2403937443122353
            ],
            [
              36.915727611721266,
              -1.2403937443122353
            ],
            [
              36.915727611721266,
              -1.2402140812554114
            ],
            [
              36.91554794866444,
              -1.2402140812554114
            ]
          ]
        ]
      },
      "id": "+205471-6904",
      "properties": {
        "area_ha": 5.147261049711386,
        "area_m2": 51472.61049711386,
        "class": 0,
        "count": 129
      }
    },
    {
      "type": "Feature",
      "geometry": {
        "geodesic": false,
        "type": "Polygon",
        "coordinates": [
          [
            [
              36.915727611721266,
              -1.3039944664278973
            ],
            [
              36.915727611721266,
              -1.3045334555983692
            ],
            [
              36.915907274778085,
              -1.3045334555983692
            ],
            [
              36.915907274778085,
              -1.304713118655193
            ],
            [
              36.91626660089174,
              -1.304713118655193
            ],
            [
              36.91626660089174,
              -1.3048927817120168
            ],
            [
              36.916625927005384,
              -1.3048927817120168
            ],
            [
              36.916625927005384,
              -1.3050724447688409
            ],
            [
              36.91698525311903,
              -1.3050724447688409
            ],
            [
              36.91698525311903,
              -1.3048927817120168
            ],
            [
              36.91716491617586,
              -1.3048927817120168
            ],
            [
              36.91716491617586,
              -1.304713118655193
            ],
            [
              36.91698525311903,
              -1.304713118655193
            ],
            [
              36.91698525311903,
              -1.3045334555983692
            ],
            [
              36.916805590062204,
              -1.3045334555983692
            ],
            [
              36.916805590062204,
              -1.3041741294847213
            ],
            [
              36.916625927005384,
              -1.3041741294847213
            ],
            [
              36.916625927005384,
              -1.3039944664278973
            ],
            [
              36.91644626394856,
              -1.3039944664278973
            ],
            [
              36.91644626394856,
              -1.3038148033710735
            ],
            [
              36.91626660089174,
              -1.3038148033710735
            ],
            [
              36.91626660089174,
              -1.3036351403142497
            ],
            [
              36.91608693783491,
              -1.3036351403142497
            ],
            [
              36.91608693783491,
              -1.3034554772574256
            ],
            [
              36.915907274778085,
              -1.3034554772574256
            ],
            [
              36.915907274778085,
              -1.3032758142006018
            ],
            [
              36.915727611721266,
              -1.3032758142006018
            ],
            [
              36.915727611721266,
              -1.302916488086954
            ],
            [
              36.91500895949397,
              -1.302916488086954
            ],
            [
              36.91500895949397,
              -1.303096151143778
            ],
            [
              36.914290307266675,
              -1.303096151143778
            ],
            [
              36.914290307266675,
              -1.3034554772574256
            ],
            [
              36.914469970323495,
              -1.3034554772574256
            ],
            [
              36.914469970323495,
              -1.3036351403142497
            ],
            [
              36.91464963338032,
              -1.3036351403142497
            ],
            [
              36.91464963338032,
              -1.3038148033710735
            ],
            [
              36.915188622550794,
              -1.3038148033710735
            ],
            [
              36.915188622550794,
              -1.3036351403142497
            ],
            [
              36.91536828560761,
              -1.3036351403142497
            ],
            [
              36.91536828560761,
              -1.3034554772574256
            ],
            [
              36.91554794866444,
              -1.3034554772574256
            ],
            [
              36.91554794866444,
              -1.3032758142006018
            ],
            [
              36.915727611721266,
              -1.3032758142006018
            ],
            [
              36.915727611721266,
              -1.3034554772574256
            ],
            [
              36.915907274778085,
              -1.3034554772574256
            ],
            [
              36.915907274778085,
              -1.3036351403142497
            ],
            [
              36.91608693783491,
              -1.3036351403142497
            ],
            [
              36.91608693783491,
              -1.3038148033710735
            ],
            [
              36.915907274778085,
              -1.3038148033710735
            ],
            [
              36.915907274778085,
              -1.3039944664278973
            ],
            [
              36.915727611721266,
              -1.3039944664278973
            ]
          ]
        ]
      },
      "id": "+205471-7253",
      "properties": {
        "area_ha": 2.5137180718600938,
        "area_m2": 25137.18071860094,
        "class": 0,
        "count": 63
      }
    },
    {
      "type": "Feature",
      "geometry": {
        "geodesic": false,
        "type": "Polygon",
        "coordinates": [
          [
            [
              36.91626660089174,
              -1.2357225048348137
            ],
            [
              36.91626660089174,
              -1.2360818309484616
            ],
            [
              36.91608693783491,
              -1.2360818309484616
            ],
            [
              36.91608693783491,
              -1.2364411570621094
            ],
            [
              36.915907274778085,
              -1.2364411570621094
            ],
            [
              36.915907274778085,
              -1.236800483175757
            ],
            [
              36.915727611721266,
              -1.236800483175757
            ],
            [
              36.915727611721266,
              -1.2369801462325811
            ],
            [
              36.91554794866444,
              -1.2369801462325811
            ],
            [
              36.91554794866444,
              -1.237159809289405
            ],
            [
              36.91536828560761,
              -1.237159809289405
            ],
            [
              36.91536828560761,
              -1.237339472346229
            ],
            [
              36.91554794866444,
              -1.237339472346229
            ],
            [
              36.91554794866444,
              -1.2376987984598766
            ],
            [
              36.91626660089174,
              -1.2376987984598766
            ],
            [
              36.91626660089174,
              -1.2375191354030528
            ],
            [
              36.91644626394856,
              -1.2375191354030528
            ],
            [
              36.91644626394856,
              -1.237339472346229
            ],
            [
              36.916805590062204,
              -1.237339472346229
            ],
            [
              36.916805590062204,
              -1.2369801462325811
            ],
            [
              36.91716491617586,
              -1.2369801462325811
            ],
            [
              36.91716491617586,
              -1.236800483175757
            ],
            [
              36.91698525311903,
              -1.236800483175757
            ],
            [
              36.91698525311903,
              -1.2366208201189333
            ],
            [
              36.91716491617586,
              -1.2366208201189333
            ],
            [
              36.91716491617586,
              -1.2360818309484616
            ],
            [
              36.916625927005384,
              -1.2360818309484616
            ],
            [
              36.916625927005384,
              -1.2359021678916378
            ],
            [
              36.91644626394856,
              -1.2359021678916378
            ],
            [
              36.91644626394856,
              -1.2357225048348137
            ],
            [
              36.91626660089174,
              -1.2357225048348137
            ]
          ]
        ]
      },
      "id": "+205475-6879",
      "properties": {
        "area_ha": 2.394079411669403,
        "area_m2": 23940.794116694033,
        "class": 0,
        "count": 60
      }
    },
    {
      "type": "Feature",
      "geometry": {
        "geodesic": false,
        "type": "Polygon",
        "coordinates": [
          [
            [
              36.916625927005384,
              -1.2739907359383054
            ],
            [
              36.916625927005384,
              -1.2741703989951292
            ],
            [
              36.91644626394856,
              -1.2741703989951292
            ],
            [
              36.91644626394856,
              -1.2743500620519532
            ],
            [
              36.91626660089174,
              -1.2743500620519532
            ],
            [
              36.91626660089174,
              -1.274889051222425
            ],
            [
              36.91644626394856,
              -1.274889051222425
            ],
            [
              36.91644626394856,
              -1.2750687142792487
            ],
            [
              36.916625927005384,
              -1.2750687142792487
            ],
            [
              36.916625927005384,
              -1.2752483773360728
            ],
            [
              36.916805590062204,
              -1.2752483773360728
            ],
            [
              36.916805590062204,
              -1.2754280403928966
            ],
            [
              36.91698525311903,
              -1.2754280403928966
            ],
            [
              36.91698525311903,
              -1.2752483773360728
            ],
            [
              36.917344579232676,
              -1.2752483773360728
            ],
            [
              36.917344579232676,
              -1.2754280403928966
            ],
            [
              36.9175242422895,
              -1.2754280403928966
            ],
            [
              36.9175242422895,
              -1.2756077034497204
            ],
            [
              36.91788356840315,
              -1.2756077034497204
            ],
            [
              36.91788356840315,
              -1.2754280403928966
            ],
            [
              36.918063231459975,
              -1.2754280403928966
            ],
            [
              36.918063231459975,
              -1.2752483773360728
            ],
            [
              36.9182428945168,
              -1.2752483773360728
            ],
            [
              36.9182428945168,
              -1.2750687142792487
            ],
            [
              36.91770390534633,
              -1.2750687142792487
            ],
            [
              36.91770390534633,
              -1.2752483773360728
            ],
            [
              36.9175242422895,
              -1.2752483773360728
            ],
            [
              36.9175242422895,
              -1.2750687142792487
            ],
            [
              36.91716491617586,
              -1.2750687142792487
            ],
            [
              36.91716491617586,
              -1.274709388165601
            ],
            [
              36.916805590062204,
              -1.274709388165601
            ],
            [
              36.916805590062204,
              -1.2739907359383054
            ],
            [
              36.916625927005384,
              -1.2739907359383054
            ]
          ],
          [
            [
              36.91788356840315,
              -1.2752483773360728
            ],
            [
              36.91770390534633,
              -1.2752483773360728
            ],
            [
              36.91770390534633,
              -1.2754280403928966
            ],
            [
              36.91788356840315,
              -1.2754280403928966
            ],
            [
              36.91788356840315,
              -1.2752483773360728
            ]
          ]
        ]
      },
      "id": "+205477-7092",
      "properties": {
        "area_ha": 1.2768237280945445,
        "area_m2": 12768.237280945445,
        "class": 0,
        "count": 32
      }
    },
    {
      "type": "Feature",
      "geometry": {
        "geodesic": false,
        "type": "Polygon",
        "coordinates": [
          [
            [
              36.91698525311903,
              -1.2587193761082736
            ],
            [
              36.91698525311903,
              -1.2588990391650974
            ],
            [
              36.916805590062204,
              -1.2588990391650974
            ],
            [
              36.916805590062204,
              -1.2592583652787452
            ],
            [
              36.916625927005384,
              -1.2592583652787452
            ],
            [
              36.916625927005384,
              -1.259438028335569
            ],
            [
              36.916805590062204,
              -1.259438028335569
            ],
            [
              36.916805590062204,
              -1.259797354449217
            ],
            [
              36.9175242422895,
              -1.259797354449217
            ],
            [
              36.9175242422895,
              -1.259617691392393
            ],
            [
              36.917344579232676,
              -1.259617691392393
            ],
            [
              36.917344579232676,
              -1.2587193761082736
            ],
            [
              36.91698525311903,
              -1.2587193761082736
            ]
          ]
        ]
      },
      "id": "+205480-7007",
      "properties": {
        "area_ha": 0.7581186722478875,
        "area_m2": 7581.186722478876,
        "class": 0,
        "count": 19
      }
    },
    {
      "type": "Feature",
      "geometry": {
        "geodesic": false,
        "type": "Polygon",
        "coordinates": [
          [
            [
              36.91716491617586,
              -1.233027558982455
            ],
            [
              36.91716491617586,
              -1.233386885096103
            ],
            [
              36.91698525311903,
              -1.233386885096103
            ],
            [
              36.91698525311903,
              -1.2339258742665746
            ],
            [
              36.917344579232676,
              -1.2339258742665746
            ],
            [
              36.917344579232676,
              -1.2341055373233987
            ],
            [
              36.91788356840315,
              -1.2341055373233987
            ],
            [
              36.91788356840315,
              -1.2342852003802225
            ],
            [
              36.918063231459975,
              -1.2342852003802225
            ],
            [
              36.918063231459975,
              -1.2346445264938704
            ],
            [
              36.9182428945168,
              -1.2346445264938704
            ],
            [
              36.9182428945168,
              -1.2344648634370463
            ],
            [
              36.91842255757362,
              -1.2344648634370463
            ],
            [
              36.91842255757362,
              -1.2339258742665746
            ],
            [
              36.9182428945168,
              -1.2339258742665746
            ],
            [
              36.9182428945168,
              -1.2337462112097508
            ],
            [
              36.918063231459975,
              -1.2337462112097508
            ],
            [
              36.918063231459975,
              -1.233566548152927
            ],
            [
              36.91788356840315,
              -1.233566548152927
            ],
            [
              36.91788356840315,
              -1.233386885096103
            ],
            [
              36.91770390534633,
              -1.233386885096103
            ],
            [
              36.91770390534633,
              -1.2332072220392791
            ],
            [
              36.9175242422895,
              -1.2332072220392791
            ],
            [
              36.9175242422895,
              -1.233027558982455
            ],
            [
              36.91716491617586,
              -1.233027558982455
            ]
          ]
        ]
      },
      "id": "+205481-6864",
      "properties": {
        "area_ha": 1.3965479197870254,
        "area_m2": 13965.479197870254,
        "class": 0,
        "count": 35
      }
    },
    {
      "type": "Feature",
      "geometry": {
        "geodesic": false,
        "type": "Polygon",
        "coordinates": [
          [
            [
              36.91716491617586,
              -1.278302649302079
            ],
            [
              36.91716491617586,
              -1.278482312358903
            ],
            [
              36.91698525311903,
              -1.278482312358903
            ],
            [
              36.91698525311903,
              -1.278661975415727
            ],
            [
              36.91644626394856,
              -1.278661975415727
            ],
            [
              36.91644626394856,
              -1.2792009645861986
            ],
            [
              36.91608693783491,
              -1.2792009645861986
            ],
            [
              36.91608693783491,
              -1.2793806276430224
            ],
            [
              36.91626660089174,
              -1.2793806276430224
            ],
            [
              36.91626660089174,
              -1.2799196168134943
            ],
            [
              36.915907274778085,
              -1.2799196168134943
            ],
            [
              36.915907274778085,
              -1.2800992798703181
            ],
            [
              36.915727611721266,
              -1.2800992798703181
            ],
            [
              36.915727611721266,
              -1.280278942927142
            ],
            [
              36.91536828560761,
              -1.280278942927142
            ],
            [
              36.91536828560761,
              -1.280458605983966
            ],
            [
              36.915188622550794,
              -1.280458605983966
            ],
            [
              36.915188622550794,
              -1.2800992798703181
            ],
            [
              36.91554794866444,
              -1.2800992798703181
            ],
            [
              36.91554794866444,
              -1.2799196168134943
            ],
            [
              36.915188622550794,
              -1.2799196168134943
            ],
            [
              36.915188622550794,
              -1.2797399537566703
            ],
            [
              36.91482929643714,
              -1.2797399537566703
            ],
            [
              36.91482929643714,
              -1.2799196168134943
            ],
            [
              36.91464963338032,
              -1.2799196168134943
            ],
            [
              36.91464963338032,
              -1.2800992798703181
            ],
            [
              36.914469970323495,
              -1.2800992798703181
            ],
            [
              36.914469970323495,
              -1.2799196168134943
            ],
            [
              36.91393098115302,
              -1.2799196168134943
            ],
            [
              36.91393098115302,
              -1.2800992798703181
            ],
            [
              36.9137513180962,
              -1.2800992798703181
            ],
            [
              36.9137513180962,
              -1.2795602906998464
            ],
            [
              36.91393098115302,
              -1.2795602906998464
            ],
            [
              36.91393098115302,
              -1.2793806276430224
            ],
            [
              36.91411064420985,
              -1.2793806276430224
            ],
            [
              36.91411064420985,
              -1.278661975415727
            ],
            [
              36.91393098115302,
              -1.278661975415727
            ],
            [
              36.91393098115302,
              -1.278482312358903
            ],
            [
              36.9137513180962,
              -1.278482312358903
            ],
            [
              36.9137513180962,
              -1.278661975415727
            ],
            [
              36.91321232892573,
              -1.278661975415727
            ],
            [
              36.91321232892573,
              -1.2788416384725507
            ],
            [
              36.913032665868904,
              -1.2788416384725507
            ],
            [
              36.913032665868904,
              -1.2792009645861986
            ],
            [
              36.91267333975526,
              -1.2792009645861986
            ],
            [
              36.91267333975526,
              -1.2795602906998464
            ],
            [
              36.91249367669843,
              -1.2795602906998464
            ],
            [
              36.91249367669843,
              -1.2797399537566703
            ],
            [
              36.91231401364161,
              -1.2797399537566703
            ],
            [
              36.91231401364161,
              -1.2800992798703181
            ],
            [
              36.912134350584786,
              -1.2800992798703181
            ],
            [
              36.912134350584786,
              -1.280278942927142
            ],
            [
              36.91249367669843,
              -1.280278942927142
            ],
            [
              36.91249367669843,
              -1.2806382690407898
            ],
            [
              36.91231401364161,
              -1.2806382690407898
            ],
            [
              36.91231401364161,
              -1.2809975951544377
            ],
            [
              36.912134350584786,
              -1.2809975951544377
            ],
            [
              36.912134350584786,
              -1.2811772582112615
            ],
            [
              36.91195468752796,
              -1.2811772582112615
            ],
            [
              36.91195468752796,
              -1.2815365843249094
            ],
            [
              36.91177502447114,
              -1.2815365843249094
            ],
            [
              36.91177502447114,
              -1.282075573495381
            ],
            [
              36.911595361414314,
              -1.282075573495381
            ],
            [
              36.911595361414314,
              -1.2822552365522049
            ],
            [
              36.91123603530067,
              -1.2822552365522049
            ],
            [
              36.91123603530067,
              -1.2826145626658527
            ],
            [
              36.910876709187015,
              -1.2826145626658527
            ],
            [
              36.910876709187015,
              -1.2827942257226768
            ],
            [
              36.910697046130196,
              -1.2827942257226768
            ],
            [
              36.910697046130196,
              -1.2831535518363244
            ],
            [
              36.91051738307337,
              -1.2831535518363244
            ],
            [
              36.91051738307337,
              -1.2833332148931484
            ],
            [
              36.910697046130196,
              -1.2833332148931484
            ],
            [
              36.910697046130196,
              -1.2836925410067963
            ],
            [
              36.910876709187015,
              -1.2836925410067963
            ],
            [
              36.910876709187015,
              -1.2838722040636201
            ],
            [
              36.91105637224384,
              -1.2838722040636201
            ],
            [
              36.91105637224384,
              -1.2844111932340918
            ],
            [
              36.910876709187015,
              -1.2844111932340918
            ],
            [
              36.910876709187015,
              -1.2845908562909156
            ],
            [
              36.91105637224384,
              -1.2845908562909156
            ],
            [
              36.91105637224384,
              -1.2847705193477397
            ],
            [
              36.910697046130196,
              -1.2847705193477397
            ],
            [
              36.910697046130196,
              -1.2845908562909156
            ],
            [
              36.91051738307337,
              -1.2845908562909156
            ],
            [
              36.91051738307337,
              -1.2849501824045635
            ],
            [
              36.91033772001655,
              -1.2849501824045635
            ],
            [
              36.91033772001655,
              -1.2851298454613875
            ],
            [
              36.9099783939029,
              -1.2851298454613875
            ],
            [
              36.9099783939029,
              -1.2854891715750352
            ],
            [
              36.90979873084608,
              -1.2854891715750352
            ],
            [
              36.90979873084608,
              -1.2860281607455069
            ],
            [
              36.90961906778925,
              -1.2860281607455069
            ],
            [
              36.90961906778925,
              -1.2863874868591547
            ],
            [
              36.909439404732424,
              -1.2863874868591547
            ],
            [
              36.909439404732424,
              -1.2867468129728026
            ],
            [
              36.909259741675605,
              -1.2867468129728026
            ],
            [
              36.909259741675605,
              -1.2871061390864504
            ],
            [
              36.90908007861878,
              -1.2871061390864504
            ],
            [
              36.90908007861878,
              -1.2876451282569221
            ],
            [
              36.90890041556195,
              -1.2876451282569221
            ],
            [
              36.90890041556195,
              -1.28800445437057
            ],
            [
              36.90872075250513,
              -1.28800445437057
            ],
            [
              36.90872075250513,
              -1.2881841174273938
            ],
            [
              36.908541089448306,
              -1.2881841174273938
            ],
            [
              36.908541089448306,
              -1.2883637804842176
            ],
            [
              36.90818176333466,
              -1.2883637804842176
            ],
            [
              36.90818176333466,
              -1.2885434435410417
            ],
            [
              36.907822437221014,
              -1.2885434435410417
            ],
            [
              36.907822437221014,
              -1.2887231065978655
            ],
            [
              36.90764277416419,
              -1.2887231065978655
            ],
            [
              36.90764277416419,
              -1.2890824327115133
            ],
            [
              36.90746311110736,
              -1.2890824327115133
            ],
            [
              36.90746311110736,
              -1.2894417588251612
            ],
            [
              36.90764277416419,
              -1.2894417588251612
            ],
            [
              36.90764277416419,
              -1.289621421881985
            ],
            [
              36.907822437221014,
              -1.289621421881985
            ],
            [
              36.907822437221014,
              -1.289980747995633
            ],
            [
              36.908002100277834,
              -1.289980747995633
            ],
            [
              36.908002100277834,
              -1.2901604110524567
            ],
            [
              36.90818176333466,
              -1.2901604110524567
            ],
            [
              36.90818176333466,
              -1.2903400741092808
            ],
            [
              36.90836142639149,
              -1.2903400741092808
            ],
            [
              36.90836142639149,
              -1.2905197371661046
            ],
            [
              36.908541089448306,
              -1.2905197371661046
            ],
            [
              36.908541089448306,
              -1.2906994002229284
            ],
            [
              36.90872075250513,
              -1.2906994002229284
            ],
            [
              36.90872075250513,
              -1.2908790632797524
            ],
            [
              36.90890041556195,
              -1.2908790632797524
            ],
            [
              36.90890041556195,
              -1.2914180524502241
            ],
            [
              36.909259741675605,
              -1.2914180524502241
            ],
            [
              36.909259741675605,
              -1.2912383893934
            ],
            [
              36.91051738307337,
              -1.2912383893934
            ],
            [
              36.91051738307337,
              -1.2910587263365763
            ],
            [
              36.910697046130196,
              -1.2910587263365763
            ],
            [
              36.910697046130196,
              -1.2906994002229284
            ],
            [
              36.910876709187015,
              -1.2906994002229284
            ],
            [
              36.910876709187015,
              -1.2905197371661046
            ],
            [
              36.91105637224384,
              -1.2905197371661046
            ],
            [
              36.91105637224384,
              -1.289980747995633
            ],
            [
              36.91141569835749,
              -1.289980747995633
            ],
            [
              36.91141569835749,
              -1.2898010849388089
            ],
            [
              36.911595361414314,
              -1.2898010849388089
            ],
            [
              36.911595361414314,
              -1.289980747995633
            ],
            [
              36.912134350584786,
              -1.289980747995633
            ],
            [
              36.912134350584786,
              -1.2901604110524567
            ],
            [
              36.91231401364161,
              -1.2901604110524567
            ],
            [
              36.91231401364161,
              -1.289980747995633
            ],
            [
              36.91249367669843,
              -1.289980747995633
            ],
            [
              36.91249367669843,
              -1.2901604110524567
            ],
            [
              36.914469970323495,
              -1.2901604110524567
            ],
            [
              36.914469970323495,
              -1.289980747995633
            ],
            [
              36.91482929643714,
              -1.289980747995633
            ],
            [
              36.91482929643714,
              -1.2898010849388089
            ],
            [
              36.91500895949397,
              -1.2898010849388089
            ],
            [
              36.91500895949397,
              -1.2890824327115133
            ],
            [
              36.91482929643714,
              -1.2890824327115133
            ],
            [
              36.91482929643714,
              -1.2889027696546895
            ],
            [
              36.91464963338032,
              -1.2889027696546895
            ],
            [
              36.91464963338032,
              -1.2883637804842176
            ],
            [
              36.914469970323495,
              -1.2883637804842176
            ],
            [
              36.914469970323495,
              -1.2881841174273938
            ],
            [
              36.914290307266675,
              -1.2881841174273938
            ],
            [
              36.914290307266675,
              -1.2872858021432743
            ],
            [
              36.914469970323495,
              -1.2872858021432743
            ],
            [
              36.914469970323495,
              -1.2871061390864504
            ],
            [
              36.91464963338032,
              -1.2871061390864504
            ],
            [
              36.91464963338032,
              -1.2869264760296264
            ],
            [
              36.91482929643714,
              -1.2869264760296264
            ],
            [
              36.91482929643714,
              -1.2867468129728026
            ],
            [
              36.915188622550794,
              -1.2867468129728026
            ],
            [
              36.915188622550794,
              -1.2865671499159788
            ],
            [
              36.91554794866444,
              -1.2865671499159788
            ],
            [
              36.91554794866444,
              -1.2863874868591547
            ],
            [
              36.915907274778085,
              -1.2863874868591547
            ],
            [
              36.915907274778085,
              -1.286207823802331
            ],
            [
              36.91608693783491,
              -1.286207823802331
            ],
            [
              36.91608693783491,
              -1.2860281607455069
            ],
            [
              36.91626660089174,
              -1.2860281607455069
            ],
            [
              36.91626660089174,
              -1.2856688346318592
            ],
            [
              36.91644626394856,
              -1.2856688346318592
            ],
            [
              36.91644626394856,
              -1.2853095085182114
            ],
            [
              36.916625927005384,
              -1.2853095085182114
            ],
            [
              36.916625927005384,
              -1.2849501824045635
            ],
            [
              36.916805590062204,
              -1.2849501824045635
            ],
            [
              36.916805590062204,
              -1.2847705193477397
            ],
            [
              36.91698525311903,
              -1.2847705193477397
            ],
            [
              36.91698525311903,
              -1.2845908562909156
            ],
            [
              36.91716491617586,
              -1.2845908562909156
            ],
            [
              36.91716491617586,
              -1.284051867120444
            ],
            [
              36.917344579232676,
              -1.284051867120444
            ],
            [
              36.917344579232676,
              -1.2836925410067963
            ],
            [
              36.9175242422895,
              -1.2836925410067963
            ],
            [
              36.9175242422895,
              -1.2831535518363244
            ],
            [
              36.91770390534633,
              -1.2831535518363244
            ],
            [
              36.91770390534633,
              -1.2829738887795006
            ],
            [
              36.91788356840315,
              -1.2829738887795006
            ],
            [
              36.91788356840315,
              -1.2827942257226768
            ],
            [
              36.918063231459975,
              -1.2827942257226768
            ],
            [
              36.918063231459975,
              -1.282075573495381
            ],
            [
              36.91788356840315,
              -1.282075573495381
            ],
            [
              36.91788356840315,
              -1.2818959104385572
            ],
            [
              36.91770390534633,
              -1.2818959104385572
            ],
            [
              36.91770390534633,
              -1.2817162473817332
            ],
            [
              36.9175242422895,
              -1.2817162473817332
            ],
            [
              36.9175242422895,
              -1.2815365843249094
            ],
            [
              36.917344579232676,
              -1.2815365843249094
            ],
            [
              36.917344579232676,
              -1.2809975951544377
            ],
            [
              36.91716491617586,
              -1.2809975951544377
            ],
            [
              36.91716491617586,
              -1.2808179320976136
            ],
            [
              36.917344579232676,
              -1.2808179320976136
            ],
            [
              36.917344579232676,
              -1.280278942927142
            ],
            [
              36.9175242422895,
              -1.280278942927142
            ],
            [
              36.9175242422895,
              -1.2795602906998464
            ],
            [
              36.91770390534633,
              -1.2795602906998464
            ],
            [
              36.91770390534633,
              -1.2792009645861986
            ],
            [
              36.9175242422895,
              -1.2792009645861986
            ],
            [
              36.9175242422895,
              -1.278302649302079
            ],
            [
              36.91716491617586,
              -1.278302649302079
            ]
          ],
          [
            [
              36.91321232892573,
              -1.2851298454613875
            ],
            [
              36.913032665868904,
              -1.2851298454613875
            ],
            [
              36.913032665868904,
              -1.2853095085182114
            ],
            [
              36.91267333975526,
              -1.2853095085182114
            ],
            [
              36.91267333975526,
              -1.2854891715750352
            ],
            [
              36.91249367669843,
              -1.2854891715750352
            ],
            [
              36.91249367669843,
              -1.2856688346318592
            ],
            [
              36.91231401364161,
              -1.2856688346318592
            ],
            [
              36.91231401364161,
              -1.286207823802331
            ],
            [
              36.91249367669843,
              -1.286207823802331
            ],
            [
              36.91249367669843,
              -1.2863874868591547
            ],
            [
              36.913032665868904,
              -1.2863874868591547
            ],
            [
              36.913032665868904,
              -1.2865671499159788
            ],
            [
              36.91393098115302,
              -1.2865671499159788
            ],
            [
              36.91393098115302,
              -1.2863874868591547
            ],
            [
              36.91411064420985,
              -1.2863874868591547
            ],
            [
              36.91411064420985,
              -1.286207823802331
            ],
            [
              36.914290307266675,
              -1.286207823802331
            ],
            [
              36.914290307266675,
              -1.2860281607455069
            ],
            [
              36.914469970323495,
              -1.2860281607455069
            ],
            [
              36.914469970323495,
              -1.285848497688683
            ],
            [
              36.914290307266675,
              -1.285848497688683
            ],
            [
              36.914290307266675,
              -1.2854891715750352
            ],
            [
              36.91393098115302,
              -1.2854891715750352
            ],
            [
              36.91393098115302,
              -1.2853095085182114
            ],
            [
              36.91321232892573,
              -1.2853095085182114
            ],
            [
              36.91321232892573,
              -1.2851298454613875
            ]
          ],
          [
            [
              36.91321232892573,
              -1.2831535518363244
            ],
            [
              36.913032665868904,
              -1.2831535518363244
            ],
            [
              36.913032665868904,
              -1.2833332148931484
            ],
            [
              36.91321232892573,
              -1.2833332148931484
            ],
            [
              36.91321232892573,
              -1.2831535518363244
            ]
          ],
          [
            [
              36.91357165503938,
              -1.2829738887795006
            ],
            [
              36.91339199198255,
              -1.2829738887795006
            ],
            [
              36.91339199198255,
              -1.2833332148931484
            ],
            [
              36.91357165503938,
              -1.2833332148931484
            ],
            [
              36.91357165503938,
              -1.2829738887795006
            ]
          ],
          [
            [
              36.916805590062204,
              -1.2809975951544377
            ],
            [
              36.916625927005384,
              -1.2809975951544377
            ],
            [
              36.916625927005384,
              -1.2811772582112615
            ],
            [
              36.91644626394856,
              -1.2811772582112615
            ],
            [
              36.91644626394856,
              -1.2809975951544377
            ],
            [
              36.91626660089174,
              -1.2809975951544377
            ],
            [
              36.91626660089174,
              -1.2815365843249094
            ],
            [
              36.91608693783491,
              -1.2815365843249094
            ],
            [
              36.91608693783491,
              -1.2817162473817332
            ],
            [
              36.91626660089174,
              -1.2817162473817332
            ],
            [
              36.91626660089174,
              -1.282075573495381
            ],
            [
              36.916625927005384,
              -1.282075573495381
            ],
            [
              36.916625927005384,
              -1.282434899609029
            ],
            [
              36.916805590062204,
              -1.282434899609029
            ],
            [
              36.916805590062204,
              -1.2822552365522049
            ],
            [
              36.91698525311903,
              -1.2822552365522049
            ],
            [
              36.91698525311903,
              -1.282075573495381
            ],
            [
              36.916805590062204,
              -1.282075573495381
            ],
            [
              36.916805590062204,
              -1.2809975951544377
            ]
          ],
          [
            [
              36.91393098115302,
              -1.278661975415727
            ],
            [
              36.9137513180962,
              -1.278661975415727
            ],
            [
              36.9137513180962,
              -1.2788416384725507
            ],
            [
              36.91393098115302,
              -1.2788416384725507
            ],
            [
              36.91393098115302,
              -1.278661975415727
            ]
          ]
        ]
      },
      "id": "+205481-7116",
      "properties": {
        "area_ha": 81.31738863077678,
        "area_m2": 813173.8863077678,
        "class": 0,
        "count": 2038
      }
    },
    {
      "type": "Feature",
      "geometry": {
        "geodesic": false,
        "type": "Polygon",
        "coordinates": [
          [
            [
              36.91788356840315,
              -1.2535091474603803
            ],
            [
              36.91788356840315,
              -1.2536888105172042
            ],
            [
              36.91770390534633,
              -1.2536888105172042
            ],
            [
              36.91770390534633,
              -1.253868473574028
            ],
            [
              36.9175242422895,
              -1.253868473574028
            ],
            [
              36.9175242422895,
              -1.254048136630852
            ],
            [
              36.91770390534633,
              -1.254048136630852
            ],
            [
              36.91770390534633,
              -1.2544074627444999
            ],
            [
              36.9175242422895,
              -1.2544074627444999
            ],
            [
              36.9175242422895,
              -1.2545871258013237
            ],
            [
              36.917344579232676,
              -1.2545871258013237
            ],
            [
              36.917344579232676,
              -1.2549464519149716
            ],
            [
              36.91716491617586,
              -1.2549464519149716
            ],
            [
              36.91716491617586,
              -1.2551261149717954
            ],
            [
              36.9175242422895,
              -1.2551261149717954
            ],
            [
              36.9175242422895,
              -1.2549464519149716
            ],
            [
              36.91770390534633,
              -1.2549464519149716
            ],
            [
              36.91770390534633,
              -1.2551261149717954
            ],
            [
              36.91788356840315,
              -1.2551261149717954
            ],
            [
              36.91788356840315,
              -1.2547667888581475
            ],
            [
              36.918063231459975,
              -1.2547667888581475
            ],
            [
              36.918063231459975,
              -1.2545871258013237
            ],
            [
              36.9182428945168,
              -1.2545871258013237
            ],
            [
              36.9182428945168,
              -1.2544074627444999
            ],
            [
              36.918063231459975,
              -1.2544074627444999
            ],
            [
              36.918063231459975,
              -1.254048136630852
            ],
            [
              36.9182428945168,
              -1.254048136630852
            ],
            [
              36.9182428945168,
              -1.2536888105172042
            ],
            [
              36.918063231459975,
              -1.2536888105172042
            ],
            [
              36.918063231459975,
              -1.2535091474603803
            ],
            [
              36.91788356840315,
              -1.2535091474603803
            ]
          ]
        ]
      },
      "id": "+205484-6978",
      "properties": {
        "area_ha": 1.0374274918385273,
        "area_m2": 10374.274918385274,
        "class": 0,
        "count": 26
      }
    },
    {
      "type": "Feature",
      "geometry": {
        "geodesic": false,
        "type": "Polygon",
        "coordinates": [
          [
            [
              36.91896154674409,
              -1.2524311691194367
            ],
            [
              36.91896154674409,
              -1.2526108321762608
            ],
            [
              36.91878188368727,
              -1.2526108321762608
            ],
            [
              36.91878188368727,
              -1.2527904952330846
            ],
            [
              36.91914120980092,
              -1.2527904952330846
            ],
            [
              36.91914120980092,
              -1.2531498213467325
            ],
            [
              36.91896154674409,
              -1.2531498213467325
            ],
            [
              36.91896154674409,
              -1.2533294844035563
            ],
            [
              36.91914120980092,
              -1.2533294844035563
            ],
            [
              36.91914120980092,
              -1.2535091474603803
            ],
            [
              36.919500535914565,
              -1.2535091474603803
            ],
            [
              36.919500535914565,
              -1.2533294844035563
            ],
            [
              36.91968019897139,
              -1.2533294844035563
            ],
            [
              36.91968019897139,
              -1.2531498213467325
            ],
            [
              36.919500535914565,
              -1.2531498213467325
            ],
            [
              36.919500535914565,
              -1.2527904952330846
            ],
            [
              36.91932087285774,
              -1.2527904952330846
            ],
            [
              36.91932087285774,
              -1.2526108321762608
            ],
            [
              36.91914120980092,
              -1.2526108321762608
            ],
            [
              36.91914120980092,
              -1.2524311691194367
            ],
            [
              36.91896154674409,
              -1.2524311691194367
            ]
          ]
        ]
      },
      "id": "+205490-6972",
      "properties": {
        "area_ha": 0.5586150966003601,
        "area_m2": 5586.150966003602,
        "class": 0,
        "count": 14
      }
    },
    {
      "type": "Feature",
      "geometry": {
        "geodesic": false,
        "type": "Polygon",
        "coordinates": [
          [
            [
              36.91968019897139,
              -1.2554854410854432
            ],
            [
              36.91968019897139,
              -1.255665104142267
            ],
            [
              36.919500535914565,
              -1.255665104142267
            ],
            [
              36.919500535914565,
              -1.255844767199091
            ],
            [
              36.91932087285774,
              -1.255844767199091
            ],
            [
              36.91932087285774,
              -1.256024430255915
            ],
            [
              36.91896154674409,
              -1.256024430255915
            ],
            [
              36.91896154674409,
              -1.2563837563695628
            ],
            [
              36.91878188368727,
              -1.2563837563695628
            ],
            [
              36.91878188368727,
              -1.2565634194263866
            ],
            [
              36.91860222063045,
              -1.2565634194263866
            ],
            [
              36.91860222063045,
              -1.256024430255915
            ],
            [
              36.9182428945168,
              -1.256024430255915
            ],
            [
              36.9182428945168,
              -1.255844767199091
            ],
            [
              36.918063231459975,
              -1.255844767199091
            ],
            [
              36.918063231459975,
              -1.256024430255915
            ],
            [
              36.91788356840315,
              -1.256024430255915
            ],
            [
              36.91788356840315,
              -1.2562040933127387
            ],
            [
              36.91770390534633,
              -1.2562040933127387
            ],
            [
              36.91770390534633,
              -1.2563837563695628
            ],
            [
              36.918063231459975,
              -1.2563837563695628
            ],
            [
              36.918063231459975,
              -1.2567430824832106
            ],
            [
              36.9182428945168,
              -1.2567430824832106
            ],
            [
              36.9182428945168,
              -1.2572820716536823
            ],
            [
              36.91842255757362,
              -1.2572820716536823
            ],
            [
              36.91842255757362,
              -1.2574617347105062
            ],
            [
              36.91860222063045,
              -1.2574617347105062
            ],
            [
              36.91860222063045,
              -1.2572820716536823
            ],
            [
              36.91842255757362,
              -1.2572820716536823
            ],
            [
              36.91842255757362,
              -1.2571024085968583
            ],
            [
              36.91860222063045,
              -1.2571024085968583
            ],
            [
              36.91860222063045,
              -1.2567430824832106
            ],
            [
              36.91896154674409,
              -1.2567430824832106
            ],
            [
              36.91896154674409,
              -1.2569227455400345
            ],
            [
              36.91932087285774,
              -1.2569227455400345
            ],
            [
              36.91932087285774,
              -1.2571024085968583
            ],
            [
              36.91968019897139,
              -1.2571024085968583
            ],
            [
              36.91968019897139,
              -1.2569227455400345
            ],
            [
              36.91985986202821,
              -1.2569227455400345
            ],
            [
              36.91985986202821,
              -1.2567430824832106
            ],
            [
              36.92003952508504,
              -1.2567430824832106
            ],
            [
              36.92003952508504,
              -1.2565634194263866
            ],
            [
              36.920219188141864,
              -1.2565634194263866
            ],
            [
              36.920219188141864,
              -1.2562040933127387
            ],
            [
              36.92003952508504,
              -1.2562040933127387
            ],
            [
              36.92003952508504,
              -1.255844767199091
            ],
            [
              36.91985986202821,
              -1.255844767199091
            ],
            [
              36.91985986202821,
              -1.2554854410854432
            ],
            [
              36.91968019897139,
              -1.2554854410854432
            ]
          ]
        ]
      },
      "id": "+205494-6989",
      "properties": {
        "area_ha": 2.593566697180469,
        "area_m2": 25935.66697180469,
        "class": 0,
        "count": 65
      }
    },
    {
      "type": "Feature",
      "geometry": {
        "geodesic": false,
        "type": "Polygon",
        "coordinates": [
          [
            [
              36.91985986202821,
              -1.267163539778997
            ],
            [
              36.91985986202821,
              -1.267343202835821
            ],
            [
              36.919500535914565,
              -1.267343202835821
            ],
            [
              36.919500535914565,
              -1.2675228658926447
            ],
            [
              36.91932087285774,
              -1.2675228658926447
            ],
            [
              36.91932087285774,
              -1.2677025289494688
            ],
            [
              36.919500535914565,
              -1.2677025289494688
            ],
            [
              36.919500535914565,
              -1.2678821920062926
            ],
            [
              36.91968019897139,
              -1.2678821920062926
            ],
            [
              36.91968019897139,
              -1.2680618550631164
            ],
            [
              36.919500535914565,
              -1.2680618550631164
            ],
            [
              36.919500535914565,
              -1.2682415181199405
            ],
            [
              36.91968019897139,
              -1.2682415181199405
            ],
            [
              36.91968019897139,
              -1.2680618550631164
            ],
            [
              36.91985986202821,
              -1.2680618550631164
            ],
            [
              36.91985986202821,
              -1.2684211811767643
            ],
            [
              36.92075817731233,
              -1.2684211811767643
            ],
            [
              36.92075817731233,
              -1.2682415181199405
            ],
            [
              36.920398851198684,
              -1.2682415181199405
            ],
            [
              36.920398851198684,
              -1.2680618550631164
            ],
            [
              36.92075817731233,
              -1.2680618550631164
            ],
            [
              36.92075817731233,
              -1.2678821920062926
            ],
            [
              36.92057851425551,
              -1.2678821920062926
            ],
            [
              36.92057851425551,
              -1.2677025289494688
            ],
            [
              36.920398851198684,
              -1.2677025289494688
            ],
            [
              36.920398851198684,
              -1.267343202835821
            ],
            [
              36.920219188141864,
              -1.267343202835821
            ],
            [
              36.920219188141864,
              -1.267163539778997
            ],
            [
              36.91985986202821,
              -1.267163539778997
            ]
          ]
        ]
      },
      "id": "+205496-7054",
      "properties": {
        "area_ha": 1.3566289671544014,
        "area_m2": 13566.289671544013,
        "class": 0,
        "count": 34
      }
    },
    {
      "type": "Feature",
      "geometry": {
        "geodesic": false,
        "type": "Polygon",
        "coordinates": [
          [
            [
              36.92003952508504,
              -1.2756077034497204
            ],
            [
              36.92003952508504,
              -1.2757873665065445
            ],
            [
              36.91985986202821,
              -1.2757873665065445
            ],
            [
              36.91985986202821,
              -1.2761466926201923
            ],
            [
              36.91932087285774,
              -1.2761466926201923
            ],
            [
              36.91932087285774,
              -1.276685681790664
            ],
            [
              36.919500535914565,
              -1.276685681790664
            ],
            [
              36.919500535914565,
              -1.27650601873384
            ],
            [
              36.91968019897139,
              -1.27650601873384
            ],
            [
              36.91968019897139,
              -1.276685681790664
            ],
            [
              36.92075817731233,
              -1.276685681790664
            ],
            [
              36.92075817731233,
              -1.2763263556770161
            ],
            [
              36.920398851198684,
              -1.2763263556770161
            ],
            [
              36.920398851198684,
              -1.2761466926201923
            ],
            [
              36.920219188141864,
              -1.2761466926201923
            ],
            [
              36.920219188141864,
              -1.2756077034497204
            ],
            [
              36.92003952508504,
              -1.2756077034497204
            ]
          ]
        ]
      },
      "id": "+205496-7101",
      "properties": {
        "area_ha": 1.037418757776512,
        "area_m2": 10374.187577765118,
        "class": 0,
        "count": 26
      }
    },
    {
      "type": "Feature",
      "geometry": {
        "geodesic": false,
        "type": "Polygon",
        "coordinates": [
          [
            [
              36.920219188141864,
              -1.2587193761082736
            ],
            [
              36.920219188141864,
              -1.2588990391650974
            ],
            [
              36.92003952508504,
              -1.2588990391650974
            ],
            [
              36.92003952508504,
              -1.2592583652787452
            ],
            [
              36.91968019897139,
              -1.2592583652787452
            ],
            [
              36.91968019897139,
              -1.2588990391650974
            ],
            [
              36.919500535914565,
              -1.2588990391650974
            ],
            [
              36.919500535914565,
              -1.2590787022219214
            ],
            [
              36.91914120980092,
              -1.2590787022219214
            ],
            [
              36.91914120980092,
              -1.2588990391650974
            ],
            [
              36.91896154674409,
              -1.2588990391650974
            ],
            [
              36.91896154674409,
              -1.2590787022219214
            ],
            [
              36.91914120980092,
              -1.2590787022219214
            ],
            [
              36.91914120980092,
              -1.2592583652787452
            ],
            [
              36.91932087285774,
              -1.2592583652787452
            ],
            [
              36.91932087285774,
              -1.259438028335569
            ],
            [
              36.91968019897139,
              -1.259438028335569
            ],
            [
              36.91968019897139,
              -1.259617691392393
            ],
            [
              36.91985986202821,
              -1.259617691392393
            ],
            [
              36.91985986202821,
              -1.2601566805628648
            ],
            [
              36.920219188141864,
              -1.2601566805628648
            ],
            [
              36.920219188141864,
              -1.2605160066765126
            ],
            [
              36.92111750342598,
              -1.2605160066765126
            ],
            [
              36.92111750342598,
              -1.2603363436196886
            ],
            [
              36.920937840369156,
              -1.2603363436196886
            ],
            [
              36.920937840369156,
              -1.2601566805628648
            ],
            [
              36.92075817731233,
              -1.2601566805628648
            ],
            [
              36.92075817731233,
              -1.259617691392393
            ],
            [
              36.920398851198684,
              -1.259617691392393
            ],
            [
              36.920398851198684,
              -1.259797354449217
            ],
            [
              36.920219188141864,
              -1.259797354449217
            ],
            [
              36.920219188141864,
              -1.259438028335569
            ],
            [
              36.92003952508504,
              -1.259438028335569
            ],
            [
              36.92003952508504,
              -1.2592583652787452
            ],
            [
              36.920398851198684,
              -1.2592583652787452
            ],
            [
              36.920398851198684,
              -1.2587193761082736
            ],
            [
              36.920219188141864,
              -1.2587193761082736
            ]
          ]
        ]
      },
      "id": "+205497-7007",
      "properties": {
        "area_ha": 1.5960390688230985,
        "area_m2": 15960.390688230986,
        "class": 0,
        "count": 40
      }
    },
    {
      "type": "Feature",
      "geometry": {
        "geodesic": false,
        "type": "Polygon",
        "coordinates": [
          [
            [
              36.92057851425551,
              -1.2659058983812297
            ],
            [
              36.92057851425551,
              -1.2660855614380535
            ],
            [
              36.920398851198684,
              -1.2660855614380535
            ],
            [
              36.920398851198684,
              -1.2662652244948776
            ],
            [
              36.92057851425551,
              -1.2662652244948776
            ],
            [
              36.92057851425551,
              -1.2664448875517014
            ],
            [
              36.92075817731233,
              -1.2664448875517014
            ],
            [
              36.92075817731233,
              -1.2668042136653492
            ],
            [
              36.9212971664828,
              -1.2668042136653492
            ],
            [
              36.9212971664828,
              -1.2666245506085252
            ],
            [
              36.921836155653274,
              -1.2666245506085252
            ],
            [
              36.921836155653274,
              -1.2664448875517014
            ],
            [
              36.9220158187101,
              -1.2664448875517014
            ],
            [
              36.9220158187101,
              -1.2662652244948776
            ],
            [
              36.921836155653274,
              -1.2662652244948776
            ],
            [
              36.921836155653274,
              -1.2664448875517014
            ],
            [
              36.92147682953963,
              -1.2664448875517014
            ],
            [
              36.92147682953963,
              -1.2662652244948776
            ],
            [
              36.9212971664828,
              -1.2662652244948776
            ],
            [
              36.9212971664828,
              -1.2660855614380535
            ],
            [
              36.92111750342598,
              -1.2660855614380535
            ],
            [
              36.92111750342598,
              -1.2659058983812297
            ],
            [
              36.92057851425551,
              -1.2659058983812297
            ]
          ]
        ]
      },
      "id": "+205501-7047",
      "properties": {
        "area_ha": 0.9177201022700848,
        "area_m2": 9177.201022700849,
        "class": 0,
        "count": 23
      }
    },
    {
      "type": "Feature",
      "geometry": {
        "geodesic": false,
        "type": "Polygon",
        "coordinates": [
          [
            [
              36.92147682953963,
              -1.263210952528871
            ],
            [
              36.92147682953963,
              -1.263390615585695
            ],
            [
              36.9212971664828,
              -1.263390615585695
            ],
            [
              36.9212971664828,
              -1.2637499416993427
            ],
            [
              36.92111750342598,
              -1.2637499416993427
            ],
            [
              36.92111750342598,
              -1.2639296047561668
            ],
            [
              36.9212971664828,
              -1.2639296047561668
            ],
            [
              36.9212971664828,
              -1.2641092678129906
            ],
            [
              36.92111750342598,
              -1.2641092678129906
            ],
            [
              36.92111750342598,
              -1.2642889308698146
            ],
            [
              36.920937840369156,
              -1.2642889308698146
            ],
            [
              36.920937840369156,
              -1.2648279200402863
            ],
            [
              36.92111750342598,
              -1.2648279200402863
            ],
            [
              36.92111750342598,
              -1.2646482569834623
            ],
            [
              36.9212971664828,
              -1.2646482569834623
            ],
            [
              36.9212971664828,
              -1.2650075830971101
            ],
            [
              36.92147682953963,
              -1.2650075830971101
            ],
            [
              36.92147682953963,
              -1.2648279200402863
            ],
            [
              36.921656492596455,
              -1.2648279200402863
            ],
            [
              36.921656492596455,
              -1.2639296047561668
            ],
            [
              36.92147682953963,
              -1.2639296047561668
            ],
            [
              36.92147682953963,
              -1.2637499416993427
            ],
            [
              36.921656492596455,
              -1.2637499416993427
            ],
            [
              36.921656492596455,
              -1.263390615585695
            ],
            [
              36.921836155653274,
              -1.263390615585695
            ],
            [
              36.921836155653274,
              -1.263210952528871
            ],
            [
              36.92147682953963,
              -1.263210952528871
            ]
          ],
          [
            [
              36.92147682953963,
              -1.2644685939266385
            ],
            [
              36.9212971664828,
              -1.2644685939266385
            ],
            [
              36.9212971664828,
              -1.2646482569834623
            ],
            [
              36.92147682953963,
              -1.2646482569834623
            ],
            [
              36.92147682953963,
              -1.2644685939266385
            ]
          ]
        ]
      },
      "id": "+205505-7032",
      "properties": {
        "area_ha": 0.9576217886465079,
        "area_m2": 9576.21788646508,
        "class": 0,
        "count": 24
      }
    },
    {
      "type": "Feature",
      "geometry": {
        "geodesic": false,
        "type": "Polygon",
        "coordinates": [
          [
            [
              36.92345312316469,
              -1.2542277996876758
            ],
            [
              36.92345312316469,
              -1.2544074627444999
            ],
            [
              36.923273460107865,
              -1.2544074627444999
            ],
            [
              36.923273460107865,
              -1.2542277996876758
            ],
            [
              36.923093797051045,
              -1.2542277996876758
            ],
            [
              36.923093797051045,
              -1.2544074627444999
            ],
            [
              36.92291413399422,
              -1.2544074627444999
            ],
            [
              36.92291413399422,
              -1.2545871258013237
            ],
            [
              36.92237514482375,
              -1.2545871258013237
            ],
            [
              36.92237514482375,
              -1.2544074627444999
            ],
            [
              36.92219548176693,
              -1.2544074627444999
            ],
            [
              36.92219548176693,
              -1.2545871258013237
            ],
            [
              36.921836155653274,
              -1.2545871258013237
            ],
            [
              36.921836155653274,
              -1.2547667888581475
            ],
            [
              36.921656492596455,
              -1.2547667888581475
            ],
            [
              36.921656492596455,
              -1.2549464519149716
            ],
            [
              36.9212971664828,
              -1.2549464519149716
            ],
            [
              36.9212971664828,
              -1.2551261149717954
            ],
            [
              36.92111750342598,
              -1.2551261149717954
            ],
            [
              36.92111750342598,
              -1.256024430255915
            ],
            [
              36.9220158187101,
              -1.256024430255915
            ],
            [
              36.9220158187101,
              -1.2562040933127387
            ],
            [
              36.921836155653274,
              -1.2562040933127387
            ],
            [
              36.921836155653274,
              -1.2563837563695628
            ],
            [
              36.9220158187101,
              -1.2563837563695628
            ],
            [
              36.9220158187101,
              -1.2565634194263866
            ],
            [
              36.92237514482375,
              -1.2565634194263866
            ],
            [
              36.92237514482375,
              -1.2569227455400345
            ],
            [
              36.92219548176693,
              -1.2569227455400345
            ],
            [
              36.92219548176693,
              -1.2571024085968583
            ],
            [
              36.92237514482375,
              -1.2571024085968583
            ],
            [
              36.92237514482375,
              -1.2572820716536823
            ],
            [
              36.92255480788057,
              -1.2572820716536823
            ],
            [
              36.92255480788057,
              -1.2565634194263866
            ],
            [
              36.92237514482375,
              -1.2565634194263866
            ],
            [
              36.92237514482375,
              -1.2563837563695628
            ],
            [
              36.92273447093739,
              -1.2563837563695628
            ],
            [
              36.92273447093739,
              -1.2562040933127387
            ],
            [
              36.92255480788057,
              -1.2562040933127387
            ],
            [
              36.92255480788057,
              -1.255844767199091
            ],
            [
              36.92273447093739,
              -1.255844767199091
            ],
            [
              36.92273447093739,
              -1.2551261149717954
            ],
            [
              36.92291413399422,
              -1.2551261149717954
            ],
            [
              36.92291413399422,
              -1.2553057780286194
            ],
            [
              36.92345312316469,
              -1.2553057780286194
            ],
            [
              36.92345312316469,
              -1.2554854410854432
            ],
            [
              36.92363278622152,
              -1.2554854410854432
            ],
            [
              36.92363278622152,
              -1.2553057780286194
            ],
            [
              36.92381244927834,
              -1.2553057780286194
            ],
            [
              36.92381244927834,
              -1.255844767199091
            ],
            [
              36.92399211233516,
              -1.255844767199091
            ],
            [
              36.92399211233516,
              -1.2563837563695628
            ],
            [
              36.924531101505636,
              -1.2563837563695628
            ],
            [
              36.924531101505636,
              -1.256024430255915
            ],
            [
              36.92471076456246,
              -1.256024430255915
            ],
            [
              36.92471076456246,
              -1.2563837563695628
            ],
            [
              36.92489042761928,
              -1.2563837563695628
            ],
            [
              36.92489042761928,
              -1.2565634194263866
            ],
            [
              36.92507009067611,
              -1.2565634194263866
            ],
            [
              36.92507009067611,
              -1.2567430824832106
            ],
            [
              36.92524975373293,
              -1.2567430824832106
            ],
            [
              36.92524975373293,
              -1.2565634194263866
            ],
            [
              36.92507009067611,
              -1.2565634194263866
            ],
            [
              36.92507009067611,
              -1.2563837563695628
            ],
            [
              36.92524975373293,
              -1.2563837563695628
            ],
            [
              36.92524975373293,
              -1.2562040933127387
            ],
            [
              36.92507009067611,
              -1.2562040933127387
            ],
            [
              36.92507009067611,
              -1.256024430255915
            ],
            [
              36.92524975373293,
              -1.256024430255915
            ],
            [
              36.92524975373293,
              -1.255844767199091
            ],
            [
              36.925429416789754,
              -1.255844767199091
            ],
            [
              36.925429416789754,
              -1.255665104142267
            ],
            [
              36.9257887429034,
              -1.255665104142267
            ],
            [
              36.9257887429034,
              -1.2554854410854432
            ],
            [
              36.92596840596023,
              -1.2554854410854432
            ],
            [
              36.92596840596023,
              -1.2553057780286194
            ],
            [
              36.92614806901705,
              -1.2553057780286194
            ],
            [
              36.92614806901705,
              -1.2551261149717954
            ],
            [
              36.92596840596023,
              -1.2551261149717954
            ],
            [
              36.92596840596023,
              -1.2553057780286194
            ],
            [
              36.92560907984658,
              -1.2553057780286194
            ],
            [
              36.92560907984658,
              -1.2551261149717954
            ],
            [
              36.9257887429034,
              -1.2551261149717954
            ],
            [
              36.9257887429034,
              -1.2549464519149716
            ],
            [
              36.92507009067611,
              -1.2549464519149716
            ],
            [
              36.92507009067611,
              -1.2553057780286194
            ],
            [
              36.92489042761928,
              -1.2553057780286194
            ],
            [
              36.92489042761928,
              -1.2551261149717954
            ],
            [
              36.92471076456246,
              -1.2551261149717954
            ],
            [
              36.92471076456246,
              -1.2553057780286194
            ],
            [
              36.92435143844881,
              -1.2553057780286194
            ],
            [
              36.92435143844881,
              -1.2554854410854432
            ],
            [
              36.92417177539199,
              -1.2554854410854432
            ],
            [
              36.92417177539199,
              -1.2549464519149716
            ],
            [
              36.92381244927834,
              -1.2549464519149716
            ],
            [
              36.92381244927834,
              -1.2545871258013237
            ],
            [
              36.92363278622152,
              -1.2545871258013237
            ],
            [
              36.92363278622152,
              -1.2542277996876758
            ],
            [
              36.92345312316469,
              -1.2542277996876758
            ]
          ],
          [
            [
              36.923093797051045,
              -1.2549464519149716
            ],
            [
              36.92291413399422,
              -1.2549464519149716
            ],
            [
              36.92291413399422,
              -1.2551261149717954
            ],
            [
              36.923093797051045,
              -1.2551261149717954
            ],
            [
              36.923093797051045,
              -1.2549464519149716
            ]
          ]
        ]
      },
      "id": "+205515-6982",
      "properties": {
        "area_ha": 6.8629790100305375,
        "area_m2": 68629.79010030537,
        "class": 0,
        "count": 172
      }
    },
    {
      "type": "Feature",
      "geometry": {
        "geodesic": false,
        "type": "Polygon",
        "coordinates": [
          [
            [
              36.92345312316469,
              -1.2666245506085252
            ],
            [
              36.92345312316469,
              -1.2668042136653492
            ],
            [
              36.923273460107865,
              -1.2668042136653492
            ],
            [
              36.923273460107865,
              -1.2666245506085252
            ],
            [
              36.923093797051045,
              -1.2666245506085252
            ],
            [
              36.923093797051045,
              -1.2668042136653492
            ],
            [
              36.92273447093739,
              -1.2668042136653492
            ],
            [
              36.92273447093739,
              -1.266983876722173
            ],
            [
              36.92291413399422,
              -1.266983876722173
            ],
            [
              36.92291413399422,
              -1.2675228658926447
            ],
            [
              36.923093797051045,
              -1.2675228658926447
            ],
            [
              36.923093797051045,
              -1.2680618550631164
            ],
            [
              36.923273460107865,
              -1.2680618550631164
            ],
            [
              36.923273460107865,
              -1.2682415181199405
            ],
            [
              36.92363278622152,
              -1.2682415181199405
            ],
            [
              36.92363278622152,
              -1.2684211811767643
            ],
            [
              36.92399211233516,
              -1.2684211811767643
            ],
            [
              36.92399211233516,
              -1.2677025289494688
            ],
            [
              36.92417177539199,
              -1.2677025289494688
            ],
            [
              36.92417177539199,
              -1.267163539778997
            ],
            [
              36.92435143844881,
              -1.267163539778997
            ],
            [
              36.92435143844881,
              -1.266983876722173
            ],
            [
              36.92399211233516,
              -1.266983876722173
            ],
            [
              36.92399211233516,
              -1.2668042136653492
            ],
            [
              36.92363278622152,
              -1.2668042136653492
            ],
            [
              36.92363278622152,
              -1.2666245506085252
            ],
            [
              36.92345312316469,
              -1.2666245506085252
            ]
          ]
        ]
      },
      "id": "+205515-7051",
      "properties": {
        "area_ha": 2.1147454244882415,
        "area_m2": 21147.454244882414,
        "class": 0,
        "count": 53
      }
    },
    {
      "type": "Feature",
      "geometry": {
        "geodesic": false,
        "type": "Polygon",
        "coordinates": [
          [
            [
              36.923273460107865,
              -1.2723737684268903
            ],
            [
              36.923273460107865,
              -1.2725534314837141
            ],
            [
              36.92291413399422,
              -1.2725534314837141
            ],
            [
              36.92291413399422,
              -1.272733094540538
            ],
            [
              36.92237514482375,
              -1.272733094540538
            ],
            [
              36.92237514482375,
              -1.272912757597362
            ],
            [
              36.92219548176693,
              -1.272912757597362
            ],
            [
              36.92219548176693,
              -1.2730924206541858
            ],
            [
              36.9220158187101,
              -1.2730924206541858
            ],
            [
              36.9220158187101,
              -1.2734517467678337
            ],
            [
              36.92219548176693,
              -1.2734517467678337
            ],
            [
              36.92219548176693,
              -1.2736314098246575
            ],
            [
              36.92255480788057,
              -1.2736314098246575
            ],
            [
              36.92255480788057,
              -1.2739907359383054
            ],
            [
              36.92273447093739,
              -1.2739907359383054
            ],
            [
              36.92273447093739,
              -1.2743500620519532
            ],
            [
              36.92291413399422,
              -1.2743500620519532
            ],
            [
              36.92291413399422,
              -1.274529725108777
            ],
            [
              36.923093797051045,
              -1.274529725108777
            ],
            [
              36.923093797051045,
              -1.274709388165601
            ],
            [
              36.923273460107865,
              -1.274709388165601
            ],
            [
              36.923273460107865,
              -1.2757873665065445
            ],
            [
              36.923093797051045,
              -1.2757873665065445
            ],
            [
              36.923093797051045,
              -1.2763263556770161
            ],
            [
              36.92291413399422,
              -1.2763263556770161
            ],
            [
              36.92291413399422,
              -1.276685681790664
            ],
            [
              36.92273447093739,
              -1.276685681790664
            ],
            [
              36.92273447093739,
              -1.2768653448474878
            ],
            [
              36.92255480788057,
              -1.2768653448474878
            ],
            [
              36.92255480788057,
              -1.2772246709611357
            ],
            [
              36.92237514482375,
              -1.2772246709611357
            ],
            [
              36.92237514482375,
              -1.2777636601316074
            ],
            [
              36.92219548176693,
              -1.2777636601316074
            ],
            [
              36.92219548176693,
              -1.2779433231884312
            ],
            [
              36.9220158187101,
              -1.2779433231884312
            ],
            [
              36.9220158187101,
              -1.2781229862452552
            ],
            [
              36.921836155653274,
              -1.2781229862452552
            ],
            [
              36.921836155653274,
              -1.278302649302079
            ],
            [
              36.921656492596455,
              -1.278302649302079
            ],
            [
              36.921656492596455,
              -1.278482312358903
            ],
            [
              36.92147682953963,
              -1.278482312358903
            ],
            [
              36.92147682953963,
              -1.2788416384725507
            ],
            [
              36.921656492596455,
              -1.2788416384725507
            ],
            [
              36.921656492596455,
              -1.2790213015293748
            ],
            [
              36.92219548176693,
              -1.2790213015293748
            ],
            [
              36.92219548176693,
              -1.2792009645861986
            ],
            [
              36.92237514482375,
              -1.2792009645861986
            ],
            [
              36.92237514482375,
              -1.2793806276430224
            ],
            [
              36.923093797051045,
              -1.2793806276430224
            ],
            [
              36.923093797051045,
              -1.2792009645861986
            ],
            [
              36.923273460107865,
              -1.2792009645861986
            ],
            [
              36.923273460107865,
              -1.2790213015293748
            ],
            [
              36.92345312316469,
              -1.2790213015293748
            ],
            [
              36.92345312316469,
              -1.2788416384725507
            ],
            [
              36.92363278622152,
              -1.2788416384725507
            ],
            [
              36.92363278622152,
              -1.278482312358903
            ],
            [
              36.92381244927834,
              -1.278482312358903
            ],
            [
              36.92381244927834,
              -1.2781229862452552
            ],
            [
              36.92399211233516,
              -1.2781229862452552
            ],
            [
              36.92399211233516,
              -1.2777636601316074
            ],
            [
              36.92417177539199,
              -1.2777636601316074
            ],
            [
              36.92417177539199,
              -1.2775839970747835
            ],
            [
              36.92435143844881,
              -1.2775839970747835
            ],
            [
              36.92435143844881,
              -1.2772246709611357
            ],
            [
              36.924531101505636,
              -1.2772246709611357
            ],
            [
              36.924531101505636,
              -1.2770450079043116
            ],
            [
              36.92471076456246,
              -1.2770450079043116
            ],
            [
              36.92471076456246,
              -1.2768653448474878
            ],
            [
              36.92489042761928,
              -1.2768653448474878
            ],
            [
              36.92489042761928,
              -1.276685681790664
            ],
            [
              36.92507009067611,
              -1.276685681790664
            ],
            [
              36.92507009067611,
              -1.27650601873384
            ],
            [
              36.92524975373293,
              -1.27650601873384
            ],
            [
              36.92524975373293,
              -1.2757873665065445
            ],
            [
              36.92507009067611,
              -1.2757873665065445
            ],
            [
              36.92507009067611,
              -1.2750687142792487
            ],
            [
              36.925429416789754,
              -1.2750687142792487
            ],
            [
              36.925429416789754,
              -1.2752483773360728
            ],
            [
              36.92596840596023,
              -1.2752483773360728
            ],
            [
              36.92596840596023,
              -1.2754280403928966
            ],
            [
              36.92614806901705,
              -1.2754280403928966
            ],
            [
              36.92614806901705,
              -1.2752483773360728
            ],
            [
              36.92632773207387,
              -1.2752483773360728
            ],
            [
              36.92632773207387,
              -1.274889051222425
            ],
            [
              36.9265073951307,
              -1.274889051222425
            ],
            [
              36.9265073951307,
              -1.274529725108777
            ],
            [
              36.926687058187525,
              -1.274529725108777
            ],
            [
              36.926687058187525,
              -1.2741703989951292
            ],
            [
              36.926866721244345,
              -1.2741703989951292
            ],
            [
              36.926866721244345,
              -1.2738110728814815
            ],
            [
              36.926687058187525,
              -1.2738110728814815
            ],
            [
              36.926687058187525,
              -1.2736314098246575
            ],
            [
              36.9265073951307,
              -1.2736314098246575
            ],
            [
              36.9265073951307,
              -1.2734517467678337
            ],
            [
              36.92632773207387,
              -1.2734517467678337
            ],
            [
              36.92632773207387,
              -1.2732720837110096
            ],
            [
              36.92596840596023,
              -1.2732720837110096
            ],
            [
              36.92596840596023,
              -1.2730924206541858
            ],
            [
              36.9257887429034,
              -1.2730924206541858
            ],
            [
              36.9257887429034,
              -1.2732720837110096
            ],
            [
              36.92560907984658,
              -1.2732720837110096
            ],
            [
              36.92560907984658,
              -1.2734517467678337
            ],
            [
              36.925429416789754,
              -1.2734517467678337
            ],
            [
              36.925429416789754,
              -1.2736314098246575
            ],
            [
              36.92524975373293,
              -1.2736314098246575
            ],
            [
              36.92524975373293,
              -1.2738110728814815
            ],
            [
              36.92489042761928,
              -1.2738110728814815
            ],
            [
              36.92489042761928,
              -1.2736314098246575
            ],
            [
              36.92507009067611,
              -1.2736314098246575
            ],
            [
              36.92507009067611,
              -1.2730924206541858
            ],
            [
              36.92524975373293,
              -1.2730924206541858
            ],
            [
              36.92524975373293,
              -1.272912757597362
            ],
            [
              36.92507009067611,
              -1.272912757597362
            ],
            [
              36.92507009067611,
              -1.272733094540538
            ],
            [
              36.92471076456246,
              -1.272733094540538
            ],
            [
              36.92471076456246,
              -1.2725534314837141
            ],
            [
              36.92381244927834,
              -1.2725534314837141
            ],
            [
              36.92381244927834,
              -1.2723737684268903
            ],
            [
              36.923273460107865,
              -1.2723737684268903
            ]
          ],
          [
            [
              36.92363278622152,
              -1.276685681790664
            ],
            [
              36.923273460107865,
              -1.276685681790664
            ],
            [
              36.923273460107865,
              -1.2768653448474878
            ],
            [
              36.923093797051045,
              -1.2768653448474878
            ],
            [
              36.923093797051045,
              -1.2770450079043116
            ],
            [
              36.923273460107865,
              -1.2770450079043116
            ],
            [
              36.923273460107865,
              -1.2772246709611357
            ],
            [
              36.92381244927834,
              -1.2772246709611357
            ],
            [
              36.92381244927834,
              -1.2768653448474878
            ],
            [
              36.92363278622152,
              -1.2768653448474878
            ],
            [
              36.92363278622152,
              -1.276685681790664
            ]
          ],
          [
            [
              36.924531101505636,
              -1.2738110728814815
            ],
            [
              36.92381244927834,
              -1.2738110728814815
            ],
            [
              36.92381244927834,
              -1.274889051222425
            ],
            [
              36.92399211233516,
              -1.274889051222425
            ],
            [
              36.92399211233516,
              -1.274709388165601
            ],
            [
              36.92417177539199,
              -1.274709388165601
            ],
            [
              36.92417177539199,
              -1.274529725108777
            ],
            [
              36.92435143844881,
              -1.274529725108777
            ],
            [
              36.92435143844881,
              -1.2739907359383054
            ],
            [
              36.924531101505636,
              -1.2739907359383054
            ],
            [
              36.924531101505636,
              -1.2738110728814815
            ]
          ],
          [
            [
              36.92345312316469,
              -1.272912757597362
            ],
            [
              36.923273460107865,
              -1.272912757597362
            ],
            [
              36.923273460107865,
              -1.2730924206541858
            ],
            [
              36.923093797051045,
              -1.2730924206541858
            ],
            [
              36.923093797051045,
              -1.2732720837110096
            ],
            [
              36.923273460107865,
              -1.2732720837110096
            ],
            [
              36.923273460107865,
              -1.2734517467678337
            ],
            [
              36.92345312316469,
              -1.2734517467678337
            ],
            [
              36.92345312316469,
              -1.2738110728814815
            ],
            [
              36.92381244927834,
              -1.2738110728814815
            ],
            [
              36.92381244927834,
              -1.2736314098246575
            ],
            [
              36.92399211233516,
              -1.2736314098246575
            ],
            [
              36.92399211233516,
              -1.2732720837110096
            ],
            [
              36.92363278622152,
              -1.2732720837110096
            ],
            [
              36.92363278622152,
              -1.2730924206541858
            ],
            [
              36.92345312316469,
              -1.2730924206541858
            ],
            [
              36.92345312316469,
              -1.272912757597362
            ]
          ]
        ]
      },
      "id": "+205516-7083",
      "properties": {
        "area_ha": 19.75086248893154,
        "area_m2": 197508.6248893154,
        "class": 0,
        "count": 495
      }
    },
    {
      "type": "Feature",
      "geometry": {
        "geodesic": false,
        "type": "Polygon",
        "coordinates": [
          [
            [
              36.92507009067611,
              -1.3149539128941556
            ],
            [
              36.92507009067611,
              -1.3153132390078033
            ],
            [
              36.92489042761928,
              -1.3153132390078033
            ],
            [
              36.92489042761928,
              -1.3154929020646273
            ],
            [
              36.92524975373293,
              -1.3154929020646273
            ],
            [
              36.92524975373293,
              -1.3153132390078033
            ],
            [
              36.925429416789754,
              -1.3153132390078033
            ],
            [
              36.925429416789754,
              -1.3154929020646273
            ],
            [
              36.92596840596023,
              -1.3154929020646273
            ],
            [
              36.92596840596023,
              -1.315852228178275
            ],
            [
              36.92614806901705,
              -1.315852228178275
            ],
            [
              36.92614806901705,
              -1.3156725651214511
            ],
            [
              36.92632773207387,
              -1.3156725651214511
            ],
            [
              36.92632773207387,
              -1.315852228178275
            ],
            [
              36.9265073951307,
              -1.315852228178275
            ],
            [
              36.9265073951307,
              -1.3154929020646273
            ],
            [
              36.92632773207387,
              -1.3154929020646273
            ],
            [
              36.92632773207387,
              -1.3153132390078033
            ],
            [
              36.92614806901705,
              -1.3153132390078033
            ],
            [
              36.92614806901705,
              -1.3154929020646273
            ],
            [
              36.92596840596023,
              -1.3154929020646273
            ],
            [
              36.92596840596023,
              -1.3153132390078033
            ],
            [
              36.9257887429034,
              -1.3153132390078033
            ],
            [
              36.9257887429034,
              -1.3151335759509795
            ],
            [
              36.92560907984658,
              -1.3151335759509795
            ],
            [
              36.92560907984658,
              -1.3149539128941556
            ],
            [
              36.92507009067611,
              -1.3149539128941556
            ]
          ]
        ]
      },
      "id": "+205526-7320",
      "properties": {
        "area_ha": 0.7182018864667332,
        "area_m2": 7182.018864667332,
        "class": 0,
        "count": 18
      }
    },
    {
      "type": "Feature",
      "geometry": {
        "geodesic": false,
        "type": "Polygon",
        "coordinates": [
          [
            [
              36.92704638430117,
              -1.2544074627444999
            ],
            [
              36.92704638430117,
              -1.2545871258013237
            ],
            [
              36.926866721244345,
              -1.2545871258013237
            ],
            [
              36.926866721244345,
              -1.2547667888581475
            ],
            [
              36.9265073951307,
              -1.2547667888581475
            ],
            [
              36.9265073951307,
              -1.2553057780286194
            ],
            [
              36.926866721244345,
              -1.2553057780286194
            ],
            [
              36.926866721244345,
              -1.255665104142267
            ],
            [
              36.92704638430117,
              -1.255665104142267
            ],
            [
              36.92704638430117,
              -1.2553057780286194
            ],
            [
              36.92740571041482,
              -1.2553057780286194
            ],
            [
              36.92740571041482,
              -1.2547667888581475
            ],
            [
              36.92704638430117,
              -1.2547667888581475
            ],
            [
              36.92704638430117,
              -1.2545871258013237
            ],
            [
              36.92722604735799,
              -1.2545871258013237
            ],
            [
              36.92722604735799,
              -1.2544074627444999
            ],
            [
              36.92704638430117,
              -1.2544074627444999
            ]
          ],
          [
            [
              36.92704638430117,
              -1.2551261149717954
            ],
            [
              36.926866721244345,
              -1.2551261149717954
            ],
            [
              36.926866721244345,
              -1.2553057780286194
            ],
            [
              36.92704638430117,
              -1.2553057780286194
            ],
            [
              36.92704638430117,
              -1.2551261149717954
            ]
          ]
        ]
      },
      "id": "+205535-6983",
      "properties": {
        "area_ha": 0.7182188564546417,
        "area_m2": 7182.188564546417,
        "class": 0,
        "count": 18
      }
    },
    {
      "type": "Feature",
      "geometry": {
        "geodesic": false,
        "type": "Polygon",
        "coordinates": [
          [
            [
              36.92722604735799,
              -1.2606956697333365
            ],
            [
              36.92722604735799,
              -1.2608753327901603
            ],
            [
              36.92704638430117,
              -1.2608753327901603
            ],
            [
              36.92704638430117,
              -1.2610549958469843
            ],
            [
              36.926866721244345,
              -1.2610549958469843
            ],
            [
              36.926866721244345,
              -1.2612346589038081
            ],
            [
              36.926687058187525,
              -1.2612346589038081
            ],
            [
              36.926687058187525,
              -1.261414321960632
            ],
            [
              36.92596840596023,
              -1.261414321960632
            ],
            [
              36.92596840596023,
              -1.2623126372447515
            ],
            [
              36.92614806901705,
              -1.2623126372447515
            ],
            [
              36.92614806901705,
              -1.2624923003015756
            ],
            [
              36.92632773207387,
              -1.2624923003015756
            ],
            [
              36.92632773207387,
              -1.2628516264152232
            ],
            [
              36.9265073951307,
              -1.2628516264152232
            ],
            [
              36.9265073951307,
              -1.2630312894720472
            ],
            [
              36.926687058187525,
              -1.2630312894720472
            ],
            [
              36.926687058187525,
              -1.263210952528871
            ],
            [
              36.926866721244345,
              -1.263210952528871
            ],
            [
              36.926866721244345,
              -1.263390615585695
            ],
            [
              36.926687058187525,
              -1.263390615585695
            ],
            [
              36.926687058187525,
              -1.2641092678129906
            ],
            [
              36.92704638430117,
              -1.2641092678129906
            ],
            [
              36.92704638430117,
              -1.2646482569834623
            ],
            [
              36.92740571041482,
              -1.2646482569834623
            ],
            [
              36.92740571041482,
              -1.2641092678129906
            ],
            [
              36.92704638430117,
              -1.2641092678129906
            ],
            [
              36.92704638430117,
              -1.2639296047561668
            ],
            [
              36.92722604735799,
              -1.2639296047561668
            ],
            [
              36.92722604735799,
              -1.2637499416993427
            ],
            [
              36.92740571041482,
              -1.2637499416993427
            ],
            [
              36.92740571041482,
              -1.2639296047561668
            ],
            [
              36.92776503652846,
              -1.2639296047561668
            ],
            [
              36.92776503652846,
              -1.2641092678129906
            ],
            [
              36.92794469958529,
              -1.2641092678129906
            ],
            [
              36.92794469958529,
              -1.2642889308698146
            ],
            [
              36.928304025698935,
              -1.2642889308698146
            ],
            [
              36.928304025698935,
              -1.2644685939266385
            ],
            [
              36.92884301486941,
              -1.2644685939266385
            ],
            [
              36.92884301486941,
              -1.2642889308698146
            ],
            [
              36.92938200403988,
              -1.2642889308698146
            ],
            [
              36.92938200403988,
              -1.2641092678129906
            ],
            [
              36.929561667096706,
              -1.2641092678129906
            ],
            [
              36.929561667096706,
              -1.2637499416993427
            ],
            [
              36.92992099321035,
              -1.2637499416993427
            ],
            [
              36.92992099321035,
              -1.263570278642519
            ],
            [
              36.929741330153526,
              -1.263570278642519
            ],
            [
              36.929741330153526,
              -1.263390615585695
            ],
            [
              36.929561667096706,
              -1.263390615585695
            ],
            [
              36.929561667096706,
              -1.263210952528871
            ],
            [
              36.92938200403988,
              -1.263210952528871
            ],
            [
              36.92938200403988,
              -1.2630312894720472
            ],
            [
              36.929561667096706,
              -1.2630312894720472
            ],
            [
              36.929561667096706,
              -1.2628516264152232
            ],
            [
              36.92938200403988,
              -1.2628516264152232
            ],
            [
              36.92938200403988,
              -1.2630312894720472
            ],
            [
              36.92920234098305,
              -1.2630312894720472
            ],
            [
              36.92920234098305,
              -1.2628516264152232
            ],
            [
              36.92884301486941,
              -1.2628516264152232
            ],
            [
              36.92884301486941,
              -1.2626719633583994
            ],
            [
              36.928304025698935,
              -1.2626719633583994
            ],
            [
              36.928304025698935,
              -1.2624923003015756
            ],
            [
              36.928124362642116,
              -1.2624923003015756
            ],
            [
              36.928124362642116,
              -1.2626719633583994
            ],
            [
              36.92758537347164,
              -1.2626719633583994
            ],
            [
              36.92758537347164,
              -1.2617736480742798
            ],
            [
              36.92740571041482,
              -1.2617736480742798
            ],
            [
              36.92740571041482,
              -1.261593985017456
            ],
            [
              36.92758537347164,
              -1.261593985017456
            ],
            [
              36.92758537347164,
              -1.2612346589038081
            ],
            [
              36.92776503652846,
              -1.2612346589038081
            ],
            [
              36.92776503652846,
              -1.2606956697333365
            ],
            [
              36.92722604735799,
              -1.2606956697333365
            ]
          ],
          [
            [
              36.92740571041482,
              -1.263210952528871
            ],
            [
              36.92722604735799,
              -1.263210952528871
            ],
            [
              36.92722604735799,
              -1.263390615585695
            ],
            [
              36.92740571041482,
              -1.263390615585695
            ],
            [
              36.92740571041482,
              -1.263210952528871
            ]
          ]
        ]
      },
      "id": "+205538-7018",
      "properties": {
        "area_ha": 8.578699307136292,
        "area_m2": 85786.99307136291,
        "class": 0,
        "count": 215
      }
    },
    {
      "type": "Feature",
      "geometry": {
        "geodesic": false,
        "type": "Polygon",
        "coordinates": [
          [
            [
              36.92848368875576,
              -1.222068112516197
            ],
            [
              36.92848368875576,
              -1.222247775573021
            ],
            [
              36.928304025698935,
              -1.222247775573021
            ],
            [
              36.928304025698935,
              -1.2231460908571405
            ],
            [
              36.92758537347164,
              -1.2231460908571405
            ],
            [
              36.92758537347164,
              -1.2236850800276122
            ],
            [
              36.92776503652846,
              -1.2236850800276122
            ],
            [
              36.92776503652846,
              -1.2235054169707882
            ],
            [
              36.92794469958529,
              -1.2235054169707882
            ],
            [
              36.92794469958529,
              -1.2236850800276122
            ],
            [
              36.92884301486941,
              -1.2236850800276122
            ],
            [
              36.92884301486941,
              -1.2235054169707882
            ],
            [
              36.929022677926234,
              -1.2235054169707882
            ],
            [
              36.929022677926234,
              -1.2231460908571405
            ],
            [
              36.92884301486941,
              -1.2231460908571405
            ],
            [
              36.92884301486941,
              -1.222068112516197
            ],
            [
              36.92848368875576,
              -1.222068112516197
            ]
          ],
          [
            [
              36.92848368875576,
              -1.2233257539139644
            ],
            [
              36.928304025698935,
              -1.2233257539139644
            ],
            [
              36.928304025698935,
              -1.2235054169707882
            ],
            [
              36.92848368875576,
              -1.2235054169707882
            ],
            [
              36.92848368875576,
              -1.2233257539139644
            ]
          ]
        ]
      },
      "id": "+205544-6803",
      "properties": {
        "area_ha": 1.5162581184754989,
        "area_m2": 15162.581184754988,
        "class": 0,
        "count": 38
      }
    },
    {
      "type": "Feature",
      "geometry": {
        "geodesic": false,
        "type": "Polygon",
        "coordinates": [
          [
            [
              36.92884301486941,
              -1.2380581245735245
            ],
            [
              36.92884301486941,
              -1.2384174506871723
            ],
            [
              36.929022677926234,
              -1.2384174506871723
            ],
            [
              36.929022677926234,
              -1.2385971137439962
            ],
            [
              36.92866335181259,
              -1.2385971137439962
            ],
            [
              36.92866335181259,
              -1.238956439857644
            ],
            [
              36.92848368875576,
              -1.238956439857644
            ],
            [
              36.92848368875576,
              -1.239315765971292
            ],
            [
              36.928304025698935,
              -1.239315765971292
            ],
            [
              36.928304025698935,
              -1.2396750920849398
            ],
            [
              36.92848368875576,
              -1.2396750920849398
            ],
            [
              36.92848368875576,
              -1.2398547551417636
            ],
            [
              36.928304025698935,
              -1.2398547551417636
            ],
            [
              36.928304025698935,
              -1.2400344181985874
            ],
            [
              36.92848368875576,
              -1.2400344181985874
            ],
            [
              36.92848368875576,
              -1.2398547551417636
            ],
            [
              36.92884301486941,
              -1.2398547551417636
            ],
            [
              36.92884301486941,
              -1.2396750920849398
            ],
            [
              36.929022677926234,
              -1.2396750920849398
            ],
            [
              36.929022677926234,
              -1.2398547551417636
            ],
            [
              36.92938200403988,
              -1.2398547551417636
            ],
            [
              36.92938200403988,
              -1.2396750920849398
            ],
            [
              36.929741330153526,
              -1.2396750920849398
            ],
            [
              36.929741330153526,
              -1.2398547551417636
            ],
            [
              36.92992099321035,
              -1.2398547551417636
            ],
            [
              36.92992099321035,
              -1.238956439857644
            ],
            [
              36.929741330153526,
              -1.238956439857644
            ],
            [
              36.929741330153526,
              -1.2387767768008202
            ],
            [
              36.92992099321035,
              -1.2387767768008202
            ],
            [
              36.92992099321035,
              -1.2385971137439962
            ],
            [
              36.93010065626718,
              -1.2385971137439962
            ],
            [
              36.93010065626718,
              -1.2384174506871723
            ],
            [
              36.929561667096706,
              -1.2384174506871723
            ],
            [
              36.929561667096706,
              -1.2382377876303483
            ],
            [
              36.92938200403988,
              -1.2382377876303483
            ],
            [
              36.92938200403988,
              -1.2384174506871723
            ],
            [
              36.92920234098305,
              -1.2384174506871723
            ],
            [
              36.92920234098305,
              -1.2380581245735245
            ],
            [
              36.92884301486941,
              -1.2380581245735245
            ]
          ]
        ]
      },
      "id": "+205546-6892",
      "properties": {
        "area_ha": 2.5536824958003135,
        "area_m2": 25536.824958003133,
        "class": 0,
        "count": 64
      }
    },
    {
      "type": "Feature",
      "geometry": {
        "geodesic": false,
        "type": "Polygon",
        "coordinates": [
          [
            [
              36.92866335181259,
              -1.2504548754943738
            ],
            [
              36.92866335181259,
              -1.2511735277216696
            ],
            [
              36.92884301486941,
              -1.2511735277216696
            ],
            [
              36.92884301486941,
              -1.2515328538353174
            ],
            [
              36.929022677926234,
              -1.2515328538353174
            ],
            [
              36.929022677926234,
              -1.2517125168921412
            ],
            [
              36.92884301486941,
              -1.2517125168921412
            ],
            [
              36.92884301486941,
              -1.251892179948965
            ],
            [
              36.92848368875576,
              -1.251892179948965
            ],
            [
              36.92848368875576,
              -1.252251506062613
            ],
            [
              36.92866335181259,
              -1.252251506062613
            ],
            [
              36.92866335181259,
              -1.2524311691194367
            ],
            [
              36.92884301486941,
              -1.2524311691194367
            ],
            [
              36.92884301486941,
              -1.252251506062613
            ],
            [
              36.929022677926234,
              -1.252251506062613
            ],
            [
              36.929022677926234,
              -1.2524311691194367
            ],
            [
              36.92920234098305,
              -1.2524311691194367
            ],
            [
              36.92920234098305,
              -1.252251506062613
            ],
            [
              36.929022677926234,
              -1.252251506062613
            ],
            [
              36.929022677926234,
              -1.252071843005789
            ],
            [
              36.92938200403988,
              -1.252071843005789
            ],
            [
              36.92938200403988,
              -1.2515328538353174
            ],
            [
              36.929561667096706,
              -1.2515328538353174
            ],
            [
              36.929561667096706,
              -1.2513531907784934
            ],
            [
              36.92938200403988,
              -1.2513531907784934
            ],
            [
              36.92938200403988,
              -1.2511735277216696
            ],
            [
              36.929561667096706,
              -1.2511735277216696
            ],
            [
              36.929561667096706,
              -1.2508142016080217
            ],
            [
              36.92938200403988,
              -1.2508142016080217
            ],
            [
              36.92938200403988,
              -1.2506345385511979
            ],
            [
              36.92920234098305,
              -1.2506345385511979
            ],
            [
              36.92920234098305,
              -1.2504548754943738
            ],
            [
              36.92866335181259,
              -1.2504548754943738
            ]
          ]
        ]
      },
      "id": "+205546-6961",
      "properties": {
        "area_ha": 1.5561430170631687,
        "area_m2": 15561.430170631687,
        "class": 0,
        "count": 39
      }
    },
    {
      "type": "Feature",
      "geometry": {
        "geodesic": false,
        "type": "Polygon",
        "coordinates": [
          [
            [
              36.92920234098305,
              -1.2648279200402863
            ],
            [
              36.92920234098305,
              -1.2650075830971101
            ],
            [
              36.92938200403988,
              -1.2650075830971101
            ],
            [
              36.92938200403988,
              -1.265187246153934
            ],
            [
              36.929022677926234,
              -1.265187246153934
            ],
            [
              36.929022677926234,
              -1.265366909210758
            ],
            [
              36.92920234098305,
              -1.265366909210758
            ],
            [
              36.92920234098305,
              -1.2655465722675818
            ],
            [
              36.93010065626718,
              -1.2655465722675818
            ],
            [
              36.93010065626718,
              -1.265366909210758
            ],
            [
              36.930280319324,
              -1.265366909210758
            ],
            [
              36.930280319324,
              -1.265187246153934
            ],
            [
              36.92992099321035,
              -1.265187246153934
            ],
            [
              36.92992099321035,
              -1.2650075830971101
            ],
            [
              36.92938200403988,
              -1.2650075830971101
            ],
            [
              36.92938200403988,
              -1.2648279200402863
            ],
            [
              36.92920234098305,
              -1.2648279200402863
            ]
          ]
        ]
      },
      "id": "+205547-7041",
      "properties": {
        "area_ha": 0.6384142679766786,
        "area_m2": 6384.1426797667855,
        "class": 0,
        "count": 16
      }
    },
    {
      "type": "Feature",
      "geometry": {
        "geodesic": false,
        "type": "Polygon",
        "coordinates": [
          [
            [
              36.929741330153526,
              -1.2590787022219214
            ],
            [
              36.929741330153526,
              -1.2592583652787452
            ],
            [
              36.92920234098305,
              -1.2592583652787452
            ],
            [
              36.92920234098305,
              -1.2590787022219214
            ],
            [
              36.929022677926234,
              -1.2590787022219214
            ],
            [
              36.929022677926234,
              -1.2592583652787452
            ],
            [
              36.92866335181259,
              -1.2592583652787452
            ],
            [
              36.92866335181259,
              -1.2590787022219214
            ],
            [
              36.928304025698935,
              -1.2590787022219214
            ],
            [
              36.928304025698935,
              -1.2592583652787452
            ],
            [
              36.928124362642116,
              -1.2592583652787452
            ],
            [
              36.928124362642116,
              -1.259438028335569
            ],
            [
              36.92794469958529,
              -1.259438028335569
            ],
            [
              36.92794469958529,
              -1.259797354449217
            ],
            [
              36.928124362642116,
              -1.259797354449217
            ],
            [
              36.928124362642116,
              -1.259617691392393
            ],
            [
              36.928304025698935,
              -1.259617691392393
            ],
            [
              36.928304025698935,
              -1.2599770175060407
            ],
            [
              36.92920234098305,
              -1.2599770175060407
            ],
            [
              36.92920234098305,
              -1.259797354449217
            ],
            [
              36.92938200403988,
              -1.259797354449217
            ],
            [
              36.92938200403988,
              -1.259617691392393
            ],
            [
              36.930280319324,
              -1.259617691392393
            ],
            [
              36.930280319324,
              -1.259438028335569
            ],
            [
              36.93063964543765,
              -1.259438028335569
            ],
            [
              36.93063964543765,
              -1.2592583652787452
            ],
            [
              36.92992099321035,
              -1.2592583652787452
            ],
            [
              36.92992099321035,
              -1.2590787022219214
            ],
            [
              36.929741330153526,
              -1.2590787022219214
            ]
          ]
        ]
      },
      "id": "+205550-7009",
      "properties": {
        "area_ha": 1.7157421350189617,
        "area_m2": 17157.421350189616,
        "class": 0,
        "count": 43
      }
    },
    {
      "type": "Feature",
      "geometry": {
        "geodesic": false,
        "type": "Polygon",
        "coordinates": [
          [
            [
              36.92992099321035,
              -1.237159809289405
            ],
            [
              36.92992099321035,
              -1.237339472346229
            ],
            [
              36.93010065626718,
              -1.237339472346229
            ],
            [
              36.93010065626718,
              -1.2378784615167007
            ],
            [
              36.930280319324,
              -1.2378784615167007
            ],
            [
              36.930280319324,
              -1.2380581245735245
            ],
            [
              36.930459982380825,
              -1.2380581245735245
            ],
            [
              36.930459982380825,
              -1.2378784615167007
            ],
            [
              36.93063964543765,
              -1.2378784615167007
            ],
            [
              36.93063964543765,
              -1.2376987984598766
            ],
            [
              36.93081930849447,
              -1.2376987984598766
            ],
            [
              36.93081930849447,
              -1.237339472346229
            ],
            [
              36.93063964543765,
              -1.237339472346229
            ],
            [
              36.93063964543765,
              -1.237159809289405
            ],
            [
              36.92992099321035,
              -1.237159809289405
            ]
          ]
        ]
      },
      "id": "+205554-6887",
      "properties": {
        "area_ha": 0.638420988759266,
        "area_m2": 6384.20988759266,
        "class": 0,
        "count": 16
      }
    },
    {
      "type": "Feature",
      "geometry": {
        "geodesic": false,
        "type": "Polygon",
        "coordinates": [
          [
            [
              36.930459982380825,
              -1.2610549958469843
            ],
            [
              36.930459982380825,
              -1.2612346589038081
            ],
            [
              36.930280319324,
              -1.2612346589038081
            ],
            [
              36.930280319324,
              -1.2610549958469843
            ],
            [
              36.929741330153526,
              -1.2610549958469843
            ],
            [
              36.929741330153526,
              -1.2612346589038081
            ],
            [
              36.92992099321035,
              -1.2612346589038081
            ],
            [
              36.92992099321035,
              -1.2621329741879277
            ],
            [
              36.930280319324,
              -1.2621329741879277
            ],
            [
              36.930280319324,
              -1.2617736480742798
            ],
            [
              36.930459982380825,
              -1.2617736480742798
            ],
            [
              36.930459982380825,
              -1.261414321960632
            ],
            [
              36.93063964543765,
              -1.261414321960632
            ],
            [
              36.93063964543765,
              -1.2610549958469843
            ],
            [
              36.930459982380825,
              -1.2610549958469843
            ]
          ]
        ]
      },
      "id": "+205554-7020",
      "properties": {
        "area_ha": 0.7182170654586022,
        "area_m2": 7182.170654586022,
        "class": 0,
        "count": 18
      }
    },
    {
      "type": "Feature",
      "geometry": {
        "geodesic": false,
        "type": "Polygon",
        "coordinates": [
          [
            [
              36.930280319324,
              -1.2312309284142162
            ],
            [
              36.930280319324,
              -1.23141059147104
            ],
            [
              36.93010065626718,
              -1.23141059147104
            ],
            [
              36.93010065626718,
              -1.2312309284142162
            ],
            [
              36.929561667096706,
              -1.2312309284142162
            ],
            [
              36.929561667096706,
              -1.23141059147104
            ],
            [
              36.929741330153526,
              -1.23141059147104
            ],
            [
              36.929741330153526,
              -1.2321292436983358
            ],
            [
              36.929561667096706,
              -1.2321292436983358
            ],
            [
              36.929561667096706,
              -1.2323089067551596
            ],
            [
              36.92938200403988,
              -1.2323089067551596
            ],
            [
              36.92938200403988,
              -1.2324885698119834
            ],
            [
              36.92920234098305,
              -1.2324885698119834
            ],
            [
              36.92920234098305,
              -1.2326682328688074
            ],
            [
              36.929022677926234,
              -1.2326682328688074
            ],
            [
              36.929022677926234,
              -1.2328478959256313
            ],
            [
              36.92884301486941,
              -1.2328478959256313
            ],
            [
              36.92884301486941,
              -1.233027558982455
            ],
            [
              36.929022677926234,
              -1.233027558982455
            ],
            [
              36.929022677926234,
              -1.2332072220392791
            ],
            [
              36.92938200403988,
              -1.2332072220392791
            ],
            [
              36.92938200403988,
              -1.233027558982455
            ],
            [
              36.929561667096706,
              -1.233027558982455
            ],
            [
              36.929561667096706,
              -1.2328478959256313
            ],
            [
              36.929741330153526,
              -1.2328478959256313
            ],
            [
              36.929741330153526,
              -1.2326682328688074
            ],
            [
              36.92992099321035,
              -1.2326682328688074
            ],
            [
              36.92992099321035,
              -1.2323089067551596
            ],
            [
              36.93010065626718,
              -1.2323089067551596
            ],
            [
              36.93010065626718,
              -1.2321292436983358
            ],
            [
              36.92992099321035,
              -1.2321292436983358
            ],
            [
              36.92992099321035,
              -1.231769917584688
            ],
            [
              36.93063964543765,
              -1.231769917584688
            ],
            [
              36.93063964543765,
              -1.2315902545278639
            ],
            [
              36.9309989715513,
              -1.2315902545278639
            ],
            [
              36.9309989715513,
              -1.2312309284142162
            ],
            [
              36.930280319324,
              -1.2312309284142162
            ]
          ],
          [
            [
              36.930459982380825,
              -1.23141059147104
            ],
            [
              36.930280319324,
              -1.23141059147104
            ],
            [
              36.930280319324,
              -1.2315902545278639
            ],
            [
              36.930459982380825,
              -1.2315902545278639
            ],
            [
              36.930459982380825,
              -1.23141059147104
            ]
          ]
        ]
      },
      "id": "+205556-6854",
      "properties": {
        "area_ha": 1.596055767971608,
        "area_m2": 15960.557679716081,
        "class": 0,
        "count": 40
      }
    },
    {
      "type": "Feature",
      "geometry": {
        "geodesic": false,
        "type": "Polygon",
        "coordinates": [
          [
            [
              36.93243627600589,
              -1.263390615585695
            ],
            [
              36.93243627600589,
              -1.263570278642519
            ],
            [
              36.93207694989224,
              -1.263570278642519
            ],
            [
              36.93207694989224,
              -1.2637499416993427
            ],
            [
              36.931897286835415,
              -1.2637499416993427
            ],
            [
              36.931897286835415,
              -1.2644685939266385
            ],
            [
              36.93171762377859,
              -1.2644685939266385
            ],
            [
              36.93171762377859,
              -1.2646482569834623
            ],
            [
              36.93207694989224,
              -1.2646482569834623
            ],
            [
              36.93207694989224,
              -1.2648279200402863
            ],
            [
              36.93243627600589,
              -1.2648279200402863
            ],
            [
              36.93243627600589,
              -1.265187246153934
            ],
            [
              36.932615939062714,
              -1.265187246153934
            ],
            [
              36.932615939062714,
              -1.2655465722675818
            ],
            [
              36.93279560211953,
              -1.2655465722675818
            ],
            [
              36.93279560211953,
              -1.2657262353244059
            ],
            [
              36.93297526517636,
              -1.2657262353244059
            ],
            [
              36.93297526517636,
              -1.265187246153934
            ],
            [
              36.93315492823318,
              -1.265187246153934
            ],
            [
              36.93315492823318,
              -1.2650075830971101
            ],
            [
              36.933334591290006,
              -1.2650075830971101
            ],
            [
              36.933334591290006,
              -1.2648279200402863
            ],
            [
              36.93369391740365,
              -1.2648279200402863
            ],
            [
              36.93369391740365,
              -1.2646482569834623
            ],
            [
              36.934053243517305,
              -1.2646482569834623
            ],
            [
              36.934053243517305,
              -1.2644685939266385
            ],
            [
              36.93369391740365,
              -1.2644685939266385
            ],
            [
              36.93369391740365,
              -1.2642889308698146
            ],
            [
              36.93351425434683,
              -1.2642889308698146
            ],
            [
              36.93351425434683,
              -1.2641092678129906
            ],
            [
              36.93315492823318,
              -1.2641092678129906
            ],
            [
              36.93315492823318,
              -1.2639296047561668
            ],
            [
              36.933334591290006,
              -1.2639296047561668
            ],
            [
              36.933334591290006,
              -1.2637499416993427
            ],
            [
              36.93297526517636,
              -1.2637499416993427
            ],
            [
              36.93297526517636,
              -1.263570278642519
            ],
            [
              36.932615939062714,
              -1.263570278642519
            ],
            [
              36.932615939062714,
              -1.263390615585695
            ],
            [
              36.93243627600589,
              -1.263390615585695
            ]
          ]
        ]
      },
      "id": "+205565-7033",
      "properties": {
        "area_ha": 3.0324686768012596,
        "area_m2": 30324.686768012598,
        "class": 0,
        "count": 76
      }
    },
    {
      "type": "Feature",
      "geometry": {
        "geodesic": false,
        "type": "Polygon",
        "coordinates": [
          [
            [
              36.93243627600589,
              -1.2341055373233987
            ],
            [
              36.93243627600589,
              -1.2342852003802225
            ],
            [
              36.93225661294906,
              -1.2342852003802225
            ],
            [
              36.93225661294906,
              -1.2344648634370463
            ],
            [
              36.93207694989224,
              -1.2344648634370463
            ],
            [
              36.93207694989224,
              -1.2346445264938704
            ],
            [
              36.93225661294906,
              -1.2346445264938704
            ],
            [
              36.93225661294906,
              -1.2348241895506942
            ],
            [
              36.93207694989224,
              -1.2348241895506942
            ],
            [
              36.93207694989224,
              -1.2350038526075182
            ],
            [
              36.93225661294906,
              -1.2350038526075182
            ],
            [
              36.93225661294906,
              -1.2353631787211659
            ],
            [
              36.93243627600589,
              -1.2353631787211659
            ],
            [
              36.93243627600589,
              -1.235183515664342
            ],
            [
              36.932615939062714,
              -1.235183515664342
            ],
            [
              36.932615939062714,
              -1.2350038526075182
            ],
            [
              36.93279560211953,
              -1.2350038526075182
            ],
            [
              36.93279560211953,
              -1.2346445264938704
            ],
            [
              36.933334591290006,
              -1.2346445264938704
            ],
            [
              36.933334591290006,
              -1.2342852003802225
            ],
            [
              36.93315492823318,
              -1.2342852003802225
            ],
            [
              36.93315492823318,
              -1.2344648634370463
            ],
            [
              36.93297526517636,
              -1.2344648634370463
            ],
            [
              36.93297526517636,
              -1.2341055373233987
            ],
            [
              36.93243627600589,
              -1.2341055373233987
            ]
          ],
          [
            [
              36.93243627600589,
              -1.2348241895506942
            ],
            [
              36.93225661294906,
              -1.2348241895506942
            ],
            [
              36.93225661294906,
              -1.2350038526075182
            ],
            [
              36.93243627600589,
              -1.2350038526075182
            ],
            [
              36.93243627600589,
              -1.2348241895506942
            ]
          ]
        ]
      },
      "id": "+205567-6870",
      "properties": {
        "area_ha": 0.9576325550313391,
        "area_m2": 9576.325550313391,
        "class": 0,
        "count": 24
      }
    },
    {
      "type": "Feature",
      "geometry": {
        "geodesic": false,
        "type": "Polygon",
        "coordinates": [
          [
            [
              36.93369391740365,
              -1.235183515664342
            ],
            [
              36.93369391740365,
              -1.2353631787211659
            ],
            [
              36.933334591290006,
              -1.2353631787211659
            ],
            [
              36.933334591290006,
              -1.2359021678916378
            ],
            [
              36.93315492823318,
              -1.2359021678916378
            ],
            [
              36.93315492823318,
              -1.2362614940052854
            ],
            [
              36.934053243517305,
              -1.2362614940052854
            ],
            [
              36.934053243517305,
              -1.2360818309484616
            ],
            [
              36.934232906574124,
              -1.2360818309484616
            ],
            [
              36.934232906574124,
              -1.2359021678916378
            ],
            [
              36.93441256963095,
              -1.2359021678916378
            ],
            [
              36.93441256963095,
              -1.23554284177799
            ],
            [
              36.934232906574124,
              -1.23554284177799
            ],
            [
              36.934232906574124,
              -1.2353631787211659
            ],
            [
              36.934053243517305,
              -1.2353631787211659
            ],
            [
              36.934053243517305,
              -1.235183515664342
            ],
            [
              36.93369391740365,
              -1.235183515664342
            ]
          ]
        ]
      },
      "id": "+205573-6876",
      "properties": {
        "area_ha": 1.1970401945788234,
        "area_m2": 11970.401945788233,
        "class": 0,
        "count": 30
      }
    },
    {
      "type": "Feature",
      "geometry": {
        "geodesic": false,
        "type": "Polygon",
        "coordinates": [
          [
            [
              36.93602953714237,
              -1.233566548152927
            ],
            [
              36.93602953714237,
              -1.2337462112097508
            ],
            [
              36.935490547971895,
              -1.2337462112097508
            ],
            [
              36.935490547971895,
              -1.2341055373233987
            ],
            [
              36.93531088491507,
              -1.2341055373233987
            ],
            [
              36.93531088491507,
              -1.2339258742665746
            ],
            [
              36.93513122185824,
              -1.2339258742665746
            ],
            [
              36.93513122185824,
              -1.2341055373233987
            ],
            [
              36.93495155880142,
              -1.2341055373233987
            ],
            [
              36.93495155880142,
              -1.2337462112097508
            ],
            [
              36.93459223268778,
              -1.2337462112097508
            ],
            [
              36.93459223268778,
              -1.233566548152927
            ],
            [
              36.93441256963095,
              -1.233566548152927
            ],
            [
              36.93441256963095,
              -1.2341055373233987
            ],
            [
              36.934232906574124,
              -1.2341055373233987
            ],
            [
              36.934232906574124,
              -1.2342852003802225
            ],
            [
              36.93441256963095,
              -1.2342852003802225
            ],
            [
              36.93441256963095,
              -1.2344648634370463
            ],
            [
              36.93459223268778,
              -1.2344648634370463
            ],
            [
              36.93459223268778,
              -1.2346445264938704
            ],
            [
              36.934771895744596,
              -1.2346445264938704
            ],
            [
              36.934771895744596,
              -1.2348241895506942
            ],
            [
              36.93513122185824,
              -1.2348241895506942
            ],
            [
              36.93513122185824,
              -1.2350038526075182
            ],
            [
              36.935670211028715,
              -1.2350038526075182
            ],
            [
              36.935670211028715,
              -1.2346445264938704
            ],
            [
              36.93584987408554,
              -1.2346445264938704
            ],
            [
              36.93584987408554,
              -1.2350038526075182
            ],
            [
              36.93602953714237,
              -1.2350038526075182
            ],
            [
              36.93602953714237,
              -1.2342852003802225
            ],
            [
              36.93620920019919,
              -1.2342852003802225
            ],
            [
              36.93620920019919,
              -1.233566548152927
            ],
            [
              36.93602953714237,
              -1.233566548152927
            ]
          ],
          [
            [
              36.934771895744596,
              -1.2342852003802225
            ],
            [
              36.93459223268778,
              -1.2342852003802225
            ],
            [
              36.93459223268778,
              -1.2344648634370463
            ],
            [
              36.934771895744596,
              -1.2344648634370463
            ],
            [
              36.934771895744596,
              -1.2342852003802225
            ]
          ]
        ]
      },
      "id": "+205585-6867",
      "properties": {
        "area_ha": 2.1546735074299708,
        "area_m2": 21546.735074299708,
        "class": 0,
        "count": 54
      }
    },
    {
      "type": "Feature",
      "geometry": {
        "geodesic": false,
        "type": "Polygon",
        "coordinates": [
          [
            [
              36.93746684159696,
              -1.2357225048348137
            ],
            [
              36.93746684159696,
              -1.2359021678916378
            ],
            [
              36.93728717854013,
              -1.2359021678916378
            ],
            [
              36.93728717854013,
              -1.2357225048348137
            ],
            [
              36.936927852426486,
              -1.2357225048348137
            ],
            [
              36.936927852426486,
              -1.2359021678916378
            ],
            [
              36.93674818936966,
              -1.2359021678916378
            ],
            [
              36.93674818936966,
              -1.2360818309484616
            ],
            [
              36.93656852631284,
              -1.2360818309484616
            ],
            [
              36.93656852631284,
              -1.2362614940052854
            ],
            [
              36.936927852426486,
              -1.2362614940052854
            ],
            [
              36.936927852426486,
              -1.2364411570621094
            ],
            [
              36.93818549382425,
              -1.2364411570621094
            ],
            [
              36.93818549382425,
              -1.2362614940052854
            ],
            [
              36.937826167710604,
              -1.2362614940052854
            ],
            [
              36.937826167710604,
              -1.2359021678916378
            ],
            [
              36.93764650465378,
              -1.2359021678916378
            ],
            [
              36.93764650465378,
              -1.2357225048348137
            ],
            [
              36.93746684159696,
              -1.2357225048348137
            ]
          ]
        ]
      },
      "id": "+205593-6879",
      "properties": {
        "area_ha": 0.9177307482444459,
        "area_m2": 9177.30748244446,
        "class": 0,
        "count": 23
      }
    },
    {
      "type": "Feature",
      "geometry": {
        "geodesic": false,
        "type": "Polygon",
        "coordinates": [
          [
            [
              36.94501268998356,
              -1.291777378563872
            ],
            [
              36.94501268998356,
              -1.2919570416206958
            ],
            [
              36.94483302692674,
              -1.2919570416206958
            ],
            [
              36.94483302692674,
              -1.2924960307911675
            ],
            [
              36.94501268998356,
              -1.2924960307911675
            ],
            [
              36.94501268998356,
              -1.2926756938479915
            ],
            [
              36.94537201609721,
              -1.2926756938479915
            ],
            [
              36.94537201609721,
              -1.2928553569048153
            ],
            [
              36.945731342210856,
              -1.2928553569048153
            ],
            [
              36.945731342210856,
              -1.291777378563872
            ],
            [
              36.94501268998356,
              -1.291777378563872
            ]
          ]
        ]
      },
      "id": "+205638-7191",
      "properties": {
        "area_ha": 0.9975117561072909,
        "area_m2": 9975.11756107291,
        "class": 0,
        "count": 25
      }
    },
    {
      "type": "Feature",
      "geometry": {
        "geodesic": false,
        "type": "Polygon",
        "coordinates": [
          [
            [
              36.94770763583592,
              -1.2497362232670783
            ],
            [
              36.94770763583592,
              -1.2504548754943738
            ],
            [
              36.94752797277909,
              -1.2504548754943738
            ],
            [
              36.94752797277909,
              -1.2506345385511979
            ],
            [
              36.947887298892745,
              -1.2506345385511979
            ],
            [
              36.947887298892745,
              -1.2508142016080217
            ],
            [
              36.948066961949564,
              -1.2508142016080217
            ],
            [
              36.948066961949564,
              -1.2500955493807262
            ],
            [
              36.94824662500639,
              -1.2500955493807262
            ],
            [
              36.94824662500639,
              -1.2499158863239022
            ],
            [
              36.948066961949564,
              -1.2499158863239022
            ],
            [
              36.948066961949564,
              -1.2497362232670783
            ],
            [
              36.94770763583592,
              -1.2497362232670783
            ]
          ]
        ]
      },
      "id": "+205651-6957",
      "properties": {
        "area_ha": 0.5187145657886175,
        "area_m2": 5187.145657886175,
        "class": 0,
        "count": 13
      }
    },
    {
      "type": "Feature",
      "geometry": {
        "geodesic": false,
        "type": "Polygon",
        "coordinates": [
          [
            [
              36.95363651671111,
              -1.2454243099033047
            ],
            [
              36.95363651671111,
              -1.2456039729601285
            ],
            [
              36.95345685365428,
              -1.2456039729601285
            ],
            [
              36.95345685365428,
              -1.2459632990737763
            ],
            [
              36.95327719059746,
              -1.2459632990737763
            ],
            [
              36.95327719059746,
              -1.2461429621306002
            ],
            [
              36.95273820142699,
              -1.2461429621306002
            ],
            [
              36.95273820142699,
              -1.2463226251874242
            ],
            [
              36.95255853837016,
              -1.2463226251874242
            ],
            [
              36.95255853837016,
              -1.2461429621306002
            ],
            [
              36.95201954919969,
              -1.2461429621306002
            ],
            [
              36.95201954919969,
              -1.2463226251874242
            ],
            [
              36.951660223086044,
              -1.2463226251874242
            ],
            [
              36.951660223086044,
              -1.2470412774147197
            ],
            [
              36.95183988614287,
              -1.2470412774147197
            ],
            [
              36.95183988614287,
              -1.2479395926988393
            ],
            [
              36.951660223086044,
              -1.2479395926988393
            ],
            [
              36.951660223086044,
              -1.248478581869311
            ],
            [
              36.95148056002922,
              -1.248478581869311
            ],
            [
              36.95148056002922,
              -1.2486582449261348
            ],
            [
              36.951660223086044,
              -1.2486582449261348
            ],
            [
              36.951660223086044,
              -1.2488379079829588
            ],
            [
              36.95148056002922,
              -1.2488379079829588
            ],
            [
              36.95148056002922,
              -1.2490175710397826
            ],
            [
              36.950941570858745,
              -1.2490175710397826
            ],
            [
              36.950941570858745,
              -1.2486582449261348
            ],
            [
              36.950761907801926,
              -1.2486582449261348
            ],
            [
              36.950761907801926,
              -1.2482989188124871
            ],
            [
              36.95040258168828,
              -1.2482989188124871
            ],
            [
              36.95040258168828,
              -1.248119255755663
            ],
            [
              36.95004325557463,
              -1.248119255755663
            ],
            [
              36.95004325557463,
              -1.2479395926988393
            ],
            [
              36.94986359251781,
              -1.2479395926988393
            ],
            [
              36.94986359251781,
              -1.2477599296420154
            ],
            [
              36.94968392946098,
              -1.2477599296420154
            ],
            [
              36.94968392946098,
              -1.2475802665851914
            ],
            [
              36.949324603347335,
              -1.2475802665851914
            ],
            [
              36.949324603347335,
              -1.2474006035283676
            ],
            [
              36.94968392946098,
              -1.2474006035283676
            ],
            [
              36.94968392946098,
              -1.2472209404715435
            ],
            [
              36.94986359251781,
              -1.2472209404715435
            ],
            [
              36.94986359251781,
              -1.2468616143578959
            ],
            [
              36.94968392946098,
              -1.2468616143578959
            ],
            [
              36.94968392946098,
              -1.2466819513010718
            ],
            [
              36.949504266404155,
              -1.2466819513010718
            ],
            [
              36.949504266404155,
              -1.246502288244248
            ],
            [
              36.94896527723368,
              -1.246502288244248
            ],
            [
              36.94896527723368,
              -1.2463226251874242
            ],
            [
              36.94860595112004,
              -1.2463226251874242
            ],
            [
              36.94860595112004,
              -1.2461429621306002
            ],
            [
              36.947887298892745,
              -1.2461429621306002
            ],
            [
              36.947887298892745,
              -1.2463226251874242
            ],
            [
              36.94824662500639,
              -1.2463226251874242
            ],
            [
              36.94824662500639,
              -1.2466819513010718
            ],
            [
              36.94842628806322,
              -1.2466819513010718
            ],
            [
              36.94842628806322,
              -1.2468616143578959
            ],
            [
              36.94824662500639,
              -1.2468616143578959
            ],
            [
              36.94824662500639,
              -1.2474006035283676
            ],
            [
              36.948066961949564,
              -1.2474006035283676
            ],
            [
              36.948066961949564,
              -1.2475802665851914
            ],
            [
              36.947887298892745,
              -1.2475802665851914
            ],
            [
              36.947887298892745,
              -1.248478581869311
            ],
            [
              36.948066961949564,
              -1.248478581869311
            ],
            [
              36.948066961949564,
              -1.2486582449261348
            ],
            [
              36.94824662500639,
              -1.2486582449261348
            ],
            [
              36.94824662500639,
              -1.2488379079829588
            ],
            [
              36.949504266404155,
              -1.2488379079829588
            ],
            [
              36.949504266404155,
              -1.2490175710397826
            ],
            [
              36.94986359251781,
              -1.2490175710397826
            ],
            [
              36.94986359251781,
              -1.2491972340966067
            ],
            [
              36.950761907801926,
              -1.2491972340966067
            ],
            [
              36.950761907801926,
              -1.2493768971534305
            ],
            [
              36.95112123391557,
              -1.2493768971534305
            ],
            [
              36.95112123391557,
              -1.2497362232670783
            ],
            [
              36.95148056002922,
              -1.2497362232670783
            ],
            [
              36.95148056002922,
              -1.2499158863239022
            ],
            [
              36.95201954919969,
              -1.2499158863239022
            ],
            [
              36.95201954919969,
              -1.2500955493807262
            ],
            [
              36.95219921225652,
              -1.2500955493807262
            ],
            [
              36.95219921225652,
              -1.25027521243755
            ],
            [
              36.95237887531334,
              -1.25027521243755
            ],
            [
              36.95237887531334,
              -1.2504548754943738
            ],
            [
              36.95255853837016,
              -1.2504548754943738
            ],
            [
              36.95255853837016,
              -1.2511735277216696
            ],
            [
              36.95237887531334,
              -1.2511735277216696
            ],
            [
              36.95237887531334,
              -1.2515328538353174
            ],
            [
              36.95255853837016,
              -1.2515328538353174
            ],
            [
              36.95255853837016,
              -1.251892179948965
            ],
            [
              36.95273820142699,
              -1.251892179948965
            ],
            [
              36.95273820142699,
              -1.2524311691194367
            ],
            [
              36.95327719059746,
              -1.2524311691194367
            ],
            [
              36.95327719059746,
              -1.2526108321762608
            ],
            [
              36.953097527540635,
              -1.2526108321762608
            ],
            [
              36.953097527540635,
              -1.2527904952330846
            ],
            [
              36.95327719059746,
              -1.2527904952330846
            ],
            [
              36.95327719059746,
              -1.2526108321762608
            ],
            [
              36.95345685365428,
              -1.2526108321762608
            ],
            [
              36.95345685365428,
              -1.252251506062613
            ],
            [
              36.95363651671111,
              -1.252251506062613
            ],
            [
              36.95363651671111,
              -1.252071843005789
            ],
            [
              36.95345685365428,
              -1.252071843005789
            ],
            [
              36.95345685365428,
              -1.2517125168921412
            ],
            [
              36.95363651671111,
              -1.2517125168921412
            ],
            [
              36.95363651671111,
              -1.2513531907784934
            ],
            [
              36.95345685365428,
              -1.2513531907784934
            ],
            [
              36.95345685365428,
              -1.2504548754943738
            ],
            [
              36.95363651671111,
              -1.2504548754943738
            ],
            [
              36.95363651671111,
              -1.25027521243755
            ],
            [
              36.953816179767934,
              -1.25027521243755
            ],
            [
              36.953816179767934,
              -1.2500955493807262
            ],
            [
              36.95399584282475,
              -1.2500955493807262
            ],
            [
              36.95399584282475,
              -1.2497362232670783
            ],
            [
              36.95417550588158,
              -1.2497362232670783
            ],
            [
              36.95417550588158,
              -1.2488379079829588
            ],
            [
              36.954355168938406,
              -1.2488379079829588
            ],
            [
              36.954355168938406,
              -1.248478581869311
            ],
            [
              36.95471449505205,
              -1.248478581869311
            ],
            [
              36.95471449505205,
              -1.248119255755663
            ],
            [
              36.95489415810887,
              -1.248119255755663
            ],
            [
              36.95489415810887,
              -1.2474006035283676
            ],
            [
              36.95471449505205,
              -1.2474006035283676
            ],
            [
              36.95471449505205,
              -1.2472209404715435
            ],
            [
              36.954355168938406,
              -1.2472209404715435
            ],
            [
              36.954355168938406,
              -1.2474006035283676
            ],
            [
              36.95417550588158,
              -1.2474006035283676
            ],
            [
              36.95417550588158,
              -1.2477599296420154
            ],
            [
              36.95399584282475,
              -1.2477599296420154
            ],
            [
              36.95399584282475,
              -1.2472209404715435
            ],
            [
              36.953816179767934,
              -1.2472209404715435
            ],
            [
              36.953816179767934,
              -1.2477599296420154
            ],
            [
              36.95363651671111,
              -1.2477599296420154
            ],
            [
              36.95363651671111,
              -1.2475802665851914
            ],
            [
              36.95345685365428,
              -1.2475802665851914
            ],
            [
              36.95345685365428,
              -1.2472209404715435
            ],
            [
              36.95363651671111,
              -1.2472209404715435
            ],
            [
              36.95363651671111,
              -1.2470412774147197
            ],
            [
              36.953816179767934,
              -1.2470412774147197
            ],
            [
              36.953816179767934,
              -1.2468616143578959
            ],
            [
              36.95417550588158,
              -1.2468616143578959
            ],
            [
              36.95417550588158,
              -1.2470412774147197
            ],
            [
              36.95471449505205,
              -1.2470412774147197
            ],
            [
              36.95471449505205,
              -1.246502288244248
            ],
            [
              36.954355168938406,
              -1.246502288244248
            ],
            [
              36.954355168938406,
              -1.2463226251874242
            ],
            [
              36.95399584282475,
              -1.2463226251874242
            ],
            [
              36.95399584282475,
              -1.2461429621306002
            ],
            [
              36.95417550588158,
              -1.2461429621306002
            ],
            [
              36.95417550588158,
              -1.2459632990737763
            ],
            [
              36.95399584282475,
              -1.2459632990737763
            ],
            [
              36.95399584282475,
              -1.2457836360169523
            ],
            [
              36.95417550588158,
              -1.2457836360169523
            ],
            [
              36.95417550588158,
              -1.2456039729601285
            ],
            [
              36.95399584282475,
              -1.2456039729601285
            ],
            [
              36.95399584282475,
              -1.2454243099033047
            ],
            [
              36.95363651671111,
              -1.2454243099033047
            ]
          ]
        ]
      },
      "id": "+205684-6933",
      "properties": {
        "area_ha": 23.421974009799428,
        "area_m2": 234219.74009799428,
        "class": 0,
        "count": 587
      }
    },
    {
      "type": "Feature",
      "geometry": {
        "geodesic": false,
        "type": "Polygon",
        "coordinates": [
          [
            [
              36.954534831995225,
              -1.2524311691194367
            ],
            [
              36.954534831995225,
              -1.2526108321762608
            ],
            [
              36.95399584282475,
              -1.2526108321762608
            ],
            [
              36.95399584282475,
              -1.2527904952330846
            ],
            [
              36.953816179767934,
              -1.2527904952330846
            ],
            [
              36.953816179767934,
              -1.2531498213467325
            ],
            [
              36.95399584282475,
              -1.2531498213467325
            ],
            [
              36.95399584282475,
              -1.2536888105172042
            ],
            [
              36.953816179767934,
              -1.2536888105172042
            ],
            [
              36.953816179767934,
              -1.253868473574028
            ],
            [
              36.95363651671111,
              -1.253868473574028
            ],
            [
              36.95363651671111,
              -1.2542277996876758
            ],
            [
              36.95399584282475,
              -1.2542277996876758
            ],
            [
              36.95399584282475,
              -1.254048136630852
            ],
            [
              36.954355168938406,
              -1.254048136630852
            ],
            [
              36.954355168938406,
              -1.253868473574028
            ],
            [
              36.95471449505205,
              -1.253868473574028
            ],
            [
              36.95471449505205,
              -1.2535091474603803
            ],
            [
              36.95489415810887,
              -1.2535091474603803
            ],
            [
              36.95489415810887,
              -1.2526108321762608
            ],
            [
              36.95471449505205,
              -1.2526108321762608
            ],
            [
              36.95471449505205,
              -1.2524311691194367
            ],
            [
              36.954534831995225,
              -1.2524311691194367
            ]
          ]
        ]
      },
      "id": "+205688-6972",
      "properties": {
        "area_ha": 1.71574616890662,
        "area_m2": 17157.4616890662,
        "class": 0,
        "count": 43
      }
    },
    {
      "type": "Feature",
      "geometry": {
        "geodesic": false,
        "type": "Polygon",
        "coordinates": [
          [
            [
              36.95705011479076,
              -1.2529701582899087
            ],
            [
              36.95705011479076,
              -1.2531498213467325
            ],
            [
              36.956690788677115,
              -1.2531498213467325
            ],
            [
              36.956690788677115,
              -1.2533294844035563
            ],
            [
              36.95651112562029,
              -1.2533294844035563
            ],
            [
              36.95651112562029,
              -1.2535091474603803
            ],
            [
              36.95705011479076,
              -1.2535091474603803
            ],
            [
              36.95705011479076,
              -1.2533294844035563
            ],
            [
              36.95794843007488,
              -1.2533294844035563
            ],
            [
              36.95794843007488,
              -1.2531498213467325
            ],
            [
              36.95758910396123,
              -1.2531498213467325
            ],
            [
              36.95758910396123,
              -1.2529701582899087
            ],
            [
              36.95705011479076,
              -1.2529701582899087
            ]
          ]
        ]
      },
      "id": "+205704-6975",
      "properties": {
        "area_ha": 0.5187139971637977,
        "area_m2": 5187.139971637977,
        "class": 0,
        "count": 13
      }
    },
    {
      "type": "Feature",
      "geometry": {
        "geodesic": false,
        "type": "Polygon",
        "coordinates": [
          [
            [
              36.968189224313846,
              -1.2775839970747835
            ],
            [
              36.968189224313846,
              -1.2777636601316074
            ],
            [
              36.968368887370666,
              -1.2777636601316074
            ],
            [
              36.968368887370666,
              -1.278302649302079
            ],
            [
              36.968189224313846,
              -1.278302649302079
            ],
            [
              36.968189224313846,
              -1.2788416384725507
            ],
            [
              36.96800956125702,
              -1.2788416384725507
            ],
            [
              36.96800956125702,
              -1.2790213015293748
            ],
            [
              36.96657225680243,
              -1.2790213015293748
            ],
            [
              36.96657225680243,
              -1.2792009645861986
            ],
            [
              36.9663925937456,
              -1.2792009645861986
            ],
            [
              36.9663925937456,
              -1.2795602906998464
            ],
            [
              36.96621293068878,
              -1.2795602906998464
            ],
            [
              36.96621293068878,
              -1.2797399537566703
            ],
            [
              36.96603326763196,
              -1.2797399537566703
            ],
            [
              36.96603326763196,
              -1.2799196168134943
            ],
            [
              36.96657225680243,
              -1.2799196168134943
            ],
            [
              36.96657225680243,
              -1.2797399537566703
            ],
            [
              36.966751919859256,
              -1.2797399537566703
            ],
            [
              36.966751919859256,
              -1.2795602906998464
            ],
            [
              36.966931582916075,
              -1.2795602906998464
            ],
            [
              36.966931582916075,
              -1.2797399537566703
            ],
            [
              36.9671112459729,
              -1.2797399537566703
            ],
            [
              36.9671112459729,
              -1.2795602906998464
            ],
            [
              36.96747057208655,
              -1.2795602906998464
            ],
            [
              36.96747057208655,
              -1.2793806276430224
            ],
            [
              36.968189224313846,
              -1.2793806276430224
            ],
            [
              36.968189224313846,
              -1.280278942927142
            ],
            [
              36.96800956125702,
              -1.280278942927142
            ],
            [
              36.96800956125702,
              -1.2806382690407898
            ],
            [
              36.968368887370666,
              -1.2806382690407898
            ],
            [
              36.968368887370666,
              -1.280458605983966
            ],
            [
              36.96854855042749,
              -1.280458605983966
            ],
            [
              36.96854855042749,
              -1.280278942927142
            ],
            [
              36.96872821348432,
              -1.280278942927142
            ],
            [
              36.96872821348432,
              -1.2797399537566703
            ],
            [
              36.96854855042749,
              -1.2797399537566703
            ],
            [
              36.96854855042749,
              -1.2793806276430224
            ],
            [
              36.968368887370666,
              -1.2793806276430224
            ],
            [
              36.968368887370666,
              -1.278661975415727
            ],
            [
              36.96872821348432,
              -1.278661975415727
            ],
            [
              36.96872821348432,
              -1.278302649302079
            ],
            [
              36.969087539597965,
              -1.278302649302079
            ],
            [
              36.969087539597965,
              -1.2779433231884312
            ],
            [
              36.969267202654784,
              -1.2779433231884312
            ],
            [
              36.969267202654784,
              -1.2777636601316074
            ],
            [
              36.96872821348432,
              -1.2777636601316074
            ],
            [
              36.96872821348432,
              -1.2775839970747835
            ],
            [
              36.968189224313846,
              -1.2775839970747835
            ]
          ]
        ]
      },
      "id": "+205766-7112",
      "properties": {
        "area_ha": 3.0723519631752865,
        "area_m2": 30723.519631752864,
        "class": 0,
        "count": 77
      }
    }
  ]
}
