{
  "type": "FeatureCollection",
  "columns": {
    "area_ha": "Number",
    "area_m2": "Float",
    "class": "Short<0, 255>",
    "count": "Long<0, 4294967295>",
    "system:index": "String"
  },
  "features": [
    {
      "type": "Feature",
      "geometry": {
        "geodesic": false,
        "type": "Polygon",
        "coordinates": [
          [
            [
              36.77433278600085,
              -1.3117199778713253
            ],
            [
              36.77433278600085,
              -1.3120793039849732
            ],
            [
              36.7739734598872,
              -1.3120793039849732
            ],
            [
              36.7739734598872,
              -1.3124386300986208
            ],
            [
              36.77415312294403,
              -1.3124386300986208
            ],
            [
              36.77415312294403,
              -1.3126182931554449
            ],
            [
              36.77433278600085,
              -1.3126182931554449
            ],
            [
              36.77433278600085,
              -1.3127979562122687
            ],
            [
              36.774512449057674,
              -1.3127979562122687
            ],
            [
              36.774512449057674,
              -1.3129776192690925
            ],
            [
              36.77505143822815,
              -1.3129776192690925
            ],
            [
              36.77505143822815,
              -1.3127979562122687
            ],
            [
              36.77523110128497,
              -1.3127979562122687
            ],
            [
              36.77523110128497,
              -1.3129776192690925
            ],
            [
              36.77541076434179,
              -1.3129776192690925
            ],
            [
              36.77541076434179,
              -1.3127979562122687
            ],
            [
              36.77559042739862,
              -1.3127979562122687
            ],
            [
              36.77559042739862,
              -1.312258967041797
            ],
            [
              36.77541076434179,
              -1.312258967041797
            ],
            [
              36.77541076434179,
              -1.3124386300986208
            ],
            [
              36.77505143822815,
              -1.3124386300986208
            ],
            [
              36.77505143822815,
              -1.312258967041797
            ],
            [
              36.77487177517132,
              -1.312258967041797
            ],
            [
              36.77487177517132,
              -1.3120793039849732
            ],
            [
              36.7746921121145,
              -1.3120793039849732
            ],
            [
              36.7746921121145,
              -1.3117199778713253
            ],
            [
              36.77433278600085,
              -1.3117199778713253
            ]
          ]
        ]
      },
      "id": "+204686-7302",
      "properties": {
        "area_ha": 1.396505310859501,
        "area_m2": 13965.05310859501,
        "class": 0,
        "count": 35
      }
    },
    {
      "type": "Feature",
      "geometry": {
        "geodesic": false,
        "type": "Polygon",
        "coordinates": [
          [
            [
              36.7829566127284,
              -1.314055597610036
            ],
            [
              36.7829566127284,
              -1.3145945867805078
            ],
            [
              36.783136275785225,
              -1.3145945867805078
            ],
            [
              36.783136275785225,
              -1.3147742498373316
            ],
            [
              36.78349560189887,
              -1.3147742498373316
            ],
            [
              36.78349560189887,
              -1.3151335759509795
            ],
            [
              36.783854928012516,
              -1.3151335759509795
            ],
            [
              36.783854928012516,
              -1.3149539128941556
            ],
            [
              36.7836752649557,
              -1.3149539128941556
            ],
            [
              36.7836752649557,
              -1.3144149237236837
            ],
            [
              36.78349560189887,
              -1.3144149237236837
            ],
            [
              36.78349560189887,
              -1.314055597610036
            ],
            [
              36.7829566127284,
              -1.314055597610036
            ]
          ]
        ]
      },
      "id": "+204735-7315",
      "properties": {
        "area_ha": 0.6384018893959297,
        "area_m2": 6384.018893959297,
        "class": 0,
        "count": 16
      }
    },
    {
      "type": "Feature",
      "geometry": {
        "geodesic": false,
        "type": "Polygon",
        "coordinates": [
          [
            [
              36.79445504836513,
              -1.3117199778713253
            ],
            [
              36.79445504836513,
              -1.3124386300986208
            ],
            [
              36.79463471142195,
              -1.3124386300986208
            ],
            [
              36.79463471142195,
              -1.3126182931554449
            ],
            [
              36.7942753853083,
              -1.3126182931554449
            ],
            [
              36.7942753853083,
              -1.3127979562122687
            ],
            [
              36.794814374478776,
              -1.3127979562122687
            ],
            [
              36.794814374478776,
              -1.3126182931554449
            ],
            [
              36.7949940375356,
              -1.3126182931554449
            ],
            [
              36.7949940375356,
              -1.312258967041797
            ],
            [
              36.794814374478776,
              -1.312258967041797
            ],
            [
              36.794814374478776,
              -1.3117199778713253
            ],
            [
              36.79445504836513,
              -1.3117199778713253
            ]
          ]
        ]
      },
      "id": "+204798-7302",
      "properties": {
        "area_ha": 0.5586021570060044,
        "area_m2": 5586.021570060044,
        "class": 0,
        "count": 14
      }
    },
    {
      "type": "Feature",
      "geometry": {
        "geodesic": false,
        "type": "Polygon",
        "coordinates": [
          [
            [
              36.79643134199019,
              -1.3162115542919228
            ],
            [
              36.79643134199019,
              -1.3163912173487469
            ],
            [
              36.79607201587655,
              -1.3163912173487469
            ],
            [
              36.79607201587655,
              -1.3165708804055707
            ],
            [
              36.795533026706075,
              -1.3165708804055707
            ],
            [
              36.795533026706075,
              -1.3167505434623945
            ],
            [
              36.79535336364925,
              -1.3167505434623945
            ],
            [
              36.79535336364925,
              -1.3165708804055707
            ],
            [
              36.79517370059242,
              -1.3165708804055707
            ],
            [
              36.79517370059242,
              -1.3167505434623945
            ],
            [
              36.794814374478776,
              -1.3167505434623945
            ],
            [
              36.794814374478776,
              -1.3169302065192185
            ],
            [
              36.79445504836513,
              -1.3169302065192185
            ],
            [
              36.79445504836513,
              -1.3171098695760424
            ],
            [
              36.79463471142195,
              -1.3171098695760424
            ],
            [
              36.79463471142195,
              -1.3174691956896902
            ],
            [
              36.79445504836513,
              -1.3174691956896902
            ],
            [
              36.79445504836513,
              -1.317648858746514
            ],
            [
              36.79463471142195,
              -1.317648858746514
            ],
            [
              36.79463471142195,
              -1.3181878479169857
            ],
            [
              36.79517370059242,
              -1.3181878479169857
            ],
            [
              36.79517370059242,
              -1.3183675109738098
            ],
            [
              36.7949940375356,
              -1.3183675109738098
            ],
            [
              36.7949940375356,
              -1.3185471740306336
            ],
            [
              36.79535336364925,
              -1.3185471740306336
            ],
            [
              36.79535336364925,
              -1.3183675109738098
            ],
            [
              36.795533026706075,
              -1.3183675109738098
            ],
            [
              36.795533026706075,
              -1.3181878479169857
            ],
            [
              36.79589235281972,
              -1.3181878479169857
            ],
            [
              36.79589235281972,
              -1.318008184860162
            ],
            [
              36.79607201587655,
              -1.318008184860162
            ],
            [
              36.79607201587655,
              -1.317828521803338
            ],
            [
              36.79589235281972,
              -1.317828521803338
            ],
            [
              36.79589235281972,
              -1.317648858746514
            ],
            [
              36.79607201587655,
              -1.317648858746514
            ],
            [
              36.79607201587655,
              -1.3174691956896902
            ],
            [
              36.796251678933366,
              -1.3174691956896902
            ],
            [
              36.796251678933366,
              -1.3172895326328664
            ],
            [
              36.79643134199019,
              -1.3172895326328664
            ],
            [
              36.79643134199019,
              -1.3171098695760424
            ],
            [
              36.79661100504701,
              -1.3171098695760424
            ],
            [
              36.79661100504701,
              -1.3172895326328664
            ],
            [
              36.79679066810384,
              -1.3172895326328664
            ],
            [
              36.79679066810384,
              -1.3171098695760424
            ],
            [
              36.79750932033114,
              -1.3171098695760424
            ],
            [
              36.79750932033114,
              -1.3172895326328664
            ],
            [
              36.79768898338796,
              -1.3172895326328664
            ],
            [
              36.79768898338796,
              -1.317648858746514
            ],
            [
              36.79786864644478,
              -1.317648858746514
            ],
            [
              36.79786864644478,
              -1.3183675109738098
            ],
            [
              36.79822797255843,
              -1.3183675109738098
            ],
            [
              36.79822797255843,
              -1.3185471740306336
            ],
            [
              36.798407635615256,
              -1.3185471740306336
            ],
            [
              36.798407635615256,
              -1.3181878479169857
            ],
            [
              36.798587298672075,
              -1.3181878479169857
            ],
            [
              36.798587298672075,
              -1.317828521803338
            ],
            [
              36.7987669617289,
              -1.317828521803338
            ],
            [
              36.7987669617289,
              -1.317648858746514
            ],
            [
              36.798587298672075,
              -1.317648858746514
            ],
            [
              36.798587298672075,
              -1.3174691956896902
            ],
            [
              36.7987669617289,
              -1.3174691956896902
            ],
            [
              36.7987669617289,
              -1.3169302065192185
            ],
            [
              36.79894662478573,
              -1.3169302065192185
            ],
            [
              36.79894662478573,
              -1.3165708804055707
            ],
            [
              36.798587298672075,
              -1.3165708804055707
            ],
            [
              36.798587298672075,
              -1.3163912173487469
            ],
            [
              36.798407635615256,
              -1.3163912173487469
            ],
            [
              36.798407635615256,
              -1.3165708804055707
            ],
            [
              36.79732965727431,
              -1.3165708804055707
            ],
            [
              36.79732965727431,
              -1.3163912173487469
            ],
            [
              36.796970331160665,
              -1.3163912173487469
            ],
            [
              36.796970331160665,
              -1.3162115542919228
            ],
            [
              36.79643134199019,
              -1.3162115542919228
            ]
          ]
        ]
      },
      "id": "+204810-7327",
      "properties": {
        "area_ha": 6.7032124809834,
        "area_m2": 67032.124809834,
        "class": 0,
        "count": 168
      }
    },
    {
      "type": "Feature",
      "geometry": {
        "geodesic": false,
        "type": "Polygon",
        "coordinates": [
          [
            [
              36.797149994217484,
              -1.3117199778713253
            ],
            [
              36.797149994217484,
              -1.3118996409281491
            ],
            [
              36.796970331160665,
              -1.3118996409281491
            ],
            [
              36.796970331160665,
              -1.312258967041797
            ],
            [
              36.79679066810384,
              -1.312258967041797
            ],
            [
              36.79679066810384,
              -1.3126182931554449
            ],
            [
              36.79661100504701,
              -1.3126182931554449
            ],
            [
              36.79661100504701,
              -1.3127979562122687
            ],
            [
              36.79679066810384,
              -1.3127979562122687
            ],
            [
              36.79679066810384,
              -1.3129776192690925
            ],
            [
              36.796970331160665,
              -1.3129776192690925
            ],
            [
              36.796970331160665,
              -1.3131572823259166
            ],
            [
              36.79679066810384,
              -1.3131572823259166
            ],
            [
              36.79679066810384,
              -1.3133369453827404
            ],
            [
              36.79643134199019,
              -1.3133369453827404
            ],
            [
              36.79643134199019,
              -1.3136962714963882
            ],
            [
              36.79607201587655,
              -1.3136962714963882
            ],
            [
              36.79607201587655,
              -1.313875934553212
            ],
            [
              36.79589235281972,
              -1.313875934553212
            ],
            [
              36.79589235281972,
              -1.314055597610036
            ],
            [
              36.795712689762894,
              -1.314055597610036
            ],
            [
              36.795712689762894,
              -1.3144149237236837
            ],
            [
              36.79535336364925,
              -1.3144149237236837
            ],
            [
              36.79535336364925,
              -1.31423526066686
            ],
            [
              36.795533026706075,
              -1.31423526066686
            ],
            [
              36.795533026706075,
              -1.314055597610036
            ],
            [
              36.79463471142195,
              -1.314055597610036
            ],
            [
              36.79463471142195,
              -1.31423526066686
            ],
            [
              36.79445504836513,
              -1.31423526066686
            ],
            [
              36.79445504836513,
              -1.3147742498373316
            ],
            [
              36.794814374478776,
              -1.3147742498373316
            ],
            [
              36.794814374478776,
              -1.3149539128941556
            ],
            [
              36.7949940375356,
              -1.3149539128941556
            ],
            [
              36.7949940375356,
              -1.3147742498373316
            ],
            [
              36.79535336364925,
              -1.3147742498373316
            ],
            [
              36.79535336364925,
              -1.3145945867805078
            ],
            [
              36.795712689762894,
              -1.3145945867805078
            ],
            [
              36.795712689762894,
              -1.3144149237236837
            ],
            [
              36.79589235281972,
              -1.3144149237236837
            ],
            [
              36.79589235281972,
              -1.3145945867805078
            ],
            [
              36.79643134199019,
              -1.3145945867805078
            ],
            [
              36.79643134199019,
              -1.3144149237236837
            ],
            [
              36.79661100504701,
              -1.3144149237236837
            ],
            [
              36.79661100504701,
              -1.314055597610036
            ],
            [
              36.79679066810384,
              -1.314055597610036
            ],
            [
              36.79679066810384,
              -1.3135166084395644
            ],
            [
              36.796970331160665,
              -1.3135166084395644
            ],
            [
              36.796970331160665,
              -1.3133369453827404
            ],
            [
              36.79732965727431,
              -1.3133369453827404
            ],
            [
              36.79732965727431,
              -1.3131572823259166
            ],
            [
              36.79768898338796,
              -1.3131572823259166
            ],
            [
              36.79768898338796,
              -1.3133369453827404
            ],
            [
              36.79786864644478,
              -1.3133369453827404
            ],
            [
              36.79786864644478,
              -1.3135166084395644
            ],
            [
              36.79804830950161,
              -1.3135166084395644
            ],
            [
              36.79804830950161,
              -1.3136962714963882
            ],
            [
              36.79786864644478,
              -1.3136962714963882
            ],
            [
              36.79786864644478,
              -1.3147742498373316
            ],
            [
              36.79822797255843,
              -1.3147742498373316
            ],
            [
              36.79822797255843,
              -1.3145945867805078
            ],
            [
              36.7987669617289,
              -1.3145945867805078
            ],
            [
              36.7987669617289,
              -1.31423526066686
            ],
            [
              36.798587298672075,
              -1.31423526066686
            ],
            [
              36.798587298672075,
              -1.314055597610036
            ],
            [
              36.79894662478573,
              -1.314055597610036
            ],
            [
              36.79894662478573,
              -1.3144149237236837
            ],
            [
              36.79912628784255,
              -1.3144149237236837
            ],
            [
              36.79912628784255,
              -1.31423526066686
            ],
            [
              36.799305950899374,
              -1.31423526066686
            ],
            [
              36.799305950899374,
              -1.3136962714963882
            ],
            [
              36.7994856139562,
              -1.3136962714963882
            ],
            [
              36.7994856139562,
              -1.3135166084395644
            ],
            [
              36.799305950899374,
              -1.3135166084395644
            ],
            [
              36.799305950899374,
              -1.3127979562122687
            ],
            [
              36.79912628784255,
              -1.3127979562122687
            ],
            [
              36.79912628784255,
              -1.3126182931554449
            ],
            [
              36.79894662478573,
              -1.3126182931554449
            ],
            [
              36.79894662478573,
              -1.3124386300986208
            ],
            [
              36.7987669617289,
              -1.3124386300986208
            ],
            [
              36.7987669617289,
              -1.3120793039849732
            ],
            [
              36.79786864644478,
              -1.3120793039849732
            ],
            [
              36.79786864644478,
              -1.3118996409281491
            ],
            [
              36.79750932033114,
              -1.3118996409281491
            ],
            [
              36.79750932033114,
              -1.3117199778713253
            ],
            [
              36.797149994217484,
              -1.3117199778713253
            ]
          ]
        ]
      },
      "id": "+204813-7302",
      "properties": {
        "area_ha": 7.740626384636508,
        "area_m2": 77406.26384636508,
        "class": 0,
        "count": 194
      }
    },
    {
      "type": "Feature",
      "geometry": {
        "geodesic": false,
        "type": "Polygon",
        "coordinates": [
          [
            [
              36.83973013868475,
              -1.3072284014507276
            ],
            [
              36.83973013868475,
              -1.3074080645075516
            ],
            [
              36.839370812571104,
              -1.3074080645075516
            ],
            [
              36.839370812571104,
              -1.3075877275643755
            ],
            [
              36.83919114951428,
              -1.3075877275643755
            ],
            [
              36.83919114951428,
              -1.3077673906211993
            ],
            [
              36.838652160343806,
              -1.3077673906211993
            ],
            [
              36.838652160343806,
              -1.3079470536780233
            ],
            [
              36.83811317117334,
              -1.3079470536780233
            ],
            [
              36.83811317117334,
              -1.3081267167348472
            ],
            [
              36.83649620366192,
              -1.3081267167348472
            ],
            [
              36.83649620366192,
              -1.308486042848495
            ],
            [
              36.8363165406051,
              -1.308486042848495
            ],
            [
              36.8363165406051,
              -1.3086657059053188
            ],
            [
              36.83649620366192,
              -1.3086657059053188
            ],
            [
              36.83649620366192,
              -1.3090250320189667
            ],
            [
              36.837214855889215,
              -1.3090250320189667
            ],
            [
              36.837214855889215,
              -1.3088453689621429
            ],
            [
              36.8400894647984,
              -1.3088453689621429
            ],
            [
              36.8400894647984,
              -1.308486042848495
            ],
            [
              36.84026912785522,
              -1.308486042848495
            ],
            [
              36.84026912785522,
              -1.3081267167348472
            ],
            [
              36.84044879091205,
              -1.3081267167348472
            ],
            [
              36.84044879091205,
              -1.3079470536780233
            ],
            [
              36.8400894647984,
              -1.3079470536780233
            ],
            [
              36.8400894647984,
              -1.3075877275643755
            ],
            [
              36.83990980174158,
              -1.3075877275643755
            ],
            [
              36.83990980174158,
              -1.3072284014507276
            ],
            [
              36.83973013868475,
              -1.3072284014507276
            ]
          ]
        ]
      },
      "id": "+205049-7277",
      "properties": {
        "area_ha": 4.66832618478328,
        "area_m2": 46683.2618478328,
        "class": 0,
        "count": 117
      }
    },
    {
      "type": "Feature",
      "geometry": {
        "geodesic": false,
        "type": "Polygon",
        "coordinates": [
          [
            [
              36.84278441065076,
              -1.2889027696546895
            ],
            [
              36.84278441065076,
              -1.289621421881985
            ],
            [
              36.84260474759393,
              -1.289621421881985
            ],
            [
              36.84260474759393,
              -1.2901604110524567
            ],
            [
              36.84278441065076,
              -1.2901604110524567
            ],
            [
              36.84278441065076,
              -1.2905197371661046
            ],
            [
              36.842964073707584,
              -1.2905197371661046
            ],
            [
              36.842964073707584,
              -1.2903400741092808
            ],
            [
              36.843143736764404,
              -1.2903400741092808
            ],
            [
              36.843143736764404,
              -1.2905197371661046
            ],
            [
              36.84332339982123,
              -1.2905197371661046
            ],
            [
              36.84332339982123,
              -1.2901604110524567
            ],
            [
              36.84350306287806,
              -1.2901604110524567
            ],
            [
              36.84350306287806,
              -1.2898010849388089
            ],
            [
              36.84332339982123,
              -1.2898010849388089
            ],
            [
              36.84332339982123,
              -1.289621421881985
            ],
            [
              36.843143736764404,
              -1.289621421881985
            ],
            [
              36.843143736764404,
              -1.2894417588251612
            ],
            [
              36.842964073707584,
              -1.2894417588251612
            ],
            [
              36.842964073707584,
              -1.2889027696546895
            ],
            [
              36.84278441065076,
              -1.2889027696546895
            ]
          ],
          [
            [
              36.842964073707584,
              -1.2898010849388089
            ],
            [
              36.84278441065076,
              -1.2898010849388089
            ],
            [
              36.84278441065076,
              -1.289980747995633
            ],
            [
              36.842964073707584,
              -1.289980747995633
            ],
            [
              36.842964073707584,
              -1.2898010849388089
            ]
          ]
        ]
      },
      "id": "+205066-7175",
      "properties": {
        "area_ha": 0.9177117132430019,
        "area_m2": 9177.11713243002,
        "class": 0,
        "count": 23
      }
    },
    {
      "type": "Feature",
      "geometry": {
        "geodesic": false,
        "type": "Polygon",
        "coordinates": [
          [
            [
              36.848174302355474,
              -1.3120793039849732
            ],
            [
              36.84691666095771,
              -1.3120793039849732
            ],
            [
              36.84691666095771,
              -1.3118996409281491
            ],
            [
              36.84655733484406,
              -1.3118996409281491
            ],
            [
              36.84655733484406,
              -1.3117199778713253
            ],
            [
              36.845838682616765,
              -1.3117199778713253
            ],
            [
              36.845838682616765,
              -1.3115403148145013
            ],
            [
              36.84565901955994,
              -1.3115403148145013
            ],
            [
              36.84565901955994,
              -1.3113606517576775
            ],
            [
              36.84529969344629,
              -1.3113606517576775
            ],
            [
              36.84529969344629,
              -1.3111809887008536
            ],
            [
              36.844401378162175,
              -1.3111809887008536
            ],
            [
              36.844401378162175,
              -1.3113606517576775
            ],
            [
              36.84404205204853,
              -1.3113606517576775
            ],
            [
              36.84404205204853,
              -1.3115403148145013
            ],
            [
              36.843682725934876,
              -1.3115403148145013
            ],
            [
              36.843682725934876,
              -1.3117199778713253
            ],
            [
              36.84350306287806,
              -1.3117199778713253
            ],
            [
              36.84350306287806,
              -1.3118996409281491
            ],
            [
              36.84332339982123,
              -1.3118996409281491
            ],
            [
              36.84332339982123,
              -1.312258967041797
            ],
            [
              36.8438623889917,
              -1.312258967041797
            ],
            [
              36.8438623889917,
              -1.3118996409281491
            ],
            [
              36.844581041218994,
              -1.3118996409281491
            ],
            [
              36.844581041218994,
              -1.3120793039849732
            ],
            [
              36.84494036733265,
              -1.3120793039849732
            ],
            [
              36.84494036733265,
              -1.312258967041797
            ],
            [
              36.84512003038947,
              -1.312258967041797
            ],
            [
              36.84512003038947,
              -1.3124386300986208
            ],
            [
              36.84529969344629,
              -1.3124386300986208
            ],
            [
              36.84529969344629,
              -1.3126182931554449
            ],
            [
              36.84547935650312,
              -1.3126182931554449
            ],
            [
              36.84547935650312,
              -1.3127979562122687
            ],
            [
              36.84565901955994,
              -1.3127979562122687
            ],
            [
              36.84565901955994,
              -1.3129776192690925
            ],
            [
              36.845838682616765,
              -1.3129776192690925
            ],
            [
              36.845838682616765,
              -1.3131572823259166
            ],
            [
              36.847275987071356,
              -1.3131572823259166
            ],
            [
              36.847275987071356,
              -1.3133369453827404
            ],
            [
              36.847994639298655,
              -1.3133369453827404
            ],
            [
              36.847994639298655,
              -1.3135166084395644
            ],
            [
              36.84853362846912,
              -1.3135166084395644
            ],
            [
              36.84853362846912,
              -1.3127979562122687
            ],
            [
              36.84871329152595,
              -1.3127979562122687
            ],
            [
              36.84871329152595,
              -1.3126182931554449
            ],
            [
              36.84853362846912,
              -1.3126182931554449
            ],
            [
              36.84853362846912,
              -1.312258967041797
            ],
            [
              36.848174302355474,
              -1.312258967041797
            ],
            [
              36.848174302355474,
              -1.3120793039849732
            ]
          ]
        ]
      },
      "id": "+205079-7299",
      "properties": {
        "area_ha": 7.0224270007165135,
        "area_m2": 70224.27000716513,
        "class": 0,
        "count": 176
      }
    },
    {
      "type": "Feature",
      "geometry": {
        "geodesic": false,
        "type": "Polygon",
        "coordinates": [
          [
            [
              36.84889295458277,
              -1.2648279200402863
            ],
            [
              36.84889295458277,
              -1.2650075830971101
            ],
            [
              36.84871329152595,
              -1.2650075830971101
            ],
            [
              36.84871329152595,
              -1.265187246153934
            ],
            [
              36.84889295458277,
              -1.265187246153934
            ],
            [
              36.84889295458277,
              -1.265366909210758
            ],
            [
              36.84907261763959,
              -1.265366909210758
            ],
            [
              36.84907261763959,
              -1.2657262353244059
            ],
            [
              36.849431943753245,
              -1.2657262353244059
            ],
            [
              36.849431943753245,
              -1.2659058983812297
            ],
            [
              36.849611606810065,
              -1.2659058983812297
            ],
            [
              36.849611606810065,
              -1.2660855614380535
            ],
            [
              36.84997093292372,
              -1.2660855614380535
            ],
            [
              36.84997093292372,
              -1.2659058983812297
            ],
            [
              36.85050992209418,
              -1.2659058983812297
            ],
            [
              36.85050992209418,
              -1.2657262353244059
            ],
            [
              36.85068958515101,
              -1.2657262353244059
            ],
            [
              36.85068958515101,
              -1.2655465722675818
            ],
            [
              36.85050992209418,
              -1.2655465722675818
            ],
            [
              36.85050992209418,
              -1.265366909210758
            ],
            [
              36.85015059598054,
              -1.265366909210758
            ],
            [
              36.85015059598054,
              -1.265187246153934
            ],
            [
              36.849611606810065,
              -1.265187246153934
            ],
            [
              36.849611606810065,
              -1.2650075830971101
            ],
            [
              36.84925228069642,
              -1.2650075830971101
            ],
            [
              36.84925228069642,
              -1.2648279200402863
            ],
            [
              36.84889295458277,
              -1.2648279200402863
            ]
          ]
        ]
      },
      "id": "+205101-7041",
      "properties": {
        "area_ha": 1.556134610810407,
        "area_m2": 15561.34610810407,
        "class": 0,
        "count": 39
      }
    },
    {
      "type": "Feature",
      "geometry": {
        "geodesic": false,
        "type": "Polygon",
        "coordinates": [
          [
            [
              36.85140823737831,
              -1.2876451282569221
            ],
            [
              36.85140823737831,
              -1.287824791313746
            ],
            [
              36.85122857432148,
              -1.287824791313746
            ],
            [
              36.85122857432148,
              -1.28800445437057
            ],
            [
              36.851048911264655,
              -1.28800445437057
            ],
            [
              36.851048911264655,
              -1.2881841174273938
            ],
            [
              36.850869248207836,
              -1.2881841174273938
            ],
            [
              36.850869248207836,
              -1.2883637804842176
            ],
            [
              36.85050992209418,
              -1.2883637804842176
            ],
            [
              36.85050992209418,
              -1.2885434435410417
            ],
            [
              36.850869248207836,
              -1.2885434435410417
            ],
            [
              36.850869248207836,
              -1.2887231065978655
            ],
            [
              36.85194722654878,
              -1.2887231065978655
            ],
            [
              36.85194722654878,
              -1.287824791313746
            ],
            [
              36.85158790043513,
              -1.287824791313746
            ],
            [
              36.85158790043513,
              -1.2876451282569221
            ],
            [
              36.85140823737831,
              -1.2876451282569221
            ]
          ]
        ]
      },
      "id": "+205114-7168",
      "properties": {
        "area_ha": 1.1970160446630205,
        "area_m2": 11970.160446630205,
        "class": 0,
        "count": 30
      }
    },
    {
      "type": "Feature",
      "geometry": {
        "geodesic": false,
        "type": "Polygon",
        "coordinates": [
          [
            [
              36.85302520488972,
              -1.2644685939266385
            ],
            [
              36.85302520488972,
              -1.2646482569834623
            ],
            [
              36.8528455418329,
              -1.2646482569834623
            ],
            [
              36.8528455418329,
              -1.2648279200402863
            ],
            [
              36.85302520488972,
              -1.2648279200402863
            ],
            [
              36.85302520488972,
              -1.265187246153934
            ],
            [
              36.8528455418329,
              -1.265187246153934
            ],
            [
              36.8528455418329,
              -1.265366909210758
            ],
            [
              36.85266587877607,
              -1.265366909210758
            ],
            [
              36.85266587877607,
              -1.265187246153934
            ],
            [
              36.852486215719246,
              -1.265187246153934
            ],
            [
              36.852486215719246,
              -1.2646482569834623
            ],
            [
              36.85266587877607,
              -1.2646482569834623
            ],
            [
              36.85266587877607,
              -1.2644685939266385
            ],
            [
              36.852486215719246,
              -1.2644685939266385
            ],
            [
              36.852486215719246,
              -1.2646482569834623
            ],
            [
              36.85230655266243,
              -1.2646482569834623
            ],
            [
              36.85230655266243,
              -1.2648279200402863
            ],
            [
              36.85158790043513,
              -1.2648279200402863
            ],
            [
              36.85158790043513,
              -1.2650075830971101
            ],
            [
              36.851767563491954,
              -1.2650075830971101
            ],
            [
              36.851767563491954,
              -1.2655465722675818
            ],
            [
              36.8521268896056,
              -1.2655465722675818
            ],
            [
              36.8521268896056,
              -1.2657262353244059
            ],
            [
              36.8528455418329,
              -1.2657262353244059
            ],
            [
              36.8528455418329,
              -1.2655465722675818
            ],
            [
              36.85302520488972,
              -1.2655465722675818
            ],
            [
              36.85302520488972,
              -1.2657262353244059
            ],
            [
              36.85338453100337,
              -1.2657262353244059
            ],
            [
              36.85338453100337,
              -1.2655465722675818
            ],
            [
              36.85356419406019,
              -1.2655465722675818
            ],
            [
              36.85356419406019,
              -1.265187246153934
            ],
            [
              36.85338453100337,
              -1.265187246153934
            ],
            [
              36.85338453100337,
              -1.2648279200402863
            ],
            [
              36.853204867946545,
              -1.2648279200402863
            ],
            [
              36.853204867946545,
              -1.2644685939266385
            ],
            [
              36.85302520488972,
              -1.2644685939266385
            ]
          ]
        ]
      },
      "id": "+205123-7039",
      "properties": {
        "area_ha": 1.715738337417508,
        "area_m2": 17157.38337417508,
        "class": 0,
        "count": 43
      }
    },
    {
      "type": "Feature",
      "geometry": {
        "geodesic": false,
        "type": "Polygon",
        "coordinates": [
          [
            [
              36.86093037938997,
              -1.2590787022219214
            ],
            [
              36.86093037938997,
              -1.2599770175060407
            ],
            [
              36.860571053276324,
              -1.2599770175060407
            ],
            [
              36.860571053276324,
              -1.2601566805628648
            ],
            [
              36.86021172716268,
              -1.2601566805628648
            ],
            [
              36.86021172716268,
              -1.2603363436196886
            ],
            [
              36.85985240104903,
              -1.2603363436196886
            ],
            [
              36.85985240104903,
              -1.2605160066765126
            ],
            [
              36.859672737992206,
              -1.2605160066765126
            ],
            [
              36.859672737992206,
              -1.2606956697333365
            ],
            [
              36.85949307493538,
              -1.2606956697333365
            ],
            [
              36.85949307493538,
              -1.2608753327901603
            ],
            [
              36.85913374882173,
              -1.2608753327901603
            ],
            [
              36.85913374882173,
              -1.2610549958469843
            ],
            [
              36.85895408576491,
              -1.2610549958469843
            ],
            [
              36.85895408576491,
              -1.2612346589038081
            ],
            [
              36.85877442270809,
              -1.2612346589038081
            ],
            [
              36.85877442270809,
              -1.261414321960632
            ],
            [
              36.85859475965126,
              -1.261414321960632
            ],
            [
              36.85859475965126,
              -1.261593985017456
            ],
            [
              36.858235433537615,
              -1.261593985017456
            ],
            [
              36.858235433537615,
              -1.2617736480742798
            ],
            [
              36.85841509659444,
              -1.2617736480742798
            ],
            [
              36.85841509659444,
              -1.2619533111311039
            ],
            [
              36.85949307493538,
              -1.2619533111311039
            ],
            [
              36.85949307493538,
              -1.2617736480742798
            ],
            [
              36.85985240104903,
              -1.2617736480742798
            ],
            [
              36.85985240104903,
              -1.261593985017456
            ],
            [
              36.86003206410585,
              -1.261593985017456
            ],
            [
              36.86003206410585,
              -1.261414321960632
            ],
            [
              36.86021172716268,
              -1.261414321960632
            ],
            [
              36.86021172716268,
              -1.2612346589038081
            ],
            [
              36.860571053276324,
              -1.2612346589038081
            ],
            [
              36.860571053276324,
              -1.2610549958469843
            ],
            [
              36.86093037938997,
              -1.2610549958469843
            ],
            [
              36.86093037938997,
              -1.2608753327901603
            ],
            [
              36.86128970550362,
              -1.2608753327901603
            ],
            [
              36.86128970550362,
              -1.2601566805628648
            ],
            [
              36.861110042446796,
              -1.2601566805628648
            ],
            [
              36.861110042446796,
              -1.2590787022219214
            ],
            [
              36.86093037938997,
              -1.2590787022219214
            ]
          ]
        ]
      },
      "id": "+205167-7009",
      "properties": {
        "area_ha": 3.630987154909614,
        "area_m2": 36309.87154909614,
        "class": 0,
        "count": 91
      }
    },
    {
      "type": "Feature",
      "geometry": {
        "geodesic": false,
        "type": "Polygon",
        "coordinates": [
          [
            [
              36.86236768384457,
              -1.261593985017456
            ],
            [
              36.86236768384457,
              -1.2617736480742798
            ],
            [
              36.86218802078774,
              -1.2617736480742798
            ],
            [
              36.86218802078774,
              -1.261593985017456
            ],
            [
              36.862008357730915,
              -1.261593985017456
            ],
            [
              36.862008357730915,
              -1.2617736480742798
            ],
            [
              36.86146936856044,
              -1.2617736480742798
            ],
            [
              36.86146936856044,
              -1.2619533111311039
            ],
            [
              36.861110042446796,
              -1.2619533111311039
            ],
            [
              36.861110042446796,
              -1.2623126372447515
            ],
            [
              36.86093037938997,
              -1.2623126372447515
            ],
            [
              36.86093037938997,
              -1.2624923003015756
            ],
            [
              36.86075071633315,
              -1.2624923003015756
            ],
            [
              36.86075071633315,
              -1.2626719633583994
            ],
            [
              36.860571053276324,
              -1.2626719633583994
            ],
            [
              36.860571053276324,
              -1.2630312894720472
            ],
            [
              36.86075071633315,
              -1.2630312894720472
            ],
            [
              36.86075071633315,
              -1.2628516264152232
            ],
            [
              36.86146936856044,
              -1.2628516264152232
            ],
            [
              36.86146936856044,
              -1.2626719633583994
            ],
            [
              36.86272700995821,
              -1.2626719633583994
            ],
            [
              36.86272700995821,
              -1.2624923003015756
            ],
            [
              36.86290667301503,
              -1.2624923003015756
            ],
            [
              36.86290667301503,
              -1.2621329741879277
            ],
            [
              36.86272700995821,
              -1.2621329741879277
            ],
            [
              36.86272700995821,
              -1.2617736480742798
            ],
            [
              36.86254734690139,
              -1.2617736480742798
            ],
            [
              36.86254734690139,
              -1.261593985017456
            ],
            [
              36.86236768384457,
              -1.261593985017456
            ]
          ]
        ]
      },
      "id": "+205175-7023",
      "properties": {
        "area_ha": 2.234452518426105,
        "area_m2": 22344.52518426105,
        "class": 0,
        "count": 56
      }
    },
    {
      "type": "Feature",
      "geometry": {
        "geodesic": false,
        "type": "Polygon",
        "coordinates": [
          [
            [
              36.863265999128686,
              -1.2590787022219214
            ],
            [
              36.863265999128686,
              -1.2592583652787452
            ],
            [
              36.86308633607186,
              -1.2592583652787452
            ],
            [
              36.86308633607186,
              -1.259797354449217
            ],
            [
              36.863265999128686,
              -1.259797354449217
            ],
            [
              36.863265999128686,
              -1.2599770175060407
            ],
            [
              36.863445662185505,
              -1.2599770175060407
            ],
            [
              36.863445662185505,
              -1.2601566805628648
            ],
            [
              36.86362532524233,
              -1.2601566805628648
            ],
            [
              36.86362532524233,
              -1.2599770175060407
            ],
            [
              36.86380498829916,
              -1.2599770175060407
            ],
            [
              36.86380498829916,
              -1.259617691392393
            ],
            [
              36.86362532524233,
              -1.259617691392393
            ],
            [
              36.86362532524233,
              -1.2592583652787452
            ],
            [
              36.863445662185505,
              -1.2592583652787452
            ],
            [
              36.863445662185505,
              -1.2590787022219214
            ],
            [
              36.863265999128686,
              -1.2590787022219214
            ]
          ]
        ]
      },
      "id": "+205180-7009",
      "properties": {
        "area_ha": 0.5985146595284382,
        "area_m2": 5985.146595284382,
        "class": 0,
        "count": 15
      }
    },
    {
      "type": "Feature",
      "geometry": {
        "geodesic": false,
        "type": "Polygon",
        "coordinates": [
          [
            [
              36.86434397746963,
              -1.3118996409281491
            ],
            [
              36.86434397746963,
              -1.3120793039849732
            ],
            [
              36.86398465135598,
              -1.3120793039849732
            ],
            [
              36.86398465135598,
              -1.3131572823259166
            ],
            [
              36.86380498829916,
              -1.3131572823259166
            ],
            [
              36.86380498829916,
              -1.3133369453827404
            ],
            [
              36.86362532524233,
              -1.3133369453827404
            ],
            [
              36.86362532524233,
              -1.3135166084395644
            ],
            [
              36.863265999128686,
              -1.3135166084395644
            ],
            [
              36.863265999128686,
              -1.313875934553212
            ],
            [
              36.86362532524233,
              -1.313875934553212
            ],
            [
              36.86362532524233,
              -1.3135166084395644
            ],
            [
              36.86380498829916,
              -1.3135166084395644
            ],
            [
              36.86380498829916,
              -1.3133369453827404
            ],
            [
              36.86434397746963,
              -1.3133369453827404
            ],
            [
              36.86434397746963,
              -1.3131572823259166
            ],
            [
              36.86452364052645,
              -1.3131572823259166
            ],
            [
              36.86452364052645,
              -1.3129776192690925
            ],
            [
              36.864882966640096,
              -1.3129776192690925
            ],
            [
              36.864882966640096,
              -1.3127979562122687
            ],
            [
              36.86506262969692,
              -1.3127979562122687
            ],
            [
              36.86506262969692,
              -1.312258967041797
            ],
            [
              36.864882966640096,
              -1.312258967041797
            ],
            [
              36.864882966640096,
              -1.3120793039849732
            ],
            [
              36.864703303583276,
              -1.3120793039849732
            ],
            [
              36.864703303583276,
              -1.3118996409281491
            ],
            [
              36.86434397746963,
              -1.3118996409281491
            ]
          ]
        ]
      },
      "id": "+205187-7303",
      "properties": {
        "area_ha": 1.6359060298499981,
        "area_m2": 16359.06029849998,
        "class": 0,
        "count": 41
      }
    },
    {
      "type": "Feature",
      "geometry": {
        "geodesic": false,
        "type": "Polygon",
        "coordinates": [
          [
            [
              36.86506262969692,
              -1.2581803869378019
            ],
            [
              36.86524229275375,
              -1.2581803869378019
            ],
            [
              36.86524229275375,
              -1.2583600499946257
            ],
            [
              36.86506262969692,
              -1.2583600499946257
            ],
            [
              36.86506262969692,
              -1.2585397130514495
            ],
            [
              36.864882966640096,
              -1.2585397130514495
            ],
            [
              36.864882966640096,
              -1.2592583652787452
            ],
            [
              36.865601618867395,
              -1.2592583652787452
            ],
            [
              36.865601618867395,
              -1.2590787022219214
            ],
            [
              36.86578128192422,
              -1.2590787022219214
            ],
            [
              36.86578128192422,
              -1.2587193761082736
            ],
            [
              36.86596094498104,
              -1.2587193761082736
            ],
            [
              36.86596094498104,
              -1.2580007238809778
            ],
            [
              36.865601618867395,
              -1.2580007238809778
            ],
            [
              36.865601618867395,
              -1.257821060824154
            ],
            [
              36.86506262969692,
              -1.257821060824154
            ],
            [
              36.86506262969692,
              -1.2581803869378019
            ]
          ]
        ]
      },
      "id": "+205192-7002",
      "properties": {
        "area_ha": 1.4763367657885267,
        "area_m2": 14763.367657885266,
        "class": 0,
        "count": 37
      }
    },
    {
      "type": "Feature",
      "geometry": {
        "geodesic": false,
        "type": "Polygon",
        "coordinates": [
          [
            [
              36.86973386917435,
              -1.25764139776733
            ],
            [
              36.86973386917435,
              -1.2585397130514495
            ],
            [
              36.87045252140164,
              -1.2585397130514495
            ],
            [
              36.87045252140164,
              -1.2583600499946257
            ],
            [
              36.870632184458465,
              -1.2583600499946257
            ],
            [
              36.870632184458465,
              -1.2581803869378019
            ],
            [
              36.870811847515284,
              -1.2581803869378019
            ],
            [
              36.870811847515284,
              -1.25764139776733
            ],
            [
              36.87099151057211,
              -1.25764139776733
            ],
            [
              36.87099151057211,
              -1.2574617347105062
            ],
            [
              36.870811847515284,
              -1.2574617347105062
            ],
            [
              36.870811847515284,
              -1.2572820716536823
            ],
            [
              36.87045252140164,
              -1.2572820716536823
            ],
            [
              36.87045252140164,
              -1.2571024085968583
            ],
            [
              36.87027285834482,
              -1.2571024085968583
            ],
            [
              36.87027285834482,
              -1.2567430824832106
            ],
            [
              36.87009319528799,
              -1.2567430824832106
            ],
            [
              36.87009319528799,
              -1.2565634194263866
            ],
            [
              36.869913532231166,
              -1.2565634194263866
            ],
            [
              36.869913532231166,
              -1.2563837563695628
            ],
            [
              36.86973386917435,
              -1.2563837563695628
            ],
            [
              36.86973386917435,
              -1.2562040933127387
            ],
            [
              36.86955420611752,
              -1.2562040933127387
            ],
            [
              36.86955420611752,
              -1.2563837563695628
            ],
            [
              36.869374543060694,
              -1.2563837563695628
            ],
            [
              36.869374543060694,
              -1.2567430824832106
            ],
            [
              36.869194880003874,
              -1.2567430824832106
            ],
            [
              36.869194880003874,
              -1.2569227455400345
            ],
            [
              36.86883555389022,
              -1.2569227455400345
            ],
            [
              36.86883555389022,
              -1.2571024085968583
            ],
            [
              36.8686558908334,
              -1.2571024085968583
            ],
            [
              36.8686558908334,
              -1.2574617347105062
            ],
            [
              36.86883555389022,
              -1.2574617347105062
            ],
            [
              36.86883555389022,
              -1.25764139776733
            ],
            [
              36.869194880003874,
              -1.25764139776733
            ],
            [
              36.869194880003874,
              -1.2574617347105062
            ],
            [
              36.86955420611752,
              -1.2574617347105062
            ],
            [
              36.86955420611752,
              -1.25764139776733
            ],
            [
              36.86973386917435,
              -1.25764139776733
            ]
          ]
        ]
      },
      "id": "+205215-6993",
      "properties": {
        "area_ha": 3.2319818662267905,
        "area_m2": 32319.818662267906,
        "class": 0,
        "count": 81
      }
    },
    {
      "type": "Feature",
      "geometry": {
        "geodesic": false,
        "type": "Polygon",
        "coordinates": [
          [
            [
              36.869194880003874,
              -1.3127979562122687
            ],
            [
              36.869194880003874,
              -1.3129776192690925
            ],
            [
              36.8686558908334,
              -1.3129776192690925
            ],
            [
              36.8686558908334,
              -1.3127979562122687
            ],
            [
              36.86811690166293,
              -1.3127979562122687
            ],
            [
              36.86811690166293,
              -1.3129776192690925
            ],
            [
              36.8679372386061,
              -1.3129776192690925
            ],
            [
              36.8679372386061,
              -1.3131572823259166
            ],
            [
              36.86757791249246,
              -1.3131572823259166
            ],
            [
              36.86757791249246,
              -1.3133369453827404
            ],
            [
              36.86721858637881,
              -1.3133369453827404
            ],
            [
              36.86721858637881,
              -1.3135166084395644
            ],
            [
              36.86685926026516,
              -1.3135166084395644
            ],
            [
              36.86685926026516,
              -1.3136962714963882
            ],
            [
              36.86667959720834,
              -1.3136962714963882
            ],
            [
              36.86667959720834,
              -1.313875934553212
            ],
            [
              36.86632027109469,
              -1.313875934553212
            ],
            [
              36.86632027109469,
              -1.314055597610036
            ],
            [
              36.86614060803787,
              -1.314055597610036
            ],
            [
              36.86614060803787,
              -1.31423526066686
            ],
            [
              36.86578128192422,
              -1.31423526066686
            ],
            [
              36.86578128192422,
              -1.3144149237236837
            ],
            [
              36.865601618867395,
              -1.3144149237236837
            ],
            [
              36.865601618867395,
              -1.3147742498373316
            ],
            [
              36.86542195581057,
              -1.3147742498373316
            ],
            [
              36.86542195581057,
              -1.3149539128941556
            ],
            [
              36.86524229275375,
              -1.3149539128941556
            ],
            [
              36.86524229275375,
              -1.3153132390078033
            ],
            [
              36.86506262969692,
              -1.3153132390078033
            ],
            [
              36.86506262969692,
              -1.3154929020646273
            ],
            [
              36.86524229275375,
              -1.3154929020646273
            ],
            [
              36.86524229275375,
              -1.3156725651214511
            ],
            [
              36.865601618867395,
              -1.3156725651214511
            ],
            [
              36.865601618867395,
              -1.315852228178275
            ],
            [
              36.86596094498104,
              -1.315852228178275
            ],
            [
              36.86596094498104,
              -1.3162115542919228
            ],
            [
              36.86614060803787,
              -1.3162115542919228
            ],
            [
              36.86614060803787,
              -1.3163912173487469
            ],
            [
              36.86649993415151,
              -1.3163912173487469
            ],
            [
              36.86649993415151,
              -1.3162115542919228
            ],
            [
              36.86739824943563,
              -1.3162115542919228
            ],
            [
              36.86739824943563,
              -1.3163912173487469
            ],
            [
              36.86757791249246,
              -1.3163912173487469
            ],
            [
              36.86757791249246,
              -1.3165708804055707
            ],
            [
              36.86811690166293,
              -1.3165708804055707
            ],
            [
              36.86811690166293,
              -1.3163912173487469
            ],
            [
              36.8686558908334,
              -1.3163912173487469
            ],
            [
              36.8686558908334,
              -1.3165708804055707
            ],
            [
              36.86901521694705,
              -1.3165708804055707
            ],
            [
              36.86901521694705,
              -1.3167505434623945
            ],
            [
              36.869194880003874,
              -1.3167505434623945
            ],
            [
              36.869194880003874,
              -1.3171098695760424
            ],
            [
              36.869374543060694,
              -1.3171098695760424
            ],
            [
              36.869374543060694,
              -1.3172895326328664
            ],
            [
              36.86955420611752,
              -1.3172895326328664
            ],
            [
              36.86955420611752,
              -1.3174691956896902
            ],
            [
              36.870632184458465,
              -1.3174691956896902
            ],
            [
              36.870632184458465,
              -1.3171098695760424
            ],
            [
              36.87009319528799,
              -1.3171098695760424
            ],
            [
              36.87009319528799,
              -1.3169302065192185
            ],
            [
              36.869913532231166,
              -1.3169302065192185
            ],
            [
              36.869913532231166,
              -1.3167505434623945
            ],
            [
              36.86955420611752,
              -1.3167505434623945
            ],
            [
              36.86955420611752,
              -1.3165708804055707
            ],
            [
              36.869194880003874,
              -1.3165708804055707
            ],
            [
              36.869194880003874,
              -1.3163912173487469
            ],
            [
              36.86883555389022,
              -1.3163912173487469
            ],
            [
              36.86883555389022,
              -1.3162115542919228
            ],
            [
              36.8686558908334,
              -1.3162115542919228
            ],
            [
              36.8686558908334,
              -1.316031891235099
            ],
            [
              36.86883555389022,
              -1.316031891235099
            ],
            [
              36.86883555389022,
              -1.315852228178275
            ],
            [
              36.86901521694705,
              -1.315852228178275
            ],
            [
              36.86901521694705,
              -1.3151335759509795
            ],
            [
              36.869194880003874,
              -1.3151335759509795
            ],
            [
              36.869194880003874,
              -1.3145945867805078
            ],
            [
              36.869374543060694,
              -1.3145945867805078
            ],
            [
              36.869374543060694,
              -1.314055597610036
            ],
            [
              36.869194880003874,
              -1.314055597610036
            ],
            [
              36.869194880003874,
              -1.313875934553212
            ],
            [
              36.86901521694705,
              -1.313875934553212
            ],
            [
              36.86901521694705,
              -1.3135166084395644
            ],
            [
              36.86973386917435,
              -1.3135166084395644
            ],
            [
              36.86973386917435,
              -1.3131572823259166
            ],
            [
              36.869913532231166,
              -1.3131572823259166
            ],
            [
              36.869913532231166,
              -1.3127979562122687
            ],
            [
              36.869194880003874,
              -1.3127979562122687
            ]
          ],
          [
            [
              36.868296564719756,
              -1.3135166084395644
            ],
            [
              36.8679372386061,
              -1.3135166084395644
            ],
            [
              36.8679372386061,
              -1.3136962714963882
            ],
            [
              36.867757575549284,
              -1.3136962714963882
            ],
            [
              36.867757575549284,
              -1.313875934553212
            ],
            [
              36.86757791249246,
              -1.313875934553212
            ],
            [
              36.86757791249246,
              -1.3144149237236837
            ],
            [
              36.868296564719756,
              -1.3144149237236837
            ],
            [
              36.868296564719756,
              -1.3135166084395644
            ]
          ]
        ]
      },
      "id": "+205216-7308",
      "properties": {
        "area_ha": 13.765538504833122,
        "area_m2": 137655.38504833123,
        "class": 0,
        "count": 345
      }
    },
    {
      "type": "Feature",
      "geometry": {
        "geodesic": false,
        "type": "Polygon",
        "coordinates": [
          [
            [
              36.869913532231166,
              -1.278302649302079
            ],
            [
              36.869913532231166,
              -1.278482312358903
            ],
            [
              36.86883555389022,
              -1.278482312358903
            ],
            [
              36.86883555389022,
              -1.278661975415727
            ],
            [
              36.8686558908334,
              -1.278661975415727
            ],
            [
              36.8686558908334,
              -1.2788416384725507
            ],
            [
              36.868476227776576,
              -1.2788416384725507
            ],
            [
              36.868476227776576,
              -1.2790213015293748
            ],
            [
              36.868296564719756,
              -1.2790213015293748
            ],
            [
              36.868296564719756,
              -1.2792009645861986
            ],
            [
              36.86811690166293,
              -1.2792009645861986
            ],
            [
              36.86811690166293,
              -1.2793806276430224
            ],
            [
              36.8679372386061,
              -1.2793806276430224
            ],
            [
              36.8679372386061,
              -1.2799196168134943
            ],
            [
              36.86811690166293,
              -1.2799196168134943
            ],
            [
              36.86811690166293,
              -1.2800992798703181
            ],
            [
              36.868476227776576,
              -1.2800992798703181
            ],
            [
              36.868476227776576,
              -1.2799196168134943
            ],
            [
              36.8686558908334,
              -1.2799196168134943
            ],
            [
              36.8686558908334,
              -1.2797399537566703
            ],
            [
              36.86883555389022,
              -1.2797399537566703
            ],
            [
              36.86883555389022,
              -1.2795602906998464
            ],
            [
              36.86901521694705,
              -1.2795602906998464
            ],
            [
              36.86901521694705,
              -1.2797399537566703
            ],
            [
              36.869374543060694,
              -1.2797399537566703
            ],
            [
              36.869374543060694,
              -1.2793806276430224
            ],
            [
              36.86973386917435,
              -1.2793806276430224
            ],
            [
              36.86973386917435,
              -1.2792009645861986
            ],
            [
              36.869913532231166,
              -1.2792009645861986
            ],
            [
              36.869913532231166,
              -1.2790213015293748
            ],
            [
              36.87009319528799,
              -1.2790213015293748
            ],
            [
              36.87009319528799,
              -1.278661975415727
            ],
            [
              36.87027285834482,
              -1.278661975415727
            ],
            [
              36.87027285834482,
              -1.278302649302079
            ],
            [
              36.869913532231166,
              -1.278302649302079
            ]
          ]
        ]
      },
      "id": "+205218-7116",
      "properties": {
        "area_ha": 2.6334445669544158,
        "area_m2": 26334.44566954416,
        "class": 0,
        "count": 66
      }
    },
    {
      "type": "Feature",
      "geometry": {
        "geodesic": false,
        "type": "Polygon",
        "coordinates": [
          [
            [
              36.87278814114035,
              -1.310462336473558
            ],
            [
              36.87278814114035,
              -1.3106419995303817
            ],
            [
              36.8724288150267,
              -1.3106419995303817
            ],
            [
              36.8724288150267,
              -1.3108216625872058
            ],
            [
              36.87188982585623,
              -1.3108216625872058
            ],
            [
              36.87188982585623,
              -1.3110013256440296
            ],
            [
              36.870632184458465,
              -1.3110013256440296
            ],
            [
              36.870632184458465,
              -1.3111809887008536
            ],
            [
              36.869374543060694,
              -1.3111809887008536
            ],
            [
              36.869374543060694,
              -1.3113606517576775
            ],
            [
              36.869194880003874,
              -1.3113606517576775
            ],
            [
              36.869194880003874,
              -1.3115403148145013
            ],
            [
              36.86883555389022,
              -1.3115403148145013
            ],
            [
              36.86883555389022,
              -1.3113606517576775
            ],
            [
              36.8679372386061,
              -1.3113606517576775
            ],
            [
              36.8679372386061,
              -1.3115403148145013
            ],
            [
              36.86685926026516,
              -1.3115403148145013
            ],
            [
              36.86685926026516,
              -1.3120793039849732
            ],
            [
              36.867038923321985,
              -1.3120793039849732
            ],
            [
              36.867038923321985,
              -1.312258967041797
            ],
            [
              36.86721858637881,
              -1.312258967041797
            ],
            [
              36.86721858637881,
              -1.3124386300986208
            ],
            [
              36.86757791249246,
              -1.3124386300986208
            ],
            [
              36.86757791249246,
              -1.312258967041797
            ],
            [
              36.8679372386061,
              -1.312258967041797
            ],
            [
              36.8679372386061,
              -1.3120793039849732
            ],
            [
              36.868296564719756,
              -1.3120793039849732
            ],
            [
              36.868296564719756,
              -1.3118996409281491
            ],
            [
              36.8686558908334,
              -1.3118996409281491
            ],
            [
              36.8686558908334,
              -1.3117199778713253
            ],
            [
              36.869194880003874,
              -1.3117199778713253
            ],
            [
              36.869194880003874,
              -1.3115403148145013
            ],
            [
              36.869374543060694,
              -1.3115403148145013
            ],
            [
              36.869374543060694,
              -1.3117199778713253
            ],
            [
              36.870811847515284,
              -1.3117199778713253
            ],
            [
              36.870811847515284,
              -1.3118996409281491
            ],
            [
              36.87153049974258,
              -1.3118996409281491
            ],
            [
              36.87153049974258,
              -1.3120793039849732
            ],
            [
              36.87278814114035,
              -1.3120793039849732
            ],
            [
              36.87278814114035,
              -1.3118996409281491
            ],
            [
              36.873147467254,
              -1.3118996409281491
            ],
            [
              36.873147467254,
              -1.3117199778713253
            ],
            [
              36.87332713031082,
              -1.3117199778713253
            ],
            [
              36.87332713031082,
              -1.3118996409281491
            ],
            [
              36.87368645642447,
              -1.3118996409281491
            ],
            [
              36.87368645642447,
              -1.3117199778713253
            ],
            [
              36.87386611948129,
              -1.3117199778713253
            ],
            [
              36.87386611948129,
              -1.3115403148145013
            ],
            [
              36.874225445594945,
              -1.3115403148145013
            ],
            [
              36.874225445594945,
              -1.3111809887008536
            ],
            [
              36.87404578253812,
              -1.3111809887008536
            ],
            [
              36.87404578253812,
              -1.3108216625872058
            ],
            [
              36.87386611948129,
              -1.3108216625872058
            ],
            [
              36.87386611948129,
              -1.310462336473558
            ],
            [
              36.87278814114035,
              -1.310462336473558
            ]
          ]
        ]
      },
      "id": "+205238-7295",
      "properties": {
        "area_ha": 7.5810317332282535,
        "area_m2": 75810.31733228253,
        "class": 0,
        "count": 190
      }
    },
    {
      "type": "Feature",
      "geometry": {
        "geodesic": false,
        "type": "Polygon",
        "coordinates": [
          [
            [
              36.87638140227683,
              -1.3124386300986208
            ],
            [
              36.87638140227683,
              -1.3126182931554449
            ],
            [
              36.875662750049536,
              -1.3126182931554449
            ],
            [
              36.875662750049536,
              -1.3127979562122687
            ],
            [
              36.87530342393588,
              -1.3127979562122687
            ],
            [
              36.87530342393588,
              -1.3131572823259166
            ],
            [
              36.87458477170859,
              -1.3131572823259166
            ],
            [
              36.87458477170859,
              -1.3133369453827404
            ],
            [
              36.87386611948129,
              -1.3133369453827404
            ],
            [
              36.87386611948129,
              -1.3135166084395644
            ],
            [
              36.873506793367646,
              -1.3135166084395644
            ],
            [
              36.873506793367646,
              -1.3136962714963882
            ],
            [
              36.87332713031082,
              -1.3136962714963882
            ],
            [
              36.87332713031082,
              -1.313875934553212
            ],
            [
              36.873506793367646,
              -1.313875934553212
            ],
            [
              36.873506793367646,
              -1.3144149237236837
            ],
            [
              36.87386611948129,
              -1.3144149237236837
            ],
            [
              36.87386611948129,
              -1.3145945867805078
            ],
            [
              36.874405108651764,
              -1.3145945867805078
            ],
            [
              36.874405108651764,
              -1.3147742498373316
            ],
            [
              36.87458477170859,
              -1.3147742498373316
            ],
            [
              36.87458477170859,
              -1.3149539128941556
            ],
            [
              36.87476443476541,
              -1.3149539128941556
            ],
            [
              36.87476443476541,
              -1.3153132390078033
            ],
            [
              36.87494409782224,
              -1.3153132390078033
            ],
            [
              36.87494409782224,
              -1.3156725651214511
            ],
            [
              36.87476443476541,
              -1.3156725651214511
            ],
            [
              36.87476443476541,
              -1.316031891235099
            ],
            [
              36.87458477170859,
              -1.316031891235099
            ],
            [
              36.87458477170859,
              -1.3172895326328664
            ],
            [
              36.87476443476541,
              -1.3172895326328664
            ],
            [
              36.87476443476541,
              -1.3174691956896902
            ],
            [
              36.87494409782224,
              -1.3174691956896902
            ],
            [
              36.87494409782224,
              -1.3181878479169857
            ],
            [
              36.87476443476541,
              -1.3181878479169857
            ],
            [
              36.87476443476541,
              -1.3194454893147531
            ],
            [
              36.87494409782224,
              -1.3194454893147531
            ],
            [
              36.87494409782224,
              -1.3192658262579293
            ],
            [
              36.87512376087906,
              -1.3192658262579293
            ],
            [
              36.87512376087906,
              -1.3190861632011053
            ],
            [
              36.87530342393588,
              -1.3190861632011053
            ],
            [
              36.87530342393588,
              -1.3189065001442815
            ],
            [
              36.87548308699271,
              -1.3189065001442815
            ],
            [
              36.87548308699271,
              -1.3185471740306336
            ],
            [
              36.875662750049536,
              -1.3185471740306336
            ],
            [
              36.875662750049536,
              -1.3183675109738098
            ],
            [
              36.875842413106355,
              -1.3183675109738098
            ],
            [
              36.875842413106355,
              -1.318008184860162
            ],
            [
              36.87602207616318,
              -1.318008184860162
            ],
            [
              36.87602207616318,
              -1.3174691956896902
            ],
            [
              36.875662750049536,
              -1.3174691956896902
            ],
            [
              36.875662750049536,
              -1.3172895326328664
            ],
            [
              36.87548308699271,
              -1.3172895326328664
            ],
            [
              36.87548308699271,
              -1.3171098695760424
            ],
            [
              36.87530342393588,
              -1.3171098695760424
            ],
            [
              36.87530342393588,
              -1.3165708804055707
            ],
            [
              36.87548308699271,
              -1.3165708804055707
            ],
            [
              36.87548308699271,
              -1.3163912173487469
            ],
            [
              36.875662750049536,
              -1.3163912173487469
            ],
            [
              36.875662750049536,
              -1.3162115542919228
            ],
            [
              36.87602207616318,
              -1.3162115542919228
            ],
            [
              36.87602207616318,
              -1.316031891235099
            ],
            [
              36.87638140227683,
              -1.316031891235099
            ],
            [
              36.87638140227683,
              -1.3162115542919228
            ],
            [
              36.877279717560945,
              -1.3162115542919228
            ],
            [
              36.877279717560945,
              -1.316031891235099
            ],
            [
              36.87745938061777,
              -1.316031891235099
            ],
            [
              36.87745938061777,
              -1.3156725651214511
            ],
            [
              36.8776390436746,
              -1.3156725651214511
            ],
            [
              36.8776390436746,
              -1.3154929020646273
            ],
            [
              36.87781870673142,
              -1.3154929020646273
            ],
            [
              36.87781870673142,
              -1.3151335759509795
            ],
            [
              36.877998369788244,
              -1.3151335759509795
            ],
            [
              36.877998369788244,
              -1.3147742498373316
            ],
            [
              36.87817803284507,
              -1.3147742498373316
            ],
            [
              36.87817803284507,
              -1.3145945867805078
            ],
            [
              36.877998369788244,
              -1.3145945867805078
            ],
            [
              36.877998369788244,
              -1.3144149237236837
            ],
            [
              36.87745938061777,
              -1.3144149237236837
            ],
            [
              36.87745938061777,
              -1.31423526066686
            ],
            [
              36.877279717560945,
              -1.31423526066686
            ],
            [
              36.877279717560945,
              -1.3136962714963882
            ],
            [
              36.877100054504126,
              -1.3136962714963882
            ],
            [
              36.877100054504126,
              -1.3135166084395644
            ],
            [
              36.8769203914473,
              -1.3135166084395644
            ],
            [
              36.8769203914473,
              -1.3136962714963882
            ],
            [
              36.87674072839047,
              -1.3136962714963882
            ],
            [
              36.87674072839047,
              -1.3135166084395644
            ],
            [
              36.87638140227683,
              -1.3135166084395644
            ],
            [
              36.87638140227683,
              -1.3126182931554449
            ],
            [
              36.876561065333654,
              -1.3126182931554449
            ],
            [
              36.876561065333654,
              -1.3124386300986208
            ],
            [
              36.87638140227683,
              -1.3124386300986208
            ]
          ],
          [
            [
              36.87745938061777,
              -1.3144149237236837
            ],
            [
              36.877100054504126,
              -1.3144149237236837
            ],
            [
              36.877100054504126,
              -1.3147742498373316
            ],
            [
              36.877279717560945,
              -1.3147742498373316
            ],
            [
              36.877279717560945,
              -1.3149539128941556
            ],
            [
              36.8776390436746,
              -1.3149539128941556
            ],
            [
              36.8776390436746,
              -1.3145945867805078
            ],
            [
              36.87745938061777,
              -1.3145945867805078
            ],
            [
              36.87745938061777,
              -1.3144149237236837
            ]
          ]
        ]
      },
      "id": "+205253-7306",
      "properties": {
        "area_ha": 15.640842180980465,
        "area_m2": 156408.42180980465,
        "class": 0,
        "count": 392
      }
    },
    {
      "type": "Feature",
      "geometry": {
        "geodesic": false,
        "type": "Polygon",
        "coordinates": [
          [
            [
              36.877279717560945,
              -1.3097436842462624
            ],
            [
              36.877279717560945,
              -1.3099233473030862
            ],
            [
              36.8769203914473,
              -1.3099233473030862
            ],
            [
              36.8769203914473,
              -1.31010301035991
            ],
            [
              36.87602207616318,
              -1.31010301035991
            ],
            [
              36.87602207616318,
              -1.310282673416734
            ],
            [
              36.875662750049536,
              -1.310282673416734
            ],
            [
              36.875662750049536,
              -1.3108216625872058
            ],
            [
              36.87638140227683,
              -1.3108216625872058
            ],
            [
              36.87638140227683,
              -1.3106419995303817
            ],
            [
              36.876561065333654,
              -1.3106419995303817
            ],
            [
              36.876561065333654,
              -1.310462336473558
            ],
            [
              36.87674072839047,
              -1.310462336473558
            ],
            [
              36.87674072839047,
              -1.310282673416734
            ],
            [
              36.877100054504126,
              -1.310282673416734
            ],
            [
              36.877100054504126,
              -1.31010301035991
            ],
            [
              36.8776390436746,
              -1.31010301035991
            ],
            [
              36.8776390436746,
              -1.3099233473030862
            ],
            [
              36.87745938061777,
              -1.3099233473030862
            ],
            [
              36.87745938061777,
              -1.3097436842462624
            ],
            [
              36.877279717560945,
              -1.3097436842462624
            ]
          ]
        ]
      },
      "id": "+205258-7291",
      "properties": {
        "area_ha": 1.0374047998378646,
        "area_m2": 10374.047998378646,
        "class": 0,
        "count": 26
      }
    },
    {
      "type": "Feature",
      "geometry": {
        "geodesic": false,
        "type": "Polygon",
        "coordinates": [
          [
            [
              36.87889668507236,
              -1.3110013256440296
            ],
            [
              36.87889668507236,
              -1.3111809887008536
            ],
            [
              36.87907634812919,
              -1.3111809887008536
            ],
            [
              36.87907634812919,
              -1.3115403148145013
            ],
            [
              36.87925601118601,
              -1.3115403148145013
            ],
            [
              36.87925601118601,
              -1.3120793039849732
            ],
            [
              36.87907634812919,
              -1.3120793039849732
            ],
            [
              36.87907634812919,
              -1.312258967041797
            ],
            [
              36.87925601118601,
              -1.312258967041797
            ],
            [
              36.87925601118601,
              -1.3124386300986208
            ],
            [
              36.87979500035648,
              -1.3124386300986208
            ],
            [
              36.87979500035648,
              -1.3120793039849732
            ],
            [
              36.87997466341331,
              -1.3120793039849732
            ],
            [
              36.87997466341331,
              -1.3117199778713253
            ],
            [
              36.87979500035648,
              -1.3117199778713253
            ],
            [
              36.87979500035648,
              -1.3115403148145013
            ],
            [
              36.87961533729966,
              -1.3115403148145013
            ],
            [
              36.87961533729966,
              -1.3113606517576775
            ],
            [
              36.879435674242835,
              -1.3113606517576775
            ],
            [
              36.879435674242835,
              -1.3111809887008536
            ],
            [
              36.87925601118601,
              -1.3111809887008536
            ],
            [
              36.87925601118601,
              -1.3110013256440296
            ],
            [
              36.87889668507236,
              -1.3110013256440296
            ]
          ]
        ]
      },
      "id": "+205268-7298",
      "properties": {
        "area_ha": 0.9975040511582569,
        "area_m2": 9975.040511582569,
        "class": 0,
        "count": 25
      }
    },
    {
      "type": "Feature",
      "geometry": {
        "geodesic": false,
        "type": "Polygon",
        "coordinates": [
          [
            [
              36.88195095703837,
              -1.3151335759509795
            ],
            [
              36.88195095703837,
              -1.3153132390078033
            ],
            [
              36.881771293981544,
              -1.3153132390078033
            ],
            [
              36.881771293981544,
              -1.3156725651214511
            ],
            [
              36.881591630924724,
              -1.3156725651214511
            ],
            [
              36.881591630924724,
              -1.315852228178275
            ],
            [
              36.8814119678679,
              -1.315852228178275
            ],
            [
              36.8814119678679,
              -1.316031891235099
            ],
            [
              36.88123230481107,
              -1.316031891235099
            ],
            [
              36.88123230481107,
              -1.3163912173487469
            ],
            [
              36.881591630924724,
              -1.3163912173487469
            ],
            [
              36.881591630924724,
              -1.3171098695760424
            ],
            [
              36.8814119678679,
              -1.3171098695760424
            ],
            [
              36.8814119678679,
              -1.3172895326328664
            ],
            [
              36.88105264175425,
              -1.3172895326328664
            ],
            [
              36.88105264175425,
              -1.3171098695760424
            ],
            [
              36.880872978697425,
              -1.3171098695760424
            ],
            [
              36.880872978697425,
              -1.3167505434623945
            ],
            [
              36.88105264175425,
              -1.3167505434623945
            ],
            [
              36.88105264175425,
              -1.3165708804055707
            ],
            [
              36.880872978697425,
              -1.3165708804055707
            ],
            [
              36.880872978697425,
              -1.3167505434623945
            ],
            [
              36.88051365258378,
              -1.3167505434623945
            ],
            [
              36.88051365258378,
              -1.3169302065192185
            ],
            [
              36.87997466341331,
              -1.3169302065192185
            ],
            [
              36.87997466341331,
              -1.3171098695760424
            ],
            [
              36.87925601118601,
              -1.3171098695760424
            ],
            [
              36.87925601118601,
              -1.3169302065192185
            ],
            [
              36.87889668507236,
              -1.3169302065192185
            ],
            [
              36.87889668507236,
              -1.3167505434623945
            ],
            [
              36.87835769590189,
              -1.3167505434623945
            ],
            [
              36.87835769590189,
              -1.3171098695760424
            ],
            [
              36.87817803284507,
              -1.3171098695760424
            ],
            [
              36.87817803284507,
              -1.3172895326328664
            ],
            [
              36.877998369788244,
              -1.3172895326328664
            ],
            [
              36.877998369788244,
              -1.317828521803338
            ],
            [
              36.87781870673142,
              -1.317828521803338
            ],
            [
              36.87781870673142,
              -1.3183675109738098
            ],
            [
              36.8776390436746,
              -1.3183675109738098
            ],
            [
              36.8776390436746,
              -1.3185471740306336
            ],
            [
              36.87745938061777,
              -1.3185471740306336
            ],
            [
              36.87745938061777,
              -1.3187268370874576
            ],
            [
              36.877279717560945,
              -1.3187268370874576
            ],
            [
              36.877279717560945,
              -1.3190861632011053
            ],
            [
              36.877100054504126,
              -1.3190861632011053
            ],
            [
              36.877100054504126,
              -1.3192658262579293
            ],
            [
              36.8769203914473,
              -1.3192658262579293
            ],
            [
              36.8769203914473,
              -1.3194454893147531
            ],
            [
              36.87674072839047,
              -1.3194454893147531
            ],
            [
              36.87674072839047,
              -1.319804815428401
            ],
            [
              36.876561065333654,
              -1.319804815428401
            ],
            [
              36.876561065333654,
              -1.3199844784852248
            ],
            [
              36.87674072839047,
              -1.3199844784852248
            ],
            [
              36.87674072839047,
              -1.3203438045988727
            ],
            [
              36.8769203914473,
              -1.3203438045988727
            ],
            [
              36.8769203914473,
              -1.3205234676556965
            ],
            [
              36.877279717560945,
              -1.3205234676556965
            ],
            [
              36.877279717560945,
              -1.3207031307125205
            ],
            [
              36.877998369788244,
              -1.3207031307125205
            ],
            [
              36.877998369788244,
              -1.3205234676556965
            ],
            [
              36.87835769590189,
              -1.3205234676556965
            ],
            [
              36.87835769590189,
              -1.3203438045988727
            ],
            [
              36.878717022015536,
              -1.3203438045988727
            ],
            [
              36.878717022015536,
              -1.3201641415420489
            ],
            [
              36.87907634812919,
              -1.3201641415420489
            ],
            [
              36.87907634812919,
              -1.3199844784852248
            ],
            [
              36.87979500035648,
              -1.3199844784852248
            ],
            [
              36.87979500035648,
              -1.3201641415420489
            ],
            [
              36.880154326470134,
              -1.3201641415420489
            ],
            [
              36.880154326470134,
              -1.3205234676556965
            ],
            [
              36.88033398952695,
              -1.3205234676556965
            ],
            [
              36.88033398952695,
              -1.3207031307125205
            ],
            [
              36.8806933156406,
              -1.3207031307125205
            ],
            [
              36.8806933156406,
              -1.3205234676556965
            ],
            [
              36.880872978697425,
              -1.3205234676556965
            ],
            [
              36.880872978697425,
              -1.3203438045988727
            ],
            [
              36.88105264175425,
              -1.3203438045988727
            ],
            [
              36.88105264175425,
              -1.3201641415420489
            ],
            [
              36.8814119678679,
              -1.3201641415420489
            ],
            [
              36.8814119678679,
              -1.3199844784852248
            ],
            [
              36.881591630924724,
              -1.3199844784852248
            ],
            [
              36.881591630924724,
              -1.319804815428401
            ],
            [
              36.881771293981544,
              -1.319804815428401
            ],
            [
              36.881771293981544,
              -1.3194454893147531
            ],
            [
              36.88195095703837,
              -1.3194454893147531
            ],
            [
              36.88195095703837,
              -1.3189065001442815
            ],
            [
              36.8821306200952,
              -1.3189065001442815
            ],
            [
              36.8821306200952,
              -1.3183675109738098
            ],
            [
              36.88195095703837,
              -1.3183675109738098
            ],
            [
              36.88195095703837,
              -1.3181878479169857
            ],
            [
              36.8821306200952,
              -1.3181878479169857
            ],
            [
              36.8821306200952,
              -1.318008184860162
            ],
            [
              36.88248994620884,
              -1.318008184860162
            ],
            [
              36.88248994620884,
              -1.317828521803338
            ],
            [
              36.88266960926566,
              -1.317828521803338
            ],
            [
              36.88266960926566,
              -1.318008184860162
            ],
            [
              36.883028935379315,
              -1.318008184860162
            ],
            [
              36.883028935379315,
              -1.317828521803338
            ],
            [
              36.88338826149296,
              -1.317828521803338
            ],
            [
              36.88338826149296,
              -1.317648858746514
            ],
            [
              36.88356792454979,
              -1.317648858746514
            ],
            [
              36.88356792454979,
              -1.3172895326328664
            ],
            [
              36.88338826149296,
              -1.3172895326328664
            ],
            [
              36.88338826149296,
              -1.3171098695760424
            ],
            [
              36.883028935379315,
              -1.3171098695760424
            ],
            [
              36.883028935379315,
              -1.3167505434623945
            ],
            [
              36.88284927232249,
              -1.3167505434623945
            ],
            [
              36.88284927232249,
              -1.316031891235099
            ],
            [
              36.88266960926566,
              -1.316031891235099
            ],
            [
              36.88266960926566,
              -1.3156725651214511
            ],
            [
              36.88248994620884,
              -1.3156725651214511
            ],
            [
              36.88248994620884,
              -1.3154929020646273
            ],
            [
              36.882310283152016,
              -1.3154929020646273
            ],
            [
              36.882310283152016,
              -1.3151335759509795
            ],
            [
              36.88195095703837,
              -1.3151335759509795
            ]
          ],
          [
            [
              36.880154326470134,
              -1.3174691956896902
            ],
            [
              36.87979500035648,
              -1.3174691956896902
            ],
            [
              36.87979500035648,
              -1.317648858746514
            ],
            [
              36.879435674242835,
              -1.317648858746514
            ],
            [
              36.879435674242835,
              -1.3181878479169857
            ],
            [
              36.87961533729966,
              -1.3181878479169857
            ],
            [
              36.87961533729966,
              -1.3183675109738098
            ],
            [
              36.880154326470134,
              -1.3183675109738098
            ],
            [
              36.880154326470134,
              -1.318008184860162
            ],
            [
              36.88033398952695,
              -1.318008184860162
            ],
            [
              36.88033398952695,
              -1.317648858746514
            ],
            [
              36.880154326470134,
              -1.317648858746514
            ],
            [
              36.880154326470134,
              -1.3174691956896902
            ]
          ]
        ]
      },
      "id": "+205285-7321",
      "properties": {
        "area_ha": 22.344031514437155,
        "area_m2": 223440.31514437156,
        "class": 0,
        "count": 560
      }
    },
    {
      "type": "Feature",
      "geometry": {
        "geodesic": false,
        "type": "Polygon",
        "coordinates": [
          [
            [
              36.884466239833905,
              -1.319804815428401
            ],
            [
              36.884466239833905,
              -1.3199844784852248
            ],
            [
              36.88428657677708,
              -1.3199844784852248
            ],
            [
              36.88428657677708,
              -1.3201641415420489
            ],
            [
              36.88410691372026,
              -1.3201641415420489
            ],
            [
              36.88410691372026,
              -1.3207031307125205
            ],
            [
              36.883208598436134,
              -1.3207031307125205
            ],
            [
              36.883208598436134,
              -1.3212421198829922
            ],
            [
              36.88410691372026,
              -1.3212421198829922
            ],
            [
              36.88410691372026,
              -1.3210624568261682
            ],
            [
              36.88428657677708,
              -1.3210624568261682
            ],
            [
              36.88428657677708,
              -1.3212421198829922
            ],
            [
              36.88482556594755,
              -1.3212421198829922
            ],
            [
              36.88482556594755,
              -1.3210624568261682
            ],
            [
              36.88500522900438,
              -1.3210624568261682
            ],
            [
              36.88500522900438,
              -1.3208827937693444
            ],
            [
              36.8851848920612,
              -1.3208827937693444
            ],
            [
              36.8851848920612,
              -1.3207031307125205
            ],
            [
              36.885364555118024,
              -1.3207031307125205
            ],
            [
              36.885364555118024,
              -1.3203438045988727
            ],
            [
              36.8851848920612,
              -1.3203438045988727
            ],
            [
              36.8851848920612,
              -1.3199844784852248
            ],
            [
              36.884645902890725,
              -1.3199844784852248
            ],
            [
              36.884645902890725,
              -1.319804815428401
            ],
            [
              36.884466239833905,
              -1.319804815428401
            ]
          ]
        ]
      },
      "id": "+205298-7347",
      "properties": {
        "area_ha": 2.194501094204576,
        "area_m2": 21945.01094204576,
        "class": 0,
        "count": 55
      }
    },
    {
      "type": "Feature",
      "geometry": {
        "geodesic": false,
        "type": "Polygon",
        "coordinates": [
          [
            [
              36.885903544288496,
              -1.3144149237236837
            ],
            [
              36.885903544288496,
              -1.3153132390078033
            ],
            [
              36.88608320734532,
              -1.3153132390078033
            ],
            [
              36.88608320734532,
              -1.3154929020646273
            ],
            [
              36.88644253345897,
              -1.3154929020646273
            ],
            [
              36.88644253345897,
              -1.3156725651214511
            ],
            [
              36.88662219651579,
              -1.3156725651214511
            ],
            [
              36.88662219651579,
              -1.315852228178275
            ],
            [
              36.88698152262944,
              -1.315852228178275
            ],
            [
              36.88698152262944,
              -1.3156725651214511
            ],
            [
              36.88734084874309,
              -1.3156725651214511
            ],
            [
              36.88734084874309,
              -1.3153132390078033
            ],
            [
              36.88716118568626,
              -1.3153132390078033
            ],
            [
              36.88716118568626,
              -1.3151335759509795
            ],
            [
              36.88698152262944,
              -1.3151335759509795
            ],
            [
              36.88698152262944,
              -1.3149539128941556
            ],
            [
              36.88662219651579,
              -1.3149539128941556
            ],
            [
              36.88662219651579,
              -1.3145945867805078
            ],
            [
              36.88644253345897,
              -1.3145945867805078
            ],
            [
              36.88644253345897,
              -1.3144149237236837
            ],
            [
              36.885903544288496,
              -1.3144149237236837
            ]
          ]
        ]
      },
      "id": "+205308-7317",
      "properties": {
        "area_ha": 1.5162041114625069,
        "area_m2": 15162.04111462507,
        "class": 0,
        "count": 38
      }
    },
    {
      "type": "Feature",
      "geometry": {
        "geodesic": false,
        "type": "Polygon",
        "coordinates": [
          [
            [
              36.88626287040214,
              -1.2721941053700663
            ],
            [
              36.88626287040214,
              -1.2723737684268903
            ],
            [
              36.88608320734532,
              -1.2723737684268903
            ],
            [
              36.88608320734532,
              -1.272733094540538
            ],
            [
              36.88644253345897,
              -1.272733094540538
            ],
            [
              36.88644253345897,
              -1.272912757597362
            ],
            [
              36.88662219651579,
              -1.272912757597362
            ],
            [
              36.88662219651579,
              -1.2730924206541858
            ],
            [
              36.88716118568626,
              -1.2730924206541858
            ],
            [
              36.88716118568626,
              -1.272733094540538
            ],
            [
              36.88734084874309,
              -1.272733094540538
            ],
            [
              36.88734084874309,
              -1.2725534314837141
            ],
            [
              36.88716118568626,
              -1.2725534314837141
            ],
            [
              36.88716118568626,
              -1.2721941053700663
            ],
            [
              36.88626287040214,
              -1.2721941053700663
            ]
          ]
        ]
      },
      "id": "+205312-7082",
      "properties": {
        "area_ha": 0.9975194185523993,
        "area_m2": 9975.194185523993,
        "class": 0,
        "count": 25
      }
    },
    {
      "type": "Feature",
      "geometry": {
        "geodesic": false,
        "type": "Polygon",
        "coordinates": [
          [
            [
              36.88716118568626,
              -1.3207031307125205
            ],
            [
              36.88716118568626,
              -1.3208827937693444
            ],
            [
              36.88698152262944,
              -1.3208827937693444
            ],
            [
              36.88698152262944,
              -1.321781109053464
            ],
            [
              36.88734084874309,
              -1.321781109053464
            ],
            [
              36.88734084874309,
              -1.3219607721102877
            ],
            [
              36.888059500970385,
              -1.3219607721102877
            ],
            [
              36.888059500970385,
              -1.3221404351671118
            ],
            [
              36.888239164027205,
              -1.3221404351671118
            ],
            [
              36.888239164027205,
              -1.3219607721102877
            ],
            [
              36.888059500970385,
              -1.3219607721102877
            ],
            [
              36.888059500970385,
              -1.321421782939816
            ],
            [
              36.88787983791356,
              -1.321421782939816
            ],
            [
              36.88787983791356,
              -1.3212421198829922
            ],
            [
              36.88770017485673,
              -1.3212421198829922
            ],
            [
              36.88770017485673,
              -1.3208827937693444
            ],
            [
              36.88734084874309,
              -1.3208827937693444
            ],
            [
              36.88734084874309,
              -1.3207031307125205
            ],
            [
              36.88716118568626,
              -1.3207031307125205
            ]
          ]
        ]
      },
      "id": "+205313-7352",
      "properties": {
        "area_ha": 1.236900246211036,
        "area_m2": 12369.002462110358,
        "class": 0,
        "count": 31
      }
    },
    {
      "type": "Feature",
      "geometry": {
        "geodesic": false,
        "type": "Polygon",
        "coordinates": [
          [
            [
              36.88752051179991,
              -1.3165708804055707
            ],
            [
              36.88752051179991,
              -1.3169302065192185
            ],
            [
              36.88770017485673,
              -1.3169302065192185
            ],
            [
              36.88770017485673,
              -1.3171098695760424
            ],
            [
              36.88752051179991,
              -1.3171098695760424
            ],
            [
              36.88752051179991,
              -1.3172895326328664
            ],
            [
              36.88770017485673,
              -1.3172895326328664
            ],
            [
              36.88770017485673,
              -1.3174691956896902
            ],
            [
              36.88787983791356,
              -1.3174691956896902
            ],
            [
              36.88787983791356,
              -1.317648858746514
            ],
            [
              36.888239164027205,
              -1.317648858746514
            ],
            [
              36.888239164027205,
              -1.3174691956896902
            ],
            [
              36.88841882708403,
              -1.3174691956896902
            ],
            [
              36.88841882708403,
              -1.3169302065192185
            ],
            [
              36.888239164027205,
              -1.3169302065192185
            ],
            [
              36.888239164027205,
              -1.3167505434623945
            ],
            [
              36.888059500970385,
              -1.3167505434623945
            ],
            [
              36.888059500970385,
              -1.3165708804055707
            ],
            [
              36.88752051179991,
              -1.3165708804055707
            ]
          ]
        ]
      },
      "id": "+205317-7329",
      "properties": {
        "area_ha": 0.8778016944606254,
        "area_m2": 8778.016944606254,
        "class": 0,
        "count": 22
      }
    },
    {
      "type": "Feature",
      "geometry": {
        "geodesic": false,
        "type": "Polygon",
        "coordinates": [
          [
            [
              36.89291040350463,
              -1.3077673906211993
            ],
            [
              36.893269729618275,
              -1.3077673906211993
            ],
            [
              36.893269729618275,
              -1.3081267167348472
            ],
            [
              36.8934493926751,
              -1.3081267167348472
            ],
            [
              36.8934493926751,
              -1.3083063797916712
            ],
            [
              36.89380871878875,
              -1.3083063797916712
            ],
            [
              36.89380871878875,
              -1.3079470536780233
            ],
            [
              36.893988381845574,
              -1.3079470536780233
            ],
            [
              36.893988381845574,
              -1.3075877275643755
            ],
            [
              36.89416804490239,
              -1.3075877275643755
            ],
            [
              36.89416804490239,
              -1.3068690753370797
            ],
            [
              36.893988381845574,
              -1.3068690753370797
            ],
            [
              36.893988381845574,
              -1.306689412280256
            ],
            [
              36.89380871878875,
              -1.306689412280256
            ],
            [
              36.89380871878875,
              -1.306330086166608
            ],
            [
              36.89362905573192,
              -1.306330086166608
            ],
            [
              36.89362905573192,
              -1.3061504231097842
            ],
            [
              36.8934493926751,
              -1.3061504231097842
            ],
            [
              36.8934493926751,
              -1.3068690753370797
            ],
            [
              36.893269729618275,
              -1.3068690753370797
            ],
            [
              36.893269729618275,
              -1.3070487383939038
            ],
            [
              36.89309006656145,
              -1.3070487383939038
            ],
            [
              36.89309006656145,
              -1.3075877275643755
            ],
            [
              36.89291040350463,
              -1.3075877275643755
            ],
            [
              36.89291040350463,
              -1.3077673906211993
            ]
          ]
        ]
      },
      "id": "+205348-7271",
      "properties": {
        "area_ha": 1.8354107191226752,
        "area_m2": 18354.10719122675,
        "class": 0,
        "count": 46
      }
    },
    {
      "type": "Feature",
      "geometry": {
        "geodesic": false,
        "type": "Polygon",
        "coordinates": [
          [
            [
              36.91015805695972,
              -1.287465465200098
            ],
            [
              36.91015805695972,
              -1.2876451282569221
            ],
            [
              36.90979873084608,
              -1.2876451282569221
            ],
            [
              36.90979873084608,
              -1.287824791313746
            ],
            [
              36.90961906778925,
              -1.287824791313746
            ],
            [
              36.90961906778925,
              -1.28800445437057
            ],
            [
              36.909439404732424,
              -1.28800445437057
            ],
            [
              36.909439404732424,
              -1.2890824327115133
            ],
            [
              36.90979873084608,
              -1.2890824327115133
            ],
            [
              36.90979873084608,
              -1.2889027696546895
            ],
            [
              36.910876709187015,
              -1.2889027696546895
            ],
            [
              36.910876709187015,
              -1.2890824327115133
            ],
            [
              36.91123603530067,
              -1.2890824327115133
            ],
            [
              36.91123603530067,
              -1.2892620957683372
            ],
            [
              36.91177502447114,
              -1.2892620957683372
            ],
            [
              36.91177502447114,
              -1.2890824327115133
            ],
            [
              36.91195468752796,
              -1.2890824327115133
            ],
            [
              36.91195468752796,
              -1.2892620957683372
            ],
            [
              36.91249367669843,
              -1.2892620957683372
            ],
            [
              36.91249367669843,
              -1.289621421881985
            ],
            [
              36.91285300281208,
              -1.289621421881985
            ],
            [
              36.91285300281208,
              -1.2894417588251612
            ],
            [
              36.913032665868904,
              -1.2894417588251612
            ],
            [
              36.913032665868904,
              -1.2892620957683372
            ],
            [
              36.91339199198255,
              -1.2892620957683372
            ],
            [
              36.91339199198255,
              -1.2889027696546895
            ],
            [
              36.91321232892573,
              -1.2889027696546895
            ],
            [
              36.91321232892573,
              -1.2887231065978655
            ],
            [
              36.91339199198255,
              -1.2887231065978655
            ],
            [
              36.91339199198255,
              -1.2883637804842176
            ],
            [
              36.91321232892573,
              -1.2883637804842176
            ],
            [
              36.91321232892573,
              -1.28800445437057
            ],
            [
              36.913032665868904,
              -1.28800445437057
            ],
            [
              36.913032665868904,
              -1.2881841174273938
            ],
            [
              36.912134350584786,
              -1.2881841174273938
            ],
            [
              36.912134350584786,
              -1.28800445437057
            ],
            [
              36.91177502447114,
              -1.28800445437057
            ],
            [
              36.91177502447114,
              -1.287824791313746
            ],
            [
              36.91141569835749,
              -1.287824791313746
            ],
            [
              36.91141569835749,
              -1.2876451282569221
            ],
            [
              36.91105637224384,
              -1.2876451282569221
            ],
            [
              36.91105637224384,
              -1.287824791313746
            ],
            [
              36.91051738307337,
              -1.287824791313746
            ],
            [
              36.91051738307337,
              -1.2876451282569221
            ],
            [
              36.91033772001655,
              -1.2876451282569221
            ],
            [
              36.91033772001655,
              -1.287465465200098
            ],
            [
              36.91015805695972,
              -1.287465465200098
            ]
          ]
        ]
      },
      "id": "+205441-7167",
      "properties": {
        "area_ha": 6.104781054485556,
        "area_m2": 61047.81054485556,
        "class": 0,
        "count": 153
      }
    },
    {
      "type": "Feature",
      "geometry": {
        "geodesic": false,
        "type": "Polygon",
        "coordinates": [
          [
            [
              36.91141569835749,
              -1.285848497688683
            ],
            [
              36.91141569835749,
              -1.2860281607455069
            ],
            [
              36.91123603530067,
              -1.2860281607455069
            ],
            [
              36.91123603530067,
              -1.2863874868591547
            ],
            [
              36.91105637224384,
              -1.2863874868591547
            ],
            [
              36.91105637224384,
              -1.2865671499159788
            ],
            [
              36.91123603530067,
              -1.2865671499159788
            ],
            [
              36.91123603530067,
              -1.2867468129728026
            ],
            [
              36.911595361414314,
              -1.2867468129728026
            ],
            [
              36.911595361414314,
              -1.2869264760296264
            ],
            [
              36.91195468752796,
              -1.2869264760296264
            ],
            [
              36.91195468752796,
              -1.2865671499159788
            ],
            [
              36.912134350584786,
              -1.2865671499159788
            ],
            [
              36.912134350584786,
              -1.286207823802331
            ],
            [
              36.91195468752796,
              -1.286207823802331
            ],
            [
              36.91195468752796,
              -1.285848497688683
            ],
            [
              36.91141569835749,
              -1.285848497688683
            ]
          ]
        ]
      },
      "id": "+205450-7158",
      "properties": {
        "area_ha": 0.9576135178171882,
        "area_m2": 9576.135178171882,
        "class": 0,
        "count": 24
      }
    },
    {
      "type": "Feature",
      "geometry": {
        "geodesic": false,
        "type": "Polygon",
        "coordinates": [
          [
            [
              36.91231401364161,
              -1.282434899609029
            ],
            [
              36.91231401364161,
              -1.2826145626658527
            ],
            [
              36.91177502447114,
              -1.2826145626658527
            ],
            [
              36.91177502447114,
              -1.2827942257226768
            ],
            [
              36.911595361414314,
              -1.2827942257226768
            ],
            [
              36.911595361414314,
              -1.2829738887795006
            ],
            [
              36.91141569835749,
              -1.2829738887795006
            ],
            [
              36.91141569835749,
              -1.2833332148931484
            ],
            [
              36.911595361414314,
              -1.2833332148931484
            ],
            [
              36.911595361414314,
              -1.2836925410067963
            ],
            [
              36.91177502447114,
              -1.2836925410067963
            ],
            [
              36.91177502447114,
              -1.2838722040636201
            ],
            [
              36.911595361414314,
              -1.2838722040636201
            ],
            [
              36.911595361414314,
              -1.284231530177268
            ],
            [
              36.91141569835749,
              -1.284231530177268
            ],
            [
              36.91141569835749,
              -1.2844111932340918
            ],
            [
              36.911595361414314,
              -1.2844111932340918
            ],
            [
              36.911595361414314,
              -1.2847705193477397
            ],
            [
              36.91177502447114,
              -1.2847705193477397
            ],
            [
              36.91177502447114,
              -1.2849501824045635
            ],
            [
              36.91195468752796,
              -1.2849501824045635
            ],
            [
              36.91195468752796,
              -1.2853095085182114
            ],
            [
              36.912134350584786,
              -1.2853095085182114
            ],
            [
              36.912134350584786,
              -1.2851298454613875
            ],
            [
              36.91249367669843,
              -1.2851298454613875
            ],
            [
              36.91249367669843,
              -1.2849501824045635
            ],
            [
              36.91285300281208,
              -1.2849501824045635
            ],
            [
              36.91285300281208,
              -1.2847705193477397
            ],
            [
              36.9137513180962,
              -1.2847705193477397
            ],
            [
              36.9137513180962,
              -1.2845908562909156
            ],
            [
              36.91339199198255,
              -1.2845908562909156
            ],
            [
              36.91339199198255,
              -1.284231530177268
            ],
            [
              36.91321232892573,
              -1.284231530177268
            ],
            [
              36.91321232892573,
              -1.284051867120444
            ],
            [
              36.913032665868904,
              -1.284051867120444
            ],
            [
              36.913032665868904,
              -1.2838722040636201
            ],
            [
              36.91285300281208,
              -1.2838722040636201
            ],
            [
              36.91285300281208,
              -1.2835128779499723
            ],
            [
              36.91267333975526,
              -1.2835128779499723
            ],
            [
              36.91267333975526,
              -1.2829738887795006
            ],
            [
              36.91285300281208,
              -1.2829738887795006
            ],
            [
              36.91285300281208,
              -1.2826145626658527
            ],
            [
              36.91267333975526,
              -1.2826145626658527
            ],
            [
              36.91267333975526,
              -1.2827942257226768
            ],
            [
              36.91249367669843,
              -1.2827942257226768
            ],
            [
              36.91249367669843,
              -1.282434899609029
            ],
            [
              36.91231401364161,
              -1.282434899609029
            ]
          ]
        ]
      },
      "id": "+205453-7139",
      "properties": {
        "area_ha": 4.229463793202142,
        "area_m2": 42294.63793202142,
        "class": 0,
        "count": 106
      }
    },
    {
      "type": "Feature",
      "geometry": {
        "geodesic": false,
        "type": "Polygon",
        "coordinates": [
          [
            [
              36.915188622550794,
              -1.282434899609029
            ],
            [
              36.915188622550794,
              -1.2829738887795006
            ],
            [
              36.914469970323495,
              -1.2829738887795006
            ],
            [
              36.914469970323495,
              -1.2827942257226768
            ],
            [
              36.91464963338032,
              -1.2827942257226768
            ],
            [
              36.91464963338032,
              -1.282434899609029
            ],
            [
              36.914469970323495,
              -1.282434899609029
            ],
            [
              36.914469970323495,
              -1.2826145626658527
            ],
            [
              36.914290307266675,
              -1.2826145626658527
            ],
            [
              36.914290307266675,
              -1.282434899609029
            ],
            [
              36.91411064420985,
              -1.282434899609029
            ],
            [
              36.91411064420985,
              -1.2826145626658527
            ],
            [
              36.91393098115302,
              -1.2826145626658527
            ],
            [
              36.91393098115302,
              -1.2827942257226768
            ],
            [
              36.91411064420985,
              -1.2827942257226768
            ],
            [
              36.91411064420985,
              -1.2836925410067963
            ],
            [
              36.914290307266675,
              -1.2836925410067963
            ],
            [
              36.914290307266675,
              -1.2838722040636201
            ],
            [
              36.91411064420985,
              -1.2838722040636201
            ],
            [
              36.91411064420985,
              -1.284231530177268
            ],
            [
              36.914290307266675,
              -1.284231530177268
            ],
            [
              36.914290307266675,
              -1.2844111932340918
            ],
            [
              36.91411064420985,
              -1.2844111932340918
            ],
            [
              36.91411064420985,
              -1.2845908562909156
            ],
            [
              36.914290307266675,
              -1.2845908562909156
            ],
            [
              36.914290307266675,
              -1.2851298454613875
            ],
            [
              36.914469970323495,
              -1.2851298454613875
            ],
            [
              36.914469970323495,
              -1.2847705193477397
            ],
            [
              36.91464963338032,
              -1.2847705193477397
            ],
            [
              36.91464963338032,
              -1.2845908562909156
            ],
            [
              36.91482929643714,
              -1.2845908562909156
            ],
            [
              36.91482929643714,
              -1.284051867120444
            ],
            [
              36.91500895949397,
              -1.284051867120444
            ],
            [
              36.91500895949397,
              -1.2838722040636201
            ],
            [
              36.915188622550794,
              -1.2838722040636201
            ],
            [
              36.915188622550794,
              -1.2836925410067963
            ],
            [
              36.91536828560761,
              -1.2836925410067963
            ],
            [
              36.91536828560761,
              -1.2838722040636201
            ],
            [
              36.91554794866444,
              -1.2838722040636201
            ],
            [
              36.91554794866444,
              -1.2833332148931484
            ],
            [
              36.915727611721266,
              -1.2833332148931484
            ],
            [
              36.915727611721266,
              -1.2827942257226768
            ],
            [
              36.915907274778085,
              -1.2827942257226768
            ],
            [
              36.915907274778085,
              -1.2826145626658527
            ],
            [
              36.915727611721266,
              -1.2826145626658527
            ],
            [
              36.915727611721266,
              -1.282434899609029
            ],
            [
              36.915188622550794,
              -1.282434899609029
            ]
          ],
          [
            [
              36.91482929643714,
              -1.2831535518363244
            ],
            [
              36.91464963338032,
              -1.2831535518363244
            ],
            [
              36.91464963338032,
              -1.2833332148931484
            ],
            [
              36.91482929643714,
              -1.2833332148931484
            ],
            [
              36.91482929643714,
              -1.2831535518363244
            ]
          ]
        ]
      },
      "id": "+205471-7139",
      "properties": {
        "area_ha": 3.0723468314207136,
        "area_m2": 30723.468314207137,
        "class": 0,
        "count": 77
      }
    },
    {
      "type": "Feature",
      "geometry": {
        "geodesic": false,
        "type": "Polygon",
        "coordinates": [
          [
            [
              36.92291413399422,
              -1.2779433231884312
            ],
            [
              36.92291413399422,
              -1.2781229862452552
            ],
            [
              36.92273447093739,
              -1.2781229862452552
            ],
            [
              36.92273447093739,
              -1.2779433231884312
            ],
            [
              36.92237514482375,
              -1.2779433231884312
            ],
            [
              36.92237514482375,
              -1.2781229862452552
            ],
            [
              36.92219548176693,
              -1.2781229862452552
            ],
            [
              36.92219548176693,
              -1.278302649302079
            ],
            [
              36.9220158187101,
              -1.278302649302079
            ],
            [
              36.9220158187101,
              -1.278661975415727
            ],
            [
              36.92237514482375,
              -1.278661975415727
            ],
            [
              36.92237514482375,
              -1.2788416384725507
            ],
            [
              36.923093797051045,
              -1.2788416384725507
            ],
            [
              36.923093797051045,
              -1.278661975415727
            ],
            [
              36.923273460107865,
              -1.278661975415727
            ],
            [
              36.923273460107865,
              -1.2781229862452552
            ],
            [
              36.92345312316469,
              -1.2781229862452552
            ],
            [
              36.92345312316469,
              -1.2779433231884312
            ],
            [
              36.92291413399422,
              -1.2779433231884312
            ]
          ]
        ]
      },
      "id": "+205514-7114",
      "properties": {
        "area_ha": 1.157119956004655,
        "area_m2": 11571.19956004655,
        "class": 0,
        "count": 29
      }
    },
    {
      "type": "Feature",
      "geometry": {
        "geodesic": false,
        "type": "Polygon",
        "coordinates": [
          [
            [
              36.92363278622152,
              -1.2756077034497204
            ],
            [
              36.92363278622152,
              -1.2757873665065445
            ],
            [
              36.92345312316469,
              -1.2757873665065445
            ],
            [
              36.92345312316469,
              -1.2761466926201923
            ],
            [
              36.92363278622152,
              -1.2761466926201923
            ],
            [
              36.92363278622152,
              -1.2763263556770161
            ],
            [
              36.92399211233516,
              -1.2763263556770161
            ],
            [
              36.92399211233516,
              -1.27650601873384
            ],
            [
              36.92435143844881,
              -1.27650601873384
            ],
            [
              36.92435143844881,
              -1.2763263556770161
            ],
            [
              36.924531101505636,
              -1.2763263556770161
            ],
            [
              36.924531101505636,
              -1.2761466926201923
            ],
            [
              36.92435143844881,
              -1.2761466926201923
            ],
            [
              36.92435143844881,
              -1.2759670295633683
            ],
            [
              36.92417177539199,
              -1.2759670295633683
            ],
            [
              36.92417177539199,
              -1.2757873665065445
            ],
            [
              36.92399211233516,
              -1.2757873665065445
            ],
            [
              36.92399211233516,
              -1.2756077034497204
            ],
            [
              36.92363278622152,
              -1.2756077034497204
            ]
          ]
        ]
      },
      "id": "+205517-7101",
      "properties": {
        "area_ha": 0.7182130310722568,
        "area_m2": 7182.130310722568,
        "class": 0,
        "count": 18
      }
    },
    {
      "type": "Feature",
      "geometry": {
        "geodesic": false,
        "type": "Polygon",
        "coordinates": [
          [
            [
              36.953097527540635,
              -1.2486582449261348
            ],
            [
              36.953097527540635,
              -1.2488379079829588
            ],
            [
              36.95273820142699,
              -1.2488379079829588
            ],
            [
              36.95273820142699,
              -1.2495565602102543
            ],
            [
              36.95255853837016,
              -1.2495565602102543
            ],
            [
              36.95255853837016,
              -1.2497362232670783
            ],
            [
              36.95273820142699,
              -1.2497362232670783
            ],
            [
              36.95273820142699,
              -1.2499158863239022
            ],
            [
              36.95291786448381,
              -1.2499158863239022
            ],
            [
              36.95291786448381,
              -1.2500955493807262
            ],
            [
              36.953097527540635,
              -1.2500955493807262
            ],
            [
              36.953097527540635,
              -1.2497362232670783
            ],
            [
              36.95327719059746,
              -1.2497362232670783
            ],
            [
              36.95327719059746,
              -1.2499158863239022
            ],
            [
              36.95345685365428,
              -1.2499158863239022
            ],
            [
              36.95345685365428,
              -1.2495565602102543
            ],
            [
              36.95363651671111,
              -1.2495565602102543
            ],
            [
              36.95363651671111,
              -1.2491972340966067
            ],
            [
              36.95345685365428,
              -1.2491972340966067
            ],
            [
              36.95345685365428,
              -1.2490175710397826
            ],
            [
              36.95327719059746,
              -1.2490175710397826
            ],
            [
              36.95327719059746,
              -1.2486582449261348
            ],
            [
              36.953097527540635,
              -1.2486582449261348
            ]
          ]
        ]
      },
      "id": "+205680-6951",
      "properties": {
        "area_ha": 1.077330600882446,
        "area_m2": 10773.30600882446,
        "class": 0,
        "count": 27
      }
    }
  ]
}
