{
  "type": "FeatureCollection",
  "generator": "overpass-turbo",
  "copyright": "The data included in this document is from www.openstreetmap.org. The data is made available under ODbL.",
  "timestamp": "2026-04-22T07:11:46Z",
  "features": [
    {
      "type": "Feature",
      "properties": {
        "@id": "way/28243957",
        "addr:city": "Nairobi",
        "addr:street": "Ring Road Parklands",
        "alt_name": "Visa Oshwal Community Centre",
        "amenity": "place_of_worship",
        "building": "yes",
        "check_date": "2023-05-17",
        "denomination": "hindu",
        "ele": "4",
        "name": "Oshwal Religious Centre",
        "religion": "hindu",
        "toilets:wheelchair": "yes",
        "wheelchair": "yes",
        "@geometry": "center"
      },
      "geometry": {
        "type": "Point",
        "coordinates": [
          36.8056385,
          -1.2599291
        ]
      },
      "id": "way/28243957"
    },
    {
      "type": "Feature",
      "properties": {
        "@id": "node/30031187",
        "addr:housenumber": "Langata Rd, Nairobi",
        "amenity": "place_of_worship",
        "denomination": "catholic",
        "name": "Regina Caeli Karen Catholic Church",
        "religion": "christian"
      },
      "geometry": {
        "type": "Point",
        "coordinates": [
          36.7106968,
          -1.3255967
        ]
      },
      "id": "node/30031187"
    },
    {
      "type": "Feature",
      "properties": {
        "@id": "node/30092292",
        "addr:city": "Nairobi",
        "addr:postcode": "00100",
        "addr:street": "Langata Road",
        "amenity": "place_of_worship",
        "name": "CITAM Karen",
        "religion": "christian"
      },
      "geometry": {
        "type": "Point",
        "coordinates": [
          36.7592035,
          -1.3415626
        ]
      },
      "id": "node/30092292"
    },
    {
      "type": "Feature",
      "properties": {
        "@id": "node/30210329",
        "amenity": "place_of_worship",
        "denomination": "ethiopian_orthodox",
        "religion": "christian"
      },
      "geometry": {
        "type": "Point",
        "coordinates": [
          36.7869003,
          -1.289705
        ]
      },
      "id": "node/30210329"
    },
    {
      "type": "Feature",
      "properties": {
        "@id": "node/30214870",
        "addr:city": "Nairobi",
        "addr:street": "Valley Road",
        "amenity": "place_of_worship",
        "denomination": "greek_orthodox",
        "name": "Greek Othrodox Patriarchiate",
        "religion": "christian"
      },
      "geometry": {
        "type": "Point",
        "coordinates": [
          36.8062196,
          -1.2912788
        ]
      },
      "id": "node/30214870"
    },
    {
      "type": "Feature",
      "properties": {
        "@id": "node/30214989",
        "amenity": "place_of_worship",
        "religion": "scientologist"
      },
      "geometry": {
        "type": "Point",
        "coordinates": [
          36.8138846,
          -1.2834318
        ]
      },
      "id": "node/30214989"
    },
    {
      "type": "Feature",
      "properties": {
        "@id": "node/30312226",
        "addr:city": "Nairobi",
        "addr:street": "Waiyaki Way",
        "amenity": "place_of_worship",
        "denomination": "catholic",
        "name": "Consolata Shrine",
        "religion": "christian"
      },
      "geometry": {
        "type": "Point",
        "coordinates": [
          36.8029961,
          -1.2673655
        ]
      },
      "id": "node/30312226"
    },
    {
      "type": "Feature",
      "properties": {
        "@id": "way/79418528",
        "amenity": "library",
        "building": "yes",
        "building:levels": "5",
        "building:material": "tiles",
        "check_date": "2023-05-11",
        "height": "20",
        "name": "Jomo Kenyatta Memorial Library",
        "@geometry": "center"
      },
      "geometry": {
        "type": "Point",
        "coordinates": [
          36.8157947,
          -1.2801322
        ]
      },
      "id": "way/79418528"
    },
    {
      "type": "Feature",
      "properties": {
        "@id": "way/79689255",
        "addr:city": "Nairobi",
        "addr:street": "University Way",
        "amenity": "place_of_worship",
        "building": "yes",
        "check_date": "2023-05-11",
        "name": "St. Pauls University Chapel",
        "religion": "christian",
        "@geometry": "center"
      },
      "geometry": {
        "type": "Point",
        "coordinates": [
          36.814364,
          -1.2815406
        ]
      },
      "id": "way/79689255"
    },
    {
      "type": "Feature",
      "properties": {
        "@id": "way/80341337",
        "addr:city": "Nairobi",
        "addr:street": "University Way",
        "amenity": "place_of_worship",
        "building": "yes",
        "denomination": "lutheran",
        "name": "Lutheran Catherdral",
        "religion": "christian",
        "@geometry": "center"
      },
      "geometry": {
        "type": "Point",
        "coordinates": [
          36.8148633,
          -1.2823753
        ]
      },
      "id": "way/80341337"
    },
    {
      "type": "Feature",
      "properties": {
        "@id": "way/93706429",
        "FIXME": "religion?",
        "amenity": "place_of_worship",
        "building": "yes",
        "religion": "christian",
        "@geometry": "center"
      },
      "geometry": {
        "type": "Point",
        "coordinates": [
          36.7561865,
          -1.305416
        ]
      },
      "id": "way/93706429"
    },
    {
      "type": "Feature",
      "properties": {
        "@id": "way/93706433",
        "FIXME": "religion?",
        "amenity": "place_of_worship",
        "building": "yes",
        "religion": "christian",
        "@geometry": "center"
      },
      "geometry": {
        "type": "Point",
        "coordinates": [
          36.7554757,
          -1.3054119
        ]
      },
      "id": "way/93706433"
    },
    {
      "type": "Feature",
      "properties": {
        "@id": "way/93706434",
        "addr:street": "Jahmuri Road",
        "amenity": "place_of_worship",
        "building": "yes",
        "name": "Nairobi Chapel Ngong Road",
        "phone": "+254 725650737",
        "religion": "christian",
        "website": "https://nairobichapelngongroad.org/",
        "@geometry": "center"
      },
      "geometry": {
        "type": "Point",
        "coordinates": [
          36.7545865,
          -1.3053596
        ]
      },
      "id": "way/93706434"
    },
    {
      "type": "Feature",
      "properties": {
        "@id": "way/95061977",
        "amenity": "place_of_worship",
        "building": "yes",
        "name": "Main prayer hall",
        "religion": "muslim",
        "@geometry": "center"
      },
      "geometry": {
        "type": "Point",
        "coordinates": [
          36.8479293,
          -1.2651326
        ]
      },
      "id": "way/95061977"
    },
    {
      "type": "Feature",
      "properties": {
        "@id": "way/95061981",
        "amenity": "community_centre",
        "building": "yes",
        "name": "Mathare Environmental Conservation Youth Group",
        "@geometry": "center"
      },
      "geometry": {
        "type": "Point",
        "coordinates": [
          36.8439671,
          -1.264948
        ]
      },
      "id": "way/95061981"
    },
    {
      "type": "Feature",
      "properties": {
        "@id": "way/95061984",
        "addr:city": "Nairobi",
        "addr:street": "Eastleigh 1st Avenue",
        "amenity": "place_of_worship",
        "building": "yes",
        "denomination": "catholic",
        "name": "St.Teresa Catholic Church",
        "religion": "christian",
        "@geometry": "center"
      },
      "geometry": {
        "type": "Point",
        "coordinates": [
          36.847387,
          -1.2672829
        ]
      },
      "id": "way/95061984"
    },
    {
      "type": "Feature",
      "properties": {
        "@id": "way/95792151",
        "FIXME": "religion?",
        "addr:city": "Nairobi",
        "addr:housenumber": "27",
        "addr:street": "Nyeri Road",
        "amenity": "place_of_worship",
        "building": "yes",
        "check_date": "2023-04-18",
        "denomination": "catholic",
        "name": "Holy Trinity Catholic Church Kileleshwa",
        "religion": "christian",
        "@geometry": "center"
      },
      "geometry": {
        "type": "Point",
        "coordinates": [
          36.7804124,
          -1.2823027
        ]
      },
      "id": "way/95792151"
    },
    {
      "type": "Feature",
      "properties": {
        "@id": "way/96051625",
        "amenity": "place_of_worship",
        "building": "yes",
        "denomination": "catholic",
        "image": "https://kc.humanitarianresponse.info/attachment/original?media_file=mapkibera/attachments/1590485990406.jpg",
        "name": "St Paul Catholic Church",
        "religion": "christian",
        "@geometry": "center"
      },
      "geometry": {
        "type": "Point",
        "coordinates": [
          36.8634464,
          -1.2616941
        ]
      },
      "id": "way/96051625"
    },
    {
      "type": "Feature",
      "properties": {
        "@id": "way/97074487",
        "amenity": "place_of_worship",
        "denomination": "protestant",
        "name": "Faith Home Of Kenya",
        "religion": "christian",
        "@geometry": "center"
      },
      "geometry": {
        "type": "Point",
        "coordinates": [
          36.8782851,
          -1.2535902
        ]
      },
      "id": "way/97074487"
    },
    {
      "type": "Feature",
      "properties": {
        "@id": "way/101814681",
        "addr:city": "Nairobi",
        "addr:street": "City Hall Way",
        "amenity": "place_of_worship",
        "basilica": "minor",
        "building": "church",
        "denomination": "catholic",
        "description": "Catholic Church",
        "name": "Holy Family Basilica",
        "name:fr": "Basilique de la Sainte-Famille",
        "religion": "christian",
        "wikidata": "Q4451415",
        "@geometry": "center"
      },
      "geometry": {
        "type": "Point",
        "coordinates": [
          36.8207361,
          -1.2872205
        ]
      },
      "id": "way/101814681"
    },
    {
      "type": "Feature",
      "properties": {
        "@id": "way/105267066",
        "amenity": "library",
        "building": "yes",
        "name": "Strathmore University Library",
        "@geometry": "center"
      },
      "geometry": {
        "type": "Point",
        "coordinates": [
          36.8140545,
          -1.3096909
        ]
      },
      "id": "way/105267066"
    },
    {
      "type": "Feature",
      "properties": {
        "@id": "way/105268971",
        "addr:city": "Nairobi",
        "addr:postcode": "P.O Box 40539 Nairobi, Nairobi City",
        "addr:street": "Kenyatta Avenue",
        "amenity": "place_of_worship",
        "building": "yes",
        "check_date": "2023-04-15",
        "denomination": "anglican",
        "name": "All Saints Cathedral",
        "religion": "christian",
        "wikidata": "Q85740870",
        "wikipedia": "en:All Saints' Cathedral, Nairobi",
        "@geometry": "center"
      },
      "geometry": {
        "type": "Point",
        "coordinates": [
          36.8135082,
          -1.2893364
        ]
      },
      "id": "way/105268971"
    },
    {
      "type": "Feature",
      "properties": {
        "@id": "way/106302294",
        "addr:city": "Nairobi",
        "addr:postcode": "P.O.Box 44128, Nairobi",
        "addr:street": "Ngong Road",
        "amenity": "place_of_worship",
        "building": "yes",
        "check_date": "2023-05-02",
        "denomination": "baptist",
        "name": "Nairobi Baptist Church",
        "religion": "christian",
        "@geometry": "center"
      },
      "geometry": {
        "type": "Point",
        "coordinates": [
          36.8006812,
          -1.2977603
        ]
      },
      "id": "way/106302294"
    },
    {
      "type": "Feature",
      "properties": {
        "@id": "way/107279831",
        "addr:city": "Nairobi",
        "addr:street": "Mbagathi Way",
        "amenity": "place_of_worship",
        "building": "yes",
        "check_date": "2023-05-02",
        "denomination": "catholic",
        "name": "Saint Lukes",
        "religion": "christian",
        "@geometry": "center"
      },
      "geometry": {
        "type": "Point",
        "coordinates": [
          36.8033241,
          -1.307127
        ]
      },
      "id": "way/107279831"
    },
    {
      "type": "Feature",
      "properties": {
        "@id": "way/110887731",
        "addr:city": "Nairobi",
        "addr:street": "Mbagathi Way",
        "amenity": "place_of_worship",
        "building": "yes",
        "check_date": "2023-05-02",
        "name": "Madina Centre Mosque Nairobi",
        "religion": "muslim",
        "@geometry": "center"
      },
      "geometry": {
        "type": "Point",
        "coordinates": [
          36.8020576,
          -1.302982
        ]
      },
      "id": "way/110887731"
    },
    {
      "type": "Feature",
      "properties": {
        "@id": "way/123357801",
        "addr:city": "Nairobi",
        "addr:street": "Banda Street",
        "amenity": "library",
        "building": "yes",
        "name": "McMillan Library",
        "@geometry": "center"
      },
      "geometry": {
        "type": "Point",
        "coordinates": [
          36.8210174,
          -1.2834679
        ]
      },
      "id": "way/123357801"
    },
    {
      "type": "Feature",
      "properties": {
        "@id": "way/123357803",
        "addr:city": "Nairobi",
        "addr:street": "Banda Street",
        "amenity": "library",
        "building": "yes",
        "name": "McMillan Library",
        "@geometry": "center"
      },
      "geometry": {
        "type": "Point",
        "coordinates": [
          36.8211949,
          -1.2833854
        ]
      },
      "id": "way/123357803"
    },
    {
      "type": "Feature",
      "properties": {
        "@id": "way/123357804",
        "addr:city": "Nairobi",
        "addr:street": "Banda Street",
        "amenity": "library",
        "building": "yes",
        "name": "McMillan Library",
        "@geometry": "center"
      },
      "geometry": {
        "type": "Point",
        "coordinates": [
          36.8211539,
          -1.2835222
        ]
      },
      "id": "way/123357804"
    },
    {
      "type": "Feature",
      "properties": {
        "@id": "way/125107762",
        "alt_name": "Khoja Jamatkhana",
        "amenity": "place_of_worship",
        "building": "yes",
        "denomination": "shia",
        "name": "Khoja Mosque",
        "religion": "muslim",
        "wikidata": "Q42843020",
        "wikipedia": "en:Khoja Mosque",
        "@geometry": "center"
      },
      "geometry": {
        "type": "Point",
        "coordinates": [
          36.8215245,
          -1.2813487
        ]
      },
      "id": "way/125107762"
    },
    {
      "type": "Feature",
      "properties": {
        "@id": "way/125334580",
        "addr:city": "Nairobi",
        "addr:street": "5th Avenue Ngong",
        "amenity": "place_of_worship",
        "building": "yes",
        "denomination": "seventh_day_adventist",
        "name": "Newlife SDA Church",
        "religion": "christian",
        "@geometry": "center"
      },
      "geometry": {
        "type": "Point",
        "coordinates": [
          36.8078379,
          -1.2944631
        ]
      },
      "id": "way/125334580"
    },
    {
      "type": "Feature",
      "properties": {
        "@id": "way/128058303",
        "addr:city": "Nairobi",
        "addr:street": "Ngara Road",
        "amenity": "place_of_worship",
        "building": "yes",
        "name": "Hare Krishna Temple",
        "religion": "hindu",
        "@geometry": "center"
      },
      "geometry": {
        "type": "Point",
        "coordinates": [
          36.8180793,
          -1.2734834
        ]
      },
      "id": "way/128058303"
    },
    {
      "type": "Feature",
      "properties": {
        "@id": "way/129003638",
        "amenity": "library",
        "building": "yes",
        "@geometry": "center"
      },
      "geometry": {
        "type": "Point",
        "coordinates": [
          36.8339625,
          -1.2736677
        ]
      },
      "id": "way/129003638"
    },
    {
      "type": "Feature",
      "properties": {
        "@id": "way/129299039",
        "addr:city": "Nairobi",
        "addr:street": "Kolobot Road",
        "amenity": "place_of_worship",
        "building": "yes",
        "name": "Jain Shwetamber Munisuvratswami Temple",
        "religion": "hindu",
        "@geometry": "center"
      },
      "geometry": {
        "type": "Point",
        "coordinates": [
          36.8192176,
          -1.2708078
        ]
      },
      "id": "way/129299039"
    },
    {
      "type": "Feature",
      "properties": {
        "@id": "way/129299050",
        "addr:city": "Nairobi",
        "addr:street": "Oshwal Road",
        "amenity": "place_of_worship",
        "building": "yes",
        "denomination": "hindu",
        "name": "Mahajanwadi Temple.",
        "religion": "hindu",
        "@geometry": "center"
      },
      "geometry": {
        "type": "Point",
        "coordinates": [
          36.8194314,
          -1.2703421
        ]
      },
      "id": "way/129299050"
    },
    {
      "type": "Feature",
      "properties": {
        "@id": "way/129380490",
        "addr:city": "Nairobi",
        "addr:street": "Murang'a Road",
        "amenity": "place_of_worship",
        "building": "yes",
        "check_date": "2023-05-11",
        "name": "Nairobi Headquarters Jamatkhana",
        "@geometry": "center"
      },
      "geometry": {
        "type": "Point",
        "coordinates": [
          36.8332628,
          -1.2676546
        ]
      },
      "id": "way/129380490"
    },
    {
      "type": "Feature",
      "properties": {
        "@id": "way/129410066",
        "addr:city": "Nairobi",
        "addr:housenumber": "Opposite Gymkhana Desai Road, Nairobi",
        "addr:street": "Desai Road",
        "amenity": "place_of_worship",
        "building": "yes",
        "check_date": "2023-05-11",
        "name": "Shree Lohana Mahajan Mandal",
        "religion": "hindu",
        "@geometry": "center"
      },
      "geometry": {
        "type": "Point",
        "coordinates": [
          36.8290028,
          -1.2700559
        ]
      },
      "id": "way/129410066"
    },
    {
      "type": "Feature",
      "properties": {
        "@id": "way/129466139",
        "amenity": "place_of_worship",
        "building": "yes",
        "denomination": "hindu",
        "name": "Shree Vishwakarma Mandir Nairobi",
        "religion": "hindu",
        "@geometry": "center"
      },
      "geometry": {
        "type": "Point",
        "coordinates": [
          36.8188796,
          -1.2722585
        ]
      },
      "id": "way/129466139"
    },
    {
      "type": "Feature",
      "properties": {
        "@id": "way/130049510",
        "addr:city": "Nairobi",
        "addr:street": "Likoni Road",
        "amenity": "place_of_worship",
        "building": "yes",
        "denomination": "seventh_day_adventist",
        "name": "Makongeni Seventh Day Adventist Church",
        "religion": "christian",
        "@geometry": "center"
      },
      "geometry": {
        "type": "Point",
        "coordinates": [
          36.8544152,
          -1.2992885
        ]
      },
      "id": "way/130049510"
    },
    {
      "type": "Feature",
      "properties": {
        "@id": "way/130052711",
        "addr:city": "Nairobi",
        "addr:street": "Likoni Road",
        "amenity": "place_of_worship",
        "building": "yes",
        "denomination": "protestant",
        "name": "AIC Church, Makongeni",
        "religion": "christian",
        "@geometry": "center"
      },
      "geometry": {
        "type": "Point",
        "coordinates": [
          36.8549958,
          -1.2978532
        ]
      },
      "id": "way/130052711"
    },
    {
      "type": "Feature",
      "properties": {
        "@id": "way/130052747",
        "addr:city": "Nairobi",
        "addr:street": "Jogoo Road",
        "amenity": "place_of_worship",
        "building": "yes",
        "denomination": "anglican",
        "name": "St. Stephens Church",
        "religion": "christian",
        "@geometry": "center"
      },
      "geometry": {
        "type": "Point",
        "coordinates": [
          36.8549988,
          -1.2955895
        ]
      },
      "id": "way/130052747"
    },
    {
      "type": "Feature",
      "properties": {
        "@id": "way/135338268",
        "addr:city": "Nairobi",
        "addr:postcode": "00100",
        "addr:street": "Langata Road",
        "amenity": "place_of_worship",
        "denomination": "pentecostal",
        "name": "CITAM Karen",
        "religion": "christian",
        "@geometry": "center"
      },
      "geometry": {
        "type": "Point",
        "coordinates": [
          36.7587223,
          -1.3402393
        ]
      },
      "id": "way/135338268"
    },
    {
      "type": "Feature",
      "properties": {
        "@id": "way/135338423",
        "addr:city": "Nairobi",
        "addr:housenumber": "Langata Rd, Nairobi",
        "addr:street": "Seminary Drive",
        "amenity": "place_of_worship",
        "building": "yes",
        "denomination": "catholic",
        "name": "Shrine of The Sacred Heart of Jesus - Karen",
        "religion": "christian",
        "@geometry": "center"
      },
      "geometry": {
        "type": "Point",
        "coordinates": [
          36.7568216,
          -1.3424126
        ]
      },
      "id": "way/135338423"
    },
    {
      "type": "Feature",
      "properties": {
        "@id": "way/135341672",
        "amenity": "place_of_worship",
        "building": "church",
        "denomination": "catholic",
        "name": "St John The Evangelist Church",
        "religion": "christian",
        "@geometry": "center"
      },
      "geometry": {
        "type": "Point",
        "coordinates": [
          36.7460928,
          -1.3572139
        ]
      },
      "id": "way/135341672"
    },
    {
      "type": "Feature",
      "properties": {
        "@id": "way/140320795",
        "addr:city": "Nairobi",
        "addr:street": "Banda Street",
        "amenity": "place_of_worship",
        "building": "yes",
        "denomination": "sunni",
        "name": "Jamia Mosque",
        "religion": "muslim",
        "wikidata": "Q6146433",
        "@geometry": "center"
      },
      "geometry": {
        "type": "Point",
        "coordinates": [
          36.8207628,
          -1.2834692
        ]
      },
      "id": "way/140320795"
    },
    {
      "type": "Feature",
      "properties": {
        "@id": "way/144188725",
        "amenity": "place_of_worship",
        "@geometry": "center"
      },
      "geometry": {
        "type": "Point",
        "coordinates": [
          36.8176532,
          -1.3095443
        ]
      },
      "id": "way/144188725"
    },
    {
      "type": "Feature",
      "properties": {
        "@id": "way/154089808",
        "amenity": "community_centre",
        "barrier": "wall",
        "name": "Mukuru Promotion Centre",
        "website": "http://www.mukurupromotioncentre.org/",
        "@geometry": "center"
      },
      "geometry": {
        "type": "Point",
        "coordinates": [
          36.8531797,
          -1.3168813
        ]
      },
      "id": "way/154089808"
    },
    {
      "type": "Feature",
      "properties": {
        "@id": "way/160073653",
        "amenity": "community_centre",
        "name": "Inuka Trust Kenya",
        "opening_hours": "Mo-Fr 08:30-20:00",
        "operator": "Community",
        "@geometry": "center"
      },
      "geometry": {
        "type": "Point",
        "coordinates": [
          36.8745037,
          -1.2597508
        ]
      },
      "id": "way/160073653"
    },
    {
      "type": "Feature",
      "properties": {
        "@id": "way/160941175",
        "amenity": "community_centre",
        "name": "Zakale creations craft",
        "opening_hours": "Mo-Sa 08:30-20:00",
        "operator": "Members",
        "tourism": "artwork",
        "@geometry": "center"
      },
      "geometry": {
        "type": "Point",
        "coordinates": [
          36.8777058,
          -1.260534
        ]
      },
      "id": "way/160941175"
    },
    {
      "type": "Feature",
      "properties": {
        "@id": "way/165327427",
        "amenity": "place_of_worship",
        "denomination": "jehovahs_witness",
        "name": "Salvation Army",
        "opening_hours": "Tu-Su 08:00-15:00;Sa 08:00-12:00",
        "religion": "christian",
        "service_times": "Su 10:00",
        "@geometry": "center"
      },
      "geometry": {
        "type": "Point",
        "coordinates": [
          36.8665499,
          -1.2535674
        ]
      },
      "id": "way/165327427"
    },
    {
      "type": "Feature",
      "properties": {
        "@id": "way/174743112",
        "amenity": "community_centre",
        "name": "H town youth group",
        "opening_hours": "Mo-Fr 08:30-20:00",
        "operator": "youths",
        "recycling:paper": "yes",
        "@geometry": "center"
      },
      "geometry": {
        "type": "Point",
        "coordinates": [
          36.8671767,
          -1.2612187
        ]
      },
      "id": "way/174743112"
    },
    {
      "type": "Feature",
      "properties": {
        "@id": "way/177644750",
        "amenity": "place_of_worship",
        "denomination": "jehovahs_witness",
        "name": "Kingdom Hall of Jehovah's Witnesses",
        "religion": "christian",
        "source": "Bing",
        "@geometry": "center"
      },
      "geometry": {
        "type": "Point",
        "coordinates": [
          36.8739018,
          -1.2836981
        ]
      },
      "id": "way/177644750"
    },
    {
      "type": "Feature",
      "properties": {
        "@id": "way/192094523",
        "building": "public",
        "name": "KFS Information Centre",
        "@geometry": "center"
      },
      "geometry": {
        "type": "Point",
        "coordinates": [
          36.8430707,
          -1.2514756
        ]
      },
      "id": "way/192094523"
    },
    {
      "type": "Feature",
      "properties": {
        "@id": "way/192605018",
        "building": "public",
        "@geometry": "center"
      },
      "geometry": {
        "type": "Point",
        "coordinates": [
          36.8426434,
          -1.2498406
        ]
      },
      "id": "way/192605018"
    },
    {
      "type": "Feature",
      "properties": {
        "@id": "way/196841581",
        "addr:city": "Nairobi",
        "addr:country": "KE",
        "addr:housenumber": "41",
        "addr:postcode": "00606",
        "addr:street": "Donyo Sabuk Avenue",
        "amenity": "place_of_worship",
        "building": "yes",
        "denomination": "roman_catholic",
        "fax": "+254204181554",
        "name": "Franciscan Friary",
        "phone": "+254204184915",
        "religion": "christian",
        "website": "http://www.ofm-eastafrica.org",
        "@geometry": "center"
      },
      "geometry": {
        "type": "Point",
        "coordinates": [
          36.7982089,
          -1.2507266
        ]
      },
      "id": "way/196841581"
    },
    {
      "type": "Feature",
      "properties": {
        "@id": "way/206376129",
        "amenity": "place_of_worship",
        "denomination": "catholic",
        "name": "Fanusi",
        "religion": "christian",
        "@geometry": "center"
      },
      "geometry": {
        "type": "Point",
        "coordinates": [
          36.811408,
          -1.2828221
        ]
      },
      "id": "way/206376129"
    },
    {
      "type": "Feature",
      "properties": {
        "@id": "way/206503415",
        "addr:city": "Nairobi",
        "addr:street": "Kayole Spine Road",
        "amenity": "place_of_worship",
        "denomination": "catholic",
        "name": "Divine Word Parish Kayole",
        "religion": "christian",
        "@geometry": "center"
      },
      "geometry": {
        "type": "Point",
        "coordinates": [
          36.9145774,
          -1.2699111
        ]
      },
      "id": "way/206503415"
    },
    {
      "type": "Feature",
      "properties": {
        "@id": "way/210215275",
        "addr:city": "Buru buru",
        "addr:street": "Kikwata Crescent",
        "amenity": "place_of_worship",
        "building": "yes",
        "denomination": "catholic",
        "name": "Holy Trinity Church",
        "religion": "christian",
        "toilets:wheelchair": "no",
        "wheelchair": "yes",
        "@geometry": "center"
      },
      "geometry": {
        "type": "Point",
        "coordinates": [
          36.8751007,
          -1.2763547
        ]
      },
      "id": "way/210215275"
    },
    {
      "type": "Feature",
      "properties": {
        "@id": "way/222430800",
        "amenity": "community_centre",
        "building": "office",
        "name": "Ngei Development resource center",
        "note": "UNSECO POI'S STAKEHOLDER",
        "opening_hours": "24/7",
        "operator": "owners",
        "@geometry": "center"
      },
      "geometry": {
        "type": "Point",
        "coordinates": [
          36.8721108,
          -1.2565626
        ]
      },
      "id": "way/222430800"
    },
    {
      "type": "Feature",
      "properties": {
        "@id": "way/226427708",
        "addr:housenumber": "Langata Rd, Nairobi",
        "addr:street": "Langata Road",
        "amenity": "place_of_worship",
        "building": "yes",
        "check_date": "2023-04-08",
        "name": "Deliverance Church Lang'ata",
        "religion": "christian",
        "@geometry": "center"
      },
      "geometry": {
        "type": "Point",
        "coordinates": [
          36.799501,
          -1.3227292
        ]
      },
      "id": "way/226427708"
    },
    {
      "type": "Feature",
      "properties": {
        "@id": "way/227180560",
        "building": "public",
        "@geometry": "center"
      },
      "geometry": {
        "type": "Point",
        "coordinates": [
          36.8665522,
          -1.2495472
        ]
      },
      "id": "way/227180560"
    },
    {
      "type": "Feature",
      "properties": {
        "@id": "way/227457948",
        "building": "public",
        "name": "state of the art cyber cafe",
        "@geometry": "center"
      },
      "geometry": {
        "type": "Point",
        "coordinates": [
          36.8744639,
          -1.2603718
        ]
      },
      "id": "way/227457948"
    },
    {
      "type": "Feature",
      "properties": {
        "@id": "way/229654885",
        "addr:city": "Buru buru",
        "addr:street": "Rabai Road",
        "amenity": "place_of_worship",
        "building": "yes",
        "name": "Nairobi Calvary Temple",
        "religion": "christian",
        "@geometry": "center"
      },
      "geometry": {
        "type": "Point",
        "coordinates": [
          36.8733967,
          -1.2771319
        ]
      },
      "id": "way/229654885"
    },
    {
      "type": "Feature",
      "properties": {
        "@id": "way/232010705",
        "addr:city": "Nairobi",
        "addr:street": "Kaumoni Crescent",
        "amenity": "place_of_worship",
        "name": "Theravada Buddhist Temple",
        "opening_hours": "Tu-Su 08:00-15:00; Sa 08:00-12:00",
        "religion": "buddhist",
        "service_times": "Su 10:00",
        "@geometry": "center"
      },
      "geometry": {
        "type": "Point",
        "coordinates": [
          36.7480568,
          -1.2525182
        ]
      },
      "id": "way/232010705"
    },
    {
      "type": "Feature",
      "properties": {
        "@id": "way/232010706",
        "addr:city": "Nairobi",
        "addr:street": "Kaumoni Crescent",
        "amenity": "place_of_worship",
        "name": "Theravada Buddhist Temple",
        "opening_hours": "Tu-Su 08:00-15:00; Sa 08:00-12:00",
        "religion": "buddhist",
        "service_times": "Su 10:00",
        "@geometry": "center"
      },
      "geometry": {
        "type": "Point",
        "coordinates": [
          36.7479608,
          -1.252399
        ]
      },
      "id": "way/232010706"
    },
    {
      "type": "Feature",
      "properties": {
        "@id": "way/232010710",
        "addr:city": "Nairobi",
        "addr:street": "Loresho Ridge",
        "amenity": "place_of_worship",
        "building": "yes",
        "denomination": "presbyterian",
        "name": "Loresho Community Church",
        "opening_hours": "Tu-Su 08:00-15:00; Sa 08:00-12:00",
        "religion": "christian",
        "service_times": "Su 10:30",
        "@geometry": "center"
      },
      "geometry": {
        "type": "Point",
        "coordinates": [
          36.7510879,
          -1.2525824
        ]
      },
      "id": "way/232010710"
    },
    {
      "type": "Feature",
      "properties": {
        "@id": "way/237820997",
        "amenity": "place_of_worship",
        "building": "yes",
        "religion": "christian",
        "@geometry": "center"
      },
      "geometry": {
        "type": "Point",
        "coordinates": [
          36.8353437,
          -1.3104802
        ]
      },
      "id": "way/237820997"
    },
    {
      "type": "Feature",
      "properties": {
        "@id": "way/237821017",
        "amenity": "place_of_worship",
        "@geometry": "center"
      },
      "geometry": {
        "type": "Point",
        "coordinates": [
          36.8349083,
          -1.3112051
        ]
      },
      "id": "way/237821017"
    },
    {
      "type": "Feature",
      "properties": {
        "@id": "way/239164593",
        "addr:city": "Nairobi",
        "addr:street": "Kiambu Road",
        "amenity": "place_of_worship",
        "building": "yes",
        "building:levels": "4",
        "denomination": "catholic",
        "name": "Our Lady Of The Rosary Catholic Church",
        "religion": "christian",
        "@geometry": "center"
      },
      "geometry": {
        "type": "Point",
        "coordinates": [
          36.8375962,
          -1.2243704
        ]
      },
      "id": "way/239164593"
    },
    {
      "type": "Feature",
      "properties": {
        "@id": "way/239939971",
        "amenity": "place_of_worship",
        "building": "yes",
        "name": "Nairobi Synagogue",
        "name:de": "Synagoge Nairobi",
        "name:fr": "Synagogue de Nairobi",
        "name:grc": "Συναγωγὴ Ναϊροβίου",
        "religion": "jewish",
        "@geometry": "center"
      },
      "geometry": {
        "type": "Point",
        "coordinates": [
          36.8154169,
          -1.2810303
        ]
      },
      "id": "way/239939971"
    },
    {
      "type": "Feature",
      "properties": {
        "@id": "way/240351492",
        "amenity": "place_of_worship",
        "building": "yes",
        "name": "Karen Vineyard Church",
        "religion": "christian",
        "@geometry": "center"
      },
      "geometry": {
        "type": "Point",
        "coordinates": [
          36.7139804,
          -1.3174878
        ]
      },
      "id": "way/240351492"
    },
    {
      "type": "Feature",
      "properties": {
        "@id": "way/241571154",
        "addr:city": "Nairobi",
        "addr:street": "Bunyala Road",
        "amenity": "place_of_worship",
        "building": "yes",
        "denomination": "protestant",
        "name": "Christian Foundation Fellowship",
        "religion": "christian",
        "@geometry": "center"
      },
      "geometry": {
        "type": "Point",
        "coordinates": [
          36.8248875,
          -1.2989852
        ]
      },
      "id": "way/241571154"
    },
    {
      "type": "Feature",
      "properties": {
        "@id": "way/241571252",
        "addr:housenumber": "Matumbato Rd, Nairobi",
        "addr:street": "Matumbato Road",
        "amenity": "place_of_worship",
        "building": "yes",
        "denomination": "catholic",
        "name": "Don Bosco Catholic Church",
        "religion": "christian",
        "@geometry": "center"
      },
      "geometry": {
        "type": "Point",
        "coordinates": [
          36.82074,
          -1.3024841
        ]
      },
      "id": "way/241571252"
    },
    {
      "type": "Feature",
      "properties": {
        "@id": "way/241571253",
        "addr:housenumber": "Matumbato Rd, Nairobi",
        "amenity": "place_of_worship",
        "building": "yes",
        "denomination": "catholic",
        "name": "Don Bosco Catholic Church Hall",
        "religion": "christian",
        "@geometry": "center"
      },
      "geometry": {
        "type": "Point",
        "coordinates": [
          36.8204419,
          -1.3028884
        ]
      },
      "id": "way/241571253"
    },
    {
      "type": "Feature",
      "properties": {
        "@id": "way/242427739",
        "addr:city": "Nairobi",
        "addr:street": "Joseph Kang'ethe",
        "amenity": "place_of_worship",
        "building": "yes",
        "denomination": "pentecostal",
        "name": "Citam woodley",
        "religion": "christian",
        "@geometry": "center"
      },
      "geometry": {
        "type": "Point",
        "coordinates": [
          36.7738001,
          -1.3042139
        ]
      },
      "id": "way/242427739"
    },
    {
      "type": "Feature",
      "properties": {
        "@id": "way/242988628",
        "addr:city": "Nairobi",
        "addr:street": "Ngong Road",
        "amenity": "place_of_worship",
        "building": "yes",
        "name": "Bethel church",
        "religion": "christian",
        "@geometry": "center"
      },
      "geometry": {
        "type": "Point",
        "coordinates": [
          36.8011818,
          -1.2975746
        ]
      },
      "id": "way/242988628"
    },
    {
      "type": "Feature",
      "properties": {
        "@id": "way/243185705",
        "addr:city": "Nairobi",
        "addr:street": "Thika Road",
        "amenity": "place_of_worship",
        "building": "yes",
        "name": "Queen of Apostles, Ruaraka Catholic Mision",
        "religion": "christian",
        "@geometry": "center"
      },
      "geometry": {
        "type": "Point",
        "coordinates": [
          36.8846112,
          -1.2285771
        ]
      },
      "id": "way/243185705"
    },
    {
      "type": "Feature",
      "properties": {
        "@id": "way/243188079",
        "amenity": "place_of_worship",
        "denomination": "presbyterian",
        "name": "PCEA Kahawa Farmers Church",
        "religion": "christian",
        "@geometry": "center"
      },
      "geometry": {
        "type": "Point",
        "coordinates": [
          36.8973162,
          -1.1897253
        ]
      },
      "id": "way/243188079"
    },
    {
      "type": "Feature",
      "properties": {
        "@id": "way/243606189",
        "addr:city": "Nairobi",
        "addr:street": "Thika Road",
        "amenity": "place_of_worship",
        "building": "yes",
        "name": "Church of the Lord",
        "religion": "christian",
        "@geometry": "center"
      },
      "geometry": {
        "type": "Point",
        "coordinates": [
          36.8723891,
          -1.2367028
        ]
      },
      "id": "way/243606189"
    },
    {
      "type": "Feature",
      "properties": {
        "@id": "way/244282441",
        "amenity": "place_of_worship",
        "building": "yes",
        "check_date": "2023-05-11",
        "name": "Mamlaka Hill Chapel",
        "religion": "christian",
        "@geometry": "center"
      },
      "geometry": {
        "type": "Point",
        "coordinates": [
          36.8121424,
          -1.2826436
        ]
      },
      "id": "way/244282441"
    },
    {
      "type": "Feature",
      "properties": {
        "@id": "way/244668769",
        "amenity": "library",
        "building": "yes",
        "name": "Chiromo Library",
        "@geometry": "center"
      },
      "geometry": {
        "type": "Point",
        "coordinates": [
          36.8039095,
          -1.2738379
        ]
      },
      "id": "way/244668769"
    },
    {
      "type": "Feature",
      "properties": {
        "@id": "way/247373434",
        "addr:city": "Nairobi",
        "addr:street": "Milimani Road",
        "amenity": "place_of_worship",
        "building": "yes",
        "check_date": "2023-04-15",
        "denomination": "protestant",
        "name": "Maxwells S.D.A. Church",
        "opening_hours": "24/7",
        "religion": "christian",
        "@geometry": "center"
      },
      "geometry": {
        "type": "Point",
        "coordinates": [
          36.8076679,
          -1.2887349
        ]
      },
      "id": "way/247373434"
    },
    {
      "type": "Feature",
      "properties": {
        "@id": "way/247568736",
        "addr:city": "Nairobi",
        "addr:street": "Valley Road",
        "amenity": "place_of_worship",
        "building": "yes",
        "name": "CITAM Valley Road",
        "religion": "christian",
        "@geometry": "center"
      },
      "geometry": {
        "type": "Point",
        "coordinates": [
          36.8055975,
          -1.291682
        ]
      },
      "id": "way/247568736"
    },
    {
      "type": "Feature",
      "properties": {
        "@id": "way/247568737",
        "addr:city": "Nairobi",
        "addr:street": "Valley Road",
        "amenity": "place_of_worship",
        "building": "yes",
        "name": "Jubilee Ministry Centre (JMC)",
        "religion": "christian",
        "@geometry": "center"
      },
      "geometry": {
        "type": "Point",
        "coordinates": [
          36.806024,
          -1.2915299
        ]
      },
      "id": "way/247568737"
    },
    {
      "type": "Feature",
      "properties": {
        "@id": "way/247893633",
        "addr:city": "Nairobi",
        "addr:street": "Ngong Road",
        "amenity": "place_of_worship",
        "building": "yes",
        "name": "Sudan Church",
        "religion": "christian",
        "@geometry": "center"
      },
      "geometry": {
        "type": "Point",
        "coordinates": [
          36.7645553,
          -1.2991802
        ]
      },
      "id": "way/247893633"
    },
    {
      "type": "Feature",
      "properties": {
        "@id": "way/247938320",
        "addr:city": "Nairobi",
        "addr:street": "Jamhuri Crescent",
        "amenity": "place_of_worship",
        "building": "yes",
        "name": "Friends International Centre",
        "religion": "christian",
        "@geometry": "center"
      },
      "geometry": {
        "type": "Point",
        "coordinates": [
          36.7890324,
          -1.3005059
        ]
      },
      "id": "way/247938320"
    },
    {
      "type": "Feature",
      "properties": {
        "@id": "way/255169946",
        "amenity": "place_of_worship",
        "building": "yes",
        "name": "JCC",
        "religion": "christian",
        "@geometry": "center"
      },
      "geometry": {
        "type": "Point",
        "coordinates": [
          36.8471509,
          -1.3182398
        ]
      },
      "id": "way/255169946"
    },
    {
      "type": "Feature",
      "properties": {
        "@id": "way/260965996",
        "addr:city": "Nairobi",
        "addr:street": "Langata Road",
        "amenity": "place_of_worship",
        "building": "yes",
        "denomination": "seventh_day_adventist",
        "name": "Karengata SDA Church",
        "religion": "christian",
        "@geometry": "center"
      },
      "geometry": {
        "type": "Point",
        "coordinates": [
          36.764322,
          -1.3418222
        ]
      },
      "id": "way/260965996"
    },
    {
      "type": "Feature",
      "properties": {
        "@id": "way/262394316",
        "amenity": "place_of_worship",
        "building": "yes",
        "name": "House Of Grace",
        "religion": "christian",
        "@geometry": "center"
      },
      "geometry": {
        "type": "Point",
        "coordinates": [
          36.9671762,
          -1.4360853
        ]
      },
      "id": "way/262394316"
    },
    {
      "type": "Feature",
      "properties": {
        "@id": "way/262588570",
        "addr:country": "KE",
        "amenity": "place_of_worship",
        "building": "mosque",
        "denomination": "sunni",
        "name": "Parklands Mosque",
        "religion": "muslim",
        "source": "Visit",
        "subdenomination": "hanafi",
        "@geometry": "center"
      },
      "geometry": {
        "type": "Point",
        "coordinates": [
          36.8110873,
          -1.2565982
        ]
      },
      "id": "way/262588570"
    },
    {
      "type": "Feature",
      "properties": {
        "@id": "way/262643065",
        "amenity": "place_of_worship",
        "building": "yes",
        "denomination": "protestant",
        "name": "Main Chapel",
        "religion": "christian",
        "@geometry": "center"
      },
      "geometry": {
        "type": "Point",
        "coordinates": [
          36.7288096,
          -1.3003088
        ]
      },
      "id": "way/262643065"
    },
    {
      "type": "Feature",
      "properties": {
        "@id": "way/262643066",
        "amenity": "place_of_worship",
        "building": "yes",
        "denomination": "catholic",
        "name": "Catholic Chapel",
        "religion": "christian",
        "@geometry": "center"
      },
      "geometry": {
        "type": "Point",
        "coordinates": [
          36.7292061,
          -1.3000561
        ]
      },
      "id": "way/262643066"
    },
    {
      "type": "Feature",
      "properties": {
        "@id": "way/313074884",
        "amenity": "social_facility",
        "name": "PLCC Ongata Rongai",
        "website": "https://plcc-nairobi.org/",
        "@geometry": "center"
      },
      "geometry": {
        "type": "Point",
        "coordinates": [
          36.7895812,
          -1.3934499
        ]
      },
      "id": "way/313074884"
    },
    {
      "type": "Feature",
      "properties": {
        "@id": "way/364924450",
        "addr:city": "Nairobi",
        "addr:street": "Ngong Road",
        "amenity": "place_of_worship",
        "building": "yes",
        "check_date": "2023-05-02",
        "name": "Central Church Of The Nazarene",
        "religion": "christian",
        "@geometry": "center"
      },
      "geometry": {
        "type": "Point",
        "coordinates": [
          36.7985168,
          -1.2980485
        ]
      },
      "id": "way/364924450"
    },
    {
      "type": "Feature",
      "properties": {
        "@id": "way/364981391",
        "amenity": "place_of_worship",
        "building": "yes",
        "religion": "christian",
        "@geometry": "center"
      },
      "geometry": {
        "type": "Point",
        "coordinates": [
          36.8483369,
          -1.3171471
        ]
      },
      "id": "way/364981391"
    },
    {
      "type": "Feature",
      "properties": {
        "@id": "way/370306825",
        "addr:city": "Nairobi",
        "addr:street": "Haile Selassie Avenue",
        "amenity": "place_of_worship",
        "building": "yes",
        "building:levels": "2",
        "denomination": "protestant",
        "name": "Neno Evangelism Centre",
        "religion": "christian",
        "@geometry": "center"
      },
      "geometry": {
        "type": "Point",
        "coordinates": [
          36.8215048,
          -1.2930746
        ]
      },
      "id": "way/370306825"
    },
    {
      "type": "Feature",
      "properties": {
        "@id": "way/380558969",
        "amenity": "place_of_worship",
        "fixme": "please help us tagging this.. Mukuru Evangelic Africa Primary = Open space",
        "@geometry": "center"
      },
      "geometry": {
        "type": "Point",
        "coordinates": [
          36.8427136,
          -1.3112074
        ]
      },
      "id": "way/380558969"
    },
    {
      "type": "Feature",
      "properties": {
        "@id": "way/409180236",
        "amenity": "place_of_worship",
        "building": "yes",
        "name": "ACK St. Paul's Nairobi Parish",
        "religion": "christian",
        "@geometry": "center"
      },
      "geometry": {
        "type": "Point",
        "coordinates": [
          36.8186811,
          -1.3129129
        ]
      },
      "id": "way/409180236"
    },
    {
      "type": "Feature",
      "properties": {
        "@id": "way/409180241",
        "amenity": "place_of_worship",
        "building": "yes",
        "name": "Africa Inland Church",
        "religion": "christian",
        "@geometry": "center"
      },
      "geometry": {
        "type": "Point",
        "coordinates": [
          36.8158203,
          -1.3143366
        ]
      },
      "id": "way/409180241"
    },
    {
      "type": "Feature",
      "properties": {
        "@id": "way/419445232",
        "amenity": "place_of_worship",
        "building": "yes",
        "denomination": "protestant",
        "name": "Bread of Life Church",
        "religion": "christian",
        "@geometry": "center"
      },
      "geometry": {
        "type": "Point",
        "coordinates": [
          36.7718158,
          -1.1889612
        ]
      },
      "id": "way/419445232"
    },
    {
      "type": "Feature",
      "properties": {
        "@id": "way/419715786",
        "addr:city": "Kiambu",
        "addr:street": "Limuru Road",
        "amenity": "place_of_worship",
        "building": "yes",
        "denomination": "anglican",
        "name": "ACK Church All Saints Muchatha",
        "religion": "christian",
        "@geometry": "center"
      },
      "geometry": {
        "type": "Point",
        "coordinates": [
          36.7771743,
          -1.1934933
        ]
      },
      "id": "way/419715786"
    },
    {
      "type": "Feature",
      "properties": {
        "@id": "way/419716623",
        "amenity": "place_of_worship",
        "building": "yes",
        "denomination": "catholic",
        "name": "Mary Immaculate Catholic Church Muchatha",
        "religion": "christian",
        "@geometry": "center"
      },
      "geometry": {
        "type": "Point",
        "coordinates": [
          36.7742058,
          -1.1902014
        ]
      },
      "id": "way/419716623"
    },
    {
      "type": "Feature",
      "properties": {
        "@id": "way/419721679",
        "amenity": "place_of_worship",
        "building": "yes",
        "denomination": "protestant",
        "religion": "christian",
        "@geometry": "center"
      },
      "geometry": {
        "type": "Point",
        "coordinates": [
          36.7692113,
          -1.1897151
        ]
      },
      "id": "way/419721679"
    },
    {
      "type": "Feature",
      "properties": {
        "@id": "way/419728430",
        "amenity": "place_of_worship",
        "building": "yes",
        "denomination": "seventh_day_adventist",
        "religion": "christian",
        "@geometry": "center"
      },
      "geometry": {
        "type": "Point",
        "coordinates": [
          36.7711788,
          -1.1880039
        ]
      },
      "id": "way/419728430"
    },
    {
      "type": "Feature",
      "properties": {
        "@id": "way/419821425",
        "amenity": "place_of_worship",
        "building": "yes",
        "denomination": "anglican",
        "name": "ACK",
        "religion": "christian",
        "@geometry": "center"
      },
      "geometry": {
        "type": "Point",
        "coordinates": [
          36.7624351,
          -1.1806173
        ]
      },
      "id": "way/419821425"
    },
    {
      "type": "Feature",
      "properties": {
        "@id": "way/421270457",
        "amenity": "place_of_worship",
        "building": "yes",
        "denomination": "seventh_day_adventist",
        "name": "Seventh Day Adventist",
        "religion": "christian",
        "@geometry": "center"
      },
      "geometry": {
        "type": "Point",
        "coordinates": [
          36.7500608,
          -1.3002021
        ]
      },
      "id": "way/421270457"
    },
    {
      "type": "Feature",
      "properties": {
        "@id": "way/424089098",
        "amenity": "place_of_worship",
        "building": "yes",
        "religion": "muslim",
        "@geometry": "center"
      },
      "geometry": {
        "type": "Point",
        "coordinates": [
          36.7686103,
          -1.275951
        ]
      },
      "id": "way/424089098"
    },
    {
      "type": "Feature",
      "properties": {
        "@id": "way/446049106",
        "amenity": "place_of_worship",
        "building": "yes",
        "name": "East Africa Satsang Swaminarayan Temple",
        "religion": "hindu",
        "wikidata": "Q7503903",
        "@geometry": "center"
      },
      "geometry": {
        "type": "Point",
        "coordinates": [
          36.816145,
          -1.268678
        ]
      },
      "id": "way/446049106"
    },
    {
      "type": "Feature",
      "properties": {
        "@id": "node/473447862",
        "amenity": "place_of_worship",
        "denomination": "protestant",
        "name": "Harvester's Umoja",
        "religion": "christian"
      },
      "geometry": {
        "type": "Point",
        "coordinates": [
          36.8957016,
          -1.2768961
        ]
      },
      "id": "node/473447862"
    },
    {
      "type": "Feature",
      "properties": {
        "@id": "node/473447871",
        "addr:city": "Nairobi",
        "addr:street": "Lower Kabete Road",
        "amenity": "place_of_worship",
        "denomination": "protestant",
        "name": "Harvesters Kabete",
        "religion": "christian"
      },
      "geometry": {
        "type": "Point",
        "coordinates": [
          36.7232841,
          -1.2384644
        ]
      },
      "id": "node/473447871"
    },
    {
      "type": "Feature",
      "properties": {
        "@id": "node/473447874",
        "amenity": "place_of_worship",
        "denomination": "protestant",
        "name": "Harvester's Kianjogu",
        "religion": "christian"
      },
      "geometry": {
        "type": "Point",
        "coordinates": [
          36.7320958,
          -1.1848507
        ]
      },
      "id": "node/473447874"
    },
    {
      "type": "Feature",
      "properties": {
        "@id": "node/473447878",
        "amenity": "place_of_worship",
        "denomination": "protestant",
        "name": "Harvester's Karuri",
        "religion": "christian"
      },
      "geometry": {
        "type": "Point",
        "coordinates": [
          36.7550249,
          -1.1784766
        ]
      },
      "id": "node/473447878"
    },
    {
      "type": "Feature",
      "properties": {
        "@id": "way/476890348",
        "addr:city": "Nairobi",
        "amenity": "library",
        "building": "yes",
        "name": "Kenya Power Library",
        "source:geometry": "bing",
        "@geometry": "center"
      },
      "geometry": {
        "type": "Point",
        "coordinates": [
          36.856678,
          -1.2603405
        ]
      },
      "id": "way/476890348"
    },
    {
      "type": "Feature",
      "properties": {
        "@id": "node/488170207",
        "amenity": "place_of_worship",
        "check_date": "2023-05-17",
        "name": "Oshwall Community Centre",
        "religion": "jain"
      },
      "geometry": {
        "type": "Point",
        "coordinates": [
          36.8055987,
          -1.2599275
        ]
      },
      "id": "node/488170207"
    },
    {
      "type": "Feature",
      "properties": {
        "@id": "way/488901646",
        "amenity": "place_of_worship",
        "building": "yes",
        "name": "Winners Chapel International",
        "religion": "christian",
        "@geometry": "center"
      },
      "geometry": {
        "type": "Point",
        "coordinates": [
          36.8505238,
          -1.3211197
        ]
      },
      "id": "way/488901646"
    },
    {
      "type": "Feature",
      "properties": {
        "@id": "way/496143805",
        "alt_name": "SSD Temple",
        "amenity": "place_of_worship",
        "building": "yes",
        "name": "Sri Sanatan Dharma Sabha",
        "religion": "hindu",
        "@geometry": "center"
      },
      "geometry": {
        "type": "Point",
        "coordinates": [
          36.7916845,
          -1.2529836
        ]
      },
      "id": "way/496143805"
    },
    {
      "type": "Feature",
      "properties": {
        "@id": "way/503103832",
        "addr:city": "Nairobi",
        "addr:street": "Southern bypass",
        "amenity": "place_of_worship",
        "building": "yes",
        "denomination": "christian",
        "name": "House of Prayer Christian Church",
        "religion": "christian",
        "@geometry": "center"
      },
      "geometry": {
        "type": "Point",
        "coordinates": [
          36.843676,
          -1.3270287
        ]
      },
      "id": "way/503103832"
    },
    {
      "type": "Feature",
      "properties": {
        "@id": "way/512474153",
        "amenity": "place_of_worship",
        "building": "yes",
        "denomination": "roman_catholic",
        "name": "Baptistery & Confessions",
        "religion": "christian",
        "@geometry": "center"
      },
      "geometry": {
        "type": "Point",
        "coordinates": [
          36.8205342,
          -1.2875942
        ]
      },
      "id": "way/512474153"
    },
    {
      "type": "Feature",
      "properties": {
        "@id": "way/512475728",
        "addr:city": "Nairobi",
        "addr:street": "Koinage Street",
        "amenity": "place_of_worship",
        "building": "yes",
        "denomination": "catholic",
        "name": "Holy Family Cathedral Hall",
        "religion": "christian",
        "@geometry": "center"
      },
      "geometry": {
        "type": "Point",
        "coordinates": [
          36.8204474,
          -1.2869566
        ]
      },
      "id": "way/512475728"
    },
    {
      "type": "Feature",
      "properties": {
        "@id": "way/513625445",
        "amenity": "place_of_worship",
        "building": "yes",
        "denomination": "jehovahs_witness",
        "name": "Bethel Home of Jehovah's Witnesses",
        "religion": "christian",
        "@geometry": "center"
      },
      "geometry": {
        "type": "Point",
        "coordinates": [
          36.7799682,
          -1.2954735
        ]
      },
      "id": "way/513625445"
    },
    {
      "type": "Feature",
      "properties": {
        "@id": "node/515625390",
        "amenity": "place_of_worship",
        "religion": "muslim"
      },
      "geometry": {
        "type": "Point",
        "coordinates": [
          36.8117496,
          -1.3136907
        ]
      },
      "id": "node/515625390"
    },
    {
      "type": "Feature",
      "properties": {
        "@id": "way/516135457",
        "amenity": "place_of_worship",
        "denomination": "roman_catholic",
        "name": "Missionaries Of The Poor",
        "religion": "christian",
        "@geometry": "center"
      },
      "geometry": {
        "type": "Point",
        "coordinates": [
          36.9498885,
          -1.2508797
        ]
      },
      "id": "way/516135457"
    },
    {
      "type": "Feature",
      "properties": {
        "@id": "way/533121207",
        "addr:city": "Nairobi",
        "addr:street": "Jogoo Road",
        "amenity": "place_of_worship",
        "building": "yes",
        "name": "NPC Buruburu",
        "religion": "christian",
        "@geometry": "center"
      },
      "geometry": {
        "type": "Point",
        "coordinates": [
          36.8810455,
          -1.2959015
        ]
      },
      "id": "way/533121207"
    },
    {
      "type": "Feature",
      "properties": {
        "@id": "way/533781593",
        "amenity": "place_of_worship",
        "building": "yes",
        "name": "KU Seventh Day Church",
        "religion": "christian",
        "@geometry": "center"
      },
      "geometry": {
        "type": "Point",
        "coordinates": [
          36.930382,
          -1.1852876
        ]
      },
      "id": "way/533781593"
    },
    {
      "type": "Feature",
      "properties": {
        "@id": "way/533948862",
        "amenity": "place_of_worship",
        "building": "yes",
        "denomination": "protestant",
        "religion": "christian",
        "@geometry": "center"
      },
      "geometry": {
        "type": "Point",
        "coordinates": [
          36.8282441,
          -1.1677132
        ]
      },
      "id": "way/533948862"
    },
    {
      "type": "Feature",
      "properties": {
        "@id": "way/552778245",
        "amenity": "place_of_worship",
        "building": "yes",
        "denomination": "Islamic",
        "name": "KU Mosque",
        "religion": "muslim",
        "@geometry": "center"
      },
      "geometry": {
        "type": "Point",
        "coordinates": [
          36.9279025,
          -1.1847869
        ]
      },
      "id": "way/552778245"
    },
    {
      "type": "Feature",
      "properties": {
        "@id": "way/552778249",
        "amenity": "place_of_worship",
        "building": "yes",
        "name": "KU Catholic Curch",
        "religion": "christian",
        "@geometry": "center"
      },
      "geometry": {
        "type": "Point",
        "coordinates": [
          36.9311655,
          -1.1852978
        ]
      },
      "id": "way/552778249"
    },
    {
      "type": "Feature",
      "properties": {
        "@id": "way/553040651",
        "addr:city": "Nairobi",
        "addr:street": "Gathuru Road",
        "amenity": "place_of_worship",
        "denomination": "catholic",
        "name": "Missionary Sisters of the Precious Blood",
        "religion": "christian",
        "@geometry": "center"
      },
      "geometry": {
        "type": "Point",
        "coordinates": [
          36.7389065,
          -1.2826981
        ]
      },
      "id": "way/553040651"
    },
    {
      "type": "Feature",
      "properties": {
        "@id": "way/553236157",
        "addr:city": "Nairobi",
        "addr:street": "Brookside Drive",
        "amenity": "place_of_worship",
        "building": "yes",
        "denomination": "hindu",
        "name": "Baba Isher Singh Ji Community Centre",
        "religion": "sikh",
        "@geometry": "center"
      },
      "geometry": {
        "type": "Point",
        "coordinates": [
          36.7956914,
          -1.2554925
        ]
      },
      "id": "way/553236157"
    },
    {
      "type": "Feature",
      "properties": {
        "@id": "way/553282257",
        "addr:city": "Nairobi",
        "addr:street": "Swamibapa Road",
        "amenity": "community_centre",
        "building": "yes",
        "name": "Swamibapa Hall",
        "@geometry": "center"
      },
      "geometry": {
        "type": "Point",
        "coordinates": [
          36.8204704,
          -1.2641081
        ]
      },
      "id": "way/553282257"
    },
    {
      "type": "Feature",
      "properties": {
        "@id": "way/553282258",
        "addr:city": "Nairobi",
        "addr:street": "Swamibapa Road",
        "amenity": "place_of_worship",
        "building": "yes",
        "name": "Shree Swaminarayan Sidhant Sajivan Mandal",
        "religion": "hindu",
        "@geometry": "center"
      },
      "geometry": {
        "type": "Point",
        "coordinates": [
          36.820718,
          -1.2638977
        ]
      },
      "id": "way/553282258"
    },
    {
      "type": "Feature",
      "properties": {
        "@id": "way/553283583",
        "amenity": "place_of_worship",
        "building": "yes",
        "name": "Nairobi Chapel Parklands",
        "religion": "christian",
        "@geometry": "center"
      },
      "geometry": {
        "type": "Point",
        "coordinates": [
          36.8228278,
          -1.2567738
        ]
      },
      "id": "way/553283583"
    },
    {
      "type": "Feature",
      "properties": {
        "@id": "way/553300984",
        "amenity": "community_centre",
        "check_date": "2023-05-11",
        "name": "Nairobi Gymkhana",
        "wikidata": "Q6959784",
        "@geometry": "center"
      },
      "geometry": {
        "type": "Point",
        "coordinates": [
          36.8271972,
          -1.2697666
        ]
      },
      "id": "way/553300984"
    },
    {
      "type": "Feature",
      "properties": {
        "@id": "way/553303605",
        "addr:city": "Nairobi",
        "addr:street": "Ngara Road",
        "amenity": "community_centre",
        "building": "yes",
        "name": "Goan Gymkhana",
        "website": "https://goangymkhana.webs.com/",
        "@geometry": "center"
      },
      "geometry": {
        "type": "Point",
        "coordinates": [
          36.8164484,
          -1.2724639
        ]
      },
      "id": "way/553303605"
    },
    {
      "type": "Feature",
      "properties": {
        "@id": "way/553585767",
        "addr:city": "Kiambu",
        "addr:street": "Kamiti Road",
        "amenity": "place_of_worship",
        "building": "yes",
        "name": "ACK St Paul Church",
        "religion": "christian",
        "@geometry": "center"
      },
      "geometry": {
        "type": "Point",
        "coordinates": [
          36.8399448,
          -1.1784572
        ]
      },
      "id": "way/553585767"
    },
    {
      "type": "Feature",
      "properties": {
        "@id": "way/553594881",
        "amenity": "place_of_worship",
        "building": "yes",
        "denomination": "catholic",
        "name": "St Gabriel Catholic Church",
        "religion": "christian",
        "@geometry": "center"
      },
      "geometry": {
        "type": "Point",
        "coordinates": [
          36.8637006,
          -1.215736
        ]
      },
      "id": "way/553594881"
    },
    {
      "type": "Feature",
      "properties": {
        "@id": "way/553599214",
        "amenity": "place_of_worship",
        "building": "yes",
        "denomination": "catholic",
        "name": "St. Gregory The Great Catholic Church",
        "religion": "christian",
        "@geometry": "center"
      },
      "geometry": {
        "type": "Point",
        "coordinates": [
          36.8346225,
          -1.2045582
        ]
      },
      "id": "way/553599214"
    },
    {
      "type": "Feature",
      "properties": {
        "@id": "way/554687569",
        "addr:housenumber": "p.o box 1383-00621 Village Market Cactus St Nairobi City",
        "amenity": "place_of_worship",
        "name": "P.C.E.A Evergreen Church",
        "religion": "christian",
        "@geometry": "center"
      },
      "geometry": {
        "type": "Point",
        "coordinates": [
          36.829095,
          -1.2234688
        ]
      },
      "id": "way/554687569"
    },
    {
      "type": "Feature",
      "properties": {
        "@id": "way/555168433",
        "addr:city": "Nairobi",
        "addr:street": "Ngong Road",
        "amenity": "place_of_worship",
        "denomination": "anglican",
        "name": "St. Francis Karen",
        "religion": "christian",
        "@geometry": "center"
      },
      "geometry": {
        "type": "Point",
        "coordinates": [
          36.7202081,
          -1.3157773
        ]
      },
      "id": "way/555168433"
    },
    {
      "type": "Feature",
      "properties": {
        "@id": "way/555182945",
        "addr:city": "Nairobi",
        "addr:street": "Karen Road",
        "amenity": "place_of_worship",
        "denomination": "catholic",
        "name": "Dimesse Sisters Karen",
        "religion": "christian",
        "@geometry": "center"
      },
      "geometry": {
        "type": "Point",
        "coordinates": [
          36.7152174,
          -1.3342671
        ]
      },
      "id": "way/555182945"
    },
    {
      "type": "Feature",
      "properties": {
        "@id": "way/555694509",
        "amenity": "place_of_worship",
        "building": "yes",
        "name": "Faith Evangelistic Ministry Family Church",
        "religion": "christian",
        "@geometry": "center"
      },
      "geometry": {
        "type": "Point",
        "coordinates": [
          36.7092059,
          -1.3272719
        ]
      },
      "id": "way/555694509"
    },
    {
      "type": "Feature",
      "properties": {
        "@id": "way/555757090",
        "amenity": "place_of_worship",
        "building": "yes",
        "name": "Franciscan Elizabethan Sisters",
        "religion": "christian",
        "@geometry": "center"
      },
      "geometry": {
        "type": "Point",
        "coordinates": [
          36.7044133,
          -1.3055818
        ]
      },
      "id": "way/555757090"
    },
    {
      "type": "Feature",
      "properties": {
        "@id": "way/557003594",
        "addr:housenumber": "Off – Langata Road, Nairobi",
        "amenity": "place_of_worship",
        "building": "yes",
        "denomination": "hindu",
        "layer": "1",
        "name": "Shree Kutch Satsang Swaminarayan Mandir - Nairobi",
        "religion": "hindu",
        "@geometry": "center"
      },
      "geometry": {
        "type": "Point",
        "coordinates": [
          36.7987927,
          -1.3303694
        ]
      },
      "id": "way/557003594"
    },
    {
      "type": "Feature",
      "properties": {
        "@id": "way/557726563",
        "addr:housenumber": "Community Area,Opposite NHIF Building, P. O. Box 30573, Nairobi",
        "amenity": "library",
        "building": "yes",
        "name": "National Library Kenya",
        "@geometry": "center"
      },
      "geometry": {
        "type": "Point",
        "coordinates": [
          36.8117927,
          -1.2946647
        ]
      },
      "id": "way/557726563"
    },
    {
      "type": "Feature",
      "properties": {
        "@id": "way/559014822",
        "accessibility_pwd": "TRUE",
        "amenity": "place_of_worship",
        "building": "yes",
        "facility_owner": "religious groups",
        "name": "FAITH INTERNATIONAL CHURCH",
        "operator": "Religious Group",
        "religion": "christian",
        "status": "functional",
        "@geometry": "center"
      },
      "geometry": {
        "type": "Point",
        "coordinates": [
          36.8803977,
          -1.3091733
        ]
      },
      "id": "way/559014822"
    },
    {
      "type": "Feature",
      "properties": {
        "@id": "way/560545473",
        "addr:city": "Nairobi",
        "addr:street": "Seasons Road",
        "amenity": "place_of_worship",
        "building": "yes",
        "name": "PCEA Kasarani Chiiko Church",
        "phone": "+254 721994481",
        "religion": "christian",
        "@geometry": "center"
      },
      "geometry": {
        "type": "Point",
        "coordinates": [
          36.9033051,
          -1.2151218
        ]
      },
      "id": "way/560545473"
    },
    {
      "type": "Feature",
      "properties": {
        "@id": "way/561265472",
        "addr:city": "Nairobi",
        "addr:street": "Suna Road",
        "amenity": "place_of_worship",
        "check_date": "2023-05-11",
        "denomination": "catholic",
        "name": "Our Lady of Guadalupe Catholic Church",
        "religion": "christian",
        "@geometry": "center"
      },
      "geometry": {
        "type": "Point",
        "coordinates": [
          36.7791681,
          -1.3011853
        ]
      },
      "id": "way/561265472"
    },
    {
      "type": "Feature",
      "properties": {
        "@id": "way/561265475",
        "addr:city": "Nairobi",
        "addr:street": "Ngong Road",
        "amenity": "place_of_worship",
        "building": "yes",
        "denomination": "catholic",
        "name": "Congregation of Our Lady of the Missions",
        "religion": "christian",
        "@geometry": "center"
      },
      "geometry": {
        "type": "Point",
        "coordinates": [
          36.7804876,
          -1.2992566
        ]
      },
      "id": "way/561265475"
    },
    {
      "type": "Feature",
      "properties": {
        "@id": "way/561480214",
        "addr:city": "Nairobi",
        "addr:street": "Kindaruma Road",
        "amenity": "place_of_worship",
        "building": "church",
        "name": "Free Free Pentecostal Fellowship in Kenya",
        "religion": "christian",
        "@geometry": "center"
      },
      "geometry": {
        "type": "Point",
        "coordinates": [
          36.7846634,
          -1.2973014
        ]
      },
      "id": "way/561480214"
    },
    {
      "type": "Feature",
      "properties": {
        "@id": "way/563454551",
        "amenity": "place_of_worship",
        "building": "yes",
        "name": "Sai Baba Mandir Parklands",
        "religion": "hindu",
        "@geometry": "center"
      },
      "geometry": {
        "type": "Point",
        "coordinates": [
          36.8143772,
          -1.2563466
        ]
      },
      "id": "way/563454551"
    },
    {
      "type": "Feature",
      "properties": {
        "@id": "way/563455339",
        "amenity": "place_of_worship",
        "building": "yes",
        "denomination": "Hindu",
        "name": "Hindu Council Of Kenya",
        "religion": "hindu",
        "@geometry": "center"
      },
      "geometry": {
        "type": "Point",
        "coordinates": [
          36.8158109,
          -1.2576414
        ]
      },
      "id": "way/563455339"
    },
    {
      "type": "Feature",
      "properties": {
        "@id": "way/563621668",
        "amenity": "place_of_worship",
        "building": "yes",
        "denomination": "Hindu",
        "name": "Shree Ambaji Temple",
        "religion": "hindu",
        "@geometry": "center"
      },
      "geometry": {
        "type": "Point",
        "coordinates": [
          36.8261801,
          -1.3160869
        ]
      },
      "id": "way/563621668"
    },
    {
      "type": "Feature",
      "properties": {
        "@id": "way/563626864",
        "amenity": "place_of_worship",
        "building": "yes",
        "denomination": "hindu",
        "name": "Bhakti Marga Centre",
        "name:pa": "ਭਗਤੀ ਮਾਰਗ ਕੇਂਦਰ",
        "name:ur": "بھکتی مارگا سنٹر",
        "religion": "hindu",
        "@geometry": "center"
      },
      "geometry": {
        "type": "Point",
        "coordinates": [
          36.8129134,
          -1.263435
        ]
      },
      "id": "way/563626864"
    },
    {
      "type": "Feature",
      "properties": {
        "@id": "way/564775720",
        "addr:city": "Nairobi",
        "addr:street": "Waiyaki Way",
        "amenity": "place_of_worship",
        "building": "yes",
        "denomination": "protestant",
        "name": "All Africa Conference of Churches",
        "religion": "christian",
        "@geometry": "center"
      },
      "geometry": {
        "type": "Point",
        "coordinates": [
          36.7872909,
          -1.2602612
        ]
      },
      "id": "way/564775720"
    },
    {
      "type": "Feature",
      "properties": {
        "@id": "way/566687898",
        "addr:city": "Nairobi",
        "addr:street": "Woodlands Road",
        "amenity": "place_of_worship",
        "building": "yes",
        "check_date": "2023-05-02",
        "name": "Hurlingham Mosque",
        "religion": "muslim",
        "@geometry": "center"
      },
      "geometry": {
        "type": "Point",
        "coordinates": [
          36.7989151,
          -1.292391
        ]
      },
      "id": "way/566687898"
    },
    {
      "type": "Feature",
      "properties": {
        "@id": "way/568963422",
        "addr:city": "Mugumo",
        "addr:street": "Kamiti Road",
        "amenity": "place_of_worship",
        "building": "yes",
        "denomination": "catholic",
        "name": "Mugumo Catholic Church",
        "religion": "christian",
        "@geometry": "center"
      },
      "geometry": {
        "type": "Point",
        "coordinates": [
          36.8766823,
          -1.167901
        ]
      },
      "id": "way/568963422"
    },
    {
      "type": "Feature",
      "properties": {
        "@id": "way/572001757",
        "addr:city": "Nairobi",
        "addr:street": "Shule Road",
        "amenity": "place_of_worship",
        "building": "yes",
        "name": "AIC Jericho Church",
        "religion": "christian",
        "@geometry": "center"
      },
      "geometry": {
        "type": "Point",
        "coordinates": [
          36.8721022,
          -1.287311
        ]
      },
      "id": "way/572001757"
    },
    {
      "type": "Feature",
      "properties": {
        "@id": "way/572001819",
        "addr:city": "Buruburu",
        "addr:street": "Ol Doinyo Sabuk Road",
        "amenity": "place_of_worship",
        "building": "yes",
        "denomination": "anglican",
        "name": "ACK St. James Church",
        "religion": "christian",
        "@geometry": "center"
      },
      "geometry": {
        "type": "Point",
        "coordinates": [
          36.8789642,
          -1.2818945
        ]
      },
      "id": "way/572001819"
    },
    {
      "type": "Feature",
      "properties": {
        "@id": "way/574638906",
        "amenity": "place_of_worship",
        "building": "yes",
        "name": "ABC CHURCH SINAI",
        "religion": "christian",
        "@geometry": "center"
      },
      "geometry": {
        "type": "Point",
        "coordinates": [
          36.8805366,
          -1.3089595
        ]
      },
      "id": "way/574638906"
    },
    {
      "type": "Feature",
      "properties": {
        "@id": "way/575488841",
        "addr:city": "Kiambu",
        "addr:street": "Limuru Road",
        "amenity": "place_of_worship",
        "building": "yes",
        "name": "St. James Catholic Church Redhill",
        "religion": "christian",
        "@geometry": "center"
      },
      "geometry": {
        "type": "Point",
        "coordinates": [
          36.7074765,
          -1.171929
        ]
      },
      "id": "way/575488841"
    },
    {
      "type": "Feature",
      "properties": {
        "@id": "way/576008325",
        "addr:city": "Nairobi",
        "addr:street": "Muthithi Road",
        "amenity": "place_of_worship",
        "building": "yes",
        "name": "Shree Hanuman Temple",
        "religion": "hindu",
        "@geometry": "center"
      },
      "geometry": {
        "type": "Point",
        "coordinates": [
          36.8090447,
          -1.2674921
        ]
      },
      "id": "way/576008325"
    },
    {
      "type": "Feature",
      "properties": {
        "@id": "node/583157834",
        "addr:city": "Nairobi",
        "addr:street": "Ngong Road",
        "amenity": "place_of_worship",
        "denomination": "lutheran",
        "name": "Nairobi International Lutheran Church",
        "religion": "christian"
      },
      "geometry": {
        "type": "Point",
        "coordinates": [
          36.7477888,
          -1.3033857
        ]
      },
      "id": "node/583157834"
    },
    {
      "type": "Feature",
      "properties": {
        "@id": "way/583761987",
        "amenity": "place_of_worship",
        "building": "church",
        "denomination": "catholic",
        "name": "Christ The King Catholic Church Kangemi",
        "opening_hours": "Mo-Sa 06:45-09:00; Su 07:00-17:00; PH open",
        "religion": "christian",
        "service_times": "Mo-Sa 07:00-07:30; Su 07:00-15:15; PH open",
        "wheelchair": "limited",
        "@geometry": "center"
      },
      "geometry": {
        "type": "Point",
        "coordinates": [
          36.7518405,
          -1.2688093
        ]
      },
      "id": "way/583761987"
    },
    {
      "type": "Feature",
      "properties": {
        "@id": "way/585451597",
        "amenity": "place_of_worship",
        "building": "church",
        "check_date": "2023-04-03",
        "contact:phone": "0729 591 138",
        "denomination": "evangelical",
        "name": "Gospel Mission of Christ Church (Heart of Worship)",
        "opening_hours": "Su 08:00-12:00",
        "religion": "christian",
        "service_times": "Su 09:30,11:00",
        "@geometry": "center"
      },
      "geometry": {
        "type": "Point",
        "coordinates": [
          36.802431,
          -1.3166055
        ]
      },
      "id": "way/585451597"
    },
    {
      "type": "Feature",
      "properties": {
        "@id": "way/588730845",
        "addr:city": "Nairobi",
        "addr:street": "Kamiti Road",
        "amenity": "place_of_worship",
        "building": "yes",
        "denomination": "anglican",
        "name": "ACK St. Andrews Zimmerman",
        "religion": "christian",
        "@geometry": "center"
      },
      "geometry": {
        "type": "Point",
        "coordinates": [
          36.895195,
          -1.2061635
        ]
      },
      "id": "way/588730845"
    },
    {
      "type": "Feature",
      "properties": {
        "@id": "way/602128535",
        "amenity": "place_of_worship",
        "building": "yes",
        "check_date": "2023-04-19",
        "image": "https://kc.humanitarianresponse.info/attachment/original?media_file=mapkibera/attachments/1590562930223.jpg",
        "name": "International Christian Assemblies",
        "religion": "christian",
        "@geometry": "center"
      },
      "geometry": {
        "type": "Point",
        "coordinates": [
          36.7719352,
          -1.312259
        ]
      },
      "id": "way/602128535"
    },
    {
      "type": "Feature",
      "properties": {
        "@id": "way/606689657",
        "addr:city": "Nairobi",
        "amenity": "place_of_worship",
        "building": "yes",
        "denomination": "mormon",
        "religion": "christian",
        "@geometry": "center"
      },
      "geometry": {
        "type": "Point",
        "coordinates": [
          36.7393463,
          -1.2653755
        ]
      },
      "id": "way/606689657"
    },
    {
      "type": "Feature",
      "properties": {
        "@id": "way/607336710",
        "amenity": "place_of_worship",
        "building": "yes",
        "denomination": "anglican",
        "name": "St. Barnabas Anglican Church",
        "religion": "christian",
        "@geometry": "center"
      },
      "geometry": {
        "type": "Point",
        "coordinates": [
          36.7787608,
          -1.3231565
        ]
      },
      "id": "way/607336710"
    },
    {
      "type": "Feature",
      "properties": {
        "@id": "node/612006935",
        "amenity": "place_of_worship",
        "denomination": "protestant",
        "name": "Church on The Rock",
        "religion": "christian"
      },
      "geometry": {
        "type": "Point",
        "coordinates": [
          36.7776768,
          -1.317684
        ]
      },
      "id": "node/612006935"
    },
    {
      "type": "Feature",
      "properties": {
        "@id": "node/612006945",
        "building": "public",
        "check_date": "2023-04-21",
        "name": "nyakoboke house",
        "note": "several activities taking place like office work and other commercial activities"
      },
      "geometry": {
        "type": "Point",
        "coordinates": [
          36.7739666,
          -1.3100491
        ]
      },
      "id": "node/612006945"
    },
    {
      "type": "Feature",
      "properties": {
        "@id": "node/612006950",
        "building": "public",
        "check_date": "2023-05-02",
        "contact:email": "carolinaforkibera@yahoo.com",
        "contact:phone": "020-3860114",
        "health_facility:description": "offer talks on sexually reproductive health",
        "health_facility:patients_per_day": "5",
        "health_facility:referals": "AMREF,Tabitha Kwawanga",
        "health_facility:type": "vct_center",
        "medical_service:antiretroviral_therapy": "yes",
        "medical_service:condom_distribution": "yes",
        "medical_service:family_planning": "yes",
        "medical_service:vct_hiv_counselling_test": "yes",
        "medical_service:youth_friendly_services": "yes",
        "medical_staff:counsellor": "4",
        "name": "Carolina for Kibera",
        "office": "ngo",
        "opening_hours": "08:00-17:00",
        "operational_status": "operational",
        "operational_status:electricity": "sometimes",
        "operator:type": "ngo_national",
        "security:gbv_support": "yes"
      },
      "geometry": {
        "type": "Point",
        "coordinates": [
          36.7787721,
          -1.3142991
        ]
      },
      "id": "node/612006950"
    },
    {
      "type": "Feature",
      "properties": {
        "@id": "node/612006955",
        "amenity": "library",
        "name": "St Elizabeth Library",
        "notes": "Library"
      },
      "geometry": {
        "type": "Point",
        "coordinates": [
          36.7789499,
          -1.3128847
        ]
      },
      "id": "node/612006955"
    },
    {
      "type": "Feature",
      "properties": {
        "@id": "node/612006974",
        "amenity": "place_of_worship",
        "check_date": "2023-04-22",
        "denomination": "protestant",
        "name": "Hossana Community Church",
        "opening_hours": "Su 08:30-14:00",
        "religion": "christian"
      },
      "geometry": {
        "type": "Point",
        "coordinates": [
          36.7905938,
          -1.3111145
        ]
      },
      "id": "node/612006974"
    },
    {
      "type": "Feature",
      "properties": {
        "@id": "node/612006975",
        "amenity": "place_of_worship",
        "check_date": "2023-05-23",
        "denomination": "protestant",
        "name": "Salvation Army",
        "note": "also houses CARE International",
        "opening_hours": "Tu-Su 08:00-15:00; Sa 08:00-12:00",
        "religion": "christian"
      },
      "geometry": {
        "type": "Point",
        "coordinates": [
          36.7739745,
          -1.3115192
        ]
      },
      "id": "node/612006975"
    },
    {
      "type": "Feature",
      "properties": {
        "@id": "node/612007009",
        "amenity": "place_of_worship",
        "check_date": "2023-04-25",
        "denomination": "evangelical",
        "name": "World Harvest Center",
        "religion": "christian"
      },
      "geometry": {
        "type": "Point",
        "coordinates": [
          36.794073,
          -1.3183266
        ]
      },
      "id": "node/612007009"
    },
    {
      "type": "Feature",
      "properties": {
        "@id": "node/612007014",
        "amenity": "place_of_worship",
        "check_date": "2023-05-02",
        "denomination": "protestant",
        "name": "Vision of Holy Spirit",
        "religion": "christian"
      },
      "geometry": {
        "type": "Point",
        "coordinates": [
          36.8002058,
          -1.3129152
        ]
      },
      "id": "node/612007014"
    },
    {
      "type": "Feature",
      "properties": {
        "@id": "node/612007074",
        "amenity": "place_of_worship",
        "check_date": "2023-04-07",
        "denomination": "sunni",
        "name": "Lindi Mosque",
        "religion": "muslim",
        "source": "map_kibera_trust"
      },
      "geometry": {
        "type": "Point",
        "coordinates": [
          36.7918734,
          -1.3146485
        ]
      },
      "id": "node/612007074"
    },
    {
      "type": "Feature",
      "properties": {
        "@id": "node/612007076",
        "amenity": "place_of_worship",
        "check_date": "2023-04-22",
        "denomination": "quaker",
        "name": "Legio Maria (African Church Mission)",
        "religion": "christian"
      },
      "geometry": {
        "type": "Point",
        "coordinates": [
          36.7928086,
          -1.3137166
        ]
      },
      "id": "node/612007076"
    },
    {
      "type": "Feature",
      "properties": {
        "@id": "node/612007097",
        "amenity": "place_of_worship",
        "denomination": "protestant",
        "name": "St Christine Community Church",
        "opening_hours": "Su 09:00-12:00",
        "religion": "christian"
      },
      "geometry": {
        "type": "Point",
        "coordinates": [
          36.7787412,
          -1.31664
        ]
      },
      "id": "node/612007097"
    },
    {
      "type": "Feature",
      "properties": {
        "@id": "node/612007101",
        "amenity": "place_of_worship",
        "denomination": "protestant",
        "name": "Community Church",
        "opening_hours": "Su 08:30-14:00",
        "religion": "christian"
      },
      "geometry": {
        "type": "Point",
        "coordinates": [
          36.7788403,
          -1.3171476
        ]
      },
      "id": "node/612007101"
    },
    {
      "type": "Feature",
      "properties": {
        "@id": "node/612007106",
        "amenity": "place_of_worship",
        "denomination": "jehovahs_witness",
        "name": "Kingdom Hall of Jehovahs witness",
        "opening_hours": "Su 09:00-12:00",
        "religion": "christian"
      },
      "geometry": {
        "type": "Point",
        "coordinates": [
          36.7803906,
          -1.3149019
        ]
      },
      "id": "node/612007106"
    },
    {
      "type": "Feature",
      "properties": {
        "@id": "node/612007111",
        "amenity": "place_of_worship",
        "denomination": "pentecostal",
        "name": "Tumaini Church",
        "opening_hours": "24/7",
        "religion": "christian"
      },
      "geometry": {
        "type": "Point",
        "coordinates": [
          36.7848022,
          -1.3127641
        ]
      },
      "id": "node/612007111"
    },
    {
      "type": "Feature",
      "properties": {
        "@id": "node/612007115",
        "building": "public",
        "check_date": "2023-05-11",
        "name": "Dcs Office",
        "office": "government",
        "opening_hours": "Mo-Fr 08:30-20:00"
      },
      "geometry": {
        "type": "Point",
        "coordinates": [
          36.7878934,
          -1.3060453
        ]
      },
      "id": "node/612007115"
    },
    {
      "type": "Feature",
      "properties": {
        "@id": "node/612007121",
        "building": "public",
        "check_date": "2023-05-11",
        "name": "Makongteni Residentials"
      },
      "geometry": {
        "type": "Point",
        "coordinates": [
          36.7869629,
          -1.3096176
        ]
      },
      "id": "node/612007121"
    },
    {
      "type": "Feature",
      "properties": {
        "@id": "node/612007134",
        "amenity": "place_of_worship",
        "check_date": "2023-04-17",
        "name": "D.C Mosque",
        "religion": "muslim"
      },
      "geometry": {
        "type": "Point",
        "coordinates": [
          36.7855359,
          -1.3085408
        ]
      },
      "id": "node/612007134"
    },
    {
      "type": "Feature",
      "properties": {
        "@id": "node/612007162",
        "building": "public",
        "name": "Kibera Community Development Agenda(kcoda)",
        "notes": "NGO"
      },
      "geometry": {
        "type": "Point",
        "coordinates": [
          36.779867,
          -1.3122566
        ]
      },
      "id": "node/612007162"
    },
    {
      "type": "Feature",
      "properties": {
        "@id": "node/612007259",
        "building": "public",
        "name": "Darajani Youth Reform",
        "note": "CBO"
      },
      "geometry": {
        "type": "Point",
        "coordinates": [
          36.7878673,
          -1.3112246
        ]
      },
      "id": "node/612007259"
    },
    {
      "type": "Feature",
      "properties": {
        "@id": "node/612007282",
        "amenity": "place_of_worship",
        "name": "Makina Mosque",
        "religion": "muslim"
      },
      "geometry": {
        "type": "Point",
        "coordinates": [
          36.7857993,
          -1.3097966
        ]
      },
      "id": "node/612007282"
    },
    {
      "type": "Feature",
      "properties": {
        "@id": "node/612007285",
        "amenity": "place_of_worship",
        "check_date": "2023-04-15",
        "denomination": "evangelical",
        "name": "Holy Mountain Worship Center",
        "religion": "christian"
      },
      "geometry": {
        "type": "Point",
        "coordinates": [
          36.7946148,
          -1.317096
        ]
      },
      "id": "node/612007285"
    },
    {
      "type": "Feature",
      "properties": {
        "@id": "node/612007385",
        "amenity": "place_of_worship",
        "check_date": "2023-04-26",
        "denomination": "sunni",
        "name": "Laini Saba Mosque",
        "religion": "muslim"
      },
      "geometry": {
        "type": "Point",
        "coordinates": [
          36.7951316,
          -1.3129844
        ]
      },
      "id": "node/612007385"
    },
    {
      "type": "Feature",
      "properties": {
        "@id": "node/612007388",
        "amenity": "place_of_worship",
        "check_date": "2023-05-08",
        "denomination": "protestant",
        "name": "ADC Church",
        "opening_hours": "Su 08:30-14:00",
        "religion": "christian"
      },
      "geometry": {
        "type": "Point",
        "coordinates": [
          36.7897419,
          -1.3101565
        ]
      },
      "id": "node/612007388"
    },
    {
      "type": "Feature",
      "properties": {
        "@id": "node/612007405",
        "amenity": "place_of_worship",
        "check_date": "2023-05-02",
        "name": "Nairobi Dam Pentecostal Church",
        "religion": "christian"
      },
      "geometry": {
        "type": "Point",
        "coordinates": [
          36.7942145,
          -1.3187506
        ]
      },
      "id": "node/612007405"
    },
    {
      "type": "Feature",
      "properties": {
        "@id": "node/612007409",
        "amenity": "place_of_worship",
        "check_date": "2023-04-22",
        "denomination": "catholic",
        "media:video_device_number": "8",
        "media:video_number": "11",
        "name": "St Veronica Catholic Church",
        "opening_hours": "08:00-16:00",
        "religion": "christian",
        "security:description": "Safe for girl child"
      },
      "geometry": {
        "type": "Point",
        "coordinates": [
          36.7941609,
          -1.3145085
        ]
      },
      "id": "node/612007409"
    },
    {
      "type": "Feature",
      "properties": {
        "@id": "node/612007425",
        "building": "public",
        "name": "Ass Chief's Office",
        "office": "government"
      },
      "geometry": {
        "type": "Point",
        "coordinates": [
          36.7875726,
          -1.3109875
        ]
      },
      "id": "node/612007425"
    },
    {
      "type": "Feature",
      "properties": {
        "@id": "node/612007429",
        "building": "public",
        "name": "Pamoja centre",
        "note": "CBO"
      },
      "geometry": {
        "type": "Point",
        "coordinates": [
          36.7856848,
          -1.3098503
        ]
      },
      "id": "node/612007429"
    },
    {
      "type": "Feature",
      "properties": {
        "@id": "node/612007442",
        "amenity": "place_of_worship",
        "check_date": "2023-04-15",
        "denomination": "anglican",
        "name": "Anglican Church",
        "religion": "christian"
      },
      "geometry": {
        "type": "Point",
        "coordinates": [
          36.7895267,
          -1.308104
        ]
      },
      "id": "node/612007442"
    },
    {
      "type": "Feature",
      "properties": {
        "@id": "node/612007451",
        "building": "public",
        "name": "Familly Support Centre",
        "note": "NGO"
      },
      "geometry": {
        "type": "Point",
        "coordinates": [
          36.7898631,
          -1.3080451
        ]
      },
      "id": "node/612007451"
    },
    {
      "type": "Feature",
      "properties": {
        "@id": "node/612007482",
        "amenity": "place_of_worship",
        "building": "church",
        "check_date": "2023-05-08",
        "religion": "christian"
      },
      "geometry": {
        "type": "Point",
        "coordinates": [
          36.7902809,
          -1.3115324
        ]
      },
      "id": "node/612007482"
    },
    {
      "type": "Feature",
      "properties": {
        "@id": "node/612007500",
        "amenity": "social_facility",
        "check_date": "2023-05-08",
        "name": "Kigulu HIV/ AIDS Orpharns Center",
        "social_facility": "shelter"
      },
      "geometry": {
        "type": "Point",
        "coordinates": [
          36.7906273,
          -1.3118831
        ]
      },
      "id": "node/612007500"
    },
    {
      "type": "Feature",
      "properties": {
        "@id": "node/612007502",
        "amenity": "place_of_worship",
        "check_date": "2023-04-13",
        "name": "Kambi Muru Mosque",
        "religion": "muslim"
      },
      "geometry": {
        "type": "Point",
        "coordinates": [
          36.7905922,
          -1.3117665
        ]
      },
      "id": "node/612007502"
    },
    {
      "type": "Feature",
      "properties": {
        "@id": "node/612007506",
        "amenity": "library",
        "check_date": "2023-05-02",
        "name": "Kibera Library"
      },
      "geometry": {
        "type": "Point",
        "coordinates": [
          36.7784823,
          -1.3192191
        ]
      },
      "id": "node/612007506"
    },
    {
      "type": "Feature",
      "properties": {
        "@id": "node/612007527",
        "amenity": "place_of_worship",
        "denomination": "protestant",
        "name": "Light Evangelism",
        "religion": "christian"
      },
      "geometry": {
        "type": "Point",
        "coordinates": [
          36.7795859,
          -1.3186161
        ]
      },
      "id": "node/612007527"
    },
    {
      "type": "Feature",
      "properties": {
        "@id": "node/612007535",
        "amenity": "social_facility",
        "check_date": "2023-05-02",
        "health_facility:patients_per_day": "12",
        "health_facility:type": "Community based organization",
        "name": "Catholic Women Fighting HIV",
        "opening_hours": "8:am",
        "operational_status": "operational",
        "operational_status:electricity": "sometimes",
        "operator:type": "community",
        "social_facility": "outreach"
      },
      "geometry": {
        "type": "Point",
        "coordinates": [
          36.7779299,
          -1.3178739
        ]
      },
      "id": "node/612007535"
    },
    {
      "type": "Feature",
      "properties": {
        "@id": "node/612007557",
        "building": "public",
        "name": "Lea toto",
        "office": "ngo",
        "operator:type": "ngo_cbo",
        "security:gbv_support": "yes"
      },
      "geometry": {
        "type": "Point",
        "coordinates": [
          36.7799739,
          -1.3145037
        ]
      },
      "id": "node/612007557"
    },
    {
      "type": "Feature",
      "properties": {
        "@id": "node/612007560",
        "building": "public",
        "health_facility:description": "Reseach institution for tropical infections, administrative center of CDC",
        "health_facility:referals": "Tabitha,AMREF",
        "health_facility:type": "other",
        "medical_service:home_based_care": "yes",
        "medical_service:other": "community cleaning",
        "medical_service:psychosocial_support_counselling": "yes",
        "medical_service:vct_hiv_counselling_test": "yes",
        "medical_service:youth_friendly_services": "yes",
        "medical_staff:counsellor": "12-15",
        "medical_staff:description": "Social workers",
        "medical_staff:other": "2",
        "name": "CDC",
        "office": "research",
        "opening_hours": "08:00-17:00",
        "operational_status": "operational",
        "operational_status:electricity": "sometimes",
        "operator:type": "ngo_international"
      },
      "geometry": {
        "type": "Point",
        "coordinates": [
          36.7795356,
          -1.3140222
        ]
      },
      "id": "node/612007560"
    },
    {
      "type": "Feature",
      "properties": {
        "@id": "node/612007567",
        "amenity": "place_of_worship",
        "denomination": "catholic",
        "name": "Olympic Catholic Church",
        "opening_hours": "Su 07:00-16:00",
        "religion": "christian"
      },
      "geometry": {
        "type": "Point",
        "coordinates": [
          36.7804005,
          -1.3141758
        ]
      },
      "id": "node/612007567"
    },
    {
      "type": "Feature",
      "properties": {
        "@id": "node/612007604",
        "amenity": "place_of_worship",
        "check_date": "2023-05-02",
        "name": "Berith Life Church",
        "opening_hours": "08:00-16:00",
        "religion": "christian"
      },
      "geometry": {
        "type": "Point",
        "coordinates": [
          36.7772857,
          -1.3127317
        ]
      },
      "id": "node/612007604"
    },
    {
      "type": "Feature",
      "properties": {
        "@id": "node/612007632",
        "amenity": "community_centre",
        "check_date": "2023-05-02",
        "health_facility:patients_per_day": "12",
        "health_facility:referals": "Amref",
        "health_facility:type": "health_programme",
        "medical_service:antiretroviral_therapy": "yes",
        "medical_service:condom_distribution": "yes",
        "medical_service:gender_based_violence_services": "yes",
        "medical_service:growth_and_nutritional_support": "yes",
        "medical_service:home_based_care": "yes",
        "medical_service:malaria": "no",
        "medical_service:outpatient": "yes",
        "medical_service:pmtct": "yes",
        "medical_service:psychosocial_support_counselling": "yes",
        "medical_service:sexually_transmitted_infections_management": "yes",
        "medical_service:tb_diagnosis": "yes",
        "medical_service:tb_labs": "yes",
        "medical_service:tb_treatment": "yes",
        "medical_service:vct_hiv_counselling_test": "yes",
        "medical_service:youth_friendly_services": "yes",
        "medical_staff:clinical_officer": "1",
        "medical_staff:counsellor": "1",
        "name": "Foundation Of People Living with Hiv Aids In Kenya",
        "opening_hours": "Mo-Fr 08:00-17:00",
        "operational_status": "operational",
        "operational_status:electricity": "never",
        "operator:type": "ngo_national"
      },
      "geometry": {
        "type": "Point",
        "coordinates": [
          36.7959723,
          -1.3143031
        ]
      },
      "id": "node/612007632"
    },
    {
      "type": "Feature",
      "properties": {
        "@id": "node/612007646",
        "amenity": "place_of_worship",
        "check_date": "2023-04-17",
        "denomination": "pentecostal",
        "name": "The Door Christian Fellowship",
        "religion": "christian"
      },
      "geometry": {
        "type": "Point",
        "coordinates": [
          36.7966592,
          -1.3136081
        ]
      },
      "id": "node/612007646"
    },
    {
      "type": "Feature",
      "properties": {
        "@id": "node/612007650",
        "amenity": "community_centre",
        "name": "Ushirika Hall"
      },
      "geometry": {
        "type": "Point",
        "coordinates": [
          36.7940292,
          -1.3122938
        ]
      },
      "id": "node/612007650"
    },
    {
      "type": "Feature",
      "properties": {
        "@id": "node/612007652",
        "amenity": "place_of_worship",
        "denomination": "protestant",
        "name": "A.I.C Laini Saba",
        "religion": "christian"
      },
      "geometry": {
        "type": "Point",
        "coordinates": [
          36.7940653,
          -1.3122863
        ]
      },
      "id": "node/612007652"
    },
    {
      "type": "Feature",
      "properties": {
        "@id": "node/612007680",
        "amenity": "place_of_worship",
        "check_date": "2023-05-08",
        "denomination": "protestant",
        "name": "Kibera Church of God",
        "religion": "christian"
      },
      "geometry": {
        "type": "Point",
        "coordinates": [
          36.7948972,
          -1.3109454
        ]
      },
      "id": "node/612007680"
    },
    {
      "type": "Feature",
      "properties": {
        "@id": "node/612007683",
        "building": "public",
        "check_date": "2023-04-22",
        "name": "Compassion Child Development Center",
        "office": "ngo"
      },
      "geometry": {
        "type": "Point",
        "coordinates": [
          36.7947796,
          -1.3107977
        ]
      },
      "id": "node/612007683"
    },
    {
      "type": "Feature",
      "properties": {
        "@id": "node/612007699",
        "amenity": "community_centre",
        "name": "Ghetto Development Center"
      },
      "geometry": {
        "type": "Point",
        "coordinates": [
          36.7965982,
          -1.3121091
        ]
      },
      "id": "node/612007699"
    },
    {
      "type": "Feature",
      "properties": {
        "@id": "node/612007701",
        "amenity": "place_of_worship",
        "check_date": "2023-05-02",
        "denomination": "pentecostal",
        "name": "Glory Worship Center",
        "religion": "christian"
      },
      "geometry": {
        "type": "Point",
        "coordinates": [
          36.7963117,
          -1.3117662
        ]
      },
      "id": "node/612007701"
    },
    {
      "type": "Feature",
      "properties": {
        "@id": "node/612007714",
        "amenity": "place_of_worship",
        "check_date": "2023-05-02",
        "denomination": "pentecostal",
        "name": "A.C.F Church",
        "religion": "christian"
      },
      "geometry": {
        "type": "Point",
        "coordinates": [
          36.7936999,
          -1.3095198
        ]
      },
      "id": "node/612007714"
    },
    {
      "type": "Feature",
      "properties": {
        "@id": "node/612007750",
        "amenity": "place_of_worship",
        "check_date": "2023-04-15",
        "denomination": "pentecostal",
        "name": "AIC Church",
        "religion": "christian"
      },
      "geometry": {
        "type": "Point",
        "coordinates": [
          36.799614,
          -1.3142305
        ]
      },
      "id": "node/612007750"
    },
    {
      "type": "Feature",
      "properties": {
        "@id": "node/612007814",
        "amenity": "place_of_worship",
        "denomination": "pentecostal",
        "name": "End Times Church",
        "opening_hours": "24/7",
        "religion": "christian"
      },
      "geometry": {
        "type": "Point",
        "coordinates": [
          36.7858857,
          -1.3137524
        ]
      },
      "id": "node/612007814"
    },
    {
      "type": "Feature",
      "properties": {
        "@id": "node/612007822",
        "amenity": "place_of_worship",
        "check_date": "2023-04-19",
        "denomination": "jehovahs_witness",
        "name": "Kingdom Hall",
        "religion": "christian"
      },
      "geometry": {
        "type": "Point",
        "coordinates": [
          36.7887272,
          -1.3133896
        ]
      },
      "id": "node/612007822"
    },
    {
      "type": "Feature",
      "properties": {
        "@id": "node/612007836",
        "amenity": "community_centre",
        "check_date": "2023-05-04",
        "name": "Kamsheg"
      },
      "geometry": {
        "type": "Point",
        "coordinates": [
          36.7859149,
          -1.3123098
        ]
      },
      "id": "node/612007836"
    },
    {
      "type": "Feature",
      "properties": {
        "@id": "node/612007856",
        "amenity": "community_centre",
        "name": "Unity Weep Womens Center",
        "notes": "CBO"
      },
      "geometry": {
        "type": "Point",
        "coordinates": [
          36.7752057,
          -1.3150075
        ]
      },
      "id": "node/612007856"
    },
    {
      "type": "Feature",
      "properties": {
        "@id": "node/612007887",
        "amenity": "place_of_worship",
        "check_date": "2023-05-12",
        "name": "Living bread church of Christ",
        "notes": "Church",
        "opening_hours": "08:00-17:00",
        "religion": "christian"
      },
      "geometry": {
        "type": "Point",
        "coordinates": [
          36.7775278,
          -1.3153537
        ]
      },
      "id": "node/612007887"
    },
    {
      "type": "Feature",
      "properties": {
        "@id": "node/612007914",
        "amenity": "place_of_worship",
        "denomination": "protestant",
        "name": "Maranatha Faith Assembly",
        "religion": "christian"
      },
      "geometry": {
        "type": "Point",
        "coordinates": [
          36.7808492,
          -1.3165786
        ]
      },
      "id": "node/612007914"
    },
    {
      "type": "Feature",
      "properties": {
        "@id": "node/612007921",
        "amenity": "library",
        "name": "unknown video library",
        "opening_hours": "Mo-Fr 08:30-20:00"
      },
      "geometry": {
        "type": "Point",
        "coordinates": [
          36.7822235,
          -1.3138699
        ]
      },
      "id": "node/612007921"
    },
    {
      "type": "Feature",
      "properties": {
        "@id": "node/612008154",
        "building": "public",
        "name": "Carolina for Kibera satellite office",
        "notes": "NGO",
        "office": "ngo"
      },
      "geometry": {
        "type": "Point",
        "coordinates": [
          36.777499,
          -1.315541
        ]
      },
      "id": "node/612008154"
    },
    {
      "type": "Feature",
      "properties": {
        "@id": "node/612008308",
        "amenity": "place_of_worship",
        "check_date": "2023-04-17",
        "name": "Hope Gospel Church",
        "religion": "christian"
      },
      "geometry": {
        "type": "Point",
        "coordinates": [
          36.7904071,
          -1.3154135
        ]
      },
      "id": "node/612008308"
    },
    {
      "type": "Feature",
      "properties": {
        "@id": "node/612008374",
        "amenity": "place_of_worship",
        "check_date": "2023-05-12",
        "denomination": "pentecostal",
        "name": "Beth Face Church",
        "religion": "christian"
      },
      "geometry": {
        "type": "Point",
        "coordinates": [
          36.7777305,
          -1.316861
        ]
      },
      "id": "node/612008374"
    },
    {
      "type": "Feature",
      "properties": {
        "@id": "node/612008402",
        "amenity": "place_of_worship",
        "check_date": "2023-05-02",
        "contact:phone": "0738299626",
        "denomination": "presbyterian",
        "name": "P.C.E.A Emmanuel Centre Kibera Parish",
        "opening_hours": "08:00-20:00",
        "operational_status": "operational",
        "operational_status:electricity": "always",
        "operator:type": "religious",
        "religion": "christian"
      },
      "geometry": {
        "type": "Point",
        "coordinates": [
          36.7797742,
          -1.310736
        ]
      },
      "id": "node/612008402"
    },
    {
      "type": "Feature",
      "properties": {
        "@id": "node/612008408",
        "amenity": "community_centre",
        "name": "gogo boys youth group"
      },
      "geometry": {
        "type": "Point",
        "coordinates": [
          36.7874724,
          -1.3109482
        ]
      },
      "id": "node/612008408"
    },
    {
      "type": "Feature",
      "properties": {
        "@id": "node/612008409",
        "amenity": "community_centre",
        "check_date": "2023-05-02",
        "name": "rehma taallah development group"
      },
      "geometry": {
        "type": "Point",
        "coordinates": [
          36.7828678,
          -1.3075926
        ]
      },
      "id": "node/612008409"
    },
    {
      "type": "Feature",
      "properties": {
        "@id": "node/612008416",
        "amenity": "community_centre",
        "check_date": "2023-05-08",
        "name": "Kicoshep Centre"
      },
      "geometry": {
        "type": "Point",
        "coordinates": [
          36.7903439,
          -1.3089084
        ]
      },
      "id": "node/612008416"
    },
    {
      "type": "Feature",
      "properties": {
        "@id": "node/612008452",
        "amenity": "place_of_worship",
        "denomination": "protestant",
        "name": "Calvary Temple of East Africa",
        "opening_hours": "08:00-14:00",
        "religion": "christian"
      },
      "geometry": {
        "type": "Point",
        "coordinates": [
          36.7803421,
          -1.3147449
        ]
      },
      "id": "node/612008452"
    },
    {
      "type": "Feature",
      "properties": {
        "@id": "node/612008463",
        "amenity": "place_of_worship",
        "denomination": "protestant",
        "name": "Nyumba ya Maombi",
        "opening_hours": "Mo-Fr 08:30-20:00",
        "religion": "christian"
      },
      "geometry": {
        "type": "Point",
        "coordinates": [
          36.7855185,
          -1.3146922
        ]
      },
      "id": "node/612008463"
    },
    {
      "type": "Feature",
      "properties": {
        "@id": "node/612008465",
        "amenity": "place_of_worship",
        "check_date": "2023-05-02",
        "denomination": "catholic",
        "name": "All Saints Cathedral Diocese",
        "opening_hours": "08:00-14:00",
        "religion": "christian"
      },
      "geometry": {
        "type": "Point",
        "coordinates": [
          36.7860248,
          -1.3147455
        ]
      },
      "id": "node/612008465"
    },
    {
      "type": "Feature",
      "properties": {
        "@id": "node/612008473",
        "amenity": "community_centre",
        "check_date": "2023-05-02",
        "name": "Kibera Santiago Resource Centre"
      },
      "geometry": {
        "type": "Point",
        "coordinates": [
          36.7966467,
          -1.313389
        ]
      },
      "id": "node/612008473"
    },
    {
      "type": "Feature",
      "properties": {
        "@id": "node/612008484",
        "amenity": "place_of_worship",
        "check_date": "2023-05-02",
        "denomination": "pentecostal",
        "name": "Bible Truth Revival Church",
        "religion": "christian"
      },
      "geometry": {
        "type": "Point",
        "coordinates": [
          36.7965338,
          -1.3125154
        ]
      },
      "id": "node/612008484"
    },
    {
      "type": "Feature",
      "properties": {
        "@id": "node/612008487",
        "amenity": "place_of_worship",
        "check_date": "2023-04-15",
        "denomination": "protestant",
        "name": "Healing and Intercessory Ministry",
        "religion": "christian"
      },
      "geometry": {
        "type": "Point",
        "coordinates": [
          36.7980226,
          -1.3118009
        ]
      },
      "id": "node/612008487"
    },
    {
      "type": "Feature",
      "properties": {
        "@id": "node/612008496",
        "amenity": "place_of_worship",
        "check_date": "2023-04-19",
        "denomination": "protestant",
        "name": "The door fellowship church",
        "opening_hours": "Su 08:00-18:00",
        "religion": "christian"
      },
      "geometry": {
        "type": "Point",
        "coordinates": [
          36.7743338,
          -1.3085211
        ]
      },
      "id": "node/612008496"
    },
    {
      "type": "Feature",
      "properties": {
        "@id": "node/612008497",
        "amenity": "place_of_worship",
        "check_date": "2023-04-19",
        "name": "Ayany Mosque",
        "religion": "muslim"
      },
      "geometry": {
        "type": "Point",
        "coordinates": [
          36.7758692,
          -1.3091221
        ]
      },
      "id": "node/612008497"
    },
    {
      "type": "Feature",
      "properties": {
        "@id": "node/612008541",
        "building": "public",
        "check_date": "2023-04-22",
        "name": "CBO"
      },
      "geometry": {
        "type": "Point",
        "coordinates": [
          36.7890267,
          -1.3111881
        ]
      },
      "id": "node/612008541"
    },
    {
      "type": "Feature",
      "properties": {
        "@id": "node/612008559",
        "amenity": "place_of_worship",
        "check_date": "2023-04-03",
        "name": "Jesus Winners Church",
        "religion": "christian"
      },
      "geometry": {
        "type": "Point",
        "coordinates": [
          36.7988307,
          -1.3153039
        ]
      },
      "id": "node/612008559"
    },
    {
      "type": "Feature",
      "properties": {
        "@id": "node/612008567",
        "amenity": "place_of_worship",
        "check_date": "2023-03-27",
        "name": "Centrol Church",
        "religion": "christian"
      },
      "geometry": {
        "type": "Point",
        "coordinates": [
          36.7973882,
          -1.3136958
        ]
      },
      "id": "node/612008567"
    },
    {
      "type": "Feature",
      "properties": {
        "@id": "node/612008571",
        "amenity": "place_of_worship",
        "name": "Family Network Cchurch",
        "religion": "christian"
      },
      "geometry": {
        "type": "Point",
        "coordinates": [
          36.7973564,
          -1.3132408
        ]
      },
      "id": "node/612008571"
    },
    {
      "type": "Feature",
      "properties": {
        "@id": "node/612008575",
        "amenity": "place_of_worship",
        "check_date": "2023-05-02",
        "name": "World misionary church",
        "religion": "christian"
      },
      "geometry": {
        "type": "Point",
        "coordinates": [
          36.8018139,
          -1.3155353
        ]
      },
      "id": "node/612008575"
    },
    {
      "type": "Feature",
      "properties": {
        "@id": "node/612008616",
        "amenity": "place_of_worship",
        "check_date": "2023-05-08",
        "denomination": "protestant",
        "name": "Peace of Christ Church",
        "opening_hours": "09:00-14:00",
        "religion": "christian"
      },
      "geometry": {
        "type": "Point",
        "coordinates": [
          36.7918642,
          -1.3095354
        ]
      },
      "id": "node/612008616"
    },
    {
      "type": "Feature",
      "properties": {
        "@id": "node/612008617",
        "amenity": "place_of_worship",
        "check_date": "2023-05-02",
        "denomination": "protestant",
        "name": "AIC mashimoni loc",
        "religion": "christian"
      },
      "geometry": {
        "type": "Point",
        "coordinates": [
          36.7928156,
          -1.3095933
        ]
      },
      "id": "node/612008617"
    },
    {
      "type": "Feature",
      "properties": {
        "@id": "node/612008621",
        "amenity": "place_of_worship",
        "check_date": "2023-05-08",
        "denomination": "pentecostal",
        "name": "QDC c Church",
        "religion": "christian"
      },
      "geometry": {
        "type": "Point",
        "coordinates": [
          36.7884032,
          -1.3106485
        ]
      },
      "id": "node/612008621"
    },
    {
      "type": "Feature",
      "properties": {
        "@id": "node/612008625",
        "amenity": "place_of_worship",
        "denomination": "seventh_day_adventist",
        "name": "SDA Church Undugu mill",
        "religion": "christian"
      },
      "geometry": {
        "type": "Point",
        "coordinates": [
          36.7986385,
          -1.3177613
        ]
      },
      "id": "node/612008625"
    },
    {
      "type": "Feature",
      "properties": {
        "@id": "node/612008626",
        "amenity": "place_of_worship",
        "check_date": "2023-04-03",
        "denomination": "catholic",
        "name": "St. Daniel Comboni Catholic Church",
        "religion": "christian"
      },
      "geometry": {
        "type": "Point",
        "coordinates": [
          36.7984084,
          -1.317475
        ]
      },
      "id": "node/612008626"
    },
    {
      "type": "Feature",
      "properties": {
        "@id": "node/612008627",
        "amenity": "place_of_worship",
        "check_date": "2023-04-03",
        "denomination": "pentecostal",
        "name": "The Door Church",
        "religion": "christian"
      },
      "geometry": {
        "type": "Point",
        "coordinates": [
          36.7979366,
          -1.3172506
        ]
      },
      "id": "node/612008627"
    },
    {
      "type": "Feature",
      "properties": {
        "@id": "node/612008630",
        "amenity": "place_of_worship",
        "denomination": "pentecostal",
        "name": "Evangelical Missions Worldwide",
        "religion": "christian"
      },
      "geometry": {
        "type": "Point",
        "coordinates": [
          36.7952467,
          -1.3162795
        ]
      },
      "id": "node/612008630"
    },
    {
      "type": "Feature",
      "properties": {
        "@id": "node/612008632",
        "amenity": "place_of_worship",
        "check_date": "2023-04-03",
        "denomination": "protestant",
        "name": "ACK Emmanuel church, school & clinic",
        "religion": "christian"
      },
      "geometry": {
        "type": "Point",
        "coordinates": [
          36.7986813,
          -1.318449
        ]
      },
      "id": "node/612008632"
    },
    {
      "type": "Feature",
      "properties": {
        "@id": "node/612008634",
        "amenity": "place_of_worship",
        "denomination": "pentecostal",
        "name": "Fellowship Church of Christ",
        "religion": "christian"
      },
      "geometry": {
        "type": "Point",
        "coordinates": [
          36.7981416,
          -1.3187363
        ]
      },
      "id": "node/612008634"
    },
    {
      "type": "Feature",
      "properties": {
        "@id": "node/612008639",
        "amenity": "place_of_worship",
        "check_date": "2023-05-02",
        "denomination": "pentecostal",
        "name": "Mission Outreach Church",
        "note": "also clinic and school",
        "religion": "christian"
      },
      "geometry": {
        "type": "Point",
        "coordinates": [
          36.795217,
          -1.3158817
        ]
      },
      "id": "node/612008639"
    },
    {
      "type": "Feature",
      "properties": {
        "@id": "node/612008646",
        "amenity": "place_of_worship",
        "check_date": "2023-04-08",
        "denomination": "presbyterian",
        "name": "PCEA Church and High School",
        "religion": "christian"
      },
      "geometry": {
        "type": "Point",
        "coordinates": [
          36.7971072,
          -1.3174148
        ]
      },
      "id": "node/612008646"
    },
    {
      "type": "Feature",
      "properties": {
        "@id": "node/612008653",
        "amenity": "place_of_worship",
        "check_date": "2023-04-22",
        "denomination": "pentecostal",
        "name": "Silom Fellowship Ministry and Academy",
        "religion": "christian"
      },
      "geometry": {
        "type": "Point",
        "coordinates": [
          36.7976786,
          -1.3171933
        ]
      },
      "id": "node/612008653"
    },
    {
      "type": "Feature",
      "properties": {
        "@id": "node/612008664",
        "building": "public",
        "check_date": "2023-04-25",
        "name": "Victory Textile Center",
        "notes": "Tailor Center",
        "office": "educational_institution"
      },
      "geometry": {
        "type": "Point",
        "coordinates": [
          36.790372,
          -1.3089588
        ]
      },
      "id": "node/612008664"
    },
    {
      "type": "Feature",
      "properties": {
        "@id": "node/612008666",
        "building": "public",
        "check_date": "2023-05-11",
        "health_facility:exam_room": "yes",
        "health_facility:patients_per_day": "13",
        "health_facility:type": "health_programme",
        "medical_service:condom_distribution": "yes",
        "medical_service:family_planning": "yes",
        "medical_service:other": "offer income generating programmes,training and loaning scheme,awareness and training in hiv/aids,recreation,sports,drama,video and community library services.",
        "medical_service:vct_hiv_counselling_test": "yes",
        "medical_staff:counsellor": "2",
        "medical_staff:lab_tech": "3",
        "medical_staff:nurse": "2",
        "name": "Kicoshep Youth Center",
        "office": "ngo",
        "opening_hours": "Mo-Fr 08:00-18:00",
        "operational_status": "operational",
        "operational_status:electricity": "always",
        "operator:type": "ngo_national"
      },
      "geometry": {
        "type": "Point",
        "coordinates": [
          36.7895837,
          -1.3080325
        ]
      },
      "id": "node/612008666"
    },
    {
      "type": "Feature",
      "properties": {
        "@id": "node/612008670",
        "building": "public",
        "check_date": "2023-05-11",
        "name": "Dudu Baya Seif-help group",
        "notes": "CBO"
      },
      "geometry": {
        "type": "Point",
        "coordinates": [
          36.7880958,
          -1.3068885
        ]
      },
      "id": "node/612008670"
    },
    {
      "type": "Feature",
      "properties": {
        "@id": "node/612008697",
        "amenity": "place_of_worship",
        "check_date": "2023-04-15",
        "denomination": "protestant",
        "name": "The Word Felloship Church",
        "opening_hours": "Su 08:30-14:00",
        "religion": "christian"
      },
      "geometry": {
        "type": "Point",
        "coordinates": [
          36.7909953,
          -1.3111604
        ]
      },
      "id": "node/612008697"
    },
    {
      "type": "Feature",
      "properties": {
        "@id": "node/612008714",
        "amenity": "community_centre",
        "check_date": "2023-05-04",
        "name": "Pat zero waste group for yourth"
      },
      "geometry": {
        "type": "Point",
        "coordinates": [
          36.7845184,
          -1.3111652
        ]
      },
      "id": "node/612008714"
    },
    {
      "type": "Feature",
      "properties": {
        "@id": "node/612008717",
        "amenity": "social_facility",
        "check_date": "2023-05-04",
        "name": "Kibera Women Network Resource Centre Karanja",
        "security:description": "A group of women group some dealing with gender based violence in partnership with CREW",
        "security:gbv_support": "yes",
        "social_facility": "outreach"
      },
      "geometry": {
        "type": "Point",
        "coordinates": [
          36.7837227,
          -1.3112079
        ]
      },
      "id": "node/612008717"
    },
    {
      "type": "Feature",
      "properties": {
        "@id": "node/612008720",
        "amenity": "community_centre",
        "check_date": "2023-03-27",
        "name": "Recimianto Youth Centre"
      },
      "geometry": {
        "type": "Point",
        "coordinates": [
          36.7958373,
          -1.3141662
        ]
      },
      "id": "node/612008720"
    },
    {
      "type": "Feature",
      "properties": {
        "@id": "node/612008723",
        "amenity": "place_of_worship",
        "denomination": "protestant",
        "name": "Jesus Worship Centre",
        "religion": "christian"
      },
      "geometry": {
        "type": "Point",
        "coordinates": [
          36.7971617,
          -1.3134425
        ]
      },
      "id": "node/612008723"
    },
    {
      "type": "Feature",
      "properties": {
        "@id": "node/612008724",
        "amenity": "place_of_worship",
        "check_date": "2023-03-27",
        "denomination": "protestant",
        "name": "Cross Mission International Centre",
        "religion": "christian"
      },
      "geometry": {
        "type": "Point",
        "coordinates": [
          36.7975408,
          -1.3140789
        ]
      },
      "id": "node/612008724"
    },
    {
      "type": "Feature",
      "properties": {
        "@id": "node/612008727",
        "building": "public",
        "check_date": "2023-04-03",
        "name": "Posho Mill",
        "shop": "kiosk"
      },
      "geometry": {
        "type": "Point",
        "coordinates": [
          36.7933675,
          -1.3116432
        ]
      },
      "id": "node/612008727"
    },
    {
      "type": "Feature",
      "properties": {
        "@id": "node/612008761",
        "amenity": "place_of_worship",
        "check_date": "2023-04-21",
        "name": "Kibera All Nations Church",
        "opening_hours": "Su 08:00-18:00",
        "religion": "christian"
      },
      "geometry": {
        "type": "Point",
        "coordinates": [
          36.7738533,
          -1.3109656
        ]
      },
      "id": "node/612008761"
    },
    {
      "type": "Feature",
      "properties": {
        "@id": "node/612008769",
        "amenity": "place_of_worship",
        "check_date": "2023-05-12",
        "name": "Apostles Believers Church",
        "opening_hours": "Su 08:00-18:00",
        "religion": "christian"
      },
      "geometry": {
        "type": "Point",
        "coordinates": [
          36.7761819,
          -1.312318
        ]
      },
      "id": "node/612008769"
    },
    {
      "type": "Feature",
      "properties": {
        "@id": "node/612008772",
        "amenity": "place_of_worship",
        "check_date": "2023-05-12",
        "denomination": "pentecostal",
        "name": "Pentecostal Fellowship Church",
        "religion": "christian"
      },
      "geometry": {
        "type": "Point",
        "coordinates": [
          36.7765443,
          -1.3115372
        ]
      },
      "id": "node/612008772"
    },
    {
      "type": "Feature",
      "properties": {
        "@id": "node/612008779",
        "amenity": "library",
        "check_date": "2023-05-02",
        "name": "G.A.A. Kibera Community Library"
      },
      "geometry": {
        "type": "Point",
        "coordinates": [
          36.7725954,
          -1.3090938
        ]
      },
      "id": "node/612008779"
    },
    {
      "type": "Feature",
      "properties": {
        "@id": "node/612008820",
        "building": "public",
        "check_date": "2023-05-02",
        "name": "ODM office- Mama Okinda Unit"
      },
      "geometry": {
        "type": "Point",
        "coordinates": [
          36.7843615,
          -1.3146823
        ]
      },
      "id": "node/612008820"
    },
    {
      "type": "Feature",
      "properties": {
        "@id": "node/612008867",
        "amenity": "place_of_worship",
        "check_date": "2023-05-23",
        "denomination": "catholic",
        "name": "Voice of Salvation",
        "opening_hours": "Su 07:00-18:00",
        "religion": "christian"
      },
      "geometry": {
        "type": "Point",
        "coordinates": [
          36.7790937,
          -1.3149909
        ]
      },
      "id": "node/612008867"
    },
    {
      "type": "Feature",
      "properties": {
        "@id": "node/612008911",
        "amenity": "place_of_worship",
        "building": "mosque",
        "check_date": "2023-05-04",
        "name": "Masjid Jamia Salama Mosque",
        "religion": "muslim"
      },
      "geometry": {
        "type": "Point",
        "coordinates": [
          36.7820195,
          -1.3108445
        ]
      },
      "id": "node/612008911"
    },
    {
      "type": "Feature",
      "properties": {
        "@id": "node/612008912",
        "amenity": "place_of_worship",
        "building": "mosque",
        "check_date": "2023-05-02",
        "name": "Alaqsa Mosque",
        "religion": "muslim"
      },
      "geometry": {
        "type": "Point",
        "coordinates": [
          36.7804271,
          -1.3101202
        ]
      },
      "id": "node/612008912"
    },
    {
      "type": "Feature",
      "properties": {
        "@id": "node/612008914",
        "amenity": "place_of_worship",
        "check_date": "2023-04-26",
        "denomination": "protestant",
        "health_facility:referals": "KNH",
        "health_facility:type": "medical_clinic",
        "medical_service:general_medical_services": "yes",
        "medical_service:outpatient": "yes",
        "medical_staff:general_practitioner": "1",
        "name": "New Hife Home Missionary",
        "opening_hours": "08:30-17:30",
        "operational_status": "operational",
        "operational_status:electricity": "sometimes",
        "operator:type": "faith_based_organization",
        "religion": "christian"
      },
      "geometry": {
        "type": "Point",
        "coordinates": [
          36.7820234,
          -1.307716
        ]
      },
      "id": "node/612008914"
    },
    {
      "type": "Feature",
      "properties": {
        "@id": "node/612008917",
        "amenity": "community_centre",
        "name": "Koinonua ndugu ndogo Rescue Centre"
      },
      "geometry": {
        "type": "Point",
        "coordinates": [
          36.7848035,
          -1.3108973
        ]
      },
      "id": "node/612008917"
    },
    {
      "type": "Feature",
      "properties": {
        "@id": "node/612008927",
        "building": "public",
        "check_date": "2023-05-11",
        "name": "nyumba kubwa",
        "notes": "Big house"
      },
      "geometry": {
        "type": "Point",
        "coordinates": [
          36.787535,
          -1.3102609
        ]
      },
      "id": "node/612008927"
    },
    {
      "type": "Feature",
      "properties": {
        "@id": "node/612008930",
        "building": "public",
        "check_date": "2023-05-11",
        "name": "Subira cinema/shoe maker",
        "note": "used for viewing the matches and other movies"
      },
      "geometry": {
        "type": "Point",
        "coordinates": [
          36.7868649,
          -1.3096381
        ]
      },
      "id": "node/612008930"
    },
    {
      "type": "Feature",
      "properties": {
        "@id": "node/612008937",
        "amenity": "place_of_worship",
        "denomination": "catholic",
        "name": "Makongeni Catholic Church",
        "opening_hours": "Su 07:00-14:00",
        "religion": "christian"
      },
      "geometry": {
        "type": "Point",
        "coordinates": [
          36.7888875,
          -1.3090973
        ]
      },
      "id": "node/612008937"
    },
    {
      "type": "Feature",
      "properties": {
        "@id": "node/612008940",
        "building": "public",
        "check_date": "2023-04-25",
        "name": "Wengo Youth Center",
        "note": "CBO"
      },
      "geometry": {
        "type": "Point",
        "coordinates": [
          36.7878306,
          -1.3080477
        ]
      },
      "id": "node/612008940"
    },
    {
      "type": "Feature",
      "properties": {
        "@id": "node/612009032",
        "amenity": "place_of_worship",
        "check_date": "2023-04-08",
        "denomination": "pentecostal",
        "name": "PAG Church Nyanza Region",
        "religion": "christian"
      },
      "geometry": {
        "type": "Point",
        "coordinates": [
          36.7966191,
          -1.3180009
        ]
      },
      "id": "node/612009032"
    },
    {
      "type": "Feature",
      "properties": {
        "@id": "node/612009045",
        "amenity": "place_of_worship",
        "denomination": "pentecostal",
        "name": "AIC Church",
        "religion": "christian"
      },
      "geometry": {
        "type": "Point",
        "coordinates": [
          36.7992515,
          -1.3178625
        ]
      },
      "id": "node/612009045"
    },
    {
      "type": "Feature",
      "properties": {
        "@id": "node/612009051",
        "amenity": "place_of_worship",
        "denomination": "pentecostal",
        "name": "Handmark Baptised Church",
        "religion": "christian"
      },
      "geometry": {
        "type": "Point",
        "coordinates": [
          36.7992605,
          -1.3171702
        ]
      },
      "id": "node/612009051"
    },
    {
      "type": "Feature",
      "properties": {
        "@id": "node/612009064",
        "building": "public",
        "check_date": "2023-04-21",
        "name": "villa house ayany",
        "note": "this is a permanent residential building"
      },
      "geometry": {
        "type": "Point",
        "coordinates": [
          36.7741168,
          -1.3102118
        ]
      },
      "id": "node/612009064"
    },
    {
      "type": "Feature",
      "properties": {
        "@id": "node/612009113",
        "amenity": "place_of_worship",
        "check_date": "2023-04-15",
        "denomination": "pentecostal",
        "name": "Revival church",
        "religion": "christian"
      },
      "geometry": {
        "type": "Point",
        "coordinates": [
          36.8007775,
          -1.3138847
        ]
      },
      "id": "node/612009113"
    },
    {
      "type": "Feature",
      "properties": {
        "@id": "node/612009160",
        "amenity": "place_of_worship",
        "denomination": "protestant",
        "name": "Reedemed Gospel Church-Laini Saba",
        "religion": "christian"
      },
      "geometry": {
        "type": "Point",
        "coordinates": [
          36.7957813,
          -1.31104
        ]
      },
      "id": "node/612009160"
    },
    {
      "type": "Feature",
      "properties": {
        "@id": "node/612009166",
        "amenity": "place_of_worship",
        "check_date": "2023-04-26",
        "denomination": "pentecostal",
        "name": "Better Life Center Kibera Church",
        "opening_hours": "08:30-14:00",
        "religion": "christian"
      },
      "geometry": {
        "type": "Point",
        "coordinates": [
          36.7764374,
          -1.2899044
        ]
      },
      "id": "node/612009166"
    },
    {
      "type": "Feature",
      "properties": {
        "@id": "node/612009181",
        "amenity": "place_of_worship",
        "check_date": "2023-03-27",
        "name": "Apostolic Fellowship Church of Kibera",
        "religion": "christian"
      },
      "geometry": {
        "type": "Point",
        "coordinates": [
          36.7915979,
          -1.3136297
        ]
      },
      "id": "node/612009181"
    },
    {
      "type": "Feature",
      "properties": {
        "@id": "node/612009185",
        "building": "public",
        "check_date": "2023-05-08",
        "name": "Kwa mama kijiji"
      },
      "geometry": {
        "type": "Point",
        "coordinates": [
          36.7938395,
          -1.3165096
        ]
      },
      "id": "node/612009185"
    },
    {
      "type": "Feature",
      "properties": {
        "@id": "node/612009186",
        "amenity": "place_of_worship",
        "check_date": "2023-04-25",
        "name": "Lindi friends church",
        "religion": "christian"
      },
      "geometry": {
        "type": "Point",
        "coordinates": [
          36.7939695,
          -1.3166761
        ]
      },
      "id": "node/612009186"
    },
    {
      "type": "Feature",
      "properties": {
        "@id": "node/612009190",
        "building": "public",
        "name": "Resouce Center for Slum",
        "note": "Office",
        "office": "ngo"
      },
      "geometry": {
        "type": "Point",
        "coordinates": [
          36.7785538,
          -1.3137747
        ]
      },
      "id": "node/612009190"
    },
    {
      "type": "Feature",
      "properties": {
        "@id": "node/612009196",
        "amenity": "place_of_worship",
        "check_date": "2023-05-02",
        "denomination": "pentecostal",
        "name": "Deliverance Church",
        "religion": "christian"
      },
      "geometry": {
        "type": "Point",
        "coordinates": [
          36.796358,
          -1.3186388
        ]
      },
      "id": "node/612009196"
    },
    {
      "type": "Feature",
      "properties": {
        "@id": "node/612009213",
        "amenity": "place_of_worship",
        "check_date": "2023-04-26",
        "name": "jamhuri sda church",
        "religion": "christian"
      },
      "geometry": {
        "type": "Point",
        "coordinates": [
          36.7720014,
          -1.308223
        ]
      },
      "id": "node/612009213"
    },
    {
      "type": "Feature",
      "properties": {
        "@id": "node/612009215",
        "amenity": "place_of_worship",
        "denomination": "catholic",
        "religion": "christian"
      },
      "geometry": {
        "type": "Point",
        "coordinates": [
          36.7719064,
          -1.3085981
        ]
      },
      "id": "node/612009215"
    },
    {
      "type": "Feature",
      "properties": {
        "@id": "node/612009224",
        "amenity": "place_of_worship",
        "check_date": "2023-04-18",
        "name": "sodid rock revival church",
        "religion": "christian"
      },
      "geometry": {
        "type": "Point",
        "coordinates": [
          36.772677,
          -1.3074059
        ]
      },
      "id": "node/612009224"
    },
    {
      "type": "Feature",
      "properties": {
        "@id": "node/612009227",
        "building": "public",
        "name": "kibera youth self help group",
        "note": "this is an CBO mainly run by the youths in ayany estate"
      },
      "geometry": {
        "type": "Point",
        "coordinates": [
          36.7767185,
          -1.3112938
        ]
      },
      "id": "node/612009227"
    },
    {
      "type": "Feature",
      "properties": {
        "@id": "node/612009240",
        "amenity": "place_of_worship",
        "check_date": "2023-04-12",
        "name": "Makina mosque",
        "religion": "muslim"
      },
      "geometry": {
        "type": "Point",
        "coordinates": [
          36.7892052,
          -1.3074966
        ]
      },
      "id": "node/612009240"
    },
    {
      "type": "Feature",
      "properties": {
        "@id": "node/612009254",
        "amenity": "place_of_worship",
        "check_date": "2023-05-02",
        "name": "Adc Church",
        "religion": "christian"
      },
      "geometry": {
        "type": "Point",
        "coordinates": [
          36.7917429,
          -1.3092018
        ]
      },
      "id": "node/612009254"
    },
    {
      "type": "Feature",
      "properties": {
        "@id": "node/612009255",
        "amenity": "community_centre",
        "check_date": "2023-05-02",
        "name": "kicoshep centre"
      },
      "geometry": {
        "type": "Point",
        "coordinates": [
          36.7919111,
          -1.3093791
        ]
      },
      "id": "node/612009255"
    },
    {
      "type": "Feature",
      "properties": {
        "@id": "node/612009257",
        "amenity": "place_of_worship",
        "check_date": "2023-04-03",
        "denomination": "protestant",
        "name": "Seventh Day Adventist Church",
        "religion": "christian"
      },
      "geometry": {
        "type": "Point",
        "coordinates": [
          36.7904653,
          -1.308736
        ]
      },
      "id": "node/612009257"
    },
    {
      "type": "Feature",
      "properties": {
        "@id": "node/612009262",
        "amenity": "place_of_worship",
        "denomination": "protestant",
        "name": "fpkf church",
        "religion": "christian"
      },
      "geometry": {
        "type": "Point",
        "coordinates": [
          36.7825698,
          -1.3070928
        ]
      },
      "id": "node/612009262"
    },
    {
      "type": "Feature",
      "properties": {
        "@id": "node/612009294",
        "amenity": "place_of_worship",
        "check_date": "2023-04-17",
        "denomination": "protestant",
        "name": "A.B.C Church",
        "religion": "christian"
      },
      "geometry": {
        "type": "Point",
        "coordinates": [
          36.7953578,
          -1.3118228
        ]
      },
      "id": "node/612009294"
    },
    {
      "type": "Feature",
      "properties": {
        "@id": "node/612009370",
        "amenity": "place_of_worship",
        "check_date": "2023-05-23",
        "denomination": "protestant",
        "name": "Church of Mercy",
        "opening_hours": "09:00-15:00",
        "religion": "christian"
      },
      "geometry": {
        "type": "Point",
        "coordinates": [
          36.782792,
          -1.3137834
        ]
      },
      "id": "node/612009370"
    },
    {
      "type": "Feature",
      "properties": {
        "@id": "node/612009450",
        "amenity": "place_of_worship",
        "name": "St George Orthodox Church",
        "opening_hours": "Su 09:00-12:00",
        "religion": "christian"
      },
      "geometry": {
        "type": "Point",
        "coordinates": [
          36.7751737,
          -1.3118425
        ]
      },
      "id": "node/612009450"
    },
    {
      "type": "Feature",
      "properties": {
        "@id": "node/612009576",
        "amenity": "place_of_worship",
        "denomination": "protestant",
        "name": "Katwekera sda Church",
        "opening_hours": "08:00-17:00",
        "religion": "christian"
      },
      "geometry": {
        "type": "Point",
        "coordinates": [
          36.7811242,
          -1.3145926
        ]
      },
      "id": "node/612009576"
    },
    {
      "type": "Feature",
      "properties": {
        "@id": "node/612009709",
        "building": "public",
        "government": "yes",
        "media:camera_device_number": "1",
        "media:camera_number": "24",
        "name": "KANU Office",
        "office": "government",
        "security:description": "Administration office-there are some youths who normally provide security",
        "security:other": "yes"
      },
      "geometry": {
        "type": "Point",
        "coordinates": [
          36.7876252,
          -1.3113597
        ]
      },
      "id": "node/612009709"
    },
    {
      "type": "Feature",
      "properties": {
        "@id": "node/612009710",
        "amenity": "place_of_worship",
        "check_date": "2023-04-25",
        "denomination": "sunni",
        "name": "Kambi Madrasa",
        "religion": "muslim"
      },
      "geometry": {
        "type": "Point",
        "coordinates": [
          36.7854407,
          -1.3059074
        ]
      },
      "id": "node/612009710"
    },
    {
      "type": "Feature",
      "properties": {
        "@id": "node/612009831",
        "amenity": "place_of_worship",
        "check_date": "2023-05-02",
        "name": "Jamhuri Church of Christ",
        "religion": "christian"
      },
      "geometry": {
        "type": "Point",
        "coordinates": [
          36.7741156,
          -1.311314
        ]
      },
      "id": "node/612009831"
    },
    {
      "type": "Feature",
      "properties": {
        "@id": "node/612010576",
        "amenity": "place_of_worship",
        "check_date": "2023-05-02",
        "denomination": "pentecostal",
        "name": "K.A.G Church",
        "religion": "christian"
      },
      "geometry": {
        "type": "Point",
        "coordinates": [
          36.7873959,
          -1.3114649
        ]
      },
      "id": "node/612010576"
    },
    {
      "type": "Feature",
      "properties": {
        "@id": "node/612010596",
        "amenity": "place_of_worship",
        "building": "church",
        "check_date": "2023-05-04",
        "denomination": "protestant",
        "religion": "christian"
      },
      "geometry": {
        "type": "Point",
        "coordinates": [
          36.7913781,
          -1.3128023
        ]
      },
      "id": "node/612010596"
    },
    {
      "type": "Feature",
      "properties": {
        "@id": "node/612011315",
        "amenity": "place_of_worship",
        "denomination": "protestant",
        "name": "Assemblies Of God Kibera",
        "religion": "christian"
      },
      "geometry": {
        "type": "Point",
        "coordinates": [
          36.7983876,
          -1.3127651
        ]
      },
      "id": "node/612011315"
    },
    {
      "type": "Feature",
      "properties": {
        "@id": "node/612011362",
        "amenity": "place_of_worship",
        "check_date": "2023-04-22",
        "denomination": "catholic",
        "name": "Christ the King Parish",
        "religion": "christian"
      },
      "geometry": {
        "type": "Point",
        "coordinates": [
          36.7945083,
          -1.3104279
        ]
      },
      "id": "node/612011362"
    },
    {
      "type": "Feature",
      "properties": {
        "@id": "node/612011370",
        "building": "public",
        "name": "Asst. Chief's Office",
        "office": "government",
        "operational_status": "operational",
        "security:chiefs_camp": "yes"
      },
      "geometry": {
        "type": "Point",
        "coordinates": [
          36.7958747,
          -1.311071
        ]
      },
      "id": "node/612011370"
    },
    {
      "type": "Feature",
      "properties": {
        "@id": "node/612011372",
        "amenity": "library",
        "check_date": "2023-04-22",
        "name": "Christ the King Library"
      },
      "geometry": {
        "type": "Point",
        "coordinates": [
          36.7946037,
          -1.3107304
        ]
      },
      "id": "node/612011372"
    },
    {
      "type": "Feature",
      "properties": {
        "@id": "way/613665210",
        "amenity": "place_of_worship",
        "building": "yes",
        "building:levels": "3",
        "name": "Masjid Salaam",
        "religion": "muslim",
        "@geometry": "center"
      },
      "geometry": {
        "type": "Point",
        "coordinates": [
          36.8295679,
          -1.3196082
        ]
      },
      "id": "way/613665210"
    },
    {
      "type": "Feature",
      "properties": {
        "@id": "way/622647428",
        "amenity": "place_of_worship",
        "building": "yes",
        "check_date": "2023-05-02",
        "denomination": "protestant",
        "name": "Holy Trinity Church",
        "operational_status:electricity": "often",
        "operator:type": "ngo_cbo",
        "religion": "christian",
        "source": "map_kibera_trust",
        "@geometry": "center"
      },
      "geometry": {
        "type": "Point",
        "coordinates": [
          36.7833015,
          -1.3071744
        ]
      },
      "id": "way/622647428"
    },
    {
      "type": "Feature",
      "properties": {
        "@id": "way/632091336",
        "amenity": "place_of_worship",
        "building": "yes",
        "name": "Mandir",
        "religion": "hindu",
        "@geometry": "center"
      },
      "geometry": {
        "type": "Point",
        "coordinates": [
          36.8183772,
          -1.2570299
        ]
      },
      "id": "way/632091336"
    },
    {
      "type": "Feature",
      "properties": {
        "@id": "node/633123008",
        "addr:city": "Nairobi",
        "addr:street": "Oloitoktok Road",
        "amenity": "place_of_worship",
        "check_date": "2023-04-26",
        "name": "Methodist Ministries Centre",
        "religion": "christian"
      },
      "geometry": {
        "type": "Point",
        "coordinates": [
          36.7765848,
          -1.290593
        ]
      },
      "id": "node/633123008"
    },
    {
      "type": "Feature",
      "properties": {
        "@id": "way/646483460",
        "amenity": "place_of_worship",
        "building": "yes",
        "layer": "1",
        "name": "Shree Jalaram Satsang Mandal",
        "religion": "hindu",
        "@geometry": "center"
      },
      "geometry": {
        "type": "Point",
        "coordinates": [
          36.8067884,
          -1.2575608
        ]
      },
      "id": "way/646483460"
    },
    {
      "type": "Feature",
      "properties": {
        "@id": "way/659024563",
        "addr:city": "PrideLands",
        "addr:street": "Mombasa Road",
        "amenity": "place_of_worship",
        "name": "Mavuno Hill City",
        "religion": "christian",
        "@geometry": "center"
      },
      "geometry": {
        "type": "Point",
        "coordinates": [
          36.9802902,
          -1.4301779
        ]
      },
      "id": "way/659024563"
    },
    {
      "type": "Feature",
      "properties": {
        "@id": "way/659044113",
        "addr:city": "Kiambu",
        "addr:street": "Gitaru Road",
        "amenity": "place_of_worship",
        "building": "yes",
        "denomination": "anglican",
        "name": "ACK St Marks Mukui",
        "religion": "christian",
        "@geometry": "center"
      },
      "geometry": {
        "type": "Point",
        "coordinates": [
          36.7248027,
          -1.199643
        ]
      },
      "id": "way/659044113"
    },
    {
      "type": "Feature",
      "properties": {
        "@id": "way/659044114",
        "addr:street": "Gitaru Road",
        "amenity": "place_of_worship",
        "building": "yes",
        "denomination": "catholic",
        "name": "Mukui Catholic Church",
        "religion": "christian",
        "@geometry": "center"
      },
      "geometry": {
        "type": "Point",
        "coordinates": [
          36.7264588,
          -1.2005516
        ]
      },
      "id": "way/659044114"
    },
    {
      "type": "Feature",
      "properties": {
        "@id": "way/659960322",
        "addr:city": "Nairobi",
        "addr:street": "Kingara Road",
        "amenity": "place_of_worship",
        "building": "yes",
        "name": "Emmanuel Baptist Church",
        "religion": "christian",
        "@geometry": "center"
      },
      "geometry": {
        "type": "Point",
        "coordinates": [
          36.7611497,
          -1.2918992
        ]
      },
      "id": "way/659960322"
    },
    {
      "type": "Feature",
      "properties": {
        "@id": "node/662793783",
        "amenity": "place_of_worship",
        "check_date": "2023-04-15",
        "name": "Outreach Community Church",
        "religion": "christian"
      },
      "geometry": {
        "type": "Point",
        "coordinates": [
          36.7927317,
          -1.3114207
        ]
      },
      "id": "node/662793783"
    },
    {
      "type": "Feature",
      "properties": {
        "@id": "node/662799891",
        "amenity": "place_of_worship",
        "name": "Outreach Community Church",
        "religion": "christian"
      },
      "geometry": {
        "type": "Point",
        "coordinates": [
          36.775136,
          -1.3125127
        ]
      },
      "id": "node/662799891"
    },
    {
      "type": "Feature",
      "properties": {
        "@id": "node/662800049",
        "building": "public",
        "designation": "NGO",
        "name": "Turning Point",
        "office": "ngo"
      },
      "geometry": {
        "type": "Point",
        "coordinates": [
          36.7752194,
          -1.312525
        ]
      },
      "id": "node/662800049"
    },
    {
      "type": "Feature",
      "properties": {
        "@id": "way/663479351",
        "addr:city": "Mlolongo",
        "addr:street": "Mombasa Road",
        "amenity": "place_of_worship",
        "building": "yes",
        "name": "A.I.C CHURCH KASINA",
        "religion": "christian",
        "@geometry": "center"
      },
      "geometry": {
        "type": "Point",
        "coordinates": [
          36.9417378,
          -1.3989025
        ]
      },
      "id": "way/663479351"
    },
    {
      "type": "Feature",
      "properties": {
        "@id": "way/665052553",
        "addr:city": "Nairobi",
        "addr:street": "Thika Road",
        "amenity": "place_of_worship",
        "building": "yes",
        "name": "Overcomming Faith Church (OFC)",
        "religion": "christian",
        "@geometry": "center"
      },
      "geometry": {
        "type": "Point",
        "coordinates": [
          36.8790204,
          -1.2289667
        ]
      },
      "id": "way/665052553"
    },
    {
      "type": "Feature",
      "properties": {
        "@id": "way/667417249",
        "addr:city": "Nairobi",
        "addr:street": "Kasarani Mwiki Road",
        "amenity": "place_of_worship",
        "building": "yes",
        "name": "The Nairobi Korean Church",
        "religion": "christian",
        "@geometry": "center"
      },
      "geometry": {
        "type": "Point",
        "coordinates": [
          36.9038209,
          -1.220051
        ]
      },
      "id": "way/667417249"
    },
    {
      "type": "Feature",
      "properties": {
        "@id": "node/671884157",
        "amenity": "place_of_worship",
        "denomination": "protestant",
        "name": "Harvester's Muchatha",
        "religion": "christian"
      },
      "geometry": {
        "type": "Point",
        "coordinates": [
          36.780259,
          -1.1919
        ]
      },
      "id": "node/671884157"
    },
    {
      "type": "Feature",
      "properties": {
        "@id": "way/686183731",
        "addr:city": "Nairobi",
        "addr:street": "Murang'a Road",
        "amenity": "place_of_worship",
        "building": "tent",
        "name": "PBBM",
        "religion": "christian",
        "@geometry": "center"
      },
      "geometry": {
        "type": "Point",
        "coordinates": [
          36.8264965,
          -1.2722563
        ]
      },
      "id": "way/686183731"
    },
    {
      "type": "Feature",
      "properties": {
        "@id": "node/695125195",
        "amenity": "place_of_worship",
        "check_date": "2023-05-02",
        "denomination": "pentecostal",
        "name": "Azusa World Ministries",
        "notes": "Kindergarten: Kibera Community Daycare. Primary: Cubic Academy",
        "religion": "christian"
      },
      "geometry": {
        "type": "Point",
        "coordinates": [
          36.7754688,
          -1.3147948
        ]
      },
      "id": "node/695125195"
    },
    {
      "type": "Feature",
      "properties": {
        "@id": "node/701432756",
        "amenity": "place_of_worship",
        "name": "PCEA Church Kuwinda",
        "religion": "christian"
      },
      "geometry": {
        "type": "Point",
        "coordinates": [
          36.743447,
          -1.334867
        ]
      },
      "id": "node/701432756"
    },
    {
      "type": "Feature",
      "properties": {
        "@id": "node/701794682",
        "building": "public",
        "check_date": "2023-04-26",
        "health_facility:type": "rehabilitation_center",
        "medical_service:psychosocial_support_counselling": "yes",
        "medical_service:youth_friendly_services": "yes",
        "medical_staff:counsellor": "2",
        "name": "The Door Youth Friendly Services",
        "office": "educational_institution",
        "opening_hours": "09:00-20:00",
        "operational_status": "operational",
        "operational_status:electricity": "always",
        "operator:type": "faith_based_organization"
      },
      "geometry": {
        "type": "Point",
        "coordinates": [
          36.7740497,
          -1.3087289
        ]
      },
      "id": "node/701794682"
    },
    {
      "type": "Feature",
      "properties": {
        "@id": "node/701794686",
        "building": "public",
        "check_date": "2023-05-04",
        "health_facility:description": "Home-Based Care Programme forb HIV/AIDS Positive Women",
        "health_facility:referals": "PAG,AMREF Kibera South",
        "health_facility:type": "other",
        "medical_service:condom_distribution": "yes",
        "medical_service:family_planning": "yes",
        "medical_service:gender_based_violence_services": "yes",
        "medical_service:growth_and_nutritional_support": "yes",
        "medical_service:home_based_care": "yes",
        "medical_service:psychosocial_support_counselling": "yes",
        "medical_service:youth_friendly_services": "yes",
        "medical_staff:counsellor": "2",
        "name": "Mchanganyiko Women Group",
        "office": "educational_institution",
        "opening_hours": "08:00-17:30",
        "operational_status": "operational",
        "operational_status:electricity": "always",
        "operator:type": "ngo_cbo"
      },
      "geometry": {
        "type": "Point",
        "coordinates": [
          36.7817648,
          -1.3102797
        ]
      },
      "id": "node/701794686"
    },
    {
      "type": "Feature",
      "properties": {
        "@id": "node/703087746",
        "addr:city": "Ngong",
        "addr:street": "Upper Matasia",
        "amenity": "place_of_worship",
        "name": "Catholic Diocese Of Ngong Secretariat",
        "religion": "christian"
      },
      "geometry": {
        "type": "Point",
        "coordinates": [
          36.653147,
          -1.3713493
        ]
      },
      "id": "node/703087746"
    },
    {
      "type": "Feature",
      "properties": {
        "@id": "node/711491733",
        "amenity": "place_of_worship",
        "name": "Anglican Church of Kenya",
        "religion": "christian"
      },
      "geometry": {
        "type": "Point",
        "coordinates": [
          36.7871742,
          -1.2270445
        ]
      },
      "id": "node/711491733"
    },
    {
      "type": "Feature",
      "properties": {
        "@id": "node/712868922",
        "amenity": "place_of_worship",
        "denomination": "protestant",
        "name": "PCEA Kayole",
        "religion": "christian"
      },
      "geometry": {
        "type": "Point",
        "coordinates": [
          36.9133245,
          -1.2708903
        ]
      },
      "id": "node/712868922"
    },
    {
      "type": "Feature",
      "properties": {
        "@id": "node/712876953",
        "building": "public",
        "check_date": "2023-05-02",
        "media:camera_device_number": "1",
        "media:camera_number": "22",
        "security:black_spot": "yes",
        "security:chiefs_camp": "yes",
        "security:description": "A place where ladys are raped when there is black out or when they pass late at night.",
        "security:light": "yes"
      },
      "geometry": {
        "type": "Point",
        "coordinates": [
          36.7868893,
          -1.3116489
        ]
      },
      "id": "node/712876953"
    },
    {
      "type": "Feature",
      "properties": {
        "@id": "node/713194080",
        "building": "public",
        "check_date": "2023-04-15",
        "name": "Chief camp",
        "office": "government",
        "security:chiefs_camp": "yes",
        "security:description": "also some administration police"
      },
      "geometry": {
        "type": "Point",
        "coordinates": [
          36.7974719,
          -1.3112343
        ]
      },
      "id": "node/713194080"
    },
    {
      "type": "Feature",
      "properties": {
        "@id": "node/714721603",
        "addr:city": "Nairobi",
        "addr:street": "Tembo Road",
        "amenity": "place_of_worship",
        "denomination": "anglican",
        "name": "ACK - St. Mathews Church Karen",
        "religion": "christian"
      },
      "geometry": {
        "type": "Point",
        "coordinates": [
          36.7422926,
          -1.366521
        ]
      },
      "id": "node/714721603"
    },
    {
      "type": "Feature",
      "properties": {
        "@id": "node/720900815",
        "addr:city": "Nairobi",
        "addr:street": "Mai Mahiu Road",
        "amenity": "place_of_worship",
        "denomination": "protestant",
        "name": "PCEA Nairobi West",
        "religion": "christian"
      },
      "geometry": {
        "type": "Point",
        "coordinates": [
          36.818963,
          -1.312924
        ]
      },
      "id": "node/720900815"
    },
    {
      "type": "Feature",
      "properties": {
        "@id": "node/745351475",
        "amenity": "place_of_worship",
        "religion": "christian"
      },
      "geometry": {
        "type": "Point",
        "coordinates": [
          36.8407945,
          -1.2487469
        ]
      },
      "id": "node/745351475"
    },
    {
      "type": "Feature",
      "properties": {
        "@id": "way/756644151",
        "amenity": "place_of_worship",
        "building": "yes",
        "denomination": "catholic",
        "name": "St. Catherine of Siena Catholic Church",
        "religion": "christian",
        "@geometry": "center"
      },
      "geometry": {
        "type": "Point",
        "coordinates": [
          36.7751885,
          -1.2334047
        ]
      },
      "id": "way/756644151"
    },
    {
      "type": "Feature",
      "properties": {
        "@id": "node/762026130",
        "amenity": "place_of_worship",
        "denomination": "pentecostal",
        "name": "Nairobi Pentecostal Church (Central)",
        "religion": "christian"
      },
      "geometry": {
        "type": "Point",
        "coordinates": [
          36.8055689,
          -1.2916983
        ]
      },
      "id": "node/762026130"
    },
    {
      "type": "Feature",
      "properties": {
        "@id": "node/763457811",
        "amenity": "place_of_worship",
        "denomination": "catholic",
        "name": "Saint Bakhita",
        "religion": "christian"
      },
      "geometry": {
        "type": "Point",
        "coordinates": [
          36.7784034,
          -1.3156876
        ]
      },
      "id": "node/763457811"
    },
    {
      "type": "Feature",
      "properties": {
        "@id": "node/767095605",
        "amenity": "place_of_worship",
        "check_date": "2023-04-22",
        "denomination": "evangelical",
        "name": "Nomiya Church",
        "religion": "christian"
      },
      "geometry": {
        "type": "Point",
        "coordinates": [
          36.7948034,
          -1.318893
        ]
      },
      "id": "node/767095605"
    },
    {
      "type": "Feature",
      "properties": {
        "@id": "node/767108093",
        "amenity": "place_of_worship",
        "check_date": "2023-05-02",
        "denomination": "evangelical",
        "name": "World Ecclesiastes church",
        "operational_status": "operational",
        "operator:type": "religious",
        "religion": "christian"
      },
      "geometry": {
        "type": "Point",
        "coordinates": [
          36.7948767,
          -1.3192606
        ]
      },
      "id": "node/767108093"
    },
    {
      "type": "Feature",
      "properties": {
        "@id": "node/772399177",
        "amenity": "library"
      },
      "geometry": {
        "type": "Point",
        "coordinates": [
          36.8814321,
          -1.2315789
        ]
      },
      "id": "node/772399177"
    },
    {
      "type": "Feature",
      "properties": {
        "@id": "way/776907969",
        "building": "public",
        "name": "Assistant Cheif Camp",
        "@geometry": "center"
      },
      "geometry": {
        "type": "Point",
        "coordinates": [
          36.8450419,
          -1.266921
        ]
      },
      "id": "way/776907969"
    },
    {
      "type": "Feature",
      "properties": {
        "@id": "way/786385475",
        "amenity": "place_of_worship",
        "denomination": "catholic",
        "name": "Assumption of Mary Catholic Church Umoja",
        "religion": "christian",
        "@geometry": "center"
      },
      "geometry": {
        "type": "Point",
        "coordinates": [
          36.8885731,
          -1.2818619
        ]
      },
      "id": "way/786385475"
    },
    {
      "type": "Feature",
      "properties": {
        "@id": "way/808336804",
        "amenity": "place_of_worship",
        "building": "yes",
        "check_date": "2023-04-21",
        "name": "International Bible Students Association (Jehovah'S Witnesses)church",
        "religion": "christian",
        "@geometry": "center"
      },
      "geometry": {
        "type": "Point",
        "coordinates": [
          36.777664,
          -1.2951481
        ]
      },
      "id": "way/808336804"
    },
    {
      "type": "Feature",
      "properties": {
        "@id": "way/817204642",
        "amenity": "place_of_worship",
        "building": "yes",
        "name": "International Christian Center",
        "religion": "christian",
        "@geometry": "center"
      },
      "geometry": {
        "type": "Point",
        "coordinates": [
          36.6856738,
          -1.4313178
        ]
      },
      "id": "way/817204642"
    },
    {
      "type": "Feature",
      "properties": {
        "@id": "way/817210821",
        "amenity": "place_of_worship",
        "building": "yes",
        "name": "Dominion Chapel",
        "religion": "christian",
        "@geometry": "center"
      },
      "geometry": {
        "type": "Point",
        "coordinates": [
          36.6849076,
          -1.4308447
        ]
      },
      "id": "way/817210821"
    },
    {
      "type": "Feature",
      "properties": {
        "@id": "way/819182948",
        "amenity": "place_of_worship",
        "building": "yes",
        "check_date": "2023-05-02",
        "denomination": "multiple",
        "name": "Soweto West LLC Church",
        "opening_hours": "08:00-17:00",
        "religion": "christian",
        "@geometry": "center"
      },
      "geometry": {
        "type": "Point",
        "coordinates": [
          36.7760166,
          -1.3138062
        ]
      },
      "id": "way/819182948"
    },
    {
      "type": "Feature",
      "properties": {
        "@id": "way/846854161",
        "amenity": "place_of_worship",
        "building": "yes",
        "name": "ACK Diocese of Kajiado St. Mark's Parish Olooltepes",
        "religion": "christian",
        "@geometry": "center"
      },
      "geometry": {
        "type": "Point",
        "coordinates": [
          36.7376235,
          -1.4681442
        ]
      },
      "id": "way/846854161"
    },
    {
      "type": "Feature",
      "properties": {
        "@id": "way/846854162",
        "amenity": "place_of_worship",
        "building": "yes",
        "religion": "christian",
        "@geometry": "center"
      },
      "geometry": {
        "type": "Point",
        "coordinates": [
          36.7381642,
          -1.4684119
        ]
      },
      "id": "way/846854162"
    },
    {
      "type": "Feature",
      "properties": {
        "@id": "way/856763547",
        "amenity": "community_centre",
        "building": "yes",
        "name": "Grace Community Centre",
        "@geometry": "center"
      },
      "geometry": {
        "type": "Point",
        "coordinates": [
          36.9332892,
          -1.189129
        ]
      },
      "id": "way/856763547"
    },
    {
      "type": "Feature",
      "properties": {
        "@id": "way/860344833",
        "addr:city": "Nairobi",
        "addr:street": "State House CRE",
        "amenity": "place_of_worship",
        "building": "yes",
        "name": "AIC Milimani",
        "religion": "christian",
        "website": "https://aicmilimani.org/",
        "@geometry": "center"
      },
      "geometry": {
        "type": "Point",
        "coordinates": [
          36.810414,
          -1.2871555
        ]
      },
      "id": "way/860344833"
    },
    {
      "type": "Feature",
      "properties": {
        "@id": "way/877878255",
        "amenity": "place_of_worship",
        "building": "yes",
        "@geometry": "center"
      },
      "geometry": {
        "type": "Point",
        "coordinates": [
          36.7489106,
          -1.2873447
        ]
      },
      "id": "way/877878255"
    },
    {
      "type": "Feature",
      "properties": {
        "@id": "way/878821407",
        "amenity": "place_of_worship",
        "building": "yes",
        "religion": "christian",
        "@geometry": "center"
      },
      "geometry": {
        "type": "Point",
        "coordinates": [
          36.9100294,
          -1.3091164
        ]
      },
      "id": "way/878821407"
    },
    {
      "type": "Feature",
      "properties": {
        "@id": "way/878821421",
        "amenity": "place_of_worship",
        "building": "yes",
        "religion": "christian",
        "@geometry": "center"
      },
      "geometry": {
        "type": "Point",
        "coordinates": [
          36.9116409,
          -1.3090871
        ]
      },
      "id": "way/878821421"
    },
    {
      "type": "Feature",
      "properties": {
        "@id": "way/878821422",
        "amenity": "place_of_worship",
        "building": "yes",
        "religion": "christian",
        "@geometry": "center"
      },
      "geometry": {
        "type": "Point",
        "coordinates": [
          36.9115356,
          -1.3093376
        ]
      },
      "id": "way/878821422"
    },
    {
      "type": "Feature",
      "properties": {
        "@id": "way/878824967",
        "amenity": "place_of_worship",
        "building": "yes",
        "religion": "christian",
        "@geometry": "center"
      },
      "geometry": {
        "type": "Point",
        "coordinates": [
          36.9119845,
          -1.3075029
        ]
      },
      "id": "way/878824967"
    },
    {
      "type": "Feature",
      "properties": {
        "@id": "way/878824968",
        "amenity": "place_of_worship",
        "building": "yes",
        "religion": "christian",
        "@geometry": "center"
      },
      "geometry": {
        "type": "Point",
        "coordinates": [
          36.9117644,
          -1.3076031
        ]
      },
      "id": "way/878824968"
    },
    {
      "type": "Feature",
      "properties": {
        "@id": "way/878825306",
        "amenity": "place_of_worship",
        "building": "yes",
        "religion": "muslim",
        "@geometry": "center"
      },
      "geometry": {
        "type": "Point",
        "coordinates": [
          36.9027603,
          -1.3058618
        ]
      },
      "id": "way/878825306"
    },
    {
      "type": "Feature",
      "properties": {
        "@id": "node/878845912",
        "amenity": "place_of_worship",
        "denomination": "pentecostal",
        "name": "pefa church imara daima",
        "religion": "christian"
      },
      "geometry": {
        "type": "Point",
        "coordinates": [
          36.8859177,
          -1.3219732
        ]
      },
      "id": "node/878845912"
    },
    {
      "type": "Feature",
      "properties": {
        "@id": "node/878846152",
        "amenity": "place_of_worship",
        "denomination": "evangelical",
        "name": "maji mazuri gospel church",
        "religion": "christian"
      },
      "geometry": {
        "type": "Point",
        "coordinates": [
          36.8844571,
          -1.319684
        ]
      },
      "id": "node/878846152"
    },
    {
      "type": "Feature",
      "properties": {
        "@id": "node/878847023",
        "amenity": "place_of_worship",
        "denomination": "catholic",
        "name": "Mukuru Catholic Church",
        "opening_hours": "Tu-Su 08:00-15:00; Sa 08:00-12:00",
        "religion": "christian"
      },
      "geometry": {
        "type": "Point",
        "coordinates": [
          36.8811835,
          -1.3145944
        ]
      },
      "id": "node/878847023"
    },
    {
      "type": "Feature",
      "properties": {
        "@id": "node/878847289",
        "amenity": "place_of_worship",
        "name": "Truth and freedom ministries",
        "religion": "christian"
      },
      "geometry": {
        "type": "Point",
        "coordinates": [
          36.884824,
          -1.3144245
        ]
      },
      "id": "node/878847289"
    },
    {
      "type": "Feature",
      "properties": {
        "@id": "node/878847366",
        "amenity": "place_of_worship",
        "name": "african inland church bethany",
        "religion": "christian"
      },
      "geometry": {
        "type": "Point",
        "coordinates": [
          36.8865994,
          -1.316536
        ]
      },
      "id": "node/878847366"
    },
    {
      "type": "Feature",
      "properties": {
        "@id": "node/878847418",
        "amenity": "place_of_worship",
        "name": "BLESSED MOUNTAIN CENTER",
        "religion": "christian"
      },
      "geometry": {
        "type": "Point",
        "coordinates": [
          36.886826,
          -1.317951
        ]
      },
      "id": "node/878847418"
    },
    {
      "type": "Feature",
      "properties": {
        "@id": "way/879506257",
        "amenity": "place_of_worship",
        "building": "yes",
        "name": "Masjid Bukhari",
        "religion": "muslim",
        "@geometry": "center"
      },
      "geometry": {
        "type": "Point",
        "coordinates": [
          36.8220307,
          -1.324249
        ]
      },
      "id": "way/879506257"
    },
    {
      "type": "Feature",
      "properties": {
        "@id": "way/882450146",
        "amenity": "place_of_worship",
        "building": "yes",
        "name": "Masjid Noor South C",
        "religion": "muslim",
        "@geometry": "center"
      },
      "geometry": {
        "type": "Point",
        "coordinates": [
          36.8240045,
          -1.3121369
        ]
      },
      "id": "way/882450146"
    },
    {
      "type": "Feature",
      "properties": {
        "@id": "way/883151013",
        "amenity": "place_of_worship",
        "building": "yes",
        "denomination": "methodist",
        "name": "St. Peter's Methodist Church",
        "religion": "christian",
        "@geometry": "center"
      },
      "geometry": {
        "type": "Point",
        "coordinates": [
          36.7855248,
          -1.3273123
        ]
      },
      "id": "way/883151013"
    },
    {
      "type": "Feature",
      "properties": {
        "@id": "way/883216932",
        "amenity": "place_of_worship",
        "building": "church",
        "denomination": "mormon",
        "name": "The Church of Jesus Christ of Latter-day Saints",
        "religion": "christian",
        "@geometry": "center"
      },
      "geometry": {
        "type": "Point",
        "coordinates": [
          36.8916186,
          -1.2132981
        ]
      },
      "id": "way/883216932"
    },
    {
      "type": "Feature",
      "properties": {
        "@id": "way/883762924",
        "amenity": "place_of_worship",
        "building": "yes",
        "name": "Tassia Central SDA",
        "religion": "christian",
        "@geometry": "center"
      },
      "geometry": {
        "type": "Point",
        "coordinates": [
          36.9059727,
          -1.3016568
        ]
      },
      "id": "way/883762924"
    },
    {
      "type": "Feature",
      "properties": {
        "@id": "way/892605022",
        "amenity": "place_of_worship",
        "building": "yes",
        "name": "NGONG MOSQUE",
        "religion": "muslim",
        "@geometry": "center"
      },
      "geometry": {
        "type": "Point",
        "coordinates": [
          36.656857,
          -1.3633346
        ]
      },
      "id": "way/892605022"
    },
    {
      "type": "Feature",
      "properties": {
        "@id": "node/910460182",
        "addr:city": "Nairobi",
        "addr:street": "Ngong Road",
        "amenity": "place_of_worship",
        "name": "Adams's Arcade Mosque",
        "religion": "muslim"
      },
      "geometry": {
        "type": "Point",
        "coordinates": [
          36.7810874,
          -1.3003041
        ]
      },
      "id": "node/910460182"
    },
    {
      "type": "Feature",
      "properties": {
        "@id": "node/914492918",
        "addr:city": "Nairobi",
        "addr:street": "Mombasa Road",
        "amenity": "place_of_worship",
        "denomination": "protestant",
        "name": "International Christian Church Center",
        "opening_hours": "07:30-18:30",
        "religion": "christian"
      },
      "geometry": {
        "type": "Point",
        "coordinates": [
          36.8766822,
          -1.3262788
        ]
      },
      "id": "node/914492918"
    },
    {
      "type": "Feature",
      "properties": {
        "@id": "node/914492928",
        "amenity": "place_of_worship",
        "denomination": "protestant",
        "name": "St. John Everlasting Gospel Church",
        "opening_hours": "07:30-18:30",
        "religion": "christian"
      },
      "geometry": {
        "type": "Point",
        "coordinates": [
          36.8817235,
          -1.3246154
        ]
      },
      "id": "node/914492928"
    },
    {
      "type": "Feature",
      "properties": {
        "@id": "node/914492929",
        "amenity": "place_of_worship",
        "denomination": "protestant",
        "name": "Cathedral of Praise Ministries and King Solomon Education Center",
        "opening_hours": "07:30-18:30",
        "religion": "christian"
      },
      "geometry": {
        "type": "Point",
        "coordinates": [
          36.8836633,
          -1.3238552
        ]
      },
      "id": "node/914492929"
    },
    {
      "type": "Feature",
      "properties": {
        "@id": "node/914492946",
        "amenity": "place_of_worship",
        "name": "Reuben Center",
        "religion": "christian"
      },
      "geometry": {
        "type": "Point",
        "coordinates": [
          36.8692168,
          -1.3159156
        ]
      },
      "id": "node/914492946"
    },
    {
      "type": "Feature",
      "properties": {
        "@id": "node/914492959",
        "amenity": "place_of_worship",
        "name": "Agape Fellowship Church",
        "religion": "christian"
      },
      "geometry": {
        "type": "Point",
        "coordinates": [
          36.8744062,
          -1.318334
        ]
      },
      "id": "node/914492959"
    },
    {
      "type": "Feature",
      "properties": {
        "@id": "way/926439427",
        "amenity": "place_of_worship",
        "building": "yes",
        "denomination": "sunni",
        "name": "Memon Mosque",
        "religion": "muslim",
        "@geometry": "center"
      },
      "geometry": {
        "type": "Point",
        "coordinates": [
          36.8243745,
          -1.3235272
        ]
      },
      "id": "way/926439427"
    },
    {
      "type": "Feature",
      "properties": {
        "@id": "node/949597298",
        "amenity": "place_of_worship",
        "denomination": "protestant",
        "name": "Aic Lunga Lunga Church",
        "note": "Moved 300 meters south from source",
        "religion": "christian",
        "source_ref": "Mukuru on the move",
        "type": "CHURCH"
      },
      "geometry": {
        "type": "Point",
        "coordinates": [
          36.8707431,
          -1.3115847
        ]
      },
      "id": "node/949597298"
    },
    {
      "type": "Feature",
      "properties": {
        "@id": "node/949597304",
        "amenity": "place_of_worship",
        "denomination": "catholic",
        "name": "St. Bakhita Catholic Church",
        "note": "Moved 300 meters south from source",
        "religion": "christian",
        "source_ref": "Mukuru on the move",
        "type": "CHURCH"
      },
      "geometry": {
        "type": "Point",
        "coordinates": [
          36.8887475,
          -1.3253236
        ]
      },
      "id": "node/949597304"
    },
    {
      "type": "Feature",
      "properties": {
        "@id": "node/949597305",
        "amenity": "place_of_worship",
        "denomination": "protestant",
        "name": "Church On The Rock",
        "note": "Moved 300 meters south from source",
        "religion": "christian",
        "source_ref": "Mukuru on the move",
        "type": "CHURCH"
      },
      "geometry": {
        "type": "Point",
        "coordinates": [
          36.8732699,
          -1.3149342
        ]
      },
      "id": "node/949597305"
    },
    {
      "type": "Feature",
      "properties": {
        "@id": "node/949597324",
        "amenity": "community_centre",
        "name": "Haki Na Amani Group",
        "note": "Moved 300 meters south from source",
        "source_ref": "Mukuru on the move",
        "type": "CBO"
      },
      "geometry": {
        "type": "Point",
        "coordinates": [
          36.8816989,
          -1.314243
        ]
      },
      "id": "node/949597324"
    },
    {
      "type": "Feature",
      "properties": {
        "@id": "node/949597339",
        "amenity": "place_of_worship",
        "denomination": "protestant",
        "name": "Faith Healing Center",
        "note": "Moved 300 meters south from source",
        "religion": "christian",
        "source_ref": "Mukuru on the move",
        "type": "CHURCH"
      },
      "geometry": {
        "type": "Point",
        "coordinates": [
          36.8664095,
          -1.3165934
        ]
      },
      "id": "node/949597339"
    },
    {
      "type": "Feature",
      "properties": {
        "@id": "node/949597342",
        "amenity": "place_of_worship",
        "denomination": "protestant",
        "name": "Apostolic Faith Church",
        "note": "Moved 300 meters south from source",
        "religion": "christian",
        "source_ref": "Mukuru on the move",
        "type": "CHURCH"
      },
      "geometry": {
        "type": "Point",
        "coordinates": [
          36.8693085,
          -1.3139264
        ]
      },
      "id": "node/949597342"
    },
    {
      "type": "Feature",
      "properties": {
        "@id": "node/949597347",
        "amenity": "community_centre",
        "name": "Mukuru Community Centre",
        "note": "Moved 300 meters south from source",
        "source_ref": "Mukuru on the move"
      },
      "geometry": {
        "type": "Point",
        "coordinates": [
          36.8895351,
          -1.3257824
        ]
      },
      "id": "node/949597347"
    },
    {
      "type": "Feature",
      "properties": {
        "@id": "node/949597348",
        "amenity": "place_of_worship",
        "denomination": "protestant",
        "name": "Jesus Sanctuary",
        "note": "Moved 300 meters south from source",
        "religion": "christian",
        "source_ref": "Mukuru on the move",
        "type": "CHURCH"
      },
      "geometry": {
        "type": "Point",
        "coordinates": [
          36.8689665,
          -1.3156124
        ]
      },
      "id": "node/949597348"
    },
    {
      "type": "Feature",
      "properties": {
        "@id": "node/949597349",
        "amenity": "place_of_worship",
        "denomination": "pentecostal",
        "name": "Rabii Church Of The Holy Spirit",
        "note": "Moved 300 meters south from source",
        "religion": "christian",
        "source_ref": "Mukuru on the move",
        "type": "CHURCH"
      },
      "geometry": {
        "type": "Point",
        "coordinates": [
          36.8857614,
          -1.3130891
        ]
      },
      "id": "node/949597349"
    },
    {
      "type": "Feature",
      "properties": {
        "@id": "node/949597357",
        "amenity": "place_of_worship",
        "denomination": "protestant",
        "name": "Jehova Witness Church",
        "note": "Moved 300 meters south from source",
        "religion": "christian",
        "source_ref": "Mukuru on the move"
      },
      "geometry": {
        "type": "Point",
        "coordinates": [
          36.8679145,
          -1.3137404
        ]
      },
      "id": "node/949597357"
    },
    {
      "type": "Feature",
      "properties": {
        "@id": "node/949597360",
        "amenity": "place_of_worship",
        "name": "Al-Huda Mosque kwa Njenga",
        "note": "Moved 300 meters south from source",
        "religion": "muslim",
        "source_ref": "Mukuru on the move"
      },
      "geometry": {
        "type": "Point",
        "coordinates": [
          36.8828066,
          -1.3148055
        ]
      },
      "id": "node/949597360"
    },
    {
      "type": "Feature",
      "properties": {
        "@id": "node/949597362",
        "amenity": "community_centre",
        "name": "Inuka Women Group",
        "note": "Moved 300 meters south from source",
        "source_ref": "Mukuru on the move",
        "type": "CBO"
      },
      "geometry": {
        "type": "Point",
        "coordinates": [
          36.8797575,
          -1.3176514
        ]
      },
      "id": "node/949597362"
    },
    {
      "type": "Feature",
      "properties": {
        "@id": "node/949597364",
        "amenity": "community_centre",
        "name": "Imara Organization",
        "note": "Moved 300 meters south from source",
        "source_ref": "Mukuru on the move",
        "type": "CBO"
      },
      "geometry": {
        "type": "Point",
        "coordinates": [
          36.8826774,
          -1.3136024
        ]
      },
      "id": "node/949597364"
    },
    {
      "type": "Feature",
      "properties": {
        "@id": "node/949597370",
        "amenity": "place_of_worship",
        "denomination": "evangelical",
        "name": "Light Evangelical Church",
        "note": "Moved 300 meters south from source",
        "religion": "christian",
        "source_ref": "Mukuru on the move",
        "type": "CHURCH"
      },
      "geometry": {
        "type": "Point",
        "coordinates": [
          36.8712635,
          -1.313269
        ]
      },
      "id": "node/949597370"
    },
    {
      "type": "Feature",
      "properties": {
        "@id": "node/949597372",
        "amenity": "community_centre",
        "name": "Kwanje Cbo",
        "note": "Moved 300 meters south from source",
        "source_ref": "Mukuru on the move",
        "type": "CBO"
      },
      "geometry": {
        "type": "Point",
        "coordinates": [
          36.8844092,
          -1.3145098
        ]
      },
      "id": "node/949597372"
    },
    {
      "type": "Feature",
      "properties": {
        "@id": "node/949597381",
        "amenity": "community_centre",
        "name": "Mukuru/Muiguithania Women Group",
        "note": "Moved 300 meters south from source",
        "source_ref": "Mukuru on the move",
        "type": "WOMEN GROUP"
      },
      "geometry": {
        "type": "Point",
        "coordinates": [
          36.8823185,
          -1.3122794
        ]
      },
      "id": "node/949597381"
    },
    {
      "type": "Feature",
      "properties": {
        "@id": "node/949597394",
        "amenity": "community_centre",
        "name": "Mukuru Njenga Football Club",
        "note": "Moved 300 meters south from source",
        "source_ref": "Mukuru on the move",
        "type": "FOOTBALL CLUB"
      },
      "geometry": {
        "type": "Point",
        "coordinates": [
          36.8813433,
          -1.3142153
        ]
      },
      "id": "node/949597394"
    },
    {
      "type": "Feature",
      "properties": {
        "@id": "node/949597396",
        "amenity": "community_centre",
        "name": "Community Integrated Development International",
        "note": "Moved 300 meters south from source",
        "source_ref": "Mukuru on the move",
        "type": "CBO"
      },
      "geometry": {
        "type": "Point",
        "coordinates": [
          36.889956,
          -1.3154911
        ]
      },
      "id": "node/949597396"
    },
    {
      "type": "Feature",
      "properties": {
        "@id": "node/949597402",
        "amenity": "place_of_worship",
        "denomination": "pentecostal",
        "name": "Goshen Pentecostal Church",
        "note": "Moved 300 meters south from source",
        "religion": "christian",
        "source_ref": "Mukuru on the move",
        "type": "CHURCH"
      },
      "geometry": {
        "type": "Point",
        "coordinates": [
          36.8650784,
          -1.3155504
        ]
      },
      "id": "node/949597402"
    },
    {
      "type": "Feature",
      "properties": {
        "@id": "node/949597405",
        "amenity": "community_centre",
        "name": "Matopeni Ladies' Group (Water Project)",
        "note": "Moved 300 meters south from source",
        "source_ref": "Mukuru on the move",
        "type": "SELF-HELP GROUP"
      },
      "geometry": {
        "type": "Point",
        "coordinates": [
          36.8832955,
          -1.3117924
        ]
      },
      "id": "node/949597405"
    },
    {
      "type": "Feature",
      "properties": {
        "@id": "node/949597410",
        "amenity": "place_of_worship",
        "denomination": "protestant",
        "name": "Viwandani Fellowship Cemter",
        "note": "Moved 300 meters south from source",
        "religion": "christian",
        "source_ref": "Mukuru on the move",
        "type": "CHURCH"
      },
      "geometry": {
        "type": "Point",
        "coordinates": [
          36.870167,
          -1.3133789
        ]
      },
      "id": "node/949597410"
    },
    {
      "type": "Feature",
      "properties": {
        "@id": "node/949597420",
        "amenity": "community_centre",
        "name": "Mukuru Community Development Programme",
        "note": "Moved 300 meters south from source",
        "source_ref": "Mukuru on the move",
        "type": "CBO"
      },
      "geometry": {
        "type": "Point",
        "coordinates": [
          36.8887188,
          -1.3253553
        ]
      },
      "id": "node/949597420"
    },
    {
      "type": "Feature",
      "properties": {
        "@id": "node/949597429",
        "amenity": "community_centre",
        "name": "Donholm Self Women Group",
        "note": "Moved 300 meters south from source",
        "source_ref": "Mukuru on the move"
      },
      "geometry": {
        "type": "Point",
        "coordinates": [
          36.8692765,
          -1.3109814
        ]
      },
      "id": "node/949597429"
    },
    {
      "type": "Feature",
      "properties": {
        "@id": "node/949597452",
        "amenity": "community_centre",
        "name": "Mukwano Disabled Group",
        "note": "Moved 300 meters south from source",
        "source_ref": "Mukuru on the move",
        "type": "CBO"
      },
      "geometry": {
        "type": "Point",
        "coordinates": [
          36.8818071,
          -1.3140777
        ]
      },
      "id": "node/949597452"
    },
    {
      "type": "Feature",
      "properties": {
        "@id": "node/949597453",
        "building": "public",
        "name": "Focus Africa",
        "note": "Moved 300 meters south from source",
        "office": "ngo",
        "source_ref": "Mukuru on the move",
        "type": "NGO"
      },
      "geometry": {
        "type": "Point",
        "coordinates": [
          36.8895523,
          -1.3257442
        ]
      },
      "id": "node/949597453"
    },
    {
      "type": "Feature",
      "properties": {
        "@id": "node/949597462",
        "amenity": "community_centre",
        "name": "Mukuru Vumilia Self-Help Group",
        "note": "Moved 300 meters south from source",
        "source_ref": "Mukuru on the move",
        "type": "CBO"
      },
      "geometry": {
        "type": "Point",
        "coordinates": [
          36.8857596,
          -1.3130862
        ]
      },
      "id": "node/949597462"
    },
    {
      "type": "Feature",
      "properties": {
        "@id": "node/949597463",
        "amenity": "community_centre",
        "name": "Viwandani Community Development Association (Vicda)",
        "note": "Moved 300 meters south from source",
        "source_ref": "Mukuru on the move",
        "type": "CBO"
      },
      "geometry": {
        "type": "Point",
        "coordinates": [
          36.8745559,
          -1.3105792
        ]
      },
      "id": "node/949597463"
    },
    {
      "type": "Feature",
      "properties": {
        "@id": "node/949597477",
        "amenity": "place_of_worship",
        "denomination": "protestant",
        "name": "Reuben Baptist Church",
        "note": "Moved 300 meters south from source",
        "religion": "christian",
        "source_ref": "Mukuru on the move",
        "type": "CHURCH"
      },
      "geometry": {
        "type": "Point",
        "coordinates": [
          36.8662165,
          -1.3160084
        ]
      },
      "id": "node/949597477"
    },
    {
      "type": "Feature",
      "properties": {
        "@id": "node/949597500",
        "amenity": "community_centre",
        "name": "Myon Youth Group",
        "source_ref": "Mukuru on the move"
      },
      "geometry": {
        "type": "Point",
        "coordinates": [
          36.8717599,
          -1.3148048
        ]
      },
      "id": "node/949597500"
    },
    {
      "type": "Feature",
      "properties": {
        "@id": "node/949597513",
        "amenity": "place_of_worship",
        "denomination": "protestant",
        "name": "Tumaini Church",
        "note": "Moved 300 meters south from source",
        "religion": "christian",
        "source_ref": "Mukuru on the move",
        "type": "CHURCH"
      },
      "geometry": {
        "type": "Point",
        "coordinates": [
          36.885792,
          -1.314423
        ]
      },
      "id": "node/949597513"
    },
    {
      "type": "Feature",
      "properties": {
        "@id": "node/949597522",
        "amenity": "community_centre",
        "name": "Rebirth Foundation",
        "note": "Moved 300 meters south from source",
        "source_ref": "Mukuru on the move",
        "type": "FBO"
      },
      "geometry": {
        "type": "Point",
        "coordinates": [
          36.8857925,
          -1.3144004
        ]
      },
      "id": "node/949597522"
    },
    {
      "type": "Feature",
      "properties": {
        "@id": "node/949597529",
        "amenity": "place_of_worship",
        "name": "Taqwa Mosque",
        "note": "Moved 300 meters south from source",
        "religion": "muslim",
        "source_ref": "Mukuru on the move"
      },
      "geometry": {
        "type": "Point",
        "coordinates": [
          36.8865865,
          -1.3209084
        ]
      },
      "id": "node/949597529"
    },
    {
      "type": "Feature",
      "properties": {
        "@id": "node/949597535",
        "amenity": "community_centre",
        "name": "St. Patricks Community Housing",
        "note": "Moved 300 meters south from source",
        "source_ref": "Mukuru on the move",
        "type": "CBO"
      },
      "geometry": {
        "type": "Point",
        "coordinates": [
          36.8796875,
          -1.3168204
        ]
      },
      "id": "node/949597535"
    },
    {
      "type": "Feature",
      "properties": {
        "@id": "node/949597547",
        "amenity": "community_centre",
        "name": "Inuana Uinuke/Uinuliwe Youth Group",
        "note": "Moved 300 meters south from source",
        "source_ref": "Mukuru on the move",
        "type": "YOUTH GROUP"
      },
      "geometry": {
        "type": "Point",
        "coordinates": [
          36.8818245,
          -1.3141129
        ]
      },
      "id": "node/949597547"
    },
    {
      "type": "Feature",
      "properties": {
        "@id": "node/949597551",
        "amenity": "community_centre",
        "name": "Camp Mulwa Support Group",
        "note": "Moved 300 meters south from source",
        "source_ref": "Mukuru on the move",
        "type": "YOUTH GROUP"
      },
      "geometry": {
        "type": "Point",
        "coordinates": [
          36.8712305,
          -1.3141612
        ]
      },
      "id": "node/949597551"
    },
    {
      "type": "Feature",
      "properties": {
        "@id": "node/949597555",
        "building": "public",
        "name": "Hope Worldwide",
        "note": "Moved 300 meters south from source",
        "office": "ngo",
        "source_ref": "Mukuru on the move",
        "type": "NGO",
        "wikidata": "Q30261834"
      },
      "geometry": {
        "type": "Point",
        "coordinates": [
          36.8713697,
          -1.3141854
        ]
      },
      "id": "node/949597555"
    },
    {
      "type": "Feature",
      "properties": {
        "@id": "node/949597567",
        "amenity": "community_centre",
        "name": "Sisal Settlement Scheme",
        "note": "Moved 300 meters south from source",
        "source_ref": "Mukuru on the move",
        "type": "SAVINGS & LOAN"
      },
      "geometry": {
        "type": "Point",
        "coordinates": [
          36.8826941,
          -1.3135799
        ]
      },
      "id": "node/949597567"
    },
    {
      "type": "Feature",
      "properties": {
        "@id": "node/949597573",
        "amenity": "community_centre",
        "name": "Maangaiko Women Group",
        "note": "Moved 300 meters south from source",
        "source_ref": "Mukuru on the move",
        "type": "WOMEN GROUP"
      },
      "geometry": {
        "type": "Point",
        "coordinates": [
          36.8809775,
          -1.3124594
        ]
      },
      "id": "node/949597573"
    },
    {
      "type": "Feature",
      "properties": {
        "@id": "node/949597587",
        "amenity": "community_centre",
        "name": "Kwa Njeru Self-Help Group",
        "note": "Moved 300 meters south from source",
        "source_ref": "Mukuru on the move",
        "type": "SELF-HELP GROUP"
      },
      "geometry": {
        "type": "Point",
        "coordinates": [
          36.8793395,
          -1.3170094
        ]
      },
      "id": "node/949597587"
    },
    {
      "type": "Feature",
      "properties": {
        "@id": "node/949597589",
        "amenity": "community_centre",
        "name": "Top In Mukuru",
        "note": "Moved 300 meters south from source",
        "source_ref": "Mukuru on the move",
        "type": "YOUTH GROUP"
      },
      "geometry": {
        "type": "Point",
        "coordinates": [
          36.88535,
          -1.3212779
        ]
      },
      "id": "node/949597589"
    },
    {
      "type": "Feature",
      "properties": {
        "@id": "node/949597605",
        "amenity": "community_centre",
        "name": "Rueben Mentor (Meda)",
        "note": "Moved 300 meters south from source",
        "source_ref": "Mukuru on the move",
        "type": "CBO"
      },
      "geometry": {
        "type": "Point",
        "coordinates": [
          36.8712306,
          -1.3141623
        ]
      },
      "id": "node/949597605"
    },
    {
      "type": "Feature",
      "properties": {
        "@id": "node/949597625",
        "amenity": "community_centre",
        "name": "Monsoon Youth Group",
        "note": "Moved 300 meters south from source",
        "source_ref": "Mukuru on the move",
        "type": "YOUTH GROUP"
      },
      "geometry": {
        "type": "Point",
        "coordinates": [
          36.8851605,
          -1.3182104
        ]
      },
      "id": "node/949597625"
    },
    {
      "type": "Feature",
      "properties": {
        "@id": "node/949597639",
        "amenity": "place_of_worship",
        "denomination": "pentecostal",
        "name": "P.A.G Church",
        "note": "Moved 300 meters south from source",
        "religion": "christian",
        "source_ref": "Mukuru on the move",
        "type": "CHURCH"
      },
      "geometry": {
        "type": "Point",
        "coordinates": [
          36.8744544,
          -1.3113209
        ]
      },
      "id": "node/949597639"
    },
    {
      "type": "Feature",
      "properties": {
        "@id": "node/949597640",
        "amenity": "place_of_worship",
        "denomination": "catholic",
        "name": "St. Jude'S Catholic Church",
        "note": "Moved 300 meters south from source",
        "religion": "christian",
        "source_ref": "Mukuru on the move",
        "type": "CHURCH"
      },
      "geometry": {
        "type": "Point",
        "coordinates": [
          36.8700979,
          -1.3143187
        ]
      },
      "id": "node/949597640"
    },
    {
      "type": "Feature",
      "properties": {
        "@id": "node/949597661",
        "amenity": "community_centre",
        "name": "Vumilia Self Help Group",
        "note": "Moved 300 meters south from source",
        "source_ref": "Mukuru on the move",
        "type": "CBO"
      },
      "geometry": {
        "type": "Point",
        "coordinates": [
          36.8851768,
          -1.3147642
        ]
      },
      "id": "node/949597661"
    },
    {
      "type": "Feature",
      "properties": {
        "@id": "node/949597682",
        "amenity": "community_centre",
        "name": "Vicda (Viwandani Community Development Association)",
        "note": "Moved 300 meters south from source",
        "source_ref": "Mukuru on the move",
        "type": "CBO"
      },
      "geometry": {
        "type": "Point",
        "coordinates": [
          36.8823795,
          -1.3072364
        ]
      },
      "id": "node/949597682"
    },
    {
      "type": "Feature",
      "properties": {
        "@id": "node/949597683",
        "amenity": "place_of_worship",
        "denomination": "protestant;pentecostal",
        "description": "Christian Fellowship Church\nKwa Reuben",
        "name": "The Door",
        "religion": "christian",
        "source_ref": "Mukuru on the move"
      },
      "geometry": {
        "type": "Point",
        "coordinates": [
          36.8699817,
          -1.313954
        ]
      },
      "id": "node/949597683"
    },
    {
      "type": "Feature",
      "properties": {
        "@id": "node/949597691",
        "amenity": "community_centre",
        "name": "Ukweli Wa Upendo Women Group Water Project",
        "note": "Moved 300 meters south from source",
        "source_ref": "Mukuru on the move",
        "type": "WOMEN GROUP"
      },
      "geometry": {
        "type": "Point",
        "coordinates": [
          36.8825085,
          -1.3144684
        ]
      },
      "id": "node/949597691"
    },
    {
      "type": "Feature",
      "properties": {
        "@id": "node/949597701",
        "amenity": "place_of_worship",
        "denomination": "protestant",
        "name": "Aipcea Church",
        "religion": "christian",
        "source_ref": "Mukuru on the move"
      },
      "geometry": {
        "type": "Point",
        "coordinates": [
          36.8727878,
          -1.3142438
        ]
      },
      "id": "node/949597701"
    },
    {
      "type": "Feature",
      "properties": {
        "@id": "node/949597718",
        "amenity": "place_of_worship",
        "denomination": "protestant",
        "name": "Deliverance Church",
        "note": "Moved 300 meters south from source",
        "religion": "christian",
        "source_ref": "Mukuru on the move",
        "type": "CHURCH"
      },
      "geometry": {
        "type": "Point",
        "coordinates": [
          36.8744875,
          -1.3169274
        ]
      },
      "id": "node/949597718"
    },
    {
      "type": "Feature",
      "properties": {
        "@id": "node/949597721",
        "amenity": "place_of_worship",
        "denomination": "protestant",
        "name": "Pcea Church",
        "note": "Moved 300 meters south from source",
        "religion": "christian",
        "source_ref": "Mukuru on the move",
        "type": "CHURCH"
      },
      "geometry": {
        "type": "Point",
        "coordinates": [
          36.8729553,
          -1.3109088
        ]
      },
      "id": "node/949597721"
    },
    {
      "type": "Feature",
      "properties": {
        "@id": "node/949597724",
        "amenity": "community_centre",
        "name": "Sisal Women Group",
        "note": "Moved 300 meters south from source",
        "source_ref": "Mukuru on the move",
        "type": "WOMEN GROUP"
      },
      "geometry": {
        "type": "Point",
        "coordinates": [
          36.8827005,
          -1.3136276
        ]
      },
      "id": "node/949597724"
    },
    {
      "type": "Feature",
      "properties": {
        "@id": "node/949597773",
        "amenity": "community_centre",
        "name": "Mukuru Schools Association",
        "note": "Moved 300 meters south from source",
        "source_ref": "Mukuru on the move"
      },
      "geometry": {
        "type": "Point",
        "coordinates": [
          36.8712314,
          -1.3141604
        ]
      },
      "id": "node/949597773"
    },
    {
      "type": "Feature",
      "properties": {
        "@id": "node/949597788",
        "amenity": "place_of_worship",
        "denomination": "protestant",
        "name": "Kwa Rueben S.D.A. Church",
        "note": "Moved 300 meters south from source",
        "religion": "christian",
        "source_ref": "Mukuru on the move",
        "type": "CHURCH"
      },
      "geometry": {
        "type": "Point",
        "coordinates": [
          36.8719167,
          -1.3136137
        ]
      },
      "id": "node/949597788"
    },
    {
      "type": "Feature",
      "properties": {
        "@id": "node/949597841",
        "building": "public",
        "name": "City Council Imara Daima Office",
        "note": "Moved 300 meters south from source",
        "office": "government",
        "source_ref": "Mukuru on the move"
      },
      "geometry": {
        "type": "Point",
        "coordinates": [
          36.8881355,
          -1.3259454
        ]
      },
      "id": "node/949597841"
    },
    {
      "type": "Feature",
      "properties": {
        "@id": "node/949597892",
        "amenity": "community_centre",
        "name": "Umoja Self-Help Group",
        "note": "Moved 300 meters south from source",
        "source_ref": "Mukuru on the move",
        "type": "SELF-HELP GROUP"
      },
      "geometry": {
        "type": "Point",
        "coordinates": [
          36.883337,
          -1.312353
        ]
      },
      "id": "node/949597892"
    },
    {
      "type": "Feature",
      "properties": {
        "@id": "node/949597911",
        "amenity": "community_centre",
        "name": "Amusha Youth Group",
        "note": "Moved 300 meters south from source",
        "source_ref": "Mukuru on the move",
        "type": "YOUTH GROUP"
      },
      "geometry": {
        "type": "Point",
        "coordinates": [
          36.8817935,
          -1.3195844
        ]
      },
      "id": "node/949597911"
    },
    {
      "type": "Feature",
      "properties": {
        "@id": "node/949597930",
        "amenity": "community_centre",
        "name": "K-Rep Group",
        "note": "Moved 300 meters south from source",
        "source_ref": "Mukuru on the move",
        "type": "WOMEN GROUP"
      },
      "geometry": {
        "type": "Point",
        "coordinates": [
          36.8844352,
          -1.3144965
        ]
      },
      "id": "node/949597930"
    },
    {
      "type": "Feature",
      "properties": {
        "@id": "node/949597933",
        "amenity": "community_centre",
        "name": "Peer Education Team And Behaviour Change (Petcha) Youth Group",
        "note": "Moved 300 meters south from source",
        "source_ref": "Mukuru on the move",
        "type": "YOUTH GROUP"
      },
      "geometry": {
        "type": "Point",
        "coordinates": [
          36.8811656,
          -1.3132341
        ]
      },
      "id": "node/949597933"
    },
    {
      "type": "Feature",
      "properties": {
        "@id": "node/949597941",
        "amenity": "community_centre",
        "name": "Mukuru Cbo'S Alliance",
        "note": "Moved 300 meters south from source",
        "source_ref": "Mukuru on the move",
        "type": "CBO"
      },
      "geometry": {
        "type": "Point",
        "coordinates": [
          36.8851876,
          -1.3147532
        ]
      },
      "id": "node/949597941"
    },
    {
      "type": "Feature",
      "properties": {
        "@id": "node/949597943",
        "amenity": "place_of_worship",
        "denomination": "protestant",
        "name": "Agape Kingstone Fellowship Church",
        "note": "Moved 300 meters south from source",
        "religion": "christian",
        "source_ref": "Mukuru on the move"
      },
      "geometry": {
        "type": "Point",
        "coordinates": [
          36.8630833,
          -1.3142021
        ]
      },
      "id": "node/949597943"
    },
    {
      "type": "Feature",
      "properties": {
        "@id": "node/949597963",
        "amenity": "community_centre",
        "name": "Eye Opener Youth Group",
        "note": "Moved 300 meters south from source",
        "source_ref": "Mukuru on the move",
        "type": "YOUTH GROUP"
      },
      "geometry": {
        "type": "Point",
        "coordinates": [
          36.8895173,
          -1.3257709
        ]
      },
      "id": "node/949597963"
    },
    {
      "type": "Feature",
      "properties": {
        "@id": "node/949597975",
        "amenity": "place_of_worship",
        "name": "Lunga Lunga Mosque",
        "note": "Moved 300 meters south from source",
        "religion": "muslim",
        "source_ref": "Mukuru on the move"
      },
      "geometry": {
        "type": "Point",
        "coordinates": [
          36.8707008,
          -1.3111956
        ]
      },
      "id": "node/949597975"
    },
    {
      "type": "Feature",
      "properties": {
        "@id": "node/949597990",
        "amenity": "place_of_worship",
        "denomination": "protestant",
        "name": "Reheboth Christian Gospel Church",
        "note": "Moved 300 meters south from source",
        "religion": "christian",
        "source_ref": "Mukuru on the move",
        "type": "CHURCH"
      },
      "geometry": {
        "type": "Point",
        "coordinates": [
          36.8851455,
          -1.3084624
        ]
      },
      "id": "node/949597990"
    },
    {
      "type": "Feature",
      "properties": {
        "@id": "node/949597996",
        "amenity": "community_centre",
        "name": "Riverside Youth Group",
        "note": "Moved 300 meters south from source",
        "source_ref": "Mukuru on the move",
        "type": "COMMUNITY RESOURCE CENTER"
      },
      "geometry": {
        "type": "Point",
        "coordinates": [
          36.8686045,
          -1.3111304
        ]
      },
      "id": "node/949597996"
    },
    {
      "type": "Feature",
      "properties": {
        "@id": "node/949598000",
        "amenity": "place_of_worship",
        "denomination": "catholic",
        "name": "Mukuru Catholic Church",
        "note": "Moved 300 meters south from source",
        "religion": "christian",
        "source_ref": "Mukuru on the move",
        "type": "CHURCH"
      },
      "geometry": {
        "type": "Point",
        "coordinates": [
          36.8813661,
          -1.3143775
        ]
      },
      "id": "node/949598000"
    },
    {
      "type": "Feature",
      "properties": {
        "@id": "node/949598020",
        "amenity": "place_of_worship",
        "denomination": "pentecostal",
        "name": "Jehova Witness Church",
        "note": "Moved 300 meters south from source",
        "religion": "christian",
        "source_ref": "Mukuru on the move",
        "type": "CHURCH"
      },
      "geometry": {
        "type": "Point",
        "coordinates": [
          36.8702646,
          -1.3131426
        ]
      },
      "id": "node/949598020"
    },
    {
      "type": "Feature",
      "properties": {
        "@id": "node/949598059",
        "amenity": "place_of_worship",
        "denomination": "protestant",
        "name": "Glorious Land Gospel Church",
        "note": "Moved 300 meters south from source",
        "religion": "christian",
        "source_ref": "Mukuru on the move",
        "type": "CHURCH"
      },
      "geometry": {
        "type": "Point",
        "coordinates": [
          36.8874075,
          -1.3188954
        ]
      },
      "id": "node/949598059"
    },
    {
      "type": "Feature",
      "properties": {
        "@id": "node/949598064",
        "amenity": "community_centre",
        "name": "Vineyard Women Group",
        "note": "Moved 300 meters south from source",
        "source_ref": "Mukuru on the move",
        "type": "WOMEN GROUP"
      },
      "geometry": {
        "type": "Point",
        "coordinates": [
          36.8692697,
          -1.3109977
        ]
      },
      "id": "node/949598064"
    },
    {
      "type": "Feature",
      "properties": {
        "@id": "node/949598081",
        "amenity": "community_centre",
        "name": "Mukuru Women Empowerment &Community Health Initiative (Mwechi)",
        "note": "Moved 300 meters south from source",
        "source_ref": "Mukuru on the move",
        "type": "CBO"
      },
      "geometry": {
        "type": "Point",
        "coordinates": [
          36.8821695,
          -1.3145874
        ]
      },
      "id": "node/949598081"
    },
    {
      "type": "Feature",
      "properties": {
        "@id": "node/949598089",
        "amenity": "community_centre",
        "name": "Tuelimike Bado Youth Group",
        "note": "Moved 300 meters south from source",
        "source_ref": "Mukuru on the move",
        "type": "YOUTH GROUP"
      },
      "geometry": {
        "type": "Point",
        "coordinates": [
          36.8847819,
          -1.3147577
        ]
      },
      "id": "node/949598089"
    },
    {
      "type": "Feature",
      "properties": {
        "@id": "node/949598099",
        "amenity": "community_centre",
        "name": "Progressive Environment Concern Group",
        "note": "Moved 300 meters south from source",
        "source_ref": "Mukuru on the move",
        "type": "YOUTH GROUP"
      },
      "geometry": {
        "type": "Point",
        "coordinates": [
          36.8818331,
          -1.3140722
        ]
      },
      "id": "node/949598099"
    },
    {
      "type": "Feature",
      "properties": {
        "@id": "node/949598107",
        "amenity": "place_of_worship",
        "denomination": "catholic",
        "name": "St. Mary'S Parish Catholic Church",
        "note": "Moved 300 meters south from source",
        "religion": "christian",
        "source_ref": "Mukuru on the move",
        "type": "CHURCH"
      },
      "geometry": {
        "type": "Point",
        "coordinates": [
          36.8818283,
          -1.3140928
        ]
      },
      "id": "node/949598107"
    },
    {
      "type": "Feature",
      "properties": {
        "@id": "node/949598114",
        "amenity": "place_of_worship",
        "denomination": "catholic",
        "name": "Medical Missionary Of Mary(Mmm) Church",
        "note": "Moved 300 meters south from source",
        "religion": "christian",
        "source_ref": "Mukuru on the move",
        "type": "CHURCH"
      },
      "geometry": {
        "type": "Point",
        "coordinates": [
          36.8812218,
          -1.3131337
        ]
      },
      "id": "node/949598114"
    },
    {
      "type": "Feature",
      "properties": {
        "@id": "node/949598131",
        "amenity": "community_centre",
        "name": "Matopeni Selfhelp Group",
        "note": "Moved 300 meters south from source",
        "source_ref": "Mukuru on the move",
        "type": "CBO"
      },
      "geometry": {
        "type": "Point",
        "coordinates": [
          36.8833345,
          -1.3117384
        ]
      },
      "id": "node/949598131"
    },
    {
      "type": "Feature",
      "properties": {
        "@id": "node/949598148",
        "amenity": "place_of_worship",
        "denomination": "protestant",
        "name": "Salvation Army Church",
        "note": "Moved 300 meters south from source",
        "religion": "christian",
        "source_ref": "Mukuru on the move",
        "type": "CHURCH"
      },
      "geometry": {
        "type": "Point",
        "coordinates": [
          36.8827064,
          -1.3136006
        ]
      },
      "id": "node/949598148"
    },
    {
      "type": "Feature",
      "properties": {
        "@id": "node/949598156",
        "amenity": "place_of_worship",
        "denomination": "protestant",
        "name": "Calvary Temple",
        "note": "Moved 300 meters south from source",
        "religion": "christian",
        "source_ref": "Mukuru on the move",
        "type": "CHURCH"
      },
      "geometry": {
        "type": "Point",
        "coordinates": [
          36.8889326,
          -1.3242855
        ]
      },
      "id": "node/949598156"
    },
    {
      "type": "Feature",
      "properties": {
        "@id": "node/949598190",
        "amenity": "community_centre",
        "name": "Jeshi Youth Group",
        "note": "Moved 300 meters south from source",
        "source_ref": "Mukuru on the move",
        "type": "YOUTH GROUP"
      },
      "geometry": {
        "type": "Point",
        "coordinates": [
          36.8827596,
          -1.3136029
        ]
      },
      "id": "node/949598190"
    },
    {
      "type": "Feature",
      "properties": {
        "@id": "node/949598202",
        "amenity": "community_centre",
        "name": "Joy Women Group",
        "note": "Moved 300 meters south from source",
        "source_ref": "Mukuru on the move",
        "type": "WOMEN GROUP"
      },
      "geometry": {
        "type": "Point",
        "coordinates": [
          36.8872253,
          -1.3091444
        ]
      },
      "id": "node/949598202"
    },
    {
      "type": "Feature",
      "properties": {
        "@id": "node/949598205",
        "amenity": "community_centre",
        "name": "Milimani Youth Group",
        "note": "Moved 300 meters south from source",
        "source_ref": "Mukuru on the move",
        "type": "YOUTH GROUP"
      },
      "geometry": {
        "type": "Point",
        "coordinates": [
          36.8834203,
          -1.3142362
        ]
      },
      "id": "node/949598205"
    },
    {
      "type": "Feature",
      "properties": {
        "@id": "node/949598220",
        "amenity": "place_of_worship",
        "denomination": "protestant",
        "name": "New Apostolic Church",
        "note": "Moved 300 meters south from source",
        "religion": "christian",
        "source_ref": "Mukuru on the move",
        "type": "CHURCH"
      },
      "geometry": {
        "type": "Point",
        "coordinates": [
          36.8823195,
          -1.3137014
        ]
      },
      "id": "node/949598220"
    },
    {
      "type": "Feature",
      "properties": {
        "@id": "node/949598232",
        "amenity": "community_centre",
        "name": "Cana Childrens Home",
        "note": "Moved 300 meters south from source",
        "source_ref": "Mukuru on the move",
        "type": "FBO"
      },
      "geometry": {
        "type": "Point",
        "coordinates": [
          36.8803785,
          -1.3091594
        ]
      },
      "id": "node/949598232"
    },
    {
      "type": "Feature",
      "properties": {
        "@id": "node/949598247",
        "amenity": "community_centre",
        "name": "Dorcas Ministries Self-Help Group",
        "note": "Moved 300 meters south from source",
        "source_ref": "Mukuru on the move",
        "type": "SELF-HELP GROUP"
      },
      "geometry": {
        "type": "Point",
        "coordinates": [
          36.8843055,
          -1.3143984
        ]
      },
      "id": "node/949598247"
    },
    {
      "type": "Feature",
      "properties": {
        "@id": "node/949598250",
        "amenity": "community_centre",
        "name": "Erevuka",
        "note": "Moved 300 meters south from source",
        "source_ref": "Mukuru on the move",
        "type": "WOMEN GROUP"
      },
      "geometry": {
        "type": "Point",
        "coordinates": [
          36.8844111,
          -1.3144764
        ]
      },
      "id": "node/949598250"
    },
    {
      "type": "Feature",
      "properties": {
        "@id": "node/949598265",
        "amenity": "place_of_worship",
        "name": "Kingstone Mosque",
        "note": "Moved 300 meters south from source",
        "religion": "muslim",
        "source_ref": "Mukuru on the move"
      },
      "geometry": {
        "type": "Point",
        "coordinates": [
          36.8646614,
          -1.3112849
        ]
      },
      "id": "node/949598265"
    },
    {
      "type": "Feature",
      "properties": {
        "@id": "way/957814773",
        "amenity": "place_of_worship",
        "building": "yes",
        "denomination": "catholic",
        "name": "St. Lucia Catholic Church, Joska",
        "religion": "christian",
        "@geometry": "center"
      },
      "geometry": {
        "type": "Point",
        "coordinates": [
          37.1043148,
          -1.2881616
        ]
      },
      "id": "way/957814773"
    },
    {
      "type": "Feature",
      "properties": {
        "@id": "way/962038834",
        "amenity": "place_of_worship",
        "building": "yes",
        "name": "Deliverance Church Eastleigh",
        "religion": "christian",
        "@geometry": "center"
      },
      "geometry": {
        "type": "Point",
        "coordinates": [
          36.8471447,
          -1.2756277
        ]
      },
      "id": "way/962038834"
    },
    {
      "type": "Feature",
      "properties": {
        "@id": "way/968801456",
        "amenity": "place_of_worship",
        "building": "yes",
        "name": "Ministry of Repentance & Holiness, Ongata Rongai",
        "religion": "christian",
        "@geometry": "center"
      },
      "geometry": {
        "type": "Point",
        "coordinates": [
          36.762271,
          -1.388365
        ]
      },
      "id": "way/968801456"
    },
    {
      "type": "Feature",
      "properties": {
        "@id": "way/972912987",
        "amenity": "place_of_worship",
        "building": "yes",
        "name": "Masjid Al-Huda",
        "religion": "muslim",
        "@geometry": "center"
      },
      "geometry": {
        "type": "Point",
        "coordinates": [
          36.839716,
          -1.309896
        ]
      },
      "id": "way/972912987"
    },
    {
      "type": "Feature",
      "properties": {
        "@id": "way/996414751",
        "amenity": "place_of_worship",
        "building": "yes",
        "@geometry": "center"
      },
      "geometry": {
        "type": "Point",
        "coordinates": [
          36.7470568,
          -1.289515
        ]
      },
      "id": "way/996414751"
    },
    {
      "type": "Feature",
      "properties": {
        "@id": "node/1015625611",
        "amenity": "place_of_worship",
        "check_date": "2023-05-23",
        "denomination": "protestant",
        "name": "Christ Life Liberation",
        "opening_hours": "Su 7:00-17:00",
        "religion": "christian"
      },
      "geometry": {
        "type": "Point",
        "coordinates": [
          36.7791316,
          -1.3151248
        ]
      },
      "id": "node/1015625611"
    },
    {
      "type": "Feature",
      "properties": {
        "@id": "node/1015625639",
        "building": "public",
        "check_date": "2023-05-02",
        "name": "African Health and Community Programe (AHCP)",
        "office": "ngo"
      },
      "geometry": {
        "type": "Point",
        "coordinates": [
          36.7783012,
          -1.3118343
        ]
      },
      "id": "node/1015625639"
    },
    {
      "type": "Feature",
      "properties": {
        "@id": "node/1015625649",
        "building": "public",
        "check_date": "2023-05-02",
        "name": "Young Gifted and Black",
        "office": "ngo"
      },
      "geometry": {
        "type": "Point",
        "coordinates": [
          36.7786316,
          -1.3120781
        ]
      },
      "id": "node/1015625649"
    },
    {
      "type": "Feature",
      "properties": {
        "@id": "node/1015701516",
        "amenity": "place_of_worship",
        "check_date": "2023-04-12",
        "denomination": "anglican",
        "name": "Kibera All Nation",
        "opening_hours": "24/7",
        "religion": "christian"
      },
      "geometry": {
        "type": "Point",
        "coordinates": [
          36.790538,
          -1.3103799
        ]
      },
      "id": "node/1015701516"
    },
    {
      "type": "Feature",
      "properties": {
        "@id": "node/1015701526",
        "amenity": "community_centre",
        "name": "community health workers",
        "operational_status": "operational",
        "operational_status:electricity": "sometimes",
        "operator:type": "ngo_cbo"
      },
      "geometry": {
        "type": "Point",
        "coordinates": [
          36.7930391,
          -1.3116757
        ]
      },
      "id": "node/1015701526"
    },
    {
      "type": "Feature",
      "properties": {
        "@id": "node/1038064487",
        "amenity": "place_of_worship",
        "denomination": "pentecostal",
        "name": "Good will ministries church",
        "religion": "christian"
      },
      "geometry": {
        "type": "Point",
        "coordinates": [
          36.8574662,
          -1.2636558
        ]
      },
      "id": "node/1038064487"
    },
    {
      "type": "Feature",
      "properties": {
        "@id": "node/1038064492",
        "amenity": "place_of_worship",
        "denomination": "pentecostal",
        "name": "children of God generation church",
        "religion": "christian"
      },
      "geometry": {
        "type": "Point",
        "coordinates": [
          36.8551166,
          -1.2626701
        ]
      },
      "id": "node/1038064492"
    },
    {
      "type": "Feature",
      "properties": {
        "@id": "node/1038064493",
        "amenity": "place_of_worship",
        "denomination": "pentecostal",
        "image": "https://kc.humanitarianresponse.info/attachment/original?media_file=mapkibera/attachments/1590394480635.jpg",
        "name": "Glorious Celebration Centre",
        "religion": "christian"
      },
      "geometry": {
        "type": "Point",
        "coordinates": [
          36.8560898,
          -1.2635717
        ]
      },
      "id": "node/1038064493"
    },
    {
      "type": "Feature",
      "properties": {
        "@id": "node/1038064494",
        "amenity": "place_of_worship",
        "denomination": "pentecostal",
        "name": "sinai church of God",
        "religion": "christian"
      },
      "geometry": {
        "type": "Point",
        "coordinates": [
          36.8557846,
          -1.2636666
        ]
      },
      "id": "node/1038064494"
    },
    {
      "type": "Feature",
      "properties": {
        "@id": "node/1038064497",
        "amenity": "place_of_worship",
        "denomination": "pentecostal",
        "name": "A.I.P.C.A -4B Church",
        "religion": "christian"
      },
      "geometry": {
        "type": "Point",
        "coordinates": [
          36.8559411,
          -1.2635468
        ]
      },
      "id": "node/1038064497"
    },
    {
      "type": "Feature",
      "properties": {
        "@id": "node/1038091911",
        "amenity": "place_of_worship",
        "denomination": "pentecostal",
        "image": "https://kc.humanitarianresponse.info/attachment/original?media_file=mapkibera/attachments/1592722409351.jpg",
        "name": "Redeemed Goslpel Church",
        "religion": "christian"
      },
      "geometry": {
        "type": "Point",
        "coordinates": [
          36.8496053,
          -1.2645638
        ]
      },
      "id": "node/1038091911"
    },
    {
      "type": "Feature",
      "properties": {
        "@id": "node/1038091925",
        "amenity": "place_of_worship",
        "denomination": "pentecostal",
        "name": "Hosanah Church",
        "religion": "christian"
      },
      "geometry": {
        "type": "Point",
        "coordinates": [
          36.8490266,
          -1.2643761
        ]
      },
      "id": "node/1038091925"
    },
    {
      "type": "Feature",
      "properties": {
        "@id": "node/1038091936",
        "amenity": "place_of_worship",
        "denomination": "catholic",
        "name": "ST Marks Mathare Church",
        "religion": "christian"
      },
      "geometry": {
        "type": "Point",
        "coordinates": [
          36.8506853,
          -1.2645723
        ]
      },
      "id": "node/1038091936"
    },
    {
      "type": "Feature",
      "properties": {
        "@id": "node/1038091943",
        "amenity": "place_of_worship",
        "denomination": "pentecostal",
        "name": "EL-Shaddai Church",
        "religion": "christian"
      },
      "geometry": {
        "type": "Point",
        "coordinates": [
          36.8505963,
          -1.265702
        ]
      },
      "id": "node/1038091943"
    },
    {
      "type": "Feature",
      "properties": {
        "@id": "node/1038103773",
        "amenity": "place_of_worship",
        "denomination": "evangelical",
        "name": "JESUS IS THE WAY",
        "opening_hours": "Su 08:00-18:00",
        "religion": "christian"
      },
      "geometry": {
        "type": "Point",
        "coordinates": [
          36.8588329,
          -1.2653769
        ]
      },
      "id": "node/1038103773"
    },
    {
      "type": "Feature",
      "properties": {
        "@id": "node/1038103817",
        "addr:city": "Nairobi",
        "addr:postcode": "00100",
        "addr:street": "Juja Road",
        "amenity": "place_of_worship",
        "denomination": "evangelical",
        "name": "New Jerusalem Holy Ghost Church",
        "opening_hours": "Su 08:00-18:00",
        "religion": "christian"
      },
      "geometry": {
        "type": "Point",
        "coordinates": [
          36.8537624,
          -1.2659934
        ]
      },
      "id": "node/1038103817"
    },
    {
      "type": "Feature",
      "properties": {
        "@id": "node/1038172386",
        "amenity": "place_of_worship",
        "denomination": "shia",
        "name": "Madarasatu Umar Alfaruk Mosque",
        "religion": "muslim"
      },
      "geometry": {
        "type": "Point",
        "coordinates": [
          36.8754143,
          -1.2556681
        ]
      },
      "id": "node/1038172386"
    },
    {
      "type": "Feature",
      "properties": {
        "@id": "node/1038172408",
        "amenity": "place_of_worship",
        "denomination": "protestant",
        "name": "Hosana Blessed Church",
        "religion": "christian"
      },
      "geometry": {
        "type": "Point",
        "coordinates": [
          36.8742303,
          -1.2572847
        ]
      },
      "id": "node/1038172408"
    },
    {
      "type": "Feature",
      "properties": {
        "@id": "node/1038172424",
        "amenity": "place_of_worship",
        "name": "Masjidulaqsa Islamic Centre",
        "religion": "muslim"
      },
      "geometry": {
        "type": "Point",
        "coordinates": [
          36.8749717,
          -1.2536689
        ]
      },
      "id": "node/1038172424"
    },
    {
      "type": "Feature",
      "properties": {
        "@id": "node/1038172431",
        "amenity": "place_of_worship",
        "denomination": "evangelical",
        "name": "Evangelical Victory Church",
        "religion": "christian"
      },
      "geometry": {
        "type": "Point",
        "coordinates": [
          36.8747371,
          -1.2563749
        ]
      },
      "id": "node/1038172431"
    },
    {
      "type": "Feature",
      "properties": {
        "@id": "node/1038189727",
        "amenity": "place_of_worship",
        "denomination": "pentecostal",
        "name": "Revelation Truth",
        "religion": "christian"
      },
      "geometry": {
        "type": "Point",
        "coordinates": [
          36.8513512,
          -1.2628456
        ]
      },
      "id": "node/1038189727"
    },
    {
      "type": "Feature",
      "properties": {
        "@id": "node/1038189733",
        "amenity": "place_of_worship",
        "denomination": "pentecostal",
        "name": "Church of God",
        "religion": "christian"
      },
      "geometry": {
        "type": "Point",
        "coordinates": [
          36.8535316,
          -1.2629356
        ]
      },
      "id": "node/1038189733"
    },
    {
      "type": "Feature",
      "properties": {
        "@id": "node/1038189742",
        "amenity": "place_of_worship",
        "denomination": "pentecostal",
        "image": "https://kc.humanitarianresponse.info/attachment/original?media_file=mapkibera/attachments/1590409681294.jpg",
        "name": "P.C.E.A. Church",
        "religion": "christian"
      },
      "geometry": {
        "type": "Point",
        "coordinates": [
          36.8514569,
          -1.2627263
        ]
      },
      "id": "node/1038189742"
    },
    {
      "type": "Feature",
      "properties": {
        "@id": "node/1038189743",
        "amenity": "place_of_worship",
        "denomination": "pentecostal",
        "name": "Salvation Army",
        "religion": "christian"
      },
      "geometry": {
        "type": "Point",
        "coordinates": [
          36.8548311,
          -1.2632762
        ]
      },
      "id": "node/1038189743"
    },
    {
      "type": "Feature",
      "properties": {
        "@id": "node/1038189750",
        "amenity": "place_of_worship",
        "denomination": "pentecostal",
        "name": "St. Veronica",
        "religion": "christian"
      },
      "geometry": {
        "type": "Point",
        "coordinates": [
          36.8509043,
          -1.2626757
        ]
      },
      "id": "node/1038189750"
    },
    {
      "type": "Feature",
      "properties": {
        "@id": "node/1038193532",
        "amenity": "community_centre",
        "name": "maji mazuri centre"
      },
      "geometry": {
        "type": "Point",
        "coordinates": [
          36.8571218,
          -1.2652077
        ]
      },
      "id": "node/1038193532"
    },
    {
      "type": "Feature",
      "properties": {
        "@id": "node/1038193541",
        "addr:city": "Nairobi",
        "addr:postcode": "00100",
        "addr:street": "Eastleigh 1st Avenue",
        "amenity": "place_of_worship",
        "denomination": "catholic",
        "name": "St. Teresa's Catholic Church Eastleigh",
        "religion": "christian"
      },
      "geometry": {
        "type": "Point",
        "coordinates": [
          36.8476377,
          -1.2670766
        ]
      },
      "id": "node/1038193541"
    },
    {
      "type": "Feature",
      "properties": {
        "@id": "node/1038193542",
        "amenity": "place_of_worship",
        "denomination": "pentecostal",
        "name": "Heritage worship church",
        "religion": "christian"
      },
      "geometry": {
        "type": "Point",
        "coordinates": [
          36.8523697,
          -1.2643752
        ]
      },
      "id": "node/1038193542"
    },
    {
      "type": "Feature",
      "properties": {
        "@id": "node/1038193544",
        "amenity": "place_of_worship",
        "denomination": "evangelical",
        "name": "Christ the arrow of deliverance church",
        "religion": "christian"
      },
      "geometry": {
        "type": "Point",
        "coordinates": [
          36.8534916,
          -1.2643821
        ]
      },
      "id": "node/1038193544"
    },
    {
      "type": "Feature",
      "properties": {
        "@id": "node/1038193547",
        "amenity": "place_of_worship",
        "denomination": "pentecostal",
        "name": "LIVES CHANGING CENTER",
        "name:it": "Lives Changing Center",
        "religion": "christian"
      },
      "geometry": {
        "type": "Point",
        "coordinates": [
          36.8519762,
          -1.2658494
        ]
      },
      "id": "node/1038193547"
    },
    {
      "type": "Feature",
      "properties": {
        "@id": "node/1038193550",
        "amenity": "community_centre",
        "name": "Community Hall"
      },
      "geometry": {
        "type": "Point",
        "coordinates": [
          36.8569141,
          -1.265364
        ]
      },
      "id": "node/1038193550"
    },
    {
      "type": "Feature",
      "properties": {
        "@id": "node/1038193562",
        "amenity": "place_of_worship",
        "denomination": "protestant",
        "name": "christ the way church",
        "religion": "christian"
      },
      "geometry": {
        "type": "Point",
        "coordinates": [
          36.8514487,
          -1.265594
        ]
      },
      "id": "node/1038193562"
    },
    {
      "type": "Feature",
      "properties": {
        "@id": "node/1038202642",
        "amenity": "place_of_worship",
        "name": "Roho israel church of God",
        "religion": "christian"
      },
      "geometry": {
        "type": "Point",
        "coordinates": [
          36.8573714,
          -1.2623628
        ]
      },
      "id": "node/1038202642"
    },
    {
      "type": "Feature",
      "properties": {
        "@id": "node/1038202668",
        "amenity": "place_of_worship",
        "name": "Apostolic fellowship church",
        "religion": "christian"
      },
      "geometry": {
        "type": "Point",
        "coordinates": [
          36.8592487,
          -1.2610304
        ]
      },
      "id": "node/1038202668"
    },
    {
      "type": "Feature",
      "properties": {
        "@id": "node/1038202673",
        "amenity": "place_of_worship",
        "image": "https://kc.humanitarianresponse.info/attachment/original?media_file=mapkibera/attachments/1592555062577.jpg",
        "name": "Mathare Mosque",
        "religion": "muslim"
      },
      "geometry": {
        "type": "Point",
        "coordinates": [
          36.8565589,
          -1.261939
        ]
      },
      "id": "node/1038202673"
    },
    {
      "type": "Feature",
      "properties": {
        "@id": "node/1038202684",
        "amenity": "place_of_worship",
        "denomination": "pentecostal",
        "name": "Mowara Israel Church",
        "religion": "christian"
      },
      "geometry": {
        "type": "Point",
        "coordinates": [
          36.8575133,
          -1.2619129
        ]
      },
      "id": "node/1038202684"
    },
    {
      "type": "Feature",
      "properties": {
        "@id": "node/1038202707",
        "amenity": "place_of_worship",
        "name": "Israel Church",
        "religion": "christian"
      },
      "geometry": {
        "type": "Point",
        "coordinates": [
          36.8567646,
          -1.2618177
        ]
      },
      "id": "node/1038202707"
    },
    {
      "type": "Feature",
      "properties": {
        "@id": "node/1038202791",
        "amenity": "library",
        "name": "Why not youth group"
      },
      "geometry": {
        "type": "Point",
        "coordinates": [
          36.8601416,
          -1.2614429
        ]
      },
      "id": "node/1038202791"
    },
    {
      "type": "Feature",
      "properties": {
        "@id": "node/1038202794",
        "amenity": "place_of_worship",
        "denomination": "pentecostal",
        "name": "St john evalasting gospel church",
        "religion": "christian"
      },
      "geometry": {
        "type": "Point",
        "coordinates": [
          36.8589123,
          -1.2613645
        ]
      },
      "id": "node/1038202794"
    },
    {
      "type": "Feature",
      "properties": {
        "@id": "node/1038202821",
        "amenity": "place_of_worship",
        "name": "Hope of Glory Ministry Belivers Center",
        "religion": "christian"
      },
      "geometry": {
        "type": "Point",
        "coordinates": [
          36.8561823,
          -1.2617673
        ]
      },
      "id": "node/1038202821"
    },
    {
      "type": "Feature",
      "properties": {
        "@id": "node/1038202825",
        "amenity": "place_of_worship",
        "denomination": "pentecostal",
        "name": "Redeemed Gospel Church",
        "religion": "christian"
      },
      "geometry": {
        "type": "Point",
        "coordinates": [
          36.8575091,
          -1.26157
        ]
      },
      "id": "node/1038202825"
    },
    {
      "type": "Feature",
      "properties": {
        "@id": "node/1038202840",
        "amenity": "place_of_worship",
        "denomination": "pentecostal",
        "religion": "christian"
      },
      "geometry": {
        "type": "Point",
        "coordinates": [
          36.8580186,
          -1.2621792
        ]
      },
      "id": "node/1038202840"
    },
    {
      "type": "Feature",
      "properties": {
        "@id": "node/1038202841",
        "amenity": "place_of_worship",
        "religion": "christian"
      },
      "geometry": {
        "type": "Point",
        "coordinates": [
          36.8554223,
          -1.2612479
        ]
      },
      "id": "node/1038202841"
    },
    {
      "type": "Feature",
      "properties": {
        "@id": "node/1038219145",
        "amenity": "place_of_worship",
        "denomination": "protestant",
        "name": "Salvation army",
        "religion": "christian"
      },
      "geometry": {
        "type": "Point",
        "coordinates": [
          36.8668673,
          -1.2534577
        ]
      },
      "id": "node/1038219145"
    },
    {
      "type": "Feature",
      "properties": {
        "@id": "node/1038219150",
        "amenity": "place_of_worship",
        "denomination": "methodist",
        "name": "Mathare North Evangelical Methodist",
        "religion": "christian"
      },
      "geometry": {
        "type": "Point",
        "coordinates": [
          36.8716735,
          -1.2510632
        ]
      },
      "id": "node/1038219150"
    },
    {
      "type": "Feature",
      "properties": {
        "@id": "node/1038219153",
        "amenity": "place_of_worship",
        "denomination": "protestant",
        "name": "Soul Winning church",
        "religion": "christian"
      },
      "geometry": {
        "type": "Point",
        "coordinates": [
          36.8666487,
          -1.256337
        ]
      },
      "id": "node/1038219153"
    },
    {
      "type": "Feature",
      "properties": {
        "@id": "node/1038219163",
        "building": "public",
        "name": "Top life Cyber cafe"
      },
      "geometry": {
        "type": "Point",
        "coordinates": [
          36.8722681,
          -1.2509425
        ]
      },
      "id": "node/1038219163"
    },
    {
      "type": "Feature",
      "properties": {
        "@id": "node/1038219169",
        "amenity": "place_of_worship",
        "denomination": "protestant",
        "name": "Narrow gateway restoration",
        "religion": "christian"
      },
      "geometry": {
        "type": "Point",
        "coordinates": [
          36.868796,
          -1.2544038
        ]
      },
      "id": "node/1038219169"
    },
    {
      "type": "Feature",
      "properties": {
        "@id": "node/1038219174",
        "amenity": "place_of_worship",
        "denomination": "catholic",
        "name": "ST.Stephen catholic church",
        "religion": "christian"
      },
      "geometry": {
        "type": "Point",
        "coordinates": [
          36.8756496,
          -1.2513864
        ]
      },
      "id": "node/1038219174"
    },
    {
      "type": "Feature",
      "properties": {
        "@id": "node/1038219175",
        "amenity": "place_of_worship",
        "denomination": "protestant",
        "name": "Mathare North SDA",
        "religion": "christian"
      },
      "geometry": {
        "type": "Point",
        "coordinates": [
          36.8736062,
          -1.2498044
        ]
      },
      "id": "node/1038219175"
    },
    {
      "type": "Feature",
      "properties": {
        "@id": "node/1042384689",
        "amenity": "social_facility",
        "name": "Thomas Barnados Childrens Home",
        "note": "old name Thomas Barnados House",
        "social_facility": "group_home",
        "social_facility:for": "orphan"
      },
      "geometry": {
        "type": "Point",
        "coordinates": [
          36.814241,
          -1.314971
        ]
      },
      "id": "node/1042384689"
    },
    {
      "type": "Feature",
      "properties": {
        "@id": "node/1045131880",
        "addr:city": "Nairobi",
        "addr:street": "Baringo Road",
        "amenity": "place_of_worship",
        "denomination": "catholic",
        "name": "St. Joseph Catholic Church",
        "religion": "christian"
      },
      "geometry": {
        "type": "Point",
        "coordinates": [
          36.9332622,
          -1.1955873
        ]
      },
      "id": "node/1045131880"
    },
    {
      "type": "Feature",
      "properties": {
        "@id": "node/1045132014",
        "amenity": "place_of_worship",
        "denomination": "pentecostal",
        "name": "Place of Worship",
        "religion": "christian"
      },
      "geometry": {
        "type": "Point",
        "coordinates": [
          36.930564,
          -1.1971947
        ]
      },
      "id": "node/1045132014"
    },
    {
      "type": "Feature",
      "properties": {
        "@id": "node/1045132060",
        "amenity": "place_of_worship",
        "denomination": "pentecostal",
        "name": "Good News Church",
        "religion": "christian"
      },
      "geometry": {
        "type": "Point",
        "coordinates": [
          36.9267839,
          -1.199501
        ]
      },
      "id": "node/1045132060"
    },
    {
      "type": "Feature",
      "properties": {
        "@id": "node/1045132122",
        "amenity": "place_of_worship",
        "denomination": "pentecostal",
        "name": "Psals Church Wendani",
        "religion": "christian"
      },
      "geometry": {
        "type": "Point",
        "coordinates": [
          36.9300041,
          -1.197823
        ]
      },
      "id": "node/1045132122"
    },
    {
      "type": "Feature",
      "properties": {
        "@id": "node/1045132282",
        "amenity": "place_of_worship",
        "denomination": "pentecostal",
        "name": "Healing and Restoration Centre",
        "religion": "christian"
      },
      "geometry": {
        "type": "Point",
        "coordinates": [
          36.9273573,
          -1.1978157
        ]
      },
      "id": "node/1045132282"
    },
    {
      "type": "Feature",
      "properties": {
        "@id": "way/1063806371",
        "amenity": "place_of_worship",
        "building": "yes",
        "check_date": "2025-01-04",
        "denomination": "jehovahs_witness",
        "religion": "christian",
        "@geometry": "center"
      },
      "geometry": {
        "type": "Point",
        "coordinates": [
          36.913801,
          -1.2199846
        ]
      },
      "id": "way/1063806371"
    },
    {
      "type": "Feature",
      "properties": {
        "@id": "way/1063806395",
        "amenity": "place_of_worship",
        "building": "yes",
        "check_date": "2025-01-05",
        "name": "House Of Transformation Kasarani",
        "religion": "christian",
        "@geometry": "center"
      },
      "geometry": {
        "type": "Point",
        "coordinates": [
          36.9129135,
          -1.2202602
        ]
      },
      "id": "way/1063806395"
    },
    {
      "type": "Feature",
      "properties": {
        "@id": "way/1064262099",
        "amenity": "place_of_worship",
        "building": "church",
        "name": "Deliverance Church Kasarani",
        "@geometry": "center"
      },
      "geometry": {
        "type": "Point",
        "coordinates": [
          36.899451,
          -1.2182854
        ]
      },
      "id": "way/1064262099"
    },
    {
      "type": "Feature",
      "properties": {
        "@id": "way/1065427227",
        "amenity": "place_of_worship",
        "building": "yes",
        "name": "A.I.C Skyway",
        "religion": "christian",
        "@geometry": "center"
      },
      "geometry": {
        "type": "Point",
        "coordinates": [
          36.9589671,
          -1.2779794
        ]
      },
      "id": "way/1065427227"
    },
    {
      "type": "Feature",
      "properties": {
        "@id": "way/1065432066",
        "amenity": "place_of_worship",
        "building": "yes",
        "denomination": "seventh_day_adventist",
        "name": "Seventh Day Adventist Church Skyway",
        "religion": "christian",
        "service_times": "Sabbath: 8:30Aam - 6pm, Wed & Fri: 6pm",
        "@geometry": "center"
      },
      "geometry": {
        "type": "Point",
        "coordinates": [
          36.9580603,
          -1.2788998
        ]
      },
      "id": "way/1065432066"
    },
    {
      "type": "Feature",
      "properties": {
        "@id": "way/1067804022",
        "amenity": "place_of_worship",
        "building": "yes",
        "denomination": "catholic",
        "name": "St. Jude Catholic Church",
        "religion": "christian",
        "@geometry": "center"
      },
      "geometry": {
        "type": "Point",
        "coordinates": [
          36.8898414,
          -1.297059
        ]
      },
      "id": "way/1067804022"
    },
    {
      "type": "Feature",
      "properties": {
        "@id": "way/1075275893",
        "amenity": "place_of_worship",
        "building": "church",
        "denomination": "seventh_day_adventist",
        "name": "Mountain View SDA Church",
        "opening_hours": "09:00-12:00,13:30-18:30; Sa 07:30-18:45; PH closed",
        "religion": "christian",
        "service_times": "Sa 08:00-18:00; PH closed",
        "wheelchair": "limited",
        "@geometry": "center"
      },
      "geometry": {
        "type": "Point",
        "coordinates": [
          36.7371395,
          -1.2614078
        ]
      },
      "id": "way/1075275893"
    },
    {
      "type": "Feature",
      "properties": {
        "@id": "way/1079002461",
        "amenity": "place_of_worship",
        "building": "church",
        "denomination": "seventh_day_adventist",
        "name": "Upperhill Springs S.D.A",
        "opening_hours": "Sa 07:00-23:15; PH open",
        "religion": "christian",
        "service_times": "Sa 08:00-18:00; PH open",
        "wheelchair": "yes",
        "@geometry": "center"
      },
      "geometry": {
        "type": "Point",
        "coordinates": [
          36.8213487,
          -1.3038911
        ]
      },
      "id": "way/1079002461"
    },
    {
      "type": "Feature",
      "properties": {
        "@id": "way/1086188567",
        "amenity": "place_of_worship",
        "building": "cathedral",
        "denomination": "pentecostal",
        "name": "Newlife Celebration Cathedral",
        "opening_hours": "Su 07:00-15:00; PH open",
        "religion": "christian",
        "service_times": "Su 07:30-14:00; PH open",
        "wheelchair": "limited",
        "@geometry": "center"
      },
      "geometry": {
        "type": "Point",
        "coordinates": [
          36.7138483,
          -1.2565734
        ]
      },
      "id": "way/1086188567"
    },
    {
      "type": "Feature",
      "properties": {
        "@id": "way/1086188568",
        "amenity": "place_of_worship",
        "building": "cathedral",
        "denomination": "pentecostal",
        "name": "PEFA Kabete Church",
        "opening_hours": "Tu,Th 19:15-19:45; Su 07:30-17:00; PH open",
        "religion": "christian",
        "service_times": "Tu,Th 18:00-19:00; Su 08:00-14:00; PH open",
        "wheelchair": "limited",
        "@geometry": "center"
      },
      "geometry": {
        "type": "Point",
        "coordinates": [
          36.7140956,
          -1.2563611
        ]
      },
      "id": "way/1086188568"
    },
    {
      "type": "Feature",
      "properties": {
        "@id": "way/1086721349",
        "amenity": "place_of_worship",
        "building": "cathedral",
        "denomination": "pentecostal",
        "name": "Word of Life Christian Center",
        "opening_hours": "Mo-Fr 07:30-17:30; PH open",
        "phone": "+254 20 2016338",
        "religion": "christian",
        "service_times": "Mo-Fr 08:00-17:00; PH open",
        "wheelchair": "limited",
        "@geometry": "center"
      },
      "geometry": {
        "type": "Point",
        "coordinates": [
          36.6993743,
          -1.2411276
        ]
      },
      "id": "way/1086721349"
    },
    {
      "type": "Feature",
      "properties": {
        "@id": "way/1086721350",
        "amenity": "place_of_worship",
        "building": "church",
        "denomination": "seventh_day_adventist",
        "name": "Amazing Grace Kanyariri",
        "opening_hours": "Sa 07:00-18:15; PH open",
        "religion": "christian",
        "service_times": "Sa 07:45-18:00; PH open",
        "wheelchair": "limited",
        "@geometry": "center"
      },
      "geometry": {
        "type": "Point",
        "coordinates": [
          36.6975257,
          -1.2428191
        ]
      },
      "id": "way/1086721350"
    },
    {
      "type": "Feature",
      "properties": {
        "@id": "way/1086721351",
        "amenity": "place_of_worship",
        "building": "church",
        "denomination": "pentecostal",
        "name": "Rehoboth Holiness And Repentance Pentecostal Church",
        "opening_hours": "We 08:45-14:00; Su 08:00-14:00; PH open",
        "religion": "christian",
        "service_times": "We 09:00-11:00; Su 09:00-14:00; PH open",
        "wheelchair": "yes",
        "@geometry": "center"
      },
      "geometry": {
        "type": "Point",
        "coordinates": [
          36.7056651,
          -1.2497776
        ]
      },
      "id": "way/1086721351"
    },
    {
      "type": "Feature",
      "properties": {
        "@id": "way/1087556872",
        "addr:postcode": "P.O. Box 21792 Kiangara Road, Nairobi",
        "amenity": "place_of_worship",
        "building": "yes",
        "check_date": "2023-04-26",
        "name": "Rosa Mystica Spiritual Center church",
        "religion": "christian",
        "source": "microsoft/BuildingFootprints",
        "@geometry": "center"
      },
      "geometry": {
        "type": "Point",
        "coordinates": [
          36.7624739,
          -1.2967971
        ]
      },
      "id": "way/1087556872"
    },
    {
      "type": "Feature",
      "properties": {
        "@id": "way/1087865228",
        "amenity": "place_of_worship",
        "building": "cathedral",
        "denomination": "anglican",
        "name": "St. Joseph's Church Kanyariri",
        "opening_hours": "Su 07:30-17:00; PH open",
        "religion": "christian",
        "service_times": "Su 08:30-14:30; PH open",
        "wheelchair": "limited",
        "@geometry": "center"
      },
      "geometry": {
        "type": "Point",
        "coordinates": [
          36.6948754,
          -1.2399824
        ]
      },
      "id": "way/1087865228"
    },
    {
      "type": "Feature",
      "properties": {
        "@id": "way/1089424745",
        "addr:city": "Kiambu",
        "amenity": "place_of_worship",
        "building": "yes",
        "building:levels": "0",
        "name": "ACK Kirangari church",
        "religion": "christian",
        "@geometry": "center"
      },
      "geometry": {
        "type": "Point",
        "coordinates": [
          36.7013312,
          -1.2010873
        ]
      },
      "id": "way/1089424745"
    },
    {
      "type": "Feature",
      "properties": {
        "@id": "way/1089426120",
        "amenity": "place_of_worship",
        "building": "yes",
        "building:levels": "0",
        "name": "Orthodox church",
        "religion": "christian",
        "@geometry": "center"
      },
      "geometry": {
        "type": "Point",
        "coordinates": [
          36.6992705,
          -1.1990144
        ]
      },
      "id": "way/1089426120"
    },
    {
      "type": "Feature",
      "properties": {
        "@id": "way/1089428331",
        "amenity": "place_of_worship",
        "building": "yes",
        "religion": "christian",
        "@geometry": "center"
      },
      "geometry": {
        "type": "Point",
        "coordinates": [
          36.6984875,
          -1.1988717
        ]
      },
      "id": "way/1089428331"
    },
    {
      "type": "Feature",
      "properties": {
        "@id": "way/1089672844",
        "amenity": "place_of_worship",
        "building": "church",
        "denomination": "pentecostal",
        "name": "Blessed Church of Christ Fellowship",
        "opening_hours": "Su 08:00-18:00; PH open",
        "religion": "christian",
        "service_times": "Su 08:30-17:00; PH open",
        "wheelchair": "limited",
        "@geometry": "center"
      },
      "geometry": {
        "type": "Point",
        "coordinates": [
          36.7006011,
          -1.2554597
        ]
      },
      "id": "way/1089672844"
    },
    {
      "type": "Feature",
      "properties": {
        "@id": "way/1093550418",
        "amenity": "place_of_worship",
        "building": "church",
        "denomination": "pentecostal",
        "name": "PCEA Gaitumbi Church",
        "opening_hours": "Su 07:00-14:30; PH open",
        "religion": "christian",
        "service_times": "Su 07:30-14:00; PH open",
        "wheelchair": "limited",
        "@geometry": "center"
      },
      "geometry": {
        "type": "Point",
        "coordinates": [
          36.6849148,
          -1.2425849
        ]
      },
      "id": "way/1093550418"
    },
    {
      "type": "Feature",
      "properties": {
        "@id": "way/1093550420",
        "amenity": "place_of_worship",
        "building": "church",
        "denomination": "pentecostal",
        "name": "Victory Mountain Gospel Church",
        "opening_hours": "Mo-Fr 06:00-09:00; Su 08:00-13:00; PH open",
        "religion": "christian",
        "service_times": "Mo-Fr 06:00-08:00; Su 09:00-14:00; PH open",
        "wheelchair": "limited",
        "@geometry": "center"
      },
      "geometry": {
        "type": "Point",
        "coordinates": [
          36.6957437,
          -1.2520561
        ]
      },
      "id": "way/1093550420"
    },
    {
      "type": "Feature",
      "properties": {
        "@id": "way/1093550421",
        "amenity": "place_of_worship",
        "building": "church",
        "denomination": "pentecostal",
        "name": "Zion Temple Global Ministries",
        "opening_hours": "Su 07:00-15:00; PH open",
        "religion": "christian",
        "service_times": "Su 07:30-14:00; PH open",
        "wheelchair": "limited",
        "@geometry": "center"
      },
      "geometry": {
        "type": "Point",
        "coordinates": [
          36.6918047,
          -1.2471416
        ]
      },
      "id": "way/1093550421"
    },
    {
      "type": "Feature",
      "properties": {
        "@id": "node/1096138049",
        "FIXME": "religion?",
        "amenity": "place_of_worship",
        "check_date": "2023-05-11",
        "denomination": "hindu",
        "name": "BAPS Shri Swaminarayan Mandir",
        "religion": "hindu"
      },
      "geometry": {
        "type": "Point",
        "coordinates": [
          36.8225314,
          -1.2683537
        ]
      },
      "id": "node/1096138049"
    },
    {
      "type": "Feature",
      "properties": {
        "@id": "node/1100018989",
        "amenity": "place_of_worship",
        "denomination": "methodist",
        "image": "https://kc.humanitarianresponse.info/attachment/original?media_file=mapkibera/attachments/1592721673894.jpg",
        "name": "African Christian Church",
        "religion": "christian"
      },
      "geometry": {
        "type": "Point",
        "coordinates": [
          36.8504144,
          -1.2643329
        ]
      },
      "id": "node/1100018989"
    },
    {
      "type": "Feature",
      "properties": {
        "@id": "node/1101638782",
        "amenity": "place_of_worship",
        "denomination": "pentecostal",
        "image": "https://kc.humanitarianresponse.info/attachment/original?media_file=mapkibera/attachments/1590414894196.jpg",
        "name": "AIPCA Church",
        "religion": "christian"
      },
      "geometry": {
        "type": "Point",
        "coordinates": [
          36.8443077,
          -1.2637652
        ]
      },
      "id": "node/1101638782"
    },
    {
      "type": "Feature",
      "properties": {
        "@id": "node/1101638893",
        "amenity": "place_of_worship",
        "denomination": "protestant",
        "name": "Peniel Ministry Church",
        "religion": "christian"
      },
      "geometry": {
        "type": "Point",
        "coordinates": [
          36.8432879,
          -1.2644822
        ]
      },
      "id": "node/1101638893"
    },
    {
      "type": "Feature",
      "properties": {
        "@id": "node/1101737104",
        "building": "public",
        "name": "NARC Kenya Office"
      },
      "geometry": {
        "type": "Point",
        "coordinates": [
          36.8741004,
          -1.2594257
        ]
      },
      "id": "node/1101737104"
    },
    {
      "type": "Feature",
      "properties": {
        "@id": "node/1101737123",
        "building": "public",
        "name": "Huruma City Council"
      },
      "geometry": {
        "type": "Point",
        "coordinates": [
          36.8736869,
          -1.2595289
        ]
      },
      "id": "node/1101737123"
    },
    {
      "type": "Feature",
      "properties": {
        "@id": "node/1101737162",
        "amenity": "place_of_worship",
        "denomination": "pentecostal",
        "name": "PAG Church",
        "religion": "christian"
      },
      "geometry": {
        "type": "Point",
        "coordinates": [
          36.8664511,
          -1.2606836
        ]
      },
      "id": "node/1101737162"
    },
    {
      "type": "Feature",
      "properties": {
        "@id": "node/1101737211",
        "amenity": "place_of_worship",
        "denomination": "protestant",
        "name": "Redeemed Gospel Church",
        "religion": "christian"
      },
      "geometry": {
        "type": "Point",
        "coordinates": [
          36.8660048,
          -1.2611722
        ]
      },
      "id": "node/1101737211"
    },
    {
      "type": "Feature",
      "properties": {
        "@id": "way/1102294065",
        "amenity": "place_of_worship",
        "building": "church",
        "denomination": "pentecostal",
        "name": "Inkeepers Ministry Church",
        "opening_hours": "Su 09:00-14:00; PH open",
        "religion": "christian",
        "service_times": "Su 10:00-13:00; PH open",
        "wheelchair": "limited",
        "@geometry": "center"
      },
      "geometry": {
        "type": "Point",
        "coordinates": [
          36.7052158,
          -1.2446992
        ]
      },
      "id": "way/1102294065"
    },
    {
      "type": "Feature",
      "properties": {
        "@id": "way/1102582634",
        "amenity": "place_of_worship",
        "building": "church",
        "denomination": "pentecostal",
        "name": "KAG Uthiru Assembly",
        "opening_hours": "Su 07:45-16:30; PH open",
        "religion": "christian",
        "service_times": "Su 08:00-15:30; PH open",
        "wheelchair": "limited",
        "@geometry": "center"
      },
      "geometry": {
        "type": "Point",
        "coordinates": [
          36.7101667,
          -1.2624622
        ]
      },
      "id": "way/1102582634"
    },
    {
      "type": "Feature",
      "properties": {
        "@id": "way/1102582636",
        "amenity": "place_of_worship",
        "building": "yes",
        "denomination": "pentecostal",
        "name": "Annointed Pentecostal Ministry Church",
        "opening_hours": "Su 06:00-16:00; We 09:00-17:00; PH open",
        "religion": "christian",
        "service_times": "Su 06:00-15:00; We 10:00-16:00; PH open",
        "wheelchair": "yes",
        "@geometry": "center"
      },
      "geometry": {
        "type": "Point",
        "coordinates": [
          36.7124793,
          -1.2598872
        ]
      },
      "id": "way/1102582636"
    },
    {
      "type": "Feature",
      "properties": {
        "@id": "node/1102975989",
        "amenity": "place_of_worship",
        "denomination": "pentecostal",
        "name": "Roho israel church of God",
        "religion": "christian"
      },
      "geometry": {
        "type": "Point",
        "coordinates": [
          36.8571493,
          -1.2630759
        ]
      },
      "id": "node/1102975989"
    },
    {
      "type": "Feature",
      "properties": {
        "@id": "node/1103092198",
        "amenity": "place_of_worship",
        "denomination": "pentecostal",
        "name": "Gospel Tabernacle Church",
        "religion": "christian"
      },
      "geometry": {
        "type": "Point",
        "coordinates": [
          36.8627719,
          -1.2601981
        ]
      },
      "id": "node/1103092198"
    },
    {
      "type": "Feature",
      "properties": {
        "@id": "node/1103092225",
        "amenity": "place_of_worship",
        "denomination": "evangelical",
        "name": "Internationale Evangelical Church",
        "religion": "christian"
      },
      "geometry": {
        "type": "Point",
        "coordinates": [
          36.8653433,
          -1.2623388
        ]
      },
      "id": "node/1103092225"
    },
    {
      "type": "Feature",
      "properties": {
        "@id": "node/1103092243",
        "amenity": "place_of_worship",
        "denomination": "pentecostal",
        "name": "African Divine Church org. VCT",
        "religion": "christian"
      },
      "geometry": {
        "type": "Point",
        "coordinates": [
          36.8653793,
          -1.2621251
        ]
      },
      "id": "node/1103092243"
    },
    {
      "type": "Feature",
      "properties": {
        "@id": "node/1103092253",
        "amenity": "place_of_worship",
        "denomination": "pentecostal",
        "name": "Word Temple Church",
        "religion": "christian"
      },
      "geometry": {
        "type": "Point",
        "coordinates": [
          36.8642846,
          -1.2590427
        ]
      },
      "id": "node/1103092253"
    },
    {
      "type": "Feature",
      "properties": {
        "@id": "node/1103092275",
        "amenity": "place_of_worship",
        "denomination": "pentecostal",
        "name": "Christ Co. Fellowship Church",
        "religion": "christian"
      },
      "geometry": {
        "type": "Point",
        "coordinates": [
          36.8653539,
          -1.2621949
        ]
      },
      "id": "node/1103092275"
    },
    {
      "type": "Feature",
      "properties": {
        "@id": "node/1103092292",
        "amenity": "place_of_worship",
        "denomination": "pentecostal",
        "name": "Friends Church",
        "religion": "christian"
      },
      "geometry": {
        "type": "Point",
        "coordinates": [
          36.8650066,
          -1.2608798
        ]
      },
      "id": "node/1103092292"
    },
    {
      "type": "Feature",
      "properties": {
        "@id": "node/1103092315",
        "amenity": "place_of_worship",
        "denomination": "pentecostal",
        "name": "AGAPE Church",
        "religion": "christian"
      },
      "geometry": {
        "type": "Point",
        "coordinates": [
          36.8635176,
          -1.2623091
        ]
      },
      "id": "node/1103092315"
    },
    {
      "type": "Feature",
      "properties": {
        "@id": "node/1103092319",
        "amenity": "place_of_worship",
        "denomination": "catholic",
        "name": "AIPCA Church",
        "name:it": "Aipca",
        "religion": "christian"
      },
      "geometry": {
        "type": "Point",
        "coordinates": [
          36.8618429,
          -1.2633546
        ]
      },
      "id": "node/1103092319"
    },
    {
      "type": "Feature",
      "properties": {
        "@id": "node/1103092322",
        "amenity": "place_of_worship",
        "denomination": "pentecostal",
        "name": "Maranatha Church",
        "religion": "christian"
      },
      "geometry": {
        "type": "Point",
        "coordinates": [
          36.8615351,
          -1.2626105
        ]
      },
      "id": "node/1103092322"
    },
    {
      "type": "Feature",
      "properties": {
        "@id": "node/1103092361",
        "amenity": "place_of_worship",
        "denomination": "pentecostal",
        "name": "God's Time Miracle Center",
        "religion": "christian"
      },
      "geometry": {
        "type": "Point",
        "coordinates": [
          36.8621803,
          -1.2631325
        ]
      },
      "id": "node/1103092361"
    },
    {
      "type": "Feature",
      "properties": {
        "@id": "node/1103092382",
        "amenity": "place_of_worship",
        "denomination": "pentecostal",
        "image": "https://kc.humanitarianresponse.info/attachment/original?media_file=mapkibera/attachments/1590481431808.jpg",
        "name": "A.D.C, Church",
        "religion": "christian"
      },
      "geometry": {
        "type": "Point",
        "coordinates": [
          36.8620364,
          -1.2611722
        ]
      },
      "id": "node/1103092382"
    },
    {
      "type": "Feature",
      "properties": {
        "@id": "node/1103092426",
        "amenity": "place_of_worship",
        "denomination": "pentecostal",
        "name": "Faith Assembly and Nursery School",
        "religion": "christian"
      },
      "geometry": {
        "type": "Point",
        "coordinates": [
          36.8615594,
          -1.2631034
        ]
      },
      "id": "node/1103092426"
    },
    {
      "type": "Feature",
      "properties": {
        "@id": "node/1103092429",
        "amenity": "place_of_worship",
        "denomination": "pentecostal",
        "name": "Outreach Fellowship Church",
        "religion": "christian"
      },
      "geometry": {
        "type": "Point",
        "coordinates": [
          36.8636835,
          -1.262619
        ]
      },
      "id": "node/1103092429"
    },
    {
      "type": "Feature",
      "properties": {
        "@id": "node/1103092478",
        "amenity": "place_of_worship",
        "denomination": "pentecostal",
        "name": "AIC Zion Church",
        "name:it": "Aic Zion",
        "religion": "christian"
      },
      "geometry": {
        "type": "Point",
        "coordinates": [
          36.8624278,
          -1.2628816
        ]
      },
      "id": "node/1103092478"
    },
    {
      "type": "Feature",
      "properties": {
        "@id": "node/1103092488",
        "amenity": "place_of_worship",
        "denomination": "presbyterian",
        "name": "Mabatini Praise Worship Church",
        "religion": "christian"
      },
      "geometry": {
        "type": "Point",
        "coordinates": [
          36.8632017,
          -1.2589567
        ]
      },
      "id": "node/1103092488"
    },
    {
      "type": "Feature",
      "properties": {
        "@id": "node/1103152404",
        "amenity": "place_of_worship",
        "check_date": "2025-12-05",
        "name": "N.Y.S and Mosque",
        "religion": "muslim"
      },
      "geometry": {
        "type": "Point",
        "coordinates": [
          36.8653879,
          -1.2524106
        ]
      },
      "id": "node/1103152404"
    },
    {
      "type": "Feature",
      "properties": {
        "@id": "way/1104429223",
        "amenity": "place_of_worship",
        "building": "church",
        "denomination": "pentecostal",
        "name": "St. Stephen Catholic Church - Uthiru",
        "opening_hours": "Su 08:00-16:00; PH open",
        "religion": "christian",
        "service_times": "Su 09:00-15:00; PH open",
        "wheelchair": "limited",
        "@geometry": "center"
      },
      "geometry": {
        "type": "Point",
        "coordinates": [
          36.7111846,
          -1.2518787
        ]
      },
      "id": "way/1104429223"
    },
    {
      "type": "Feature",
      "properties": {
        "@id": "way/1104429224",
        "amenity": "place_of_worship",
        "building": "church",
        "denomination": "orthodox",
        "name": "St. Spiridon Orthodox Church",
        "opening_hours": "Su 08:00-14:00; PH open",
        "religion": "christian",
        "service_times": "Su 09:00-13:00; PH open",
        "wheelchair": "limited",
        "@geometry": "center"
      },
      "geometry": {
        "type": "Point",
        "coordinates": [
          36.7099291,
          -1.2530971
        ]
      },
      "id": "way/1104429224"
    },
    {
      "type": "Feature",
      "properties": {
        "@id": "way/1108065510",
        "amenity": "place_of_worship",
        "building": "yes",
        "name": "Friends Church Makadara, Jericho Market",
        "religion": "christian",
        "@geometry": "center"
      },
      "geometry": {
        "type": "Point",
        "coordinates": [
          36.8725089,
          -1.2882188
        ]
      },
      "id": "way/1108065510"
    },
    {
      "type": "Feature",
      "properties": {
        "@id": "node/1110199090",
        "amenity": "place_of_worship",
        "denomination": "protestant",
        "name": "Twelve Brothers",
        "religion": "christian"
      },
      "geometry": {
        "type": "Point",
        "coordinates": [
          36.8546382,
          -1.263105
        ]
      },
      "id": "node/1110199090"
    },
    {
      "type": "Feature",
      "properties": {
        "@id": "node/1110199093",
        "amenity": "place_of_worship",
        "denomination": "pentecostal",
        "name": "Neema worship centre",
        "religion": "christian"
      },
      "geometry": {
        "type": "Point",
        "coordinates": [
          36.8535681,
          -1.2633104
        ]
      },
      "id": "node/1110199093"
    },
    {
      "type": "Feature",
      "properties": {
        "@id": "node/1110227287",
        "amenity": "place_of_worship",
        "denomination": "protestant",
        "image": "https://kc.humanitarianresponse.info/attachment/original?media_file=mapkibera/attachments/1590401076080.jpg",
        "name": "Holy Ghost Church",
        "religion": "christian"
      },
      "geometry": {
        "type": "Point",
        "coordinates": [
          36.858929,
          -1.2628347
        ]
      },
      "id": "node/1110227287"
    },
    {
      "type": "Feature",
      "properties": {
        "@id": "node/1110227329",
        "amenity": "place_of_worship",
        "denomination": "protestant",
        "name": "Victory celebration sanctuary",
        "religion": "christian"
      },
      "geometry": {
        "type": "Point",
        "coordinates": [
          36.8568834,
          -1.2625477
        ]
      },
      "id": "node/1110227329"
    },
    {
      "type": "Feature",
      "properties": {
        "@id": "node/1110239835",
        "amenity": "place_of_worship",
        "denomination": "protestant",
        "image": "https://kc.humanitarianresponse.info/attachment/original?media_file=mapkibera/attachments/1590479853541.jpg",
        "name": "Megah church ministry.",
        "religion": "christian"
      },
      "geometry": {
        "type": "Point",
        "coordinates": [
          36.8439909,
          -1.2653729
        ]
      },
      "id": "node/1110239835"
    },
    {
      "type": "Feature",
      "properties": {
        "@id": "node/1110239851",
        "amenity": "place_of_worship",
        "denomination": "pentecostal",
        "name": "Mlango Kubwa Church",
        "religion": "christian"
      },
      "geometry": {
        "type": "Point",
        "coordinates": [
          36.8446765,
          -1.2639699
        ]
      },
      "id": "node/1110239851"
    },
    {
      "type": "Feature",
      "properties": {
        "@id": "node/1110239852",
        "amenity": "place_of_worship",
        "denomination": "pentecostal",
        "image": "https://kc.humanitarianresponse.info/attachment/original?media_file=mapkibera/attachments/1590483186316.jpg",
        "name": "Mathare church of Nazarene",
        "religion": "christian"
      },
      "geometry": {
        "type": "Point",
        "coordinates": [
          36.8446676,
          -1.2655919
        ]
      },
      "id": "node/1110239852"
    },
    {
      "type": "Feature",
      "properties": {
        "@id": "node/1110239859",
        "amenity": "place_of_worship",
        "denomination": "pentecostal",
        "image": "https://kc.humanitarianresponse.info/attachment/original?media_file=mapkibera/attachments/1590406501720.jpg",
        "name": "ACK Mathare church",
        "religion": "christian"
      },
      "geometry": {
        "type": "Point",
        "coordinates": [
          36.8441275,
          -1.2647788
        ]
      },
      "id": "node/1110239859"
    },
    {
      "type": "Feature",
      "properties": {
        "@id": "node/1110239863",
        "amenity": "place_of_worship",
        "denomination": "protestant",
        "image": "https://kc.humanitarianresponse.info/attachment/original?media_file=mapkibera/attachments/1590412654174.jpg",
        "name": "Apostolic Great Commission",
        "religion": "christian"
      },
      "geometry": {
        "type": "Point",
        "coordinates": [
          36.8455426,
          -1.2649636
        ]
      },
      "id": "node/1110239863"
    },
    {
      "type": "Feature",
      "properties": {
        "@id": "node/1110239867",
        "amenity": "place_of_worship",
        "denomination": "protestant",
        "image": "https://kc.humanitarianresponse.info/attachment/original?media_file=mapkibera/attachments/1590480352831.jpg",
        "name": "Redeemed Gospel Church.",
        "religion": "christian"
      },
      "geometry": {
        "type": "Point",
        "coordinates": [
          36.8449896,
          -1.2661332
        ]
      },
      "id": "node/1110239867"
    },
    {
      "type": "Feature",
      "properties": {
        "@id": "node/1110239871",
        "amenity": "place_of_worship",
        "denomination": "pentecostal",
        "image": "https://kc.humanitarianresponse.info/attachment/original?media_file=mapkibera/attachments/1590399758581.jpg",
        "name": "PCEA Mathare Valley",
        "religion": "christian"
      },
      "geometry": {
        "type": "Point",
        "coordinates": [
          36.8454132,
          -1.2644629
        ]
      },
      "id": "node/1110239871"
    },
    {
      "type": "Feature",
      "properties": {
        "@id": "node/1110245209",
        "amenity": "place_of_worship",
        "denomination": "pentecostal",
        "name": "African church",
        "religion": "christian"
      },
      "geometry": {
        "type": "Point",
        "coordinates": [
          36.8491995,
          -1.2628827
        ]
      },
      "id": "node/1110245209"
    },
    {
      "type": "Feature",
      "properties": {
        "@id": "node/1111451097",
        "amenity": "place_of_worship",
        "denomination": "catholic",
        "name": "ST Martin catholic church",
        "religion": "christian"
      },
      "geometry": {
        "type": "Point",
        "coordinates": [
          36.8721639,
          -1.2549845
        ]
      },
      "id": "node/1111451097"
    },
    {
      "type": "Feature",
      "properties": {
        "@id": "node/1111451110",
        "amenity": "place_of_worship",
        "denomination": "protestant",
        "name": "AIC Trinity",
        "religion": "christian"
      },
      "geometry": {
        "type": "Point",
        "coordinates": [
          36.869152,
          -1.2593631
        ]
      },
      "id": "node/1111451110"
    },
    {
      "type": "Feature",
      "properties": {
        "@id": "node/1111451120",
        "amenity": "place_of_worship",
        "denomination": "protestant",
        "name": "Joy Jubilee Centre",
        "religion": "christian"
      },
      "geometry": {
        "type": "Point",
        "coordinates": [
          36.8686349,
          -1.2582891
        ]
      },
      "id": "node/1111451120"
    },
    {
      "type": "Feature",
      "properties": {
        "@id": "node/1111566299",
        "amenity": "place_of_worship",
        "denomination": "pentecostal",
        "name": "Judah Gospel Church",
        "name:it": "Judah Gospel",
        "religion": "christian"
      },
      "geometry": {
        "type": "Point",
        "coordinates": [
          36.8757879,
          -1.2570159
        ]
      },
      "id": "node/1111566299"
    },
    {
      "type": "Feature",
      "properties": {
        "@id": "node/1111566312",
        "building": "public",
        "name": "Beckam Studio Huruma"
      },
      "geometry": {
        "type": "Point",
        "coordinates": [
          36.8738096,
          -1.2562253
        ]
      },
      "id": "node/1111566312"
    },
    {
      "type": "Feature",
      "properties": {
        "@id": "node/1111566333",
        "building": "public",
        "description": "UNESCO_POIs=SCIENCE",
        "mobile": "0719743394",
        "name": "Ongoza Njia Community Development Center",
        "owner": "Kenedy ChindiENEDY CHIND"
      },
      "geometry": {
        "type": "Point",
        "coordinates": [
          36.8767353,
          -1.2564892
        ]
      },
      "id": "node/1111566333"
    },
    {
      "type": "Feature",
      "properties": {
        "@id": "node/1111566343",
        "amenity": "place_of_worship",
        "denomination": "evangelical",
        "name": "Soldiers Of Faith Church",
        "name:it": "Soldiers of Faith",
        "religion": "christian"
      },
      "geometry": {
        "type": "Point",
        "coordinates": [
          36.8762901,
          -1.2567156
        ]
      },
      "id": "node/1111566343"
    },
    {
      "type": "Feature",
      "properties": {
        "@id": "node/1111566383",
        "amenity": "place_of_worship",
        "denomination": "pentecostal",
        "name": "C.J.C.C Church",
        "religion": "christian"
      },
      "geometry": {
        "type": "Point",
        "coordinates": [
          36.8750008,
          -1.2574663
        ]
      },
      "id": "node/1111566383"
    },
    {
      "type": "Feature",
      "properties": {
        "@id": "node/1111566388",
        "amenity": "place_of_worship",
        "denomination": "baptist",
        "name": "Huruma Baptist Church",
        "religion": "christian"
      },
      "geometry": {
        "type": "Point",
        "coordinates": [
          36.8748533,
          -1.2575369
        ]
      },
      "id": "node/1111566388"
    },
    {
      "type": "Feature",
      "properties": {
        "@id": "node/1111566400",
        "building": "public",
        "name": "Ilama Diesel and Kerosene Centre"
      },
      "geometry": {
        "type": "Point",
        "coordinates": [
          36.8748431,
          -1.2572688
        ]
      },
      "id": "node/1111566400"
    },
    {
      "type": "Feature",
      "properties": {
        "@id": "node/1111586883",
        "building": "public",
        "name": "Act Fashion Complex And Botique"
      },
      "geometry": {
        "type": "Point",
        "coordinates": [
          36.8706558,
          -1.2528476
        ]
      },
      "id": "node/1111586883"
    },
    {
      "type": "Feature",
      "properties": {
        "@id": "node/1111586913",
        "amenity": "place_of_worship",
        "denomination": "protestant",
        "name": "PCEA Church and Junior Academy",
        "religion": "christian"
      },
      "geometry": {
        "type": "Point",
        "coordinates": [
          36.8650056,
          -1.2564073
        ]
      },
      "id": "node/1111586913"
    },
    {
      "type": "Feature",
      "properties": {
        "@id": "node/1111587002",
        "amenity": "place_of_worship",
        "denomination": "protestant",
        "name": "Full Gospel Churches Of kenya",
        "religion": "christian"
      },
      "geometry": {
        "type": "Point",
        "coordinates": [
          36.8770656,
          -1.2491027
        ]
      },
      "id": "node/1111587002"
    },
    {
      "type": "Feature",
      "properties": {
        "@id": "node/1111587005",
        "amenity": "place_of_worship",
        "denomination": "catholic",
        "name": "St Mauras Catholic Church",
        "religion": "christian"
      },
      "geometry": {
        "type": "Point",
        "coordinates": [
          36.8675097,
          -1.2530498
        ]
      },
      "id": "node/1111587005"
    },
    {
      "type": "Feature",
      "properties": {
        "@id": "node/1111587030",
        "amenity": "place_of_worship",
        "denomination": "protestant",
        "name": "Soul Winning Miracle Land",
        "religion": "christian"
      },
      "geometry": {
        "type": "Point",
        "coordinates": [
          36.874795,
          -1.2500126
        ]
      },
      "id": "node/1111587030"
    },
    {
      "type": "Feature",
      "properties": {
        "@id": "node/1111587070",
        "amenity": "place_of_worship",
        "denomination": "protestant",
        "name": "Deliverence Hope Ministries",
        "religion": "christian"
      },
      "geometry": {
        "type": "Point",
        "coordinates": [
          36.8770055,
          -1.2502832
        ]
      },
      "id": "node/1111587070"
    },
    {
      "type": "Feature",
      "properties": {
        "@id": "node/1111587093",
        "amenity": "place_of_worship",
        "denomination": "protestant",
        "name": "Word of Truth",
        "religion": "christian"
      },
      "geometry": {
        "type": "Point",
        "coordinates": [
          36.8692858,
          -1.2525334
        ]
      },
      "id": "node/1111587093"
    },
    {
      "type": "Feature",
      "properties": {
        "@id": "node/1112902265",
        "amenity": "place_of_worship",
        "denomination": "protestant",
        "image": "https://kc.humanitarianresponse.info/attachment/original?media_file=mapkibera/attachments/1590394482953.jpg",
        "name": "Salvation Army",
        "religion": "christian"
      },
      "geometry": {
        "type": "Point",
        "coordinates": [
          36.8619577,
          -1.2618117
        ]
      },
      "id": "node/1112902265"
    },
    {
      "type": "Feature",
      "properties": {
        "@id": "node/1123193278",
        "amenity": "place_of_worship",
        "denomination": "pentecostal",
        "name": "K.A.G HURUMA CHRIST PROMOTION CENTRE",
        "religion": "christian"
      },
      "geometry": {
        "type": "Point",
        "coordinates": [
          36.8683982,
          -1.2605166
        ]
      },
      "id": "node/1123193278"
    },
    {
      "type": "Feature",
      "properties": {
        "@id": "node/1123201113",
        "amenity": "place_of_worship",
        "denomination": "catholic",
        "name": "ST Stephen chapel",
        "religion": "christian"
      },
      "geometry": {
        "type": "Point",
        "coordinates": [
          36.8696164,
          -1.2582441
        ]
      },
      "id": "node/1123201113"
    },
    {
      "type": "Feature",
      "properties": {
        "@id": "node/1123201116",
        "amenity": "place_of_worship",
        "denomination": "pentecostal",
        "name": "Genesis Immaculate Church",
        "name:it": "Genesis Immaculate",
        "religion": "christian"
      },
      "geometry": {
        "type": "Point",
        "coordinates": [
          36.8703574,
          -1.2581774
        ]
      },
      "id": "node/1123201116"
    },
    {
      "type": "Feature",
      "properties": {
        "@id": "node/1123201159",
        "amenity": "place_of_worship",
        "denomination": "sunni",
        "name": "ZAmzam Madrassa Centre",
        "religion": "muslim"
      },
      "geometry": {
        "type": "Point",
        "coordinates": [
          36.8695589,
          -1.2581186
        ]
      },
      "id": "node/1123201159"
    },
    {
      "type": "Feature",
      "properties": {
        "@id": "node/1123201164",
        "amenity": "place_of_worship",
        "denomination": "pentecostal",
        "name": "Grace World Harvest Church",
        "religion": "christian"
      },
      "geometry": {
        "type": "Point",
        "coordinates": [
          36.8695416,
          -1.2580618
        ]
      },
      "id": "node/1123201164"
    },
    {
      "type": "Feature",
      "properties": {
        "@id": "node/1123209258",
        "amenity": "place_of_worship",
        "denomination": "evangelical",
        "name": "ST Mathias Mulumba church",
        "religion": "christian"
      },
      "geometry": {
        "type": "Point",
        "coordinates": [
          36.8730689,
          -1.255255
        ]
      },
      "id": "node/1123209258"
    },
    {
      "type": "Feature",
      "properties": {
        "@id": "node/1123209289",
        "amenity": "place_of_worship",
        "denomination": "pentecostal",
        "name": "Apostolic Church Of Christ",
        "religion": "christian"
      },
      "geometry": {
        "type": "Point",
        "coordinates": [
          36.8732995,
          -1.2544255
        ]
      },
      "id": "node/1123209289"
    },
    {
      "type": "Feature",
      "properties": {
        "@id": "node/1123209306",
        "amenity": "place_of_worship",
        "denomination": "pentecostal",
        "name": "Messiah Gospel Center",
        "religion": "christian"
      },
      "geometry": {
        "type": "Point",
        "coordinates": [
          36.8733006,
          -1.2543538
        ]
      },
      "id": "node/1123209306"
    },
    {
      "type": "Feature",
      "properties": {
        "@id": "node/1123209347",
        "amenity": "place_of_worship",
        "denomination": "evangelical",
        "name": "Evangelical Victory Church",
        "religion": "christian"
      },
      "geometry": {
        "type": "Point",
        "coordinates": [
          36.8783261,
          -1.2533697
        ]
      },
      "id": "node/1123209347"
    },
    {
      "type": "Feature",
      "properties": {
        "@id": "node/1123209354",
        "building": "public",
        "name": "Outering Road Jua Kali Association Demonstration Centre"
      },
      "geometry": {
        "type": "Point",
        "coordinates": [
          36.8786233,
          -1.2547373
        ]
      },
      "id": "node/1123209354"
    },
    {
      "type": "Feature",
      "properties": {
        "@id": "node/1124602218",
        "amenity": "place_of_worship",
        "denomination": "pentecostal",
        "name": "Redeemed Gospel Church hall",
        "religion": "christian"
      },
      "geometry": {
        "type": "Point",
        "coordinates": [
          36.8652099,
          -1.2605029
        ]
      },
      "id": "node/1124602218"
    },
    {
      "type": "Feature",
      "properties": {
        "@id": "node/1124664462",
        "building": "public",
        "name": "Missionery of Charity Mother Teresa"
      },
      "geometry": {
        "type": "Point",
        "coordinates": [
          36.874575,
          -1.2552055
        ]
      },
      "id": "node/1124664462"
    },
    {
      "type": "Feature",
      "properties": {
        "@id": "way/1162961036",
        "alt_name": "junior library",
        "amenity": "library",
        "building": "yes",
        "name": "Grieve library",
        "source": "microsoft/BuildingFootprints",
        "@geometry": "center"
      },
      "geometry": {
        "type": "Point",
        "coordinates": [
          36.6667412,
          -1.2619046
        ]
      },
      "id": "way/1162961036"
    },
    {
      "type": "Feature",
      "properties": {
        "@id": "way/1170518689",
        "building": "public",
        "note": "height estimate from photo",
        "roof:shape": "round",
        "@geometry": "center"
      },
      "geometry": {
        "type": "Point",
        "coordinates": [
          36.8005258,
          -1.3245177
        ]
      },
      "id": "way/1170518689"
    },
    {
      "type": "Feature",
      "properties": {
        "@id": "way/1181181364",
        "amenity": "place_of_worship",
        "building": "yes",
        "name": "Kahawa Baracks",
        "religion": "muslim",
        "@geometry": "center"
      },
      "geometry": {
        "type": "Point",
        "coordinates": [
          36.921757,
          -1.1976714
        ]
      },
      "id": "way/1181181364"
    },
    {
      "type": "Feature",
      "properties": {
        "@id": "way/1183632463",
        "building": "public",
        "@geometry": "center"
      },
      "geometry": {
        "type": "Point",
        "coordinates": [
          36.8558193,
          -1.2634066
        ]
      },
      "id": "way/1183632463"
    },
    {
      "type": "Feature",
      "properties": {
        "@id": "way/1203104112",
        "amenity": "place_of_worship",
        "building": "yes",
        "denomination": "pentecostal",
        "religion": "christian",
        "@geometry": "center"
      },
      "geometry": {
        "type": "Point",
        "coordinates": [
          36.7236471,
          -1.2642359
        ]
      },
      "id": "way/1203104112"
    },
    {
      "type": "Feature",
      "properties": {
        "@id": "way/1211529949",
        "addr:city": "Nairobi",
        "addr:street": "Voi Lane",
        "amenity": "place_of_worship",
        "building": "yes",
        "name": "A.I.P.C.A Bahati",
        "religion": "christian",
        "source": "microsoft/BuildingFootprints",
        "@geometry": "center"
      },
      "geometry": {
        "type": "Point",
        "coordinates": [
          36.8543813,
          -1.2909799
        ]
      },
      "id": "way/1211529949"
    },
    {
      "type": "Feature",
      "properties": {
        "@id": "node/1221423644",
        "amenity": "place_of_worship",
        "name": "Sri Ram Mandir",
        "religion": "hindu"
      },
      "geometry": {
        "type": "Point",
        "coordinates": [
          36.8143164,
          -1.2642484
        ]
      },
      "id": "node/1221423644"
    },
    {
      "type": "Feature",
      "properties": {
        "@id": "node/1221423669",
        "amenity": "place_of_worship",
        "name": "Ayyappa Temple",
        "religion": "hindu"
      },
      "geometry": {
        "type": "Point",
        "coordinates": [
          36.8143808,
          -1.264227
        ]
      },
      "id": "node/1221423669"
    },
    {
      "type": "Feature",
      "properties": {
        "@id": "node/1240015179",
        "addr:city": "Nairobi",
        "addr:street": "Utalii Lane",
        "amenity": "community_centre",
        "name": "Cultural Council of Embassy of the Islamic Republic of Iran",
        "name:ar": "المجلس الثقافي لسفارة جمهورية إيران الإسلامية",
        "name:de": "Kulturrat der Botschaft der Islamischen Republik Iran",
        "name:fr": "Conseil culturel de l'Ambassade de la République islamique d'Iran"
      },
      "geometry": {
        "type": "Point",
        "coordinates": [
          36.8161318,
          -1.2820344
        ]
      },
      "id": "node/1240015179"
    },
    {
      "type": "Feature",
      "properties": {
        "@id": "node/1240015205",
        "addr:city": "Nairobi",
        "addr:street": "Monrovia Street",
        "amenity": "community_centre",
        "community_centre": "language_centre",
        "language:de": "main",
        "name": "Goethe-Institut",
        "name:de": "Goethe-Institut",
        "name:fr": "Institut Goethe",
        "school:language": "de",
        "wikidata": "Q157033"
      },
      "geometry": {
        "type": "Point",
        "coordinates": [
          36.8166356,
          -1.2821621
        ]
      },
      "id": "node/1240015205"
    },
    {
      "type": "Feature",
      "properties": {
        "@id": "node/1249726618",
        "amenity": "place_of_worship",
        "check_date": "2023-04-13",
        "denomination": "catholic",
        "name": "St.Domnic Catholic Church",
        "religion": "christian"
      },
      "geometry": {
        "type": "Point",
        "coordinates": [
          36.7891148,
          -1.3085659
        ]
      },
      "id": "node/1249726618"
    },
    {
      "type": "Feature",
      "properties": {
        "@id": "node/1250967850",
        "amenity": "place_of_worship",
        "check_date": "2023-05-04",
        "denomination": "evangelical",
        "name": "Life in Christ church",
        "religion": "christian"
      },
      "geometry": {
        "type": "Point",
        "coordinates": [
          36.8000852,
          -1.3128369
        ]
      },
      "id": "node/1250967850"
    },
    {
      "type": "Feature",
      "properties": {
        "@id": "way/1288471736",
        "amenity": "place_of_worship",
        "building": "yes",
        "name": "Free Pentecostal Church Waithaka",
        "religion": "christian",
        "@geometry": "center"
      },
      "geometry": {
        "type": "Point",
        "coordinates": [
          36.7153226,
          -1.2838573
        ]
      },
      "id": "way/1288471736"
    },
    {
      "type": "Feature",
      "properties": {
        "@id": "way/1293621512",
        "amenity": "place_of_worship",
        "building": "yes",
        "name": "Kamiti Mosque",
        "religion": "muslim",
        "@geometry": "center"
      },
      "geometry": {
        "type": "Point",
        "coordinates": [
          36.8925858,
          -1.1790678
        ]
      },
      "id": "way/1293621512"
    },
    {
      "type": "Feature",
      "properties": {
        "@id": "way/1307935548",
        "amenity": "place_of_worship",
        "building": "church",
        "denomination": "protestant",
        "name": "Apostolic Faith Church Kiamumbi",
        "religion": "christian",
        "@geometry": "center"
      },
      "geometry": {
        "type": "Point",
        "coordinates": [
          36.888899,
          -1.1889066
        ]
      },
      "id": "way/1307935548"
    },
    {
      "type": "Feature",
      "properties": {
        "@id": "way/1307937386",
        "amenity": "place_of_worship",
        "building": "church",
        "denomination": "protestant",
        "name": "Apostolic Gospel Revival Church Kiamumbi",
        "religion": "christian",
        "@geometry": "center"
      },
      "geometry": {
        "type": "Point",
        "coordinates": [
          36.8869917,
          -1.1875608
        ]
      },
      "id": "way/1307937386"
    },
    {
      "type": "Feature",
      "properties": {
        "@id": "way/1308029795",
        "amenity": "place_of_worship",
        "building": "church",
        "denomination": "anglican",
        "name": "ACK St Simon Kiamumbi",
        "religion": "christian",
        "@geometry": "center"
      },
      "geometry": {
        "type": "Point",
        "coordinates": [
          36.8909632,
          -1.1899291
        ]
      },
      "id": "way/1308029795"
    },
    {
      "type": "Feature",
      "properties": {
        "@id": "way/1308337283",
        "amenity": "place_of_worship",
        "building": "church",
        "denomination": "catholic",
        "name": "Consolata Catholic Church Maziwa",
        "religion": "christian",
        "@geometry": "center"
      },
      "geometry": {
        "type": "Point",
        "coordinates": [
          36.8964657,
          -1.1910715
        ]
      },
      "id": "way/1308337283"
    },
    {
      "type": "Feature",
      "properties": {
        "@id": "way/1308562854",
        "amenity": "place_of_worship",
        "building": "yes",
        "denomination": "jehovahs_witness",
        "religion": "christian",
        "@geometry": "center"
      },
      "geometry": {
        "type": "Point",
        "coordinates": [
          36.8962511,
          -1.2960347
        ]
      },
      "id": "way/1308562854"
    },
    {
      "type": "Feature",
      "properties": {
        "@id": "way/1309014762",
        "addr:street": "TC101",
        "amenity": "community_centre",
        "building": "yes",
        "name": "Tatu Training Academy",
        "@geometry": "center"
      },
      "geometry": {
        "type": "Point",
        "coordinates": [
          36.9072856,
          -1.1507041
        ]
      },
      "id": "way/1309014762"
    },
    {
      "type": "Feature",
      "properties": {
        "@id": "way/1309104049",
        "amenity": "place_of_worship",
        "building": "yes",
        "name": "PCEA Mai Ma Ihii Church",
        "religion": "christian",
        "@geometry": "center"
      },
      "geometry": {
        "type": "Point",
        "coordinates": [
          36.6517569,
          -1.2595233
        ]
      },
      "id": "way/1309104049"
    },
    {
      "type": "Feature",
      "properties": {
        "@id": "node/1333644428",
        "amenity": "place_of_worship",
        "check_date": "2023-05-11",
        "religion": "christian"
      },
      "geometry": {
        "type": "Point",
        "coordinates": [
          36.7995871,
          -1.2888259
        ]
      },
      "id": "node/1333644428"
    },
    {
      "type": "Feature",
      "properties": {
        "@id": "node/1333657690",
        "building": "public",
        "check_date": "2023-05-02",
        "name": "legal resource foundation office"
      },
      "geometry": {
        "type": "Point",
        "coordinates": [
          36.7969392,
          -1.2894308
        ]
      },
      "id": "node/1333657690"
    },
    {
      "type": "Feature",
      "properties": {
        "@id": "node/1333806679",
        "addr:city": "Nairobi",
        "addr:street": "Outer Ring Road",
        "amenity": "place_of_worship",
        "name": "God's Power Church,Ruaraka,Kenya",
        "religion": "christian"
      },
      "geometry": {
        "type": "Point",
        "coordinates": [
          36.8749082,
          -1.2482361
        ]
      },
      "id": "node/1333806679"
    },
    {
      "type": "Feature",
      "properties": {
        "@id": "way/1342085810",
        "amenity": "place_of_worship",
        "building": "yes",
        "name": "Chieko SDA church",
        "religion": "christian",
        "@geometry": "center"
      },
      "geometry": {
        "type": "Point",
        "coordinates": [
          36.9224909,
          -1.2350159
        ]
      },
      "id": "way/1342085810"
    },
    {
      "type": "Feature",
      "properties": {
        "@id": "way/1342085811",
        "amenity": "place_of_worship",
        "building": "yes",
        "religion": "christian",
        "@geometry": "center"
      },
      "geometry": {
        "type": "Point",
        "coordinates": [
          36.9222173,
          -1.2350994
        ]
      },
      "id": "way/1342085811"
    },
    {
      "type": "Feature",
      "properties": {
        "@id": "way/1350640980",
        "addr:street": "King'eero Catholic Church Road",
        "amenity": "place_of_worship",
        "building": "yes",
        "denomination": "catholic",
        "name": "Holy Eucharist Catholic Church",
        "name:en": "King'eero  Catholic Church",
        "religion": "christian",
        "service_times": "7AM - 9PM",
        "@geometry": "center"
      },
      "geometry": {
        "type": "Point",
        "coordinates": [
          36.7066009,
          -1.2286061
        ]
      },
      "id": "way/1350640980"
    },
    {
      "type": "Feature",
      "properties": {
        "@id": "way/1350645558",
        "amenity": "place_of_worship",
        "building": "yes",
        "name": "Divine Grace Ecclesia",
        "religion": "christian",
        "@geometry": "center"
      },
      "geometry": {
        "type": "Point",
        "coordinates": [
          36.7055511,
          -1.2256662
        ]
      },
      "id": "way/1350645558"
    },
    {
      "type": "Feature",
      "properties": {
        "@id": "way/1350649652",
        "amenity": "place_of_worship",
        "building": "church",
        "denomination": "anglican",
        "name": "A.C.K Ndurarua Church",
        "religion": "christian",
        "service_times": "8AM - 12PM",
        "@geometry": "center"
      },
      "geometry": {
        "type": "Point",
        "coordinates": [
          36.7035188,
          -1.2244062
        ]
      },
      "id": "way/1350649652"
    },
    {
      "type": "Feature",
      "properties": {
        "@id": "way/1390010089",
        "amenity": "social_facility",
        "barrier": "wall",
        "healthcare:speciality": "palliative",
        "name": "Nairobi Hospice",
        "social_facility": "nursing_home",
        "website": "https://nairobihospice.or.ke/",
        "@geometry": "center"
      },
      "geometry": {
        "type": "Point",
        "coordinates": [
          36.808545,
          -1.2990743
        ]
      },
      "id": "way/1390010089"
    },
    {
      "type": "Feature",
      "properties": {
        "@id": "node/1417861299",
        "amenity": "place_of_worship",
        "denomination": "pentecostal",
        "name": "New Vision Pentecostal Ministries",
        "religion": "christian"
      },
      "geometry": {
        "type": "Point",
        "coordinates": [
          36.8857134,
          -1.3202984
        ]
      },
      "id": "node/1417861299"
    },
    {
      "type": "Feature",
      "properties": {
        "@id": "node/1417861318",
        "amenity": "place_of_worship",
        "denomination": "presbyterian",
        "name": "P.C.E.A Neema Parish",
        "religion": "christian"
      },
      "geometry": {
        "type": "Point",
        "coordinates": [
          36.8779641,
          -1.3211698
        ]
      },
      "id": "node/1417861318"
    },
    {
      "type": "Feature",
      "properties": {
        "@id": "node/1417861354",
        "amenity": "place_of_worship",
        "denomination": "anglican",
        "name": "A.C.K church",
        "religion": "christian"
      },
      "geometry": {
        "type": "Point",
        "coordinates": [
          36.8860338,
          -1.3225228
        ]
      },
      "id": "node/1417861354"
    },
    {
      "type": "Feature",
      "properties": {
        "@id": "node/1417861356",
        "amenity": "place_of_worship",
        "denomination": "seventh_day_adventist",
        "name": "Seventh Day Adventist / Imara Daima Academy",
        "religion": "christian"
      },
      "geometry": {
        "type": "Point",
        "coordinates": [
          36.8852967,
          -1.3212959
        ]
      },
      "id": "node/1417861356"
    },
    {
      "type": "Feature",
      "properties": {
        "@id": "node/1417861363",
        "amenity": "place_of_worship",
        "denomination": "protestant",
        "name": "Nabii Powerful Christian Church",
        "religion": "christian"
      },
      "geometry": {
        "type": "Point",
        "coordinates": [
          36.8808399,
          -1.3180568
        ]
      },
      "id": "node/1417861363"
    },
    {
      "type": "Feature",
      "properties": {
        "@id": "node/1417918701",
        "amenity": "place_of_worship",
        "denomination": "pentecostal",
        "name": "Bread Of Life Church",
        "religion": "christian"
      },
      "geometry": {
        "type": "Point",
        "coordinates": [
          36.88443,
          -1.3166739
        ]
      },
      "id": "node/1417918701"
    },
    {
      "type": "Feature",
      "properties": {
        "@id": "node/1417918705",
        "amenity": "place_of_worship",
        "denomination": "pentecostal",
        "name": "Gethsemane Ministry Imara Daima Church",
        "religion": "christian"
      },
      "geometry": {
        "type": "Point",
        "coordinates": [
          36.8844746,
          -1.3178565
        ]
      },
      "id": "node/1417918705"
    },
    {
      "type": "Feature",
      "properties": {
        "@id": "node/1417918706",
        "amenity": "place_of_worship",
        "denomination": "pentecostal",
        "name": "Gospel Futhering Church",
        "religion": "christian"
      },
      "geometry": {
        "type": "Point",
        "coordinates": [
          36.8839592,
          -1.3173057
        ]
      },
      "id": "node/1417918706"
    },
    {
      "type": "Feature",
      "properties": {
        "@id": "node/1417918712",
        "amenity": "place_of_worship",
        "denomination": "pentecostal",
        "name": "Kwa Njenga Milimani Church",
        "religion": "christian"
      },
      "geometry": {
        "type": "Point",
        "coordinates": [
          36.884663,
          -1.3166386
        ]
      },
      "id": "node/1417918712"
    },
    {
      "type": "Feature",
      "properties": {
        "@id": "node/1417918714",
        "amenity": "place_of_worship",
        "denomination": "pentecostal",
        "name": "Living Gospel Church",
        "religion": "christian"
      },
      "geometry": {
        "type": "Point",
        "coordinates": [
          36.8844928,
          -1.3140144
        ]
      },
      "id": "node/1417918714"
    },
    {
      "type": "Feature",
      "properties": {
        "@id": "node/1417918720",
        "amenity": "place_of_worship",
        "denomination": "pentecostal",
        "name": "Overcomers church",
        "religion": "christian"
      },
      "geometry": {
        "type": "Point",
        "coordinates": [
          36.8837383,
          -1.3155846
        ]
      },
      "id": "node/1417918720"
    },
    {
      "type": "Feature",
      "properties": {
        "@id": "node/1417918721",
        "amenity": "place_of_worship",
        "denomination": "pentecostal",
        "name": "Rejoice Gospel christian church",
        "religion": "christian"
      },
      "geometry": {
        "type": "Point",
        "coordinates": [
          36.884092,
          -1.3141028
        ]
      },
      "id": "node/1417918721"
    },
    {
      "type": "Feature",
      "properties": {
        "@id": "node/1419004975",
        "amenity": "place_of_worship",
        "denomination": "pentecostal",
        "name": "Christian Builders Mission",
        "religion": "christian"
      },
      "geometry": {
        "type": "Point",
        "coordinates": [
          36.8862574,
          -1.3147471
        ]
      },
      "id": "node/1419004975"
    },
    {
      "type": "Feature",
      "properties": {
        "@id": "node/1419004983",
        "amenity": "place_of_worship",
        "denomination": "pentecostal",
        "name": "Hossana Prophetic and Miracle Church",
        "religion": "christian"
      },
      "geometry": {
        "type": "Point",
        "coordinates": [
          36.885805,
          -1.3181163
        ]
      },
      "id": "node/1419004983"
    },
    {
      "type": "Feature",
      "properties": {
        "@id": "node/1419004984",
        "amenity": "place_of_worship",
        "denomination": "pentecostal",
        "name": "House Of Prayers For All People",
        "religion": "christian"
      },
      "geometry": {
        "type": "Point",
        "coordinates": [
          36.8862339,
          -1.3161499
        ]
      },
      "id": "node/1419004984"
    },
    {
      "type": "Feature",
      "properties": {
        "@id": "node/1419004990",
        "amenity": "place_of_worship",
        "denomination": "pentecostal",
        "name": "King of Judah Ministries",
        "religion": "christian"
      },
      "geometry": {
        "type": "Point",
        "coordinates": [
          36.8883334,
          -1.3175275
        ]
      },
      "id": "node/1419004990"
    },
    {
      "type": "Feature",
      "properties": {
        "@id": "node/1419004994",
        "amenity": "place_of_worship",
        "denomination": "pentecostal",
        "name": "Oasis of Grace Church",
        "religion": "christian"
      },
      "geometry": {
        "type": "Point",
        "coordinates": [
          36.8863281,
          -1.3146918
        ]
      },
      "id": "node/1419004994"
    },
    {
      "type": "Feature",
      "properties": {
        "@id": "node/1419004995",
        "amenity": "place_of_worship",
        "denomination": "pentecostal",
        "name": "Overcomers Miracle church",
        "religion": "christian"
      },
      "geometry": {
        "type": "Point",
        "coordinates": [
          36.8850945,
          -1.3188251
        ]
      },
      "id": "node/1419004995"
    },
    {
      "type": "Feature",
      "properties": {
        "@id": "node/1419004997",
        "amenity": "place_of_worship",
        "denomination": "pentecostal",
        "name": "Power Delivarance of Christ Centre",
        "religion": "christian"
      },
      "geometry": {
        "type": "Point",
        "coordinates": [
          36.8850123,
          -1.319149
        ]
      },
      "id": "node/1419004997"
    },
    {
      "type": "Feature",
      "properties": {
        "@id": "node/1419005004",
        "amenity": "place_of_worship",
        "denomination": "pentecostal",
        "name": "The Praises of Victory Ministries",
        "religion": "christian"
      },
      "geometry": {
        "type": "Point",
        "coordinates": [
          36.8881196,
          -1.3189834
        ]
      },
      "id": "node/1419005004"
    },
    {
      "type": "Feature",
      "properties": {
        "@id": "node/1419024348",
        "amenity": "place_of_worship",
        "building": "church",
        "denomination": "pentecostal",
        "religion": "christian"
      },
      "geometry": {
        "type": "Point",
        "coordinates": [
          36.8862733,
          -1.3170865
        ]
      },
      "id": "node/1419024348"
    },
    {
      "type": "Feature",
      "properties": {
        "@id": "node/1419101745",
        "amenity": "place_of_worship",
        "denomination": "pentecostal",
        "name": "Living water minstry",
        "religion": "christian"
      },
      "geometry": {
        "type": "Point",
        "coordinates": [
          36.8891574,
          -1.3222027
        ]
      },
      "id": "node/1419101745"
    },
    {
      "type": "Feature",
      "properties": {
        "@id": "node/1419101751",
        "amenity": "place_of_worship",
        "religion": "muslim"
      },
      "geometry": {
        "type": "Point",
        "coordinates": [
          36.886429,
          -1.3211074
        ]
      },
      "id": "node/1419101751"
    },
    {
      "type": "Feature",
      "properties": {
        "@id": "node/1419101761",
        "amenity": "place_of_worship",
        "denomination": "pentecostal",
        "name": "Zion Arc Glory Church",
        "religion": "christian"
      },
      "geometry": {
        "type": "Point",
        "coordinates": [
          36.887367,
          -1.3220174
        ]
      },
      "id": "node/1419101761"
    },
    {
      "type": "Feature",
      "properties": {
        "@id": "node/1419101765",
        "amenity": "place_of_worship",
        "denomination": "pentecostal",
        "name": "Maximum victory",
        "religion": "christian"
      },
      "geometry": {
        "type": "Point",
        "coordinates": [
          36.8879069,
          -1.321741
        ]
      },
      "id": "node/1419101765"
    },
    {
      "type": "Feature",
      "properties": {
        "@id": "node/1419101772",
        "amenity": "place_of_worship",
        "denomination": "pentecostal",
        "name": "Living Gospel Workers Fellowship",
        "religion": "christian"
      },
      "geometry": {
        "type": "Point",
        "coordinates": [
          36.8872838,
          -1.3224325
        ]
      },
      "id": "node/1419101772"
    },
    {
      "type": "Feature",
      "properties": {
        "@id": "node/1419856032",
        "amenity": "place_of_worship",
        "building": "chapel",
        "check_date": "2023-05-11",
        "denomination": "anglican",
        "name": "YMCA Chapel",
        "religion": "christian",
        "service_times": "08:00"
      },
      "geometry": {
        "type": "Point",
        "coordinates": [
          36.8134157,
          -1.279925
        ]
      },
      "id": "node/1419856032"
    },
    {
      "type": "Feature",
      "properties": {
        "@id": "node/1432507869",
        "amenity": "place_of_worship",
        "denomination": "baptist",
        "name": "ACK diamond church",
        "religion": "christian"
      },
      "geometry": {
        "type": "Point",
        "coordinates": [
          36.8776267,
          -1.3128394
        ]
      },
      "id": "node/1432507869"
    },
    {
      "type": "Feature",
      "properties": {
        "@id": "node/1432507890",
        "amenity": "place_of_worship",
        "denomination": "pentecostal",
        "name": "Cross of grace ministries",
        "religion": "christian"
      },
      "geometry": {
        "type": "Point",
        "coordinates": [
          36.87565,
          -1.3190434
        ]
      },
      "id": "node/1432507890"
    },
    {
      "type": "Feature",
      "properties": {
        "@id": "node/1432507896",
        "amenity": "place_of_worship",
        "denomination": "baptist",
        "name": "Deliverance Church",
        "religion": "christian"
      },
      "geometry": {
        "type": "Point",
        "coordinates": [
          36.8744663,
          -1.3169086
        ]
      },
      "id": "node/1432507896"
    },
    {
      "type": "Feature",
      "properties": {
        "@id": "node/1432507911",
        "amenity": "place_of_worship",
        "denomination": "baptist",
        "name": "Full inependent concregations church",
        "religion": "christian"
      },
      "geometry": {
        "type": "Point",
        "coordinates": [
          36.8748923,
          -1.3159989
        ]
      },
      "id": "node/1432507911"
    },
    {
      "type": "Feature",
      "properties": {
        "@id": "node/1432507914",
        "amenity": "place_of_worship",
        "denomination": "baptist",
        "name": "G.N.C.A. church lungalunga",
        "religion": "christian"
      },
      "geometry": {
        "type": "Point",
        "coordinates": [
          36.8682322,
          -1.3112186
        ]
      },
      "id": "node/1432507914"
    },
    {
      "type": "Feature",
      "properties": {
        "@id": "node/1432507918",
        "amenity": "place_of_worship",
        "denomination": "baptist",
        "name": "GOD celebration church",
        "religion": "christian"
      },
      "geometry": {
        "type": "Point",
        "coordinates": [
          36.8613853,
          -1.3101941
        ]
      },
      "id": "node/1432507918"
    },
    {
      "type": "Feature",
      "properties": {
        "@id": "node/1432507930",
        "amenity": "place_of_worship",
        "denomination": "evangelical",
        "name": "Huduma prophetic church",
        "opening_hours": "Mo-Fr 08:30-20:00",
        "religion": "christian",
        "service_times": "Su 10:00"
      },
      "geometry": {
        "type": "Point",
        "coordinates": [
          36.8745202,
          -1.3180808
        ]
      },
      "id": "node/1432507930"
    },
    {
      "type": "Feature",
      "properties": {
        "@id": "node/1432507989",
        "amenity": "place_of_worship",
        "denomination": "baptist",
        "name": "Living Light Church",
        "religion": "christian"
      },
      "geometry": {
        "type": "Point",
        "coordinates": [
          36.8763903,
          -1.3153401
        ]
      },
      "id": "node/1432507989"
    },
    {
      "type": "Feature",
      "properties": {
        "@id": "node/1432507997",
        "amenity": "place_of_worship",
        "denomination": "baptist",
        "name": "Living vine christ ministries",
        "religion": "christian"
      },
      "geometry": {
        "type": "Point",
        "coordinates": [
          36.8763903,
          -1.3137543
        ]
      },
      "id": "node/1432507997"
    },
    {
      "type": "Feature",
      "properties": {
        "@id": "node/1432508034",
        "amenity": "place_of_worship",
        "denomination": "baptist",
        "name": "Oasis church of God",
        "religion": "christian"
      },
      "geometry": {
        "type": "Point",
        "coordinates": [
          36.8755702,
          -1.3164414
        ]
      },
      "id": "node/1432508034"
    },
    {
      "type": "Feature",
      "properties": {
        "@id": "node/1432508058",
        "accessibility_pwd": "TRUE",
        "amenity": "place_of_worship",
        "denomination": "catholic",
        "facility_owner": "religious groups",
        "name": "St. monicah catholic church",
        "operator": "Religious Group",
        "religion": "christian",
        "status": "functional"
      },
      "geometry": {
        "type": "Point",
        "coordinates": [
          36.865504,
          -1.3116528
        ]
      },
      "id": "node/1432508058"
    },
    {
      "type": "Feature",
      "properties": {
        "@id": "node/1437347760",
        "amenity": "place_of_worship",
        "denomination": "baptist",
        "name": "African inland church",
        "religion": "christian"
      },
      "geometry": {
        "type": "Point",
        "coordinates": [
          36.8764224,
          -1.3178859
        ]
      },
      "id": "node/1437347760"
    },
    {
      "type": "Feature",
      "properties": {
        "@id": "node/1437347765",
        "amenity": "place_of_worship",
        "name": "Agape Fellowship Church",
        "religion": "christian",
        "service_times": "06:00-13:00,"
      },
      "geometry": {
        "type": "Point",
        "coordinates": [
          36.8743902,
          -1.3183171
        ]
      },
      "id": "node/1437347765"
    },
    {
      "type": "Feature",
      "properties": {
        "@id": "node/1437347826",
        "amenity": "place_of_worship",
        "denomination": "evangelical",
        "name": "Huduma prophetic church",
        "opening_hours": "Mo-Fr 08:30-20:00",
        "religion": "christian",
        "service_times": "Su 10:00"
      },
      "geometry": {
        "type": "Point",
        "coordinates": [
          36.8744865,
          -1.3180541
        ]
      },
      "id": "node/1437347826"
    },
    {
      "type": "Feature",
      "properties": {
        "@id": "node/1446059175",
        "amenity": "community_centre",
        "name": "Jamaica youth group"
      },
      "geometry": {
        "type": "Point",
        "coordinates": [
          36.8771032,
          -1.3105521
        ]
      },
      "id": "node/1446059175"
    },
    {
      "type": "Feature",
      "properties": {
        "@id": "node/1446059180",
        "amenity": "community_centre",
        "name": "International agency"
      },
      "geometry": {
        "type": "Point",
        "coordinates": [
          36.8690883,
          -1.3109913
        ]
      },
      "id": "node/1446059180"
    },
    {
      "type": "Feature",
      "properties": {
        "@id": "node/1446059202",
        "amenity": "place_of_worship",
        "denomination": "baptist",
        "name": "Baptist church",
        "religion": "christian"
      },
      "geometry": {
        "type": "Point",
        "coordinates": [
          36.8707531,
          -1.3116042
        ]
      },
      "id": "node/1446059202"
    },
    {
      "type": "Feature",
      "properties": {
        "@id": "node/1446059248",
        "amenity": "community_centre",
        "name": "Red cross community based resource",
        "operator": "Red cross"
      },
      "geometry": {
        "type": "Point",
        "coordinates": [
          36.8670359,
          -1.3162822
        ]
      },
      "id": "node/1446059248"
    },
    {
      "type": "Feature",
      "properties": {
        "@id": "node/1446059276",
        "accessibility_pwd": "TRUE",
        "amenity": "place_of_worship",
        "denomination": "protestant",
        "facility_owner": "religious groups",
        "name": "Pcea neema church",
        "operator": "Religious Group",
        "religion": "christian",
        "status": "functional"
      },
      "geometry": {
        "type": "Point",
        "coordinates": [
          36.872832,
          -1.3109245
        ]
      },
      "id": "node/1446059276"
    },
    {
      "type": "Feature",
      "properties": {
        "@id": "node/1446059278",
        "amenity": "place_of_worship",
        "denomination": "evangelical",
        "name": "A.I.C church",
        "opening_hours": "Tu-Su 08:00-15:00;Sa 08:00-12:00",
        "religion": "christian"
      },
      "geometry": {
        "type": "Point",
        "coordinates": [
          36.8757127,
          -1.3101115
        ]
      },
      "id": "node/1446059278"
    },
    {
      "type": "Feature",
      "properties": {
        "@id": "node/1446059313",
        "amenity": "place_of_worship",
        "name": "Living glory ministry",
        "religion": "christian"
      },
      "geometry": {
        "type": "Point",
        "coordinates": [
          36.8695801,
          -1.3109718
        ]
      },
      "id": "node/1446059313"
    },
    {
      "type": "Feature",
      "properties": {
        "@id": "node/1446059334",
        "amenity": "place_of_worship",
        "denomination": "baptist",
        "name": "Kwa reuben baptist church",
        "religion": "christian"
      },
      "geometry": {
        "type": "Point",
        "coordinates": [
          36.8662052,
          -1.3160039
        ]
      },
      "id": "node/1446059334"
    },
    {
      "type": "Feature",
      "properties": {
        "@id": "node/1446230055",
        "amenity": "place_of_worship",
        "name": "Lukenya Community Church",
        "religion": "christian"
      },
      "geometry": {
        "type": "Point",
        "coordinates": [
          37.0381687,
          -1.4422859
        ]
      },
      "id": "node/1446230055"
    },
    {
      "type": "Feature",
      "properties": {
        "@id": "node/1446234787",
        "amenity": "place_of_worship",
        "name": "Kileleshwa Covenant Community Church (K3C)",
        "religion": "christian"
      },
      "geometry": {
        "type": "Point",
        "coordinates": [
          36.7892705,
          -1.2780631
        ]
      },
      "id": "node/1446234787"
    },
    {
      "type": "Feature",
      "properties": {
        "@id": "node/1453518921",
        "amenity": "place_of_worship",
        "name": "Mariakani Christian Centre",
        "religion": "christian"
      },
      "geometry": {
        "type": "Point",
        "coordinates": [
          36.8349896,
          -1.3111438
        ]
      },
      "id": "node/1453518921"
    },
    {
      "type": "Feature",
      "properties": {
        "@id": "node/1453524899",
        "addr:city": "Nairobi",
        "addr:street": "Mombasa Road",
        "amenity": "place_of_worship",
        "name": "International Christian Centre",
        "religion": "christian"
      },
      "geometry": {
        "type": "Point",
        "coordinates": [
          36.8277931,
          -1.3098161
        ]
      },
      "id": "node/1453524899"
    },
    {
      "type": "Feature",
      "properties": {
        "@id": "way/1453554782",
        "accessibility_pwd": "TRUE",
        "amenity": "place_of_worship",
        "building": "yes",
        "facility_owner": "religious groups",
        "name": "FAITH INTERNATIONAL CHURCH",
        "operator": "Religious Group",
        "religion": "christian",
        "status": "functional",
        "@geometry": "center"
      },
      "geometry": {
        "type": "Point",
        "coordinates": [
          36.880415,
          -1.3092164
        ]
      },
      "id": "way/1453554782"
    },
    {
      "type": "Feature",
      "properties": {
        "@id": "node/1453972987",
        "amenity": "community_centre",
        "name": "community children education project",
        "operator": "Goal Kenya"
      },
      "geometry": {
        "type": "Point",
        "coordinates": [
          36.848946,
          -1.3149418
        ]
      },
      "id": "node/1453972987"
    },
    {
      "type": "Feature",
      "properties": {
        "@id": "node/1453972990",
        "amenity": "community_centre",
        "name": "hazina pamoja self help group",
        "operator": "youth group"
      },
      "geometry": {
        "type": "Point",
        "coordinates": [
          36.8491204,
          -1.3150203
        ]
      },
      "id": "node/1453972990"
    },
    {
      "type": "Feature",
      "properties": {
        "@id": "node/1453973019",
        "amenity": "place_of_worship",
        "building": "yes",
        "denomination": "pentecostal",
        "name": "hollyness worship centre",
        "religion": "christian"
      },
      "geometry": {
        "type": "Point",
        "coordinates": [
          36.8492487,
          -1.3151129
        ]
      },
      "id": "node/1453973019"
    },
    {
      "type": "Feature",
      "properties": {
        "@id": "node/1456685343",
        "amenity": "place_of_worship",
        "denomination": "seventh_day_adventist",
        "name": "hazina SDA Church",
        "religion": "christian"
      },
      "geometry": {
        "type": "Point",
        "coordinates": [
          36.8489063,
          -1.313805
        ]
      },
      "id": "node/1456685343"
    },
    {
      "type": "Feature",
      "properties": {
        "@id": "node/1456685419",
        "amenity": "community_centre",
        "name": "interpool tailoring and hairdressing and training"
      },
      "geometry": {
        "type": "Point",
        "coordinates": [
          36.8474297,
          -1.3140801
        ]
      },
      "id": "node/1456685419"
    },
    {
      "type": "Feature",
      "properties": {
        "@id": "node/1456685438",
        "amenity": "community_centre",
        "name": "mukuru community water project",
        "operator": "CBO"
      },
      "geometry": {
        "type": "Point",
        "coordinates": [
          36.845478,
          -1.3133129
        ]
      },
      "id": "node/1456685438"
    },
    {
      "type": "Feature",
      "properties": {
        "@id": "node/1456685440",
        "amenity": "community_centre",
        "name": "make a betterworld kenya",
        "operator": "NGO"
      },
      "geometry": {
        "type": "Point",
        "coordinates": [
          36.8455552,
          -1.3132302
        ]
      },
      "id": "node/1456685440"
    },
    {
      "type": "Feature",
      "properties": {
        "@id": "node/1456685443",
        "amenity": "place_of_worship",
        "denomination": "pentecostal",
        "name": "PEFA church and school",
        "religion": "christian"
      },
      "geometry": {
        "type": "Point",
        "coordinates": [
          36.8454859,
          -1.3135899
        ]
      },
      "id": "node/1456685443"
    },
    {
      "type": "Feature",
      "properties": {
        "@id": "node/1460334548",
        "amenity": "place_of_worship",
        "denomination": "catholic",
        "religion": "christian"
      },
      "geometry": {
        "type": "Point",
        "coordinates": [
          37.0975327,
          -1.1674226
        ]
      },
      "id": "node/1460334548"
    },
    {
      "type": "Feature",
      "properties": {
        "@id": "node/1483304296",
        "amenity": "place_of_worship",
        "denomination": "protestant",
        "name": "Calvary christian centre",
        "religion": "christian"
      },
      "geometry": {
        "type": "Point",
        "coordinates": [
          36.8405083,
          -1.3066067
        ]
      },
      "id": "node/1483304296"
    },
    {
      "type": "Feature",
      "properties": {
        "@id": "node/1483304305",
        "amenity": "community_centre",
        "name": "Upendo rescue centre"
      },
      "geometry": {
        "type": "Point",
        "coordinates": [
          36.8411971,
          -1.3080799
        ]
      },
      "id": "node/1483304305"
    },
    {
      "type": "Feature",
      "properties": {
        "@id": "node/1483304309",
        "amenity": "community_centre",
        "name": "commnity office"
      },
      "geometry": {
        "type": "Point",
        "coordinates": [
          36.8435398,
          -1.3124745
        ]
      },
      "id": "node/1483304309"
    },
    {
      "type": "Feature",
      "properties": {
        "@id": "node/1483304310",
        "amenity": "community_centre",
        "name": "communityoffice"
      },
      "geometry": {
        "type": "Point",
        "coordinates": [
          36.8433304,
          -1.3119939
        ]
      },
      "id": "node/1483304310"
    },
    {
      "type": "Feature",
      "properties": {
        "@id": "node/1493484773",
        "amenity": "place_of_worship",
        "name": "AIC church",
        "religion": "christian"
      },
      "geometry": {
        "type": "Point",
        "coordinates": [
          36.8504476,
          -1.3128381
        ]
      },
      "id": "node/1493484773"
    },
    {
      "type": "Feature",
      "properties": {
        "@id": "node/1493484781",
        "amenity": "place_of_worship",
        "name": "Christ ambassodar church",
        "religion": "christian"
      },
      "geometry": {
        "type": "Point",
        "coordinates": [
          36.8419115,
          -1.311494
        ]
      },
      "id": "node/1493484781"
    },
    {
      "type": "Feature",
      "properties": {
        "@id": "node/1493484846",
        "amenity": "place_of_worship",
        "religion": "muslim"
      },
      "geometry": {
        "type": "Point",
        "coordinates": [
          36.8496512,
          -1.3124993
        ]
      },
      "id": "node/1493484846"
    },
    {
      "type": "Feature",
      "properties": {
        "@id": "node/1493484847",
        "FIXME": "check name spelling",
        "amenity": "place_of_worship",
        "denomination": "presbyterian",
        "name": "Mukuru Africa evangelicul prospytorian church",
        "religion": "christian"
      },
      "geometry": {
        "type": "Point",
        "coordinates": [
          36.8427902,
          -1.3109426
        ]
      },
      "id": "node/1493484847"
    },
    {
      "type": "Feature",
      "properties": {
        "@id": "node/1493484851",
        "amenity": "place_of_worship",
        "denomination": "anglican",
        "name": "PCEA",
        "religion": "christian"
      },
      "geometry": {
        "type": "Point",
        "coordinates": [
          36.8501147,
          -1.312621
        ]
      },
      "id": "node/1493484851"
    },
    {
      "type": "Feature",
      "properties": {
        "@id": "node/1493484947",
        "amenity": "place_of_worship",
        "name": "st veronica ACK Church",
        "religion": "christian"
      },
      "geometry": {
        "type": "Point",
        "coordinates": [
          36.8423413,
          -1.3118808
        ]
      },
      "id": "node/1493484947"
    },
    {
      "type": "Feature",
      "properties": {
        "@id": "way/1499769338",
        "amenity": "place_of_worship",
        "landuse": "religious",
        "religion": "christian",
        "@geometry": "center"
      },
      "geometry": {
        "type": "Point",
        "coordinates": [
          36.9590488,
          -1.1623249
        ]
      },
      "id": "way/1499769338"
    },
    {
      "type": "Feature",
      "properties": {
        "@id": "way/1499851311",
        "amenity": "place_of_worship",
        "building": "yes",
        "religion": "christian",
        "@geometry": "center"
      },
      "geometry": {
        "type": "Point",
        "coordinates": [
          36.9599185,
          -1.160429
        ]
      },
      "id": "way/1499851311"
    },
    {
      "type": "Feature",
      "properties": {
        "@id": "way/1499915539",
        "amenity": "place_of_worship",
        "religion": "christian",
        "@geometry": "center"
      },
      "geometry": {
        "type": "Point",
        "coordinates": [
          36.9689214,
          -1.1628717
        ]
      },
      "id": "way/1499915539"
    },
    {
      "type": "Feature",
      "properties": {
        "@id": "node/1499916397",
        "amenity": "place_of_worship",
        "denomination": "anglican",
        "name": "ACK church",
        "religion": "christian"
      },
      "geometry": {
        "type": "Point",
        "coordinates": [
          36.8366304,
          -1.3077684
        ]
      },
      "id": "node/1499916397"
    },
    {
      "type": "Feature",
      "properties": {
        "@id": "node/1499916399",
        "amenity": "community_centre",
        "name": "CHW office"
      },
      "geometry": {
        "type": "Point",
        "coordinates": [
          36.8478756,
          -1.3133397
        ]
      },
      "id": "node/1499916399"
    },
    {
      "type": "Feature",
      "properties": {
        "@id": "node/1499916404",
        "amenity": "community_centre",
        "name": "NSYG"
      },
      "geometry": {
        "type": "Point",
        "coordinates": [
          36.834926,
          -1.3082228
        ]
      },
      "id": "node/1499916404"
    },
    {
      "type": "Feature",
      "properties": {
        "@id": "node/1499916407",
        "amenity": "place_of_worship",
        "denomination": "baptist",
        "name": "SDA CHURCH",
        "religion": "christian"
      },
      "geometry": {
        "type": "Point",
        "coordinates": [
          36.8362205,
          -1.3072678
        ]
      },
      "id": "node/1499916407"
    },
    {
      "type": "Feature",
      "properties": {
        "@id": "node/1499916414",
        "amenity": "community_centre",
        "name": "by grace centre"
      },
      "geometry": {
        "type": "Point",
        "coordinates": [
          36.835732,
          -1.3089954
        ]
      },
      "id": "node/1499916414"
    },
    {
      "type": "Feature",
      "properties": {
        "@id": "node/1500016679",
        "amenity": "community_centre",
        "name": "CHW office"
      },
      "geometry": {
        "type": "Point",
        "coordinates": [
          36.8359687,
          -1.3065826
        ]
      },
      "id": "node/1500016679"
    },
    {
      "type": "Feature",
      "properties": {
        "@id": "node/1500016685",
        "amenity": "community_centre",
        "name": "CHW office"
      },
      "geometry": {
        "type": "Point",
        "coordinates": [
          36.8391351,
          -1.3098604
        ]
      },
      "id": "node/1500016685"
    },
    {
      "type": "Feature",
      "properties": {
        "@id": "node/1500016688",
        "amenity": "community_centre",
        "name": "CHW office"
      },
      "geometry": {
        "type": "Point",
        "coordinates": [
          36.8413414,
          -1.3107142
        ]
      },
      "id": "node/1500016688"
    },
    {
      "type": "Feature",
      "properties": {
        "@id": "node/1500016737",
        "amenity": "place_of_worship",
        "denomination": "anglican",
        "name": "PCEA",
        "religion": "christian"
      },
      "geometry": {
        "type": "Point",
        "coordinates": [
          36.8458232,
          -1.3122895
        ]
      },
      "id": "node/1500016737"
    },
    {
      "type": "Feature",
      "properties": {
        "@id": "node/1500016738",
        "amenity": "place_of_worship",
        "denomination": "baptist",
        "name": "SDA CHURCH",
        "religion": "christian"
      },
      "geometry": {
        "type": "Point",
        "coordinates": [
          36.8402534,
          -1.3069059
        ]
      },
      "id": "node/1500016738"
    },
    {
      "type": "Feature",
      "properties": {
        "@id": "node/1507591869",
        "amenity": "place_of_worship",
        "name": "Khoja Mosque",
        "name:fr": "Mosquée Khoja",
        "name:sw": "Msikiti wa Khoja",
        "religion": "muslim",
        "wheelchair": "yes",
        "wikidata": "Q42843020",
        "wikipedia": "en:Khoja Mosque"
      },
      "geometry": {
        "type": "Point",
        "coordinates": [
          36.821624,
          -1.2814703
        ]
      },
      "id": "node/1507591869"
    },
    {
      "type": "Feature",
      "properties": {
        "@id": "node/1537511760",
        "addr:city": "Nairobi",
        "addr:street": "Banda Street",
        "amenity": "library",
        "check_date": "2023-05-11",
        "name": "McMillan Library"
      },
      "geometry": {
        "type": "Point",
        "coordinates": [
          36.8211999,
          -1.2835382
        ]
      },
      "id": "node/1537511760"
    },
    {
      "type": "Feature",
      "properties": {
        "@id": "node/1573438606",
        "amenity": "place_of_worship",
        "denomination": "catholic",
        "name": "St Catherine",
        "religion": "christian"
      },
      "geometry": {
        "type": "Point",
        "coordinates": [
          36.8224429,
          -1.3238248
        ]
      },
      "id": "node/1573438606"
    },
    {
      "type": "Feature",
      "properties": {
        "@id": "node/1573438616",
        "amenity": "place_of_worship",
        "denomination": "protestant",
        "name": "New Apostolic Church",
        "religion": "christian"
      },
      "geometry": {
        "type": "Point",
        "coordinates": [
          36.8282203,
          -1.3219906
        ]
      },
      "id": "node/1573438616"
    },
    {
      "type": "Feature",
      "properties": {
        "@id": "node/1573487664",
        "amenity": "place_of_worship",
        "denomination": "catholic",
        "name": "Our Lady Queen of Peace Catholic Church",
        "religion": "christian"
      },
      "geometry": {
        "type": "Point",
        "coordinates": [
          36.834068,
          -1.3112059
        ]
      },
      "id": "node/1573487664"
    },
    {
      "type": "Feature",
      "properties": {
        "@id": "node/1577711333",
        "addr:housenumber": "Madaraka, Keri Rd, Nairobi",
        "amenity": "place_of_worship",
        "denomination": "protestant",
        "name": "Agape Gospel Church",
        "religion": "christian"
      },
      "geometry": {
        "type": "Point",
        "coordinates": [
          36.8173433,
          -1.3081161
        ]
      },
      "id": "node/1577711333"
    },
    {
      "type": "Feature",
      "properties": {
        "@id": "node/1577711337",
        "amenity": "place_of_worship",
        "denomination": "presbyterian",
        "name": "Community Presbyterian Church - Madaraka",
        "religion": "christian"
      },
      "geometry": {
        "type": "Point",
        "coordinates": [
          36.8176289,
          -1.3095412
        ]
      },
      "id": "node/1577711337"
    },
    {
      "type": "Feature",
      "properties": {
        "@id": "node/1578603197",
        "amenity": "place_of_worship",
        "name": "Christian Terbanacle Centre",
        "religion": "christian"
      },
      "geometry": {
        "type": "Point",
        "coordinates": [
          36.8354763,
          -1.3105518
        ]
      },
      "id": "node/1578603197"
    },
    {
      "type": "Feature",
      "properties": {
        "@id": "node/1578610896",
        "amenity": "place_of_worship",
        "denomination": "ICC Frontrunners"
      },
      "geometry": {
        "type": "Point",
        "coordinates": [
          36.827419,
          -1.310643
        ]
      },
      "id": "node/1578610896"
    },
    {
      "type": "Feature",
      "properties": {
        "@id": "node/1691733190",
        "amenity": "social_facility",
        "check_date": "2023-05-02",
        "description": "Beadwork, soap making and sandals",
        "name": "Kibera HIV/AIDS support initiative programme",
        "social_facility": "outreach"
      },
      "geometry": {
        "type": "Point",
        "coordinates": [
          36.7777066,
          -1.3138181
        ]
      },
      "id": "node/1691733190"
    },
    {
      "type": "Feature",
      "properties": {
        "@id": "node/1704622091",
        "amenity": "place_of_worship",
        "denomination": "catholic",
        "name": "Our Lady of Angels Novitiate",
        "religion": "christian"
      },
      "geometry": {
        "type": "Point",
        "coordinates": [
          36.7006935,
          -1.3163379
        ]
      },
      "id": "node/1704622091"
    },
    {
      "type": "Feature",
      "properties": {
        "@id": "node/1720269508",
        "amenity": "community_centre",
        "check_date": "2023-03-27",
        "name": "Kibera Lindi Youth Organization",
        "service": "beautyshop,bio-centre,typing,public_toilet"
      },
      "geometry": {
        "type": "Point",
        "coordinates": [
          36.791113,
          -1.3133283
        ]
      },
      "id": "node/1720269508"
    },
    {
      "type": "Feature",
      "properties": {
        "@id": "node/1720269510",
        "amenity": "community_centre",
        "check_date": "2023-05-04",
        "name": "Mashimoni/Lindi Usafi Group",
        "service": "public_toilet,bathrooms,water_tank"
      },
      "geometry": {
        "type": "Point",
        "coordinates": [
          36.7917308,
          -1.3127371
        ]
      },
      "id": "node/1720269510"
    },
    {
      "type": "Feature",
      "properties": {
        "@id": "node/1727588866",
        "amenity": "place_of_worship",
        "building": "yes",
        "name": "kingdom vision",
        "religion": "christian"
      },
      "geometry": {
        "type": "Point",
        "coordinates": [
          36.7797133,
          -1.3150561
        ]
      },
      "id": "node/1727588866"
    },
    {
      "type": "Feature",
      "properties": {
        "@id": "node/1732933781",
        "amenity": "library",
        "name": "Child piece Library"
      },
      "geometry": {
        "type": "Point",
        "coordinates": [
          36.8906951,
          -1.2512045
        ]
      },
      "id": "node/1732933781"
    },
    {
      "type": "Feature",
      "properties": {
        "@id": "node/1732933784",
        "amenity": "place_of_worship",
        "denomination": "pentecostal",
        "name": "Church (PEFA)",
        "religion": "christian"
      },
      "geometry": {
        "type": "Point",
        "coordinates": [
          36.8917183,
          -1.2486855
        ]
      },
      "id": "node/1732933784"
    },
    {
      "type": "Feature",
      "properties": {
        "@id": "node/1732933795",
        "amenity": "community_centre",
        "name": "Highridge Community Accountability",
        "note": "Organisation",
        "operator": "CBO"
      },
      "geometry": {
        "type": "Point",
        "coordinates": [
          36.8917694,
          -1.2503562
        ]
      },
      "id": "node/1732933795"
    },
    {
      "type": "Feature",
      "properties": {
        "@id": "node/1732933805",
        "amenity": "community_centre;drinking_water",
        "name": "Jungle African Resource Center;Water Tank",
        "operator": "NGO"
      },
      "geometry": {
        "type": "Point",
        "coordinates": [
          36.8914801,
          -1.2500384
        ]
      },
      "id": "node/1732933805"
    },
    {
      "type": "Feature",
      "properties": {
        "@id": "node/1732933807",
        "amenity": "place_of_worship",
        "denomination": "pentecostal",
        "name": "K.A.G Church",
        "religion": "christian"
      },
      "geometry": {
        "type": "Point",
        "coordinates": [
          36.8922167,
          -1.2505485
        ]
      },
      "id": "node/1732933807"
    },
    {
      "type": "Feature",
      "properties": {
        "@id": "node/1732933808",
        "access": "visitors",
        "amenity": "community_centre",
        "name": "Kariobangi Baptist Youth Center",
        "operator": "Youth Group"
      },
      "geometry": {
        "type": "Point",
        "coordinates": [
          36.8926284,
          -1.2508877
        ]
      },
      "id": "node/1732933808"
    },
    {
      "type": "Feature",
      "properties": {
        "@id": "node/1732933815",
        "amenity": "place_of_worship",
        "denomination": "evangelical",
        "name": "Kristoe Church Of Evangelistic",
        "religion": "christian"
      },
      "geometry": {
        "type": "Point",
        "coordinates": [
          36.8931548,
          -1.2475912
        ]
      },
      "id": "node/1732933815"
    },
    {
      "type": "Feature",
      "properties": {
        "@id": "node/1732933816",
        "amenity": "place_of_worship",
        "denomination": "pentecostal",
        "name": "Legio Maria Church",
        "religion": "christian"
      },
      "geometry": {
        "type": "Point",
        "coordinates": [
          36.89049,
          -1.2502851
        ]
      },
      "id": "node/1732933816"
    },
    {
      "type": "Feature",
      "properties": {
        "@id": "node/1732933820",
        "amenity": "place_of_worship",
        "denomination": "pentecostal",
        "name": "Mercy Seat Of God Fellowship Center/School",
        "religion": "christian"
      },
      "geometry": {
        "type": "Point",
        "coordinates": [
          36.894723,
          -1.2462391
        ]
      },
      "id": "node/1732933820"
    },
    {
      "type": "Feature",
      "properties": {
        "@id": "node/1732933823",
        "amenity": "place_of_worship",
        "religion": "muslim"
      },
      "geometry": {
        "type": "Point",
        "coordinates": [
          36.8919748,
          -1.2493226
        ]
      },
      "id": "node/1732933823"
    },
    {
      "type": "Feature",
      "properties": {
        "@id": "node/1732933826",
        "amenity": "place_of_worship",
        "denomination": "pentecostal",
        "name": "Nabii Christian Church Of EA",
        "religion": "christian"
      },
      "geometry": {
        "type": "Point",
        "coordinates": [
          36.8951242,
          -1.2457018
        ]
      },
      "id": "node/1732933826"
    },
    {
      "type": "Feature",
      "properties": {
        "@id": "node/1732933833",
        "amenity": "place_of_worship",
        "denomination": "protestant",
        "name": "Ngomomngo SDA Church",
        "religion": "christian"
      },
      "geometry": {
        "type": "Point",
        "coordinates": [
          36.8948913,
          -1.2438516
        ]
      },
      "id": "node/1732933833"
    },
    {
      "type": "Feature",
      "properties": {
        "@id": "node/1732933836",
        "amenity": "community_centre",
        "name": "Ngumunyu Center",
        "operator": "NGO"
      },
      "geometry": {
        "type": "Point",
        "coordinates": [
          36.8949557,
          -1.2448144
        ]
      },
      "id": "node/1732933836"
    },
    {
      "type": "Feature",
      "properties": {
        "@id": "node/1732933846",
        "amenity": "community_centre",
        "name": "Rotary Community Corps",
        "operator": "Youth Group"
      },
      "geometry": {
        "type": "Point",
        "coordinates": [
          36.8920784,
          -1.2460244
        ]
      },
      "id": "node/1732933846"
    },
    {
      "type": "Feature",
      "properties": {
        "@id": "node/1732933847",
        "amenity": "place_of_worship",
        "denomination": "catholic",
        "name": "St Johns Catholic Church",
        "operational_status": "operational",
        "operator:type": "religious",
        "religion": "christian",
        "source": "survey",
        "wheelchair": "yes"
      },
      "geometry": {
        "type": "Point",
        "coordinates": [
          36.8919433,
          -1.2485007
        ]
      },
      "id": "node/1732933847"
    },
    {
      "type": "Feature",
      "properties": {
        "@id": "node/1732933851",
        "amenity": "place_of_worship",
        "denomination": "pentecostal",
        "name": "Tumaini Church",
        "religion": "christian"
      },
      "geometry": {
        "type": "Point",
        "coordinates": [
          36.8919593,
          -1.2512566
        ]
      },
      "id": "node/1732933851"
    },
    {
      "type": "Feature",
      "properties": {
        "@id": "node/1736275854",
        "amenity": "place_of_worship",
        "denomination": "pentecostal",
        "name": "tumaini Church",
        "religion": "christian"
      },
      "geometry": {
        "type": "Point",
        "coordinates": [
          36.8882565,
          -1.2504322
        ]
      },
      "id": "node/1736275854"
    },
    {
      "type": "Feature",
      "properties": {
        "@id": "node/1736275859",
        "amenity": "place_of_worship",
        "denomination": "pentecostal",
        "name": "Damascus Assemblys Church",
        "religion": "christian"
      },
      "geometry": {
        "type": "Point",
        "coordinates": [
          36.8876634,
          -1.2526861
        ]
      },
      "id": "node/1736275859"
    },
    {
      "type": "Feature",
      "properties": {
        "@id": "node/1736275888",
        "amenity": "community_centre",
        "name": "Koch Hope Communty centre",
        "operator": "Youth Group"
      },
      "geometry": {
        "type": "Point",
        "coordinates": [
          36.8875562,
          -1.2509613
        ]
      },
      "id": "node/1736275888"
    },
    {
      "type": "Feature",
      "properties": {
        "@id": "node/1736275906",
        "amenity": "place_of_worship",
        "denomination": "shia",
        "religion": "muslim"
      },
      "geometry": {
        "type": "Point",
        "coordinates": [
          36.8874328,
          -1.2501932
        ]
      },
      "id": "node/1736275906"
    },
    {
      "type": "Feature",
      "properties": {
        "@id": "node/1736275910",
        "amenity": "place_of_worship",
        "denomination": "pentecostal",
        "name": "Overcomers Lifeseekers Church",
        "religion": "christian"
      },
      "geometry": {
        "type": "Point",
        "coordinates": [
          36.8879253,
          -1.2526085
        ]
      },
      "id": "node/1736275910"
    },
    {
      "type": "Feature",
      "properties": {
        "@id": "node/1736275914",
        "amenity": "place_of_worship",
        "denomination": "pentecostal",
        "name": "Redeemed Gospel Church",
        "religion": "christian"
      },
      "geometry": {
        "type": "Point",
        "coordinates": [
          36.887629,
          -1.2496927
        ]
      },
      "id": "node/1736275914"
    },
    {
      "type": "Feature",
      "properties": {
        "@id": "node/1736275930",
        "amenity": "place_of_worship",
        "denomination": "pentecostal",
        "name": "Rehema Church/Day care",
        "religion": "christian"
      },
      "geometry": {
        "type": "Point",
        "coordinates": [
          36.8887865,
          -1.2518733
        ]
      },
      "id": "node/1736275930"
    },
    {
      "type": "Feature",
      "properties": {
        "@id": "node/1761920279",
        "amenity": "community_centre",
        "name": "GHETTO GREEN NISISI YOUTH CHAPTER",
        "opening_hours": "Mo-Fr 08:30-20:00",
        "operator": "COMMUNITY YOUTH GROUP"
      },
      "geometry": {
        "type": "Point",
        "coordinates": [
          36.8752239,
          -1.2601094
        ]
      },
      "id": "node/1761920279"
    },
    {
      "type": "Feature",
      "properties": {
        "@id": "node/1768443463",
        "amenity": "community_centre",
        "boundary_type:Constituency_boundary": "yes",
        "boundary_type:Ward_boundary": "yes",
        "check_date": "2023-05-04",
        "name": "soweto resource center",
        "operational_status:electricity": "often",
        "polling_station": "yes",
        "polling_station:accessibility": "big_cars",
        "polling_station:election_year": "2013",
        "polling_station:nearest_health_centre": "Silanga Dispensary",
        "polling_station:nearest_police_station": "Chief camp, highrise",
        "polling_station:registered_voters": "2,377",
        "polling_station:type": "social_hall",
        "polling_station:type_description": "Its a community resource centre",
        "source": "map_kibera_trust"
      },
      "geometry": {
        "type": "Point",
        "coordinates": [
          36.7995795,
          -1.3151668
        ]
      },
      "id": "node/1768443463"
    },
    {
      "type": "Feature",
      "properties": {
        "@id": "node/1768443465",
        "building": "public",
        "name": "Soweto highrise saving scheme",
        "office": "association"
      },
      "geometry": {
        "type": "Point",
        "coordinates": [
          36.7980712,
          -1.3129863
        ]
      },
      "id": "node/1768443465"
    },
    {
      "type": "Feature",
      "properties": {
        "@id": "node/1771244220",
        "amenity": "place_of_worship",
        "denomination": "pentecostal",
        "name": "Calvery Worship Center",
        "religion": "christian"
      },
      "geometry": {
        "type": "Point",
        "coordinates": [
          36.891219,
          -1.2498031
        ]
      },
      "id": "node/1771244220"
    },
    {
      "type": "Feature",
      "properties": {
        "@id": "node/1771244221",
        "amenity": "place_of_worship",
        "denomination": "pentecostal",
        "name": "Vision People in Mission Church",
        "operational_status": "operational",
        "operator:type": "religious",
        "religion": "christian",
        "source": "survey",
        "wheelchair": "yes"
      },
      "geometry": {
        "type": "Point",
        "coordinates": [
          36.8900181,
          -1.2502258
        ]
      },
      "id": "node/1771244221"
    },
    {
      "type": "Feature",
      "properties": {
        "@id": "node/1771547611",
        "amenity": "place_of_worship",
        "name": "kariobangi dioces church",
        "religion": "christian"
      },
      "geometry": {
        "type": "Point",
        "coordinates": [
          36.8913228,
          -1.2475021
        ]
      },
      "id": "node/1771547611"
    },
    {
      "type": "Feature",
      "properties": {
        "@id": "node/1775820939",
        "amenity": "place_of_worship",
        "check_date": "2023-04-13",
        "denomination": "pentecostal",
        "name": "Matendo Ministry Church",
        "religion": "christian"
      },
      "geometry": {
        "type": "Point",
        "coordinates": [
          36.7898735,
          -1.3086069
        ]
      },
      "id": "node/1775820939"
    },
    {
      "type": "Feature",
      "properties": {
        "@id": "node/1775821472",
        "amenity": "place_of_worship",
        "check_date": "2023-04-12",
        "denomination": "evangelical",
        "name": "African Divine Church",
        "religion": "christian"
      },
      "geometry": {
        "type": "Point",
        "coordinates": [
          36.7874502,
          -1.3092632
        ]
      },
      "id": "node/1775821472"
    },
    {
      "type": "Feature",
      "properties": {
        "@id": "node/1793143535",
        "amenity": "place_of_worship",
        "denomination": "pentecostal",
        "religion": "christian"
      },
      "geometry": {
        "type": "Point",
        "coordinates": [
          36.892846,
          -1.2477526
        ]
      },
      "id": "node/1793143535"
    },
    {
      "type": "Feature",
      "properties": {
        "@id": "node/1793143602",
        "amenity": "place_of_worship",
        "denomination": "anglican",
        "name": "Anglican Catolic Church",
        "operational_status": "operational",
        "operator:type": "religious",
        "religion": "christian",
        "source": "survey",
        "wheelchair": "yes"
      },
      "geometry": {
        "type": "Point",
        "coordinates": [
          36.8921171,
          -1.2519965
        ]
      },
      "id": "node/1793143602"
    },
    {
      "type": "Feature",
      "properties": {
        "@id": "node/1803598647",
        "amenity": "place_of_worship",
        "name": "Church of the Lord and Faith Ministry",
        "operational_status": "operational",
        "operator:type": "private",
        "religion": "christian",
        "source": "survey",
        "wheelchair": "yes"
      },
      "geometry": {
        "type": "Point",
        "coordinates": [
          36.891104,
          -1.2473572
        ]
      },
      "id": "node/1803598647"
    },
    {
      "type": "Feature",
      "properties": {
        "@id": "node/1804804139",
        "amenity": "place_of_worship",
        "check_date": "2023-05-02",
        "denomination": "protestant",
        "name": "Diet of the word Church",
        "religion": "christian"
      },
      "geometry": {
        "type": "Point",
        "coordinates": [
          36.7741434,
          -1.310668
        ]
      },
      "id": "node/1804804139"
    },
    {
      "type": "Feature",
      "properties": {
        "@id": "node/1804804155",
        "building": "public",
        "check_date": "2023-05-02",
        "name": "Rhobinah House"
      },
      "geometry": {
        "type": "Point",
        "coordinates": [
          36.7740367,
          -1.3105939
        ]
      },
      "id": "node/1804804155"
    },
    {
      "type": "Feature",
      "properties": {
        "@id": "node/1809764835",
        "amenity": "place_of_worship",
        "name": "Outreach Community Church",
        "religion": "christian"
      },
      "geometry": {
        "type": "Point",
        "coordinates": [
          36.7755237,
          -1.312689
        ]
      },
      "id": "node/1809764835"
    },
    {
      "type": "Feature",
      "properties": {
        "@id": "node/1809764848",
        "building": "public",
        "check_date": "2023-05-02",
        "name": "USAID-CARE Office",
        "office": "ngo"
      },
      "geometry": {
        "type": "Point",
        "coordinates": [
          36.7739598,
          -1.3114073
        ]
      },
      "id": "node/1809764848"
    },
    {
      "type": "Feature",
      "properties": {
        "@id": "node/1819766754",
        "amenity": "library",
        "name": "Library Block",
        "wikidata": "Q1021627"
      },
      "geometry": {
        "type": "Point",
        "coordinates": [
          36.8155884,
          -1.233136
        ]
      },
      "id": "node/1819766754"
    },
    {
      "type": "Feature",
      "properties": {
        "@id": "node/1828386594",
        "amenity": "place_of_worship",
        "name": "Grogan B Holy Church",
        "religion": "christian"
      },
      "geometry": {
        "type": "Point",
        "coordinates": [
          36.8887725,
          -1.2481104
        ]
      },
      "id": "node/1828386594"
    },
    {
      "type": "Feature",
      "properties": {
        "@id": "node/1874197670",
        "amenity": "place_of_worship",
        "check_date": "2023-05-11",
        "religion": "christian"
      },
      "geometry": {
        "type": "Point",
        "coordinates": [
          36.7800746,
          -1.3033264
        ]
      },
      "id": "node/1874197670"
    },
    {
      "type": "Feature",
      "properties": {
        "@id": "node/1875584869",
        "addr:city": "Nairobi",
        "addr:street": "City Chicken Road",
        "amenity": "place_of_worship",
        "name": "Kenhut SDA church",
        "religion": "christian"
      },
      "geometry": {
        "type": "Point",
        "coordinates": [
          36.9176719,
          -1.2212639
        ]
      },
      "id": "node/1875584869"
    },
    {
      "type": "Feature",
      "properties": {
        "@id": "node/1875586997",
        "amenity": "place_of_worship",
        "name": "Little Sisters of the Poor",
        "religion": "christian"
      },
      "geometry": {
        "type": "Point",
        "coordinates": [
          36.9161541,
          -1.2252705
        ]
      },
      "id": "node/1875586997"
    },
    {
      "type": "Feature",
      "properties": {
        "@id": "node/1875796678",
        "amenity": "place_of_worship",
        "check_date": "2023-04-15",
        "denomination": "pentecostal",
        "name": "Chrisco church",
        "religion": "christian"
      },
      "geometry": {
        "type": "Point",
        "coordinates": [
          36.7768582,
          -1.3063547
        ]
      },
      "id": "node/1875796678"
    },
    {
      "type": "Feature",
      "properties": {
        "@id": "node/1875796683",
        "amenity": "place_of_worship",
        "check_date": "2023-05-11",
        "denomination": "catholic",
        "name": "Our lady of guadalupe parish",
        "name:it": "Our Lady of Guadalupe Parish",
        "religion": "christian"
      },
      "geometry": {
        "type": "Point",
        "coordinates": [
          36.779533,
          -1.301568
        ]
      },
      "id": "node/1875796683"
    },
    {
      "type": "Feature",
      "properties": {
        "@id": "node/1875796686",
        "amenity": "place_of_worship",
        "check_date": "2023-05-11",
        "denomination": "pentecostal",
        "name": "Winners chapel int-nairobi",
        "religion": "christian"
      },
      "geometry": {
        "type": "Point",
        "coordinates": [
          36.7802488,
          -1.3034294
        ]
      },
      "id": "node/1875796686"
    },
    {
      "type": "Feature",
      "properties": {
        "@id": "node/1875796687",
        "addr:city": "Nairobi",
        "addr:postcode": "00100",
        "addr:street": "Joseph Kang'ethe",
        "amenity": "place_of_worship",
        "check_date": "2023-04-18",
        "denomination": "pentecostal",
        "email": "admin@citam.org",
        "name": "CITAM Woodley church",
        "phone": "+254 709861100",
        "religion": "christian"
      },
      "geometry": {
        "type": "Point",
        "coordinates": [
          36.7742771,
          -1.3029976
        ]
      },
      "id": "node/1875796687"
    },
    {
      "type": "Feature",
      "properties": {
        "@id": "node/1909095795",
        "addr:city": "Nairobi",
        "addr:street": "Southern Bypass",
        "amenity": "place_of_worship",
        "denomination": "jehovahs_witness",
        "name": "Nairobi Langata Assembly Hall of Jehovah's Witnesses",
        "religion": "christian"
      },
      "geometry": {
        "type": "Point",
        "coordinates": [
          36.7928233,
          -1.3226358
        ]
      },
      "id": "node/1909095795"
    },
    {
      "type": "Feature",
      "properties": {
        "@id": "node/1948512963",
        "amenity": "place_of_worship",
        "denomination": "pentecostal",
        "name": "End Time Liberation Ministries",
        "religion": "christian"
      },
      "geometry": {
        "type": "Point",
        "coordinates": [
          36.9229059,
          -1.1979312
        ]
      },
      "id": "node/1948512963"
    },
    {
      "type": "Feature",
      "properties": {
        "@id": "node/1999501745",
        "amenity": "place_of_worship",
        "check_date": "2023-05-04",
        "denomination": "lutheran",
        "name": "Springs of Life Lutheran Church",
        "religion": "christian"
      },
      "geometry": {
        "type": "Point",
        "coordinates": [
          36.7797329,
          -1.311354
        ]
      },
      "id": "node/1999501745"
    },
    {
      "type": "Feature",
      "properties": {
        "@id": "node/1999653270",
        "amenity": "place_of_worship",
        "building": "mosque",
        "name": "masjidnuur_lungalunga",
        "operational_status": "operational",
        "operator:type": "religious",
        "religion": "muslim",
        "source": "survey"
      },
      "geometry": {
        "type": "Point",
        "coordinates": [
          36.870732,
          -1.3112169
        ]
      },
      "id": "node/1999653270"
    },
    {
      "type": "Feature",
      "properties": {
        "@id": "node/1999709930",
        "amenity": "place_of_worship",
        "denomination": "catholic",
        "name": "St jude catholic church (kwa reuben)",
        "religion": "christian"
      },
      "geometry": {
        "type": "Point",
        "coordinates": [
          36.8697212,
          -1.3142977
        ]
      },
      "id": "node/1999709930"
    },
    {
      "type": "Feature",
      "properties": {
        "@id": "node/1999709932",
        "amenity": "place_of_worship",
        "denomination": "pentecostal",
        "name": "apostolic faith church (kwa reuben)",
        "religion": "christian"
      },
      "geometry": {
        "type": "Point",
        "coordinates": [
          36.869364,
          -1.3139148
        ]
      },
      "id": "node/1999709932"
    },
    {
      "type": "Feature",
      "properties": {
        "@id": "node/1999709936",
        "amenity": "place_of_worship",
        "denomination": "pentecostal",
        "name": "Jesus New Life Church",
        "religion": "christian"
      },
      "geometry": {
        "type": "Point",
        "coordinates": [
          36.8605049,
          -1.3126795
        ]
      },
      "id": "node/1999709936"
    },
    {
      "type": "Feature",
      "properties": {
        "@id": "node/1999709937",
        "amenity": "community_centre",
        "name": "Mukuru Talented Development(MTD)",
        "operational_status": "operational",
        "operator": "ngo",
        "source": "survey",
        "wheelchair": "yes"
      },
      "geometry": {
        "type": "Point",
        "coordinates": [
          36.8731881,
          -1.311424
        ]
      },
      "id": "node/1999709937"
    },
    {
      "type": "Feature",
      "properties": {
        "@id": "node/1999709959",
        "amenity": "place_of_worship",
        "denomination": "pentecostal",
        "name": "royal christain ministries lungalunga",
        "religion": "christian"
      },
      "geometry": {
        "type": "Point",
        "coordinates": [
          36.87279,
          -1.3114359
        ]
      },
      "id": "node/1999709959"
    },
    {
      "type": "Feature",
      "properties": {
        "@id": "node/1999709960",
        "amenity": "community_centre",
        "name": "Wajukuu social hall 2",
        "operational_status": "operational",
        "operator:type": "private",
        "source": "survey",
        "wheelchair": "yes"
      },
      "geometry": {
        "type": "Point",
        "coordinates": [
          36.8728807,
          -1.3114833
        ]
      },
      "id": "node/1999709960"
    },
    {
      "type": "Feature",
      "properties": {
        "@id": "node/1999910118",
        "amenity": "community_centre",
        "name": "Gym"
      },
      "geometry": {
        "type": "Point",
        "coordinates": [
          36.8475108,
          -1.3119702
        ]
      },
      "id": "node/1999910118"
    },
    {
      "type": "Feature",
      "properties": {
        "@id": "node/1999910119",
        "amenity": "place_of_worship",
        "denomination": "pentecostal",
        "name": "Jesus sanctuary church and primary school",
        "religion": "christian"
      },
      "geometry": {
        "type": "Point",
        "coordinates": [
          36.8480737,
          -1.3130245
        ]
      },
      "id": "node/1999910119"
    },
    {
      "type": "Feature",
      "properties": {
        "@id": "node/1999910125",
        "amenity": "community_centre",
        "name": "Kayaba youth resource centre"
      },
      "geometry": {
        "type": "Point",
        "coordinates": [
          36.8478069,
          -1.3119895
        ]
      },
      "id": "node/1999910125"
    },
    {
      "type": "Feature",
      "properties": {
        "@id": "node/1999910142",
        "amenity": "place_of_worship",
        "denomination": "pentecostal",
        "name": "Oasis church and school",
        "religion": "christian"
      },
      "geometry": {
        "type": "Point",
        "coordinates": [
          36.8489316,
          -1.3128855
        ]
      },
      "id": "node/1999910142"
    },
    {
      "type": "Feature",
      "properties": {
        "@id": "node/1999910149",
        "amenity": "place_of_worship",
        "denomination": "protestant",
        "name": "Salvation army church & primary school",
        "religion": "christian"
      },
      "geometry": {
        "type": "Point",
        "coordinates": [
          36.8484138,
          -1.3126309
        ]
      },
      "id": "node/1999910149"
    },
    {
      "type": "Feature",
      "properties": {
        "@id": "node/2001001129",
        "amenity": "place_of_worship",
        "denomination": "protestant",
        "name": "A.D.C church",
        "religion": "christian"
      },
      "geometry": {
        "type": "Point",
        "coordinates": [
          36.8452375,
          -1.3122476
        ]
      },
      "id": "node/2001001129"
    },
    {
      "type": "Feature",
      "properties": {
        "@id": "node/2001001142",
        "amenity": "place_of_worship",
        "name": "Imani church",
        "religion": "christian"
      },
      "geometry": {
        "type": "Point",
        "coordinates": [
          36.8442273,
          -1.3111192
        ]
      },
      "id": "node/2001001142"
    },
    {
      "type": "Feature",
      "properties": {
        "@id": "node/2001001147",
        "amenity": "place_of_worship",
        "denomination": "pentecostal",
        "name": "Marrow gate pentecostal church",
        "religion": "christian"
      },
      "geometry": {
        "type": "Point",
        "coordinates": [
          36.8442167,
          -1.3111258
        ]
      },
      "id": "node/2001001147"
    },
    {
      "type": "Feature",
      "properties": {
        "@id": "node/2001001148",
        "amenity": "community_centre",
        "name": "Mukuru community centre"
      },
      "geometry": {
        "type": "Point",
        "coordinates": [
          36.8337026,
          -1.3119921
        ]
      },
      "id": "node/2001001148"
    },
    {
      "type": "Feature",
      "properties": {
        "@id": "node/2001001154",
        "amenity": "community_centre",
        "name": "Okoa Mtoto initiative"
      },
      "geometry": {
        "type": "Point",
        "coordinates": [
          36.844293,
          -1.3101841
        ]
      },
      "id": "node/2001001154"
    },
    {
      "type": "Feature",
      "properties": {
        "@id": "node/2001001158",
        "amenity": "place_of_worship",
        "denomination": "catholic",
        "name": "Our lady of peace church",
        "name:it": "Our Lady of Peace",
        "religion": "christian"
      },
      "geometry": {
        "type": "Point",
        "coordinates": [
          36.8333494,
          -1.311568
        ]
      },
      "id": "node/2001001158"
    },
    {
      "type": "Feature",
      "properties": {
        "@id": "node/2001001160",
        "amenity": "place_of_worship",
        "name": "Pentecostal church",
        "religion": "christian"
      },
      "geometry": {
        "type": "Point",
        "coordinates": [
          36.8436656,
          -1.3113184
        ]
      },
      "id": "node/2001001160"
    },
    {
      "type": "Feature",
      "properties": {
        "@id": "node/2001001180",
        "amenity": "place_of_worship",
        "building": "church",
        "denomination": "pentecostal",
        "religion": "christian"
      },
      "geometry": {
        "type": "Point",
        "coordinates": [
          36.8457807,
          -1.3114909
        ]
      },
      "id": "node/2001001180"
    },
    {
      "type": "Feature",
      "properties": {
        "@id": "node/2001079017",
        "amenity": "community_centre",
        "name": "Bless kenya people's organisation"
      },
      "geometry": {
        "type": "Point",
        "coordinates": [
          36.8428089,
          -1.3109431
        ]
      },
      "id": "node/2001079017"
    },
    {
      "type": "Feature",
      "properties": {
        "@id": "node/2001079020",
        "amenity": "place_of_worship",
        "name": "Calvary church",
        "religion": "christian"
      },
      "geometry": {
        "type": "Point",
        "coordinates": [
          36.840875,
          -1.3068395
        ]
      },
      "id": "node/2001079020"
    },
    {
      "type": "Feature",
      "properties": {
        "@id": "node/2001079023",
        "amenity": "place_of_worship",
        "name": "Christ ambassadors church",
        "religion": "christian"
      },
      "geometry": {
        "type": "Point",
        "coordinates": [
          36.8424072,
          -1.311199
        ]
      },
      "id": "node/2001079023"
    },
    {
      "type": "Feature",
      "properties": {
        "@id": "node/2001079025",
        "amenity": "place_of_worship",
        "name": "Full gospel churches of east africa",
        "religion": "christian"
      },
      "geometry": {
        "type": "Point",
        "coordinates": [
          36.8427158,
          -1.3110088
        ]
      },
      "id": "node/2001079025"
    },
    {
      "type": "Feature",
      "properties": {
        "@id": "node/2001079026",
        "amenity": "community_centre",
        "name": "Hopes joy community centre"
      },
      "geometry": {
        "type": "Point",
        "coordinates": [
          36.8405761,
          -1.3090007
        ]
      },
      "id": "node/2001079026"
    },
    {
      "type": "Feature",
      "properties": {
        "@id": "node/2001079029",
        "amenity": "place_of_worship",
        "name": "Kenya african church",
        "religion": "christian"
      },
      "geometry": {
        "type": "Point",
        "coordinates": [
          36.8400809,
          -1.3069361
        ]
      },
      "id": "node/2001079029"
    },
    {
      "type": "Feature",
      "properties": {
        "@id": "node/2001079032",
        "amenity": "place_of_worship",
        "name": "Legion maria",
        "religion": "christian"
      },
      "geometry": {
        "type": "Point",
        "coordinates": [
          36.8406395,
          -1.3066403
        ]
      },
      "id": "node/2001079032"
    },
    {
      "type": "Feature",
      "properties": {
        "@id": "node/2001079033",
        "amenity": "place_of_worship",
        "name": "Mukuru africa evangelical el-shadai church/ school",
        "religion": "christian"
      },
      "geometry": {
        "type": "Point",
        "coordinates": [
          36.8428267,
          -1.3109416
        ]
      },
      "id": "node/2001079033"
    },
    {
      "type": "Feature",
      "properties": {
        "@id": "node/2001079035",
        "amenity": "place_of_worship",
        "denomination": "seventh_day_adventist",
        "name": "Seventh day adventist church",
        "religion": "christian"
      },
      "geometry": {
        "type": "Point",
        "coordinates": [
          36.8412856,
          -1.3076213
        ]
      },
      "id": "node/2001079035"
    },
    {
      "type": "Feature",
      "properties": {
        "@id": "node/2001268309",
        "amenity": "community_centre",
        "name": "Milimani zone chairman office",
        "security:description": "This is the place where issues that concern the community are tackled,before reaching the chief.",
        "security:other": "yes"
      },
      "geometry": {
        "type": "Point",
        "coordinates": [
          36.883417,
          -1.3143714
        ]
      },
      "id": "node/2001268309"
    },
    {
      "type": "Feature",
      "properties": {
        "@id": "node/2054071457",
        "amenity": "community_centre",
        "name": "silver women community based organisation",
        "opening_hours": "Mo-Fr 08:30-20:00",
        "operator": "NGO"
      },
      "geometry": {
        "type": "Point",
        "coordinates": [
          36.7725607,
          -1.3110528
        ]
      },
      "id": "node/2054071457"
    },
    {
      "type": "Feature",
      "properties": {
        "@id": "node/2064445796",
        "amenity": "place_of_worship",
        "check_date": "2023-05-02",
        "denomination": "catholic",
        "name": "St.Judes Catholic Church",
        "operational_status:electricity": "often",
        "religion": "christian"
      },
      "geometry": {
        "type": "Point",
        "coordinates": [
          36.8045155,
          -1.3155513
        ]
      },
      "id": "node/2064445796"
    },
    {
      "type": "Feature",
      "properties": {
        "@id": "node/2091525585",
        "amenity": "place_of_worship",
        "denomination": "presbyterian",
        "name": "St, Marys",
        "religion": "christian"
      },
      "geometry": {
        "type": "Point",
        "coordinates": [
          36.7239705,
          -1.255874
        ]
      },
      "id": "node/2091525585"
    },
    {
      "type": "Feature",
      "properties": {
        "@id": "node/2108756886",
        "amenity": "place_of_worship",
        "name": "Word of Faith Church",
        "religion": "christian"
      },
      "geometry": {
        "type": "Point",
        "coordinates": [
          36.8282686,
          -1.1677382
        ]
      },
      "id": "node/2108756886"
    },
    {
      "type": "Feature",
      "properties": {
        "@id": "node/2115330630",
        "amenity": "place_of_worship",
        "boundary_type:Ward_boundary": "yes",
        "denomination": "pentecostal",
        "name": "Kibera P.A.G Gatwekera",
        "operational_status:electricity": "often",
        "polling_station:accessibility": "small_cars",
        "polling_station:election_year": "2013",
        "polling_station:nearest_health_centre": "MSF belgium HIV Clinic",
        "polling_station:nearest_police_station": "Olympic Administaration Police",
        "polling_station:registered_voters": "2,036",
        "polling_station:source": "map_kibera_trust",
        "polling_station:type": "church",
        "polling_station:type_description": "Its a church",
        "religion": "christian"
      },
      "geometry": {
        "type": "Point",
        "coordinates": [
          36.7838945,
          -1.3142211
        ]
      },
      "id": "node/2115330630"
    },
    {
      "type": "Feature",
      "properties": {
        "@id": "node/2122225563",
        "amenity": "place_of_worship"
      },
      "geometry": {
        "type": "Point",
        "coordinates": [
          36.7415646,
          -1.1766645
        ]
      },
      "id": "node/2122225563"
    },
    {
      "type": "Feature",
      "properties": {
        "@id": "node/2145388675",
        "amenity": "place_of_worship",
        "denomination": "catholic",
        "name": "St Magaret Catholic Church",
        "religion": "christian"
      },
      "geometry": {
        "type": "Point",
        "coordinates": [
          36.8485343,
          -1.3170221
        ]
      },
      "id": "node/2145388675"
    },
    {
      "type": "Feature",
      "properties": {
        "@id": "node/2145391385",
        "amenity": "place_of_worship",
        "name": "JCC Church",
        "religion": "christian"
      },
      "geometry": {
        "type": "Point",
        "coordinates": [
          36.8471477,
          -1.3181503
        ]
      },
      "id": "node/2145391385"
    },
    {
      "type": "Feature",
      "properties": {
        "@id": "node/2306258773",
        "amenity": "library",
        "name": "Book Shop",
        "opening_hours": "24/7",
        "operator": "OWNER"
      },
      "geometry": {
        "type": "Point",
        "coordinates": [
          36.8691464,
          -1.2574252
        ]
      },
      "id": "node/2306258773"
    },
    {
      "type": "Feature",
      "properties": {
        "@id": "node/2309829436",
        "amenity": "place_of_worship",
        "check_date": "2023-05-11",
        "name": "SYED ABDULLAH SHAH",
        "opening_hours": "24/7",
        "religion": "muslim"
      },
      "geometry": {
        "type": "Point",
        "coordinates": [
          36.8213533,
          -1.2831776
        ]
      },
      "id": "node/2309829436"
    },
    {
      "type": "Feature",
      "properties": {
        "@id": "node/2317088374",
        "amenity": "community_centre",
        "community_centre:for": "juvenile",
        "contact:email": "vmagnam@yahoo.com",
        "name": "PAMOJA MTAANI",
        "opening_hours": "24/7",
        "operator": "VICTOR AMADALA",
        "phone": "0713778394"
      },
      "geometry": {
        "type": "Point",
        "coordinates": [
          36.8616923,
          -1.2632685
        ]
      },
      "id": "node/2317088374"
    },
    {
      "type": "Feature",
      "properties": {
        "@id": "node/2317088375",
        "amenity": "community_centre",
        "building": "office",
        "community_centre": "youth_centre",
        "contact_person": "Joel Kariuki",
        "email": "jmkariuki@yahoo.com",
        "name": "Shantit Youth Group",
        "opening_hours": "Mo-Fr 08:30-20:00",
        "operator": "OWNERS",
        "phone": "0722916975"
      },
      "geometry": {
        "type": "Point",
        "coordinates": [
          36.8593177,
          -1.2641686
        ]
      },
      "id": "node/2317088375"
    },
    {
      "type": "Feature",
      "properties": {
        "@id": "node/2317088376",
        "UNESCO POI'S": "EDUCATION",
        "amenity": "library",
        "name": "SLUM CODE",
        "opening_hours": "Mo-Fr 08:30-20:00",
        "operator": "BINIFACE MISE"
      },
      "geometry": {
        "type": "Point",
        "coordinates": [
          36.8668015,
          -1.2604601
        ]
      },
      "id": "node/2317088376"
    },
    {
      "type": "Feature",
      "properties": {
        "@id": "node/2317088377",
        "UNESCO POI'S": "COMMUNICATION AND INFORMATION",
        "amenity": "community_centre",
        "building": "office",
        "name": "THINK TANK YOUTH GROUP",
        "name:it": "Think Tank Youth Group",
        "opening_hours": "Mo-Fr 08:30-20:00",
        "operator": "OWNERS",
        "owner": "Florence Magiri",
        "phone": "0722558646"
      },
      "geometry": {
        "type": "Point",
        "coordinates": [
          36.8689328,
          -1.2592932
        ]
      },
      "id": "node/2317088377"
    },
    {
      "type": "Feature",
      "properties": {
        "@id": "node/2318438873",
        "UNESCO POI'S": "SCIENCE",
        "amenity": "community_centre",
        "name": "H Town Youth Group",
        "opening_hours": "24/7",
        "operator": "OWNER",
        "organisation": "H-TOWN",
        "phone": "0726313783"
      },
      "geometry": {
        "type": "Point",
        "coordinates": [
          36.8672726,
          -1.2611443
        ]
      },
      "id": "node/2318438873"
    },
    {
      "type": "Feature",
      "properties": {
        "@id": "node/2318438874",
        "amenity": "community_centre",
        "building": "office",
        "name": "Maji Mazuri Community Resource Center",
        "opening_hours": "24/7",
        "operator": "Members",
        "services": "Computer Training/ Cyepr Cafe"
      },
      "geometry": {
        "type": "Point",
        "coordinates": [
          36.8573593,
          -1.2652047
        ]
      },
      "id": "node/2318438874"
    },
    {
      "type": "Feature",
      "properties": {
        "@id": "node/2374943969",
        "amenity": "library",
        "name": "Mathare Community Youth Resource Center",
        "opening_hours": "24/7",
        "operator": "Youths"
      },
      "geometry": {
        "type": "Point",
        "coordinates": [
          36.8501916,
          -1.2624083
        ]
      },
      "id": "node/2374943969"
    },
    {
      "type": "Feature",
      "properties": {
        "@id": "node/2374989968",
        "amenity": "community_centre",
        "name": "COMMUNITY TRASFORMERS",
        "name:it": "Community Trasformers"
      },
      "geometry": {
        "type": "Point",
        "coordinates": [
          36.8608066,
          -1.26375
        ]
      },
      "id": "node/2374989968"
    },
    {
      "type": "Feature",
      "properties": {
        "@id": "node/2374989987",
        "UNESCO POI": "EDUCATION",
        "amenity": "community_centre",
        "contact:phone": "0722430430",
        "contact_person": "Ann Waithira",
        "name": "TOUCH MY HEART",
        "opening_hours": "Mo-Fr 08:30-20:00",
        "operator": "OWNERS"
      },
      "geometry": {
        "type": "Point",
        "coordinates": [
          36.865458,
          -1.2623091
        ]
      },
      "id": "node/2374989987"
    },
    {
      "type": "Feature",
      "properties": {
        "@id": "node/2405798419",
        "amenity": "community_centre",
        "name": "Assistant chiefs office"
      },
      "geometry": {
        "type": "Point",
        "coordinates": [
          36.8853366,
          -1.2467506
        ]
      },
      "id": "node/2405798419"
    },
    {
      "type": "Feature",
      "properties": {
        "@id": "node/2405798423",
        "amenity": "place_of_worship",
        "denomination": "evangelical",
        "name": "Ayie singruok mochuere church",
        "religion": "christian"
      },
      "geometry": {
        "type": "Point",
        "coordinates": [
          36.8859726,
          -1.246773
        ]
      },
      "id": "node/2405798423"
    },
    {
      "type": "Feature",
      "properties": {
        "@id": "node/2405798427",
        "amenity": "place_of_worship",
        "denomination": "evangelical",
        "name": "Calvary church of God",
        "religion": "christian"
      },
      "geometry": {
        "type": "Point",
        "coordinates": [
          36.8865925,
          -1.246835
        ]
      },
      "id": "node/2405798427"
    },
    {
      "type": "Feature",
      "properties": {
        "@id": "node/2405798435",
        "amenity": "place_of_worship",
        "denomination": "baptist",
        "name": "Christian Mission Fellowship Church",
        "religion": "christian"
      },
      "geometry": {
        "type": "Point",
        "coordinates": [
          36.888135,
          -1.243577
        ]
      },
      "id": "node/2405798435"
    },
    {
      "type": "Feature",
      "properties": {
        "@id": "node/2405798454",
        "amenity": "place_of_worship",
        "denomination": "baptist",
        "name": "faith church of christ",
        "religion": "christian"
      },
      "geometry": {
        "type": "Point",
        "coordinates": [
          36.8894531,
          -1.2433462
        ]
      },
      "id": "node/2405798454"
    },
    {
      "type": "Feature",
      "properties": {
        "@id": "node/2405798478",
        "amenity": "place_of_worship",
        "denomination": "baptist",
        "name": "rock greeck victory church",
        "religion": "christian"
      },
      "geometry": {
        "type": "Point",
        "coordinates": [
          36.8893395,
          -1.2460393
        ]
      },
      "id": "node/2405798478"
    },
    {
      "type": "Feature",
      "properties": {
        "@id": "node/2405823257",
        "amenity": "place_of_worship",
        "denomination": "evangelical",
        "name": "Aflame of Joy Ministries and Baby Care",
        "religion": "christian"
      },
      "geometry": {
        "type": "Point",
        "coordinates": [
          36.8831781,
          -1.2486607
        ]
      },
      "id": "node/2405823257"
    },
    {
      "type": "Feature",
      "properties": {
        "@id": "node/2405823258",
        "amenity": "place_of_worship",
        "denomination": "protestant",
        "name": "Africa Inland Church",
        "religion": "christian"
      },
      "geometry": {
        "type": "Point",
        "coordinates": [
          36.8820523,
          -1.248308
        ]
      },
      "id": "node/2405823258"
    },
    {
      "type": "Feature",
      "properties": {
        "@id": "node/2405823262",
        "amenity": "place_of_worship",
        "denomination": "protestant",
        "name": "Baptist Church",
        "religion": "christian"
      },
      "geometry": {
        "type": "Point",
        "coordinates": [
          36.8849234,
          -1.2486223
        ]
      },
      "id": "node/2405823262"
    },
    {
      "type": "Feature",
      "properties": {
        "@id": "node/2405823264",
        "amenity": "place_of_worship",
        "denomination": "evangelical",
        "name": "Calvary Church",
        "religion": "christian"
      },
      "geometry": {
        "type": "Point",
        "coordinates": [
          36.8861436,
          -1.2468368
        ]
      },
      "id": "node/2405823264"
    },
    {
      "type": "Feature",
      "properties": {
        "@id": "node/2405823265",
        "amenity": "place_of_worship",
        "denomination": "evangelical",
        "name": "Chistian Revival Church and School",
        "religion": "christian"
      },
      "geometry": {
        "type": "Point",
        "coordinates": [
          36.8830749,
          -1.2475744
        ]
      },
      "id": "node/2405823265"
    },
    {
      "type": "Feature",
      "properties": {
        "@id": "node/2405823275",
        "amenity": "place_of_worship",
        "denomination": "protestant",
        "name": "Full Gospel Church",
        "religion": "christian"
      },
      "geometry": {
        "type": "Point",
        "coordinates": [
          36.8846337,
          -1.2490455
        ]
      },
      "id": "node/2405823275"
    },
    {
      "type": "Feature",
      "properties": {
        "@id": "node/2405823278",
        "amenity": "place_of_worship",
        "denomination": "protestant",
        "name": "God Last Appeal",
        "religion": "christian"
      },
      "geometry": {
        "type": "Point",
        "coordinates": [
          36.8840314,
          -1.2492604
        ]
      },
      "id": "node/2405823278"
    },
    {
      "type": "Feature",
      "properties": {
        "@id": "node/2405823284",
        "amenity": "place_of_worship",
        "denomination": "evangelical",
        "name": "Hosana Gospel Outreach Church",
        "religion": "christian"
      },
      "geometry": {
        "type": "Point",
        "coordinates": [
          36.8852591,
          -1.2482202
        ]
      },
      "id": "node/2405823284"
    },
    {
      "type": "Feature",
      "properties": {
        "@id": "node/2405823285",
        "amenity": "place_of_worship",
        "denomination": "evangelical",
        "name": "House of Grace",
        "religion": "christian"
      },
      "geometry": {
        "type": "Point",
        "coordinates": [
          36.8859607,
          -1.2477334
        ]
      },
      "id": "node/2405823285"
    },
    {
      "type": "Feature",
      "properties": {
        "@id": "node/2405823286",
        "amenity": "place_of_worship",
        "denomination": "protestant",
        "name": "Israel Church",
        "religion": "christian"
      },
      "geometry": {
        "type": "Point",
        "coordinates": [
          36.8834196,
          -1.2488264
        ]
      },
      "id": "node/2405823286"
    },
    {
      "type": "Feature",
      "properties": {
        "@id": "node/2405823287",
        "amenity": "place_of_worship",
        "denomination": "protestant",
        "name": "Japolo Church",
        "religion": "christian"
      },
      "geometry": {
        "type": "Point",
        "coordinates": [
          36.8837705,
          -1.247644
        ]
      },
      "id": "node/2405823287"
    },
    {
      "type": "Feature",
      "properties": {
        "@id": "node/2405823288",
        "amenity": "place_of_worship",
        "denomination": "protestant",
        "name": "Japolo Church",
        "religion": "christian"
      },
      "geometry": {
        "type": "Point",
        "coordinates": [
          36.8842176,
          -1.2487881
        ]
      },
      "id": "node/2405823288"
    },
    {
      "type": "Feature",
      "properties": {
        "@id": "node/2405823290",
        "amenity": "place_of_worship",
        "denomination": "evangelical",
        "name": "Kariobangi Soko Church",
        "religion": "christian"
      },
      "geometry": {
        "type": "Point",
        "coordinates": [
          36.8843881,
          -1.2479662
        ]
      },
      "id": "node/2405823290"
    },
    {
      "type": "Feature",
      "properties": {
        "@id": "node/2405823291",
        "amenity": "place_of_worship",
        "denomination": "protestant",
        "name": "Legio Maria",
        "religion": "christian"
      },
      "geometry": {
        "type": "Point",
        "coordinates": [
          36.882633,
          -1.2483374
        ]
      },
      "id": "node/2405823291"
    },
    {
      "type": "Feature",
      "properties": {
        "@id": "node/2405823298",
        "amenity": "place_of_worship",
        "denomination": "protestant",
        "name": "Redeemed Gospel Church",
        "religion": "christian"
      },
      "geometry": {
        "type": "Point",
        "coordinates": [
          36.887394,
          -1.2468496
        ]
      },
      "id": "node/2405823298"
    },
    {
      "type": "Feature",
      "properties": {
        "@id": "node/2405823299",
        "amenity": "place_of_worship",
        "denomination": "protestant",
        "name": "Redeemed Gospel Church",
        "opening_hours": "Tu-Su 08:00-15:00;Sa 08:00-12:00",
        "religion": "christian",
        "service_times": "Su 10:00"
      },
      "geometry": {
        "type": "Point",
        "coordinates": [
          36.8828115,
          -1.2481862
        ]
      },
      "id": "node/2405823299"
    },
    {
      "type": "Feature",
      "properties": {
        "@id": "node/2405823300",
        "amenity": "place_of_worship",
        "denomination": "evangelical",
        "name": "Roho Church",
        "religion": "christian"
      },
      "geometry": {
        "type": "Point",
        "coordinates": [
          36.8843567,
          -1.2488456
        ]
      },
      "id": "node/2405823300"
    },
    {
      "type": "Feature",
      "properties": {
        "@id": "node/2405823303",
        "amenity": "place_of_worship",
        "denomination": "evangelical",
        "name": "Sayuni Pentecostal Church",
        "religion": "christian"
      },
      "geometry": {
        "type": "Point",
        "coordinates": [
          36.8833105,
          -1.2492259
        ]
      },
      "id": "node/2405823303"
    },
    {
      "type": "Feature",
      "properties": {
        "@id": "node/2405823305",
        "amenity": "place_of_worship",
        "denomination": "protestant",
        "name": "Smata Wisdom Church",
        "religion": "christian"
      },
      "geometry": {
        "type": "Point",
        "coordinates": [
          36.8871568,
          -1.2468228
        ]
      },
      "id": "node/2405823305"
    },
    {
      "type": "Feature",
      "properties": {
        "@id": "node/2405829016",
        "amenity": "place_of_worship",
        "name": "Abundant life worship centre",
        "religion": "christian"
      },
      "geometry": {
        "type": "Point",
        "coordinates": [
          36.8841416,
          -1.2423849
        ]
      },
      "id": "node/2405829016"
    },
    {
      "type": "Feature",
      "properties": {
        "@id": "node/2405829022",
        "amenity": "place_of_worship",
        "denomination": "sunni",
        "name": "Daarusalam mosque and madrasa",
        "religion": "muslim"
      },
      "geometry": {
        "type": "Point",
        "coordinates": [
          36.8854698,
          -1.2408413
        ]
      },
      "id": "node/2405829022"
    },
    {
      "type": "Feature",
      "properties": {
        "@id": "node/2405829027",
        "building": "public",
        "name": "Kenya sweets company"
      },
      "geometry": {
        "type": "Point",
        "coordinates": [
          36.8875058,
          -1.2417908
        ]
      },
      "id": "node/2405829027"
    },
    {
      "type": "Feature",
      "properties": {
        "@id": "node/2405829032",
        "amenity": "place_of_worship",
        "denomination": "anglican",
        "name": "Peniel revival ministries",
        "religion": "christian"
      },
      "geometry": {
        "type": "Point",
        "coordinates": [
          36.8840614,
          -1.2418349
        ]
      },
      "id": "node/2405829032"
    },
    {
      "type": "Feature",
      "properties": {
        "@id": "node/2405829034",
        "amenity": "place_of_worship",
        "denomination": "catholic",
        "name": "Sacred heart catholic parish",
        "religion": "christian"
      },
      "geometry": {
        "type": "Point",
        "coordinates": [
          36.8844398,
          -1.2437202
        ]
      },
      "id": "node/2405829034"
    },
    {
      "type": "Feature",
      "properties": {
        "@id": "node/2405829035",
        "amenity": "place_of_worship",
        "denomination": "evangelical",
        "name": "Shalom evangelist ministry",
        "religion": "christian"
      },
      "geometry": {
        "type": "Point",
        "coordinates": [
          36.8836108,
          -1.2413834
        ]
      },
      "id": "node/2405829035"
    },
    {
      "type": "Feature",
      "properties": {
        "@id": "node/2405829036",
        "amenity": "place_of_worship",
        "denomination": "evangelical",
        "name": "The last word ministry",
        "religion": "christian"
      },
      "geometry": {
        "type": "Point",
        "coordinates": [
          36.8834023,
          -1.2414512
        ]
      },
      "id": "node/2405829036"
    },
    {
      "type": "Feature",
      "properties": {
        "@id": "node/2405829037",
        "amenity": "place_of_worship",
        "denomination": "evangelical",
        "name": "The pillar of light church",
        "religion": "christian"
      },
      "geometry": {
        "type": "Point",
        "coordinates": [
          36.8841232,
          -1.2414346
        ]
      },
      "id": "node/2405829037"
    },
    {
      "type": "Feature",
      "properties": {
        "@id": "node/2405829039",
        "amenity": "place_of_worship",
        "name": "True vine church",
        "religion": "christian"
      },
      "geometry": {
        "type": "Point",
        "coordinates": [
          36.8840869,
          -1.2426331
        ]
      },
      "id": "node/2405829039"
    },
    {
      "type": "Feature",
      "properties": {
        "@id": "node/2405836186",
        "amenity": "place_of_worship",
        "denomination": "anglican",
        "name": "ACK church",
        "religion": "christian"
      },
      "geometry": {
        "type": "Point",
        "coordinates": [
          36.8960189,
          -1.242586
        ]
      },
      "id": "node/2405836186"
    },
    {
      "type": "Feature",
      "properties": {
        "@id": "node/2405836196",
        "amenity": "place_of_worship",
        "denomination": "evangelical",
        "name": "Arising christian ministry",
        "religion": "christian"
      },
      "geometry": {
        "type": "Point",
        "coordinates": [
          36.8976917,
          -1.2377849
        ]
      },
      "id": "node/2405836196"
    },
    {
      "type": "Feature",
      "properties": {
        "@id": "node/2405836205",
        "amenity": "place_of_worship",
        "denomination": "baptist",
        "name": "Baptism chapel",
        "religion": "christian"
      },
      "geometry": {
        "type": "Point",
        "coordinates": [
          36.8938796,
          -1.2416737
        ]
      },
      "id": "node/2405836205"
    },
    {
      "type": "Feature",
      "properties": {
        "@id": "node/2405836209",
        "amenity": "place_of_worship",
        "name": "Bethsaida church",
        "religion": "christian"
      },
      "geometry": {
        "type": "Point",
        "coordinates": [
          36.8979989,
          -1.240254
        ]
      },
      "id": "node/2405836209"
    },
    {
      "type": "Feature",
      "properties": {
        "@id": "node/2405836220",
        "amenity": "place_of_worship",
        "denomination": "evangelical",
        "name": "Christ the king church",
        "name:it": "Christ the King",
        "religion": "christian"
      },
      "geometry": {
        "type": "Point",
        "coordinates": [
          36.8989266,
          -1.241143
        ]
      },
      "id": "node/2405836220"
    },
    {
      "type": "Feature",
      "properties": {
        "@id": "node/2405836227",
        "amenity": "place_of_worship",
        "denomination": "baptist",
        "name": "Deliverance church Ruaraka",
        "religion": "christian"
      },
      "geometry": {
        "type": "Point",
        "coordinates": [
          36.8938717,
          -1.2414075
        ]
      },
      "id": "node/2405836227"
    },
    {
      "type": "Feature",
      "properties": {
        "@id": "node/2405836232",
        "amenity": "place_of_worship",
        "denomination": "evangelical",
        "name": "Evangelism church",
        "religion": "christian"
      },
      "geometry": {
        "type": "Point",
        "coordinates": [
          36.8950241,
          -1.238912
        ]
      },
      "id": "node/2405836232"
    },
    {
      "type": "Feature",
      "properties": {
        "@id": "node/2405836236",
        "amenity": "place_of_worship",
        "denomination": "baptist",
        "name": "Friends church Ruaraka",
        "religion": "christian"
      },
      "geometry": {
        "type": "Point",
        "coordinates": [
          36.8966841,
          -1.2382817
        ]
      },
      "id": "node/2405836236"
    },
    {
      "type": "Feature",
      "properties": {
        "@id": "node/2405836239",
        "amenity": "place_of_worship",
        "denomination": "baptist",
        "name": "Full gospel churches of kenya",
        "religion": "christian"
      },
      "geometry": {
        "type": "Point",
        "coordinates": [
          36.9006914,
          -1.2388522
        ]
      },
      "id": "node/2405836239"
    },
    {
      "type": "Feature",
      "properties": {
        "@id": "node/2405836249",
        "amenity": "place_of_worship",
        "name": "International ministry church",
        "name:it": "International Ministry",
        "religion": "christian"
      },
      "geometry": {
        "type": "Point",
        "coordinates": [
          36.8969101,
          -1.2422588
        ]
      },
      "id": "node/2405836249"
    },
    {
      "type": "Feature",
      "properties": {
        "@id": "node/2405836252",
        "amenity": "place_of_worship",
        "denomination": "evangelical",
        "name": "Jesus wept ministry",
        "religion": "christian"
      },
      "geometry": {
        "type": "Point",
        "coordinates": [
          36.8932422,
          -1.2438281
        ]
      },
      "id": "node/2405836252"
    },
    {
      "type": "Feature",
      "properties": {
        "@id": "node/2405836258",
        "amenity": "place_of_worship",
        "denomination": "evangelical",
        "name": "Living mountain church",
        "religion": "christian"
      },
      "geometry": {
        "type": "Point",
        "coordinates": [
          36.8937004,
          -1.2429731
        ]
      },
      "id": "node/2405836258"
    },
    {
      "type": "Feature",
      "properties": {
        "@id": "node/2405836276",
        "amenity": "place_of_worship",
        "religion": "muslim"
      },
      "geometry": {
        "type": "Point",
        "coordinates": [
          36.894701,
          -1.2404537
        ]
      },
      "id": "node/2405836276"
    },
    {
      "type": "Feature",
      "properties": {
        "@id": "node/2405836280",
        "amenity": "place_of_worship",
        "denomination": "baptist",
        "name": "Pcea Kasarani Chodong Church",
        "phone": "+254 711 725370",
        "religion": "christian"
      },
      "geometry": {
        "type": "Point",
        "coordinates": [
          36.8913473,
          -1.2404199
        ]
      },
      "id": "node/2405836280"
    },
    {
      "type": "Feature",
      "properties": {
        "@id": "node/2405836288",
        "amenity": "place_of_worship",
        "denomination": "evangelical",
        "name": "Redeemed evangelistic fellowship church",
        "religion": "christian"
      },
      "geometry": {
        "type": "Point",
        "coordinates": [
          36.8978469,
          -1.2407234
        ]
      },
      "id": "node/2405836288"
    },
    {
      "type": "Feature",
      "properties": {
        "@id": "node/2405836290",
        "amenity": "place_of_worship",
        "denomination": "evangelical",
        "name": "Redeemed gospel church",
        "religion": "christian"
      },
      "geometry": {
        "type": "Point",
        "coordinates": [
          36.9002219,
          -1.2391677
        ]
      },
      "id": "node/2405836290"
    },
    {
      "type": "Feature",
      "properties": {
        "@id": "node/2405836294",
        "amenity": "place_of_worship",
        "denomination": "protestant",
        "name": "Shepherd apostolic ministry",
        "religion": "christian"
      },
      "geometry": {
        "type": "Point",
        "coordinates": [
          36.8986444,
          -1.2369118
        ]
      },
      "id": "node/2405836294"
    },
    {
      "type": "Feature",
      "properties": {
        "@id": "node/2405836300",
        "amenity": "place_of_worship",
        "denomination": "evangelical",
        "name": "True value church",
        "religion": "christian"
      },
      "geometry": {
        "type": "Point",
        "coordinates": [
          36.8924667,
          -1.2438634
        ]
      },
      "id": "node/2405836300"
    },
    {
      "type": "Feature",
      "properties": {
        "@id": "node/2405836309",
        "amenity": "place_of_worship",
        "denomination": "evangelical",
        "name": "Soul harvester church",
        "religion": "christian"
      },
      "geometry": {
        "type": "Point",
        "coordinates": [
          36.8925685,
          -1.2441501
        ]
      },
      "id": "node/2405836309"
    },
    {
      "type": "Feature",
      "properties": {
        "@id": "node/2405836317",
        "amenity": "place_of_worship",
        "denomination": "evangelical",
        "name": "Truth terbancle centre",
        "religion": "christian"
      },
      "geometry": {
        "type": "Point",
        "coordinates": [
          36.8958339,
          -1.2385355
        ]
      },
      "id": "node/2405836317"
    },
    {
      "type": "Feature",
      "properties": {
        "@id": "node/2405836320",
        "amenity": "place_of_worship",
        "name": "gomongo sda church",
        "religion": "christian"
      },
      "geometry": {
        "type": "Point",
        "coordinates": [
          36.8935774,
          -1.2403297
        ]
      },
      "id": "node/2405836320"
    },
    {
      "type": "Feature",
      "properties": {
        "@id": "node/2405836333",
        "amenity": "place_of_worship",
        "denomination": "baptist",
        "name": "salvation army church",
        "religion": "christian"
      },
      "geometry": {
        "type": "Point",
        "coordinates": [
          36.8932019,
          -1.2396564
        ]
      },
      "id": "node/2405836333"
    },
    {
      "type": "Feature",
      "properties": {
        "@id": "node/2405836334",
        "amenity": "place_of_worship",
        "denomination": "evangelical",
        "name": "sanctuary of truth centre",
        "religion": "christian"
      },
      "geometry": {
        "type": "Point",
        "coordinates": [
          36.8942397,
          -1.2402981
        ]
      },
      "id": "node/2405836334"
    },
    {
      "type": "Feature",
      "properties": {
        "@id": "node/2405854912",
        "amenity": "place_of_worship",
        "denomination": "pentecostal",
        "name": "Deliverance church",
        "religion": "christian"
      },
      "geometry": {
        "type": "Point",
        "coordinates": [
          36.8783475,
          -1.2485504
        ]
      },
      "id": "node/2405854912"
    },
    {
      "type": "Feature",
      "properties": {
        "@id": "node/2405854916",
        "amenity": "place_of_worship",
        "denomination": "anglican",
        "name": "KAG babandogo church",
        "religion": "christian"
      },
      "geometry": {
        "type": "Point",
        "coordinates": [
          36.8809331,
          -1.2475385
        ]
      },
      "id": "node/2405854916"
    },
    {
      "type": "Feature",
      "properties": {
        "@id": "node/2405854918",
        "amenity": "place_of_worship",
        "denomination": "baptist",
        "name": "Land marks baptist church",
        "religion": "christian"
      },
      "geometry": {
        "type": "Point",
        "coordinates": [
          36.8785591,
          -1.2480721
        ]
      },
      "id": "node/2405854918"
    },
    {
      "type": "Feature",
      "properties": {
        "@id": "node/2405854919",
        "amenity": "place_of_worship",
        "denomination": "anglican",
        "name": "Lord harvest centre",
        "religion": "christian"
      },
      "geometry": {
        "type": "Point",
        "coordinates": [
          36.8798646,
          -1.2471477
        ]
      },
      "id": "node/2405854919"
    },
    {
      "type": "Feature",
      "properties": {
        "@id": "node/2405854924",
        "amenity": "place_of_worship",
        "denomination": "sunni",
        "name": "Riverside mosque",
        "religion": "muslim"
      },
      "geometry": {
        "type": "Point",
        "coordinates": [
          36.8799362,
          -1.2488324
        ]
      },
      "id": "node/2405854924"
    },
    {
      "type": "Feature",
      "properties": {
        "@id": "node/2405854928",
        "amenity": "place_of_worship",
        "denomination": "pentecostal",
        "name": "United pentecostal church",
        "religion": "christian"
      },
      "geometry": {
        "type": "Point",
        "coordinates": [
          36.8807583,
          -1.247097
        ]
      },
      "id": "node/2405854928"
    },
    {
      "type": "Feature",
      "properties": {
        "@id": "node/2405854929",
        "amenity": "place_of_worship",
        "denomination": "evangelical",
        "name": "VRC Riverside church",
        "religion": "christian"
      },
      "geometry": {
        "type": "Point",
        "coordinates": [
          36.8806938,
          -1.2475845
        ]
      },
      "id": "node/2405854929"
    },
    {
      "type": "Feature",
      "properties": {
        "@id": "node/2405885964",
        "amenity": "place_of_worship",
        "denomination": "protestant",
        "name": "Baptist Church",
        "religion": "christian"
      },
      "geometry": {
        "type": "Point",
        "coordinates": [
          36.8847102,
          -1.2487454
        ]
      },
      "id": "node/2405885964"
    },
    {
      "type": "Feature",
      "properties": {
        "@id": "node/2454205559",
        "building": "public",
        "name": "KARI headquarters",
        "website": "https://www.kari.org/"
      },
      "geometry": {
        "type": "Point",
        "coordinates": [
          36.7479415,
          -1.2588957
        ]
      },
      "id": "node/2454205559"
    },
    {
      "type": "Feature",
      "properties": {
        "@id": "node/2480379432",
        "amenity": "place_of_worship",
        "denomination": "catholic",
        "name": "St. Rafaels",
        "religion": "christian"
      },
      "geometry": {
        "type": "Point",
        "coordinates": [
          36.7247659,
          -1.2557914
        ]
      },
      "id": "node/2480379432"
    },
    {
      "type": "Feature",
      "properties": {
        "@id": "node/2480379433",
        "addr:street": "Kapenguria Road",
        "amenity": "place_of_worship",
        "denomination": "seventh_day_adventist",
        "name": "Lower Kabete SDA Church",
        "religion": "christian"
      },
      "geometry": {
        "type": "Point",
        "coordinates": [
          36.7250019,
          -1.2555125
        ]
      },
      "id": "node/2480379433"
    },
    {
      "type": "Feature",
      "properties": {
        "@id": "node/2509934987",
        "amenity": "library",
        "name": "Utalii College Library"
      },
      "geometry": {
        "type": "Point",
        "coordinates": [
          36.8561596,
          -1.2581178
        ]
      },
      "id": "node/2509934987"
    },
    {
      "type": "Feature",
      "properties": {
        "@id": "node/2547516051",
        "addr:city": "Nairobi",
        "addr:street": "St. Daniel Comboni Road",
        "amenity": "place_of_worship",
        "name": "St Vincent Palotti Catholic Church",
        "religion": "christian"
      },
      "geometry": {
        "type": "Point",
        "coordinates": [
          36.7546366,
          -1.3006141
        ]
      },
      "id": "node/2547516051"
    },
    {
      "type": "Feature",
      "properties": {
        "@id": "node/2611537240",
        "addr:city": "Ngong",
        "addr:street": "Ngong Road",
        "amenity": "place_of_worship",
        "denomination": "catholic",
        "name": "Embulbul Catholic Church",
        "religion": "christian"
      },
      "geometry": {
        "type": "Point",
        "coordinates": [
          36.6728705,
          -1.3353385
        ]
      },
      "id": "node/2611537240"
    },
    {
      "type": "Feature",
      "properties": {
        "@id": "node/2611537242",
        "addr:city": "Embulbul",
        "amenity": "place_of_worship",
        "name": "Embulbul mosque",
        "religion": "muslim"
      },
      "geometry": {
        "type": "Point",
        "coordinates": [
          36.674832,
          -1.3356217
        ]
      },
      "id": "node/2611537242"
    },
    {
      "type": "Feature",
      "properties": {
        "@id": "node/2665156723",
        "amenity": "place_of_worship",
        "name": "Grace Church",
        "religion": "christian"
      },
      "geometry": {
        "type": "Point",
        "coordinates": [
          36.893369,
          -1.2952629
        ]
      },
      "id": "node/2665156723"
    },
    {
      "type": "Feature",
      "properties": {
        "@id": "node/2725000253",
        "building": "public",
        "name": "Kwaho"
      },
      "geometry": {
        "type": "Point",
        "coordinates": [
          36.7899582,
          -1.307981
        ]
      },
      "id": "node/2725000253"
    },
    {
      "type": "Feature",
      "properties": {
        "@id": "node/2740154774",
        "addr:city": "Nairobi",
        "addr:street": "Limuru Road",
        "amenity": "place_of_worship",
        "email": "info@karuracc.or.ke",
        "name": "Karura Community Chapel",
        "phone": "+ 254 721 990 880",
        "religion": "christian",
        "website": "https://www.karuracc.or.ke/"
      },
      "geometry": {
        "type": "Point",
        "coordinates": [
          36.7984872,
          -1.2150875
        ]
      },
      "id": "node/2740154774"
    },
    {
      "type": "Feature",
      "properties": {
        "@id": "node/2822395612",
        "building": "public",
        "name": "Chief camp",
        "office": "government"
      },
      "geometry": {
        "type": "Point",
        "coordinates": [
          36.800483,
          -1.3170161
        ]
      },
      "id": "node/2822395612"
    },
    {
      "type": "Feature",
      "properties": {
        "@id": "node/2901539549",
        "amenity": "place_of_worship",
        "denomination": "catholic",
        "name": "St Francis",
        "religion": "christian"
      },
      "geometry": {
        "type": "Point",
        "coordinates": [
          36.9050179,
          -1.1868259
        ]
      },
      "id": "node/2901539549"
    },
    {
      "type": "Feature",
      "properties": {
        "@id": "node/3032456384",
        "addr:city": "umoja Estate",
        "addr:street": "Moi Drive",
        "amenity": "place_of_worship",
        "denomination": "protestant",
        "name": "Umoja P.A.G Church",
        "religion": "christian"
      },
      "geometry": {
        "type": "Point",
        "coordinates": [
          36.8934764,
          -1.284981
        ]
      },
      "id": "node/3032456384"
    },
    {
      "type": "Feature",
      "properties": {
        "@id": "node/3064829667",
        "amenity": "community_centre",
        "check_date": "2023-04-22",
        "name": "power of hope office"
      },
      "geometry": {
        "type": "Point",
        "coordinates": [
          36.7976055,
          -1.3176522
        ]
      },
      "id": "node/3064829667"
    },
    {
      "type": "Feature",
      "properties": {
        "@id": "node/3092075724",
        "amenity": "place_of_worship",
        "check_date": "2023-05-08",
        "denomination": "quaker",
        "name": "Mashimoni Friends Church",
        "religion": "christian"
      },
      "geometry": {
        "type": "Point",
        "coordinates": [
          36.7915802,
          -1.3095942
        ]
      },
      "id": "node/3092075724"
    },
    {
      "type": "Feature",
      "properties": {
        "@id": "node/3092083065",
        "amenity": "place_of_worship",
        "check_date": "2023-04-25",
        "denomination": "pentecostal",
        "name": "Changing Times Centre",
        "religion": "christian"
      },
      "geometry": {
        "type": "Point",
        "coordinates": [
          36.7926667,
          -1.3126525
        ]
      },
      "id": "node/3092083065"
    },
    {
      "type": "Feature",
      "properties": {
        "@id": "node/3183389468",
        "amenity": "place_of_worship",
        "name": "Lifespring"
      },
      "geometry": {
        "type": "Point",
        "coordinates": [
          36.897597,
          -1.3216616
        ]
      },
      "id": "node/3183389468"
    },
    {
      "type": "Feature",
      "properties": {
        "@id": "node/3204514163",
        "addr:city": "Ruiru",
        "addr:street": "Thika Road",
        "amenity": "place_of_worship",
        "name": "Ruiru Mosque",
        "religion": "muslim"
      },
      "geometry": {
        "type": "Point",
        "coordinates": [
          36.9589104,
          -1.1553215
        ]
      },
      "id": "node/3204514163"
    },
    {
      "type": "Feature",
      "properties": {
        "@id": "node/3246123676",
        "amenity": "place_of_worship",
        "name": "Finch Hatton's grave",
        "religion": "christian"
      },
      "geometry": {
        "type": "Point",
        "coordinates": [
          36.6624664,
          -1.4134384
        ]
      },
      "id": "node/3246123676"
    },
    {
      "type": "Feature",
      "properties": {
        "@id": "node/3519375336",
        "addr:city": "Ngong",
        "addr:street": "Church Road",
        "amenity": "place_of_worship",
        "denomination": "catholic",
        "name": "Ngong Catholic Cathedral",
        "religion": "christian"
      },
      "geometry": {
        "type": "Point",
        "coordinates": [
          36.6596089,
          -1.3649669
        ]
      },
      "id": "node/3519375336"
    },
    {
      "type": "Feature",
      "properties": {
        "@id": "node/3519474219",
        "addr:city": "Ngong",
        "addr:street": "Forest Line -Ngong Road",
        "amenity": "place_of_worship",
        "name": "Ngong Mosque",
        "religion": "muslim"
      },
      "geometry": {
        "type": "Point",
        "coordinates": [
          36.6567919,
          -1.3633423
        ]
      },
      "id": "node/3519474219"
    },
    {
      "type": "Feature",
      "properties": {
        "@id": "node/3519591077",
        "addr:city": "Nairobi",
        "addr:street": "Ngong View Road",
        "amenity": "place_of_worship",
        "name": "Karen Community Church",
        "religion": "christian"
      },
      "geometry": {
        "type": "Point",
        "coordinates": [
          36.6879982,
          -1.3304604
        ]
      },
      "id": "node/3519591077"
    },
    {
      "type": "Feature",
      "properties": {
        "@id": "node/3544407775",
        "addr:city": "Ngong",
        "addr:street": "Forest Line -Ngong Road",
        "amenity": "place_of_worship",
        "name": "CITAM Ngong sanctuary",
        "religion": "christian"
      },
      "geometry": {
        "type": "Point",
        "coordinates": [
          36.6581673,
          -1.3697058
        ]
      },
      "id": "node/3544407775"
    },
    {
      "type": "Feature",
      "properties": {
        "@id": "node/3549788697",
        "amenity": "place_of_worship",
        "name": "Salvation Army Ngong Corps",
        "religion": "christian"
      },
      "geometry": {
        "type": "Point",
        "coordinates": [
          36.6539788,
          -1.3613799
        ]
      },
      "id": "node/3549788697"
    },
    {
      "type": "Feature",
      "properties": {
        "@id": "node/3549816514",
        "addr:city": "Ngong",
        "addr:street": "Ngong Road",
        "amenity": "place_of_worship",
        "name": "Ark International Church",
        "religion": "christian"
      },
      "geometry": {
        "type": "Point",
        "coordinates": [
          36.6629673,
          -1.3479337
        ]
      },
      "id": "node/3549816514"
    },
    {
      "type": "Feature",
      "properties": {
        "@id": "node/3549842497",
        "addr:city": "Ngong",
        "addr:street": "Ngong Road",
        "amenity": "place_of_worship",
        "name": "PCEA Enchorro Emuny Church",
        "religion": "christian"
      },
      "geometry": {
        "type": "Point",
        "coordinates": [
          36.6573025,
          -1.3569083
        ]
      },
      "id": "node/3549842497"
    },
    {
      "type": "Feature",
      "properties": {
        "@id": "node/3585205467",
        "amenity": "place_of_worship",
        "denomination": "catholic",
        "name": "Cornerstone Christian Church",
        "religion": "christian"
      },
      "geometry": {
        "type": "Point",
        "coordinates": [
          36.6636648,
          -1.4107908
        ]
      },
      "id": "node/3585205467"
    },
    {
      "type": "Feature",
      "properties": {
        "@id": "node/3585213905",
        "amenity": "place_of_worship",
        "name": "Jesus Restoration Church",
        "religion": "christian"
      },
      "geometry": {
        "type": "Point",
        "coordinates": [
          36.6543311,
          -1.358481
        ]
      },
      "id": "node/3585213905"
    },
    {
      "type": "Feature",
      "properties": {
        "@id": "node/3585213910",
        "addr:city": "Ngong",
        "addr:street": "Ngong Road",
        "amenity": "place_of_worship",
        "name": "Apostolic Faith Church",
        "religion": "christian"
      },
      "geometry": {
        "type": "Point",
        "coordinates": [
          36.6582137,
          -1.3550851
        ]
      },
      "id": "node/3585213910"
    },
    {
      "type": "Feature",
      "properties": {
        "@id": "node/3706287724",
        "amenity": "place_of_worship",
        "religion": "christian"
      },
      "geometry": {
        "type": "Point",
        "coordinates": [
          36.7014786,
          -1.4559255
        ]
      },
      "id": "node/3706287724"
    },
    {
      "type": "Feature",
      "properties": {
        "@id": "node/3706316309",
        "amenity": "place_of_worship",
        "religion": "christian"
      },
      "geometry": {
        "type": "Point",
        "coordinates": [
          36.6895759,
          -1.4528256
        ]
      },
      "id": "node/3706316309"
    },
    {
      "type": "Feature",
      "properties": {
        "@id": "node/3723143854",
        "amenity": "place_of_worship",
        "name": "ACK st prisca church",
        "operational_status": "operational",
        "operator:type": "private",
        "religion": "christian",
        "source": "survey",
        "wheelchair": "yes"
      },
      "geometry": {
        "type": "Point",
        "coordinates": [
          36.8906108,
          -1.2498197
        ]
      },
      "id": "node/3723143854"
    },
    {
      "type": "Feature",
      "properties": {
        "@id": "node/3723143855",
        "amenity": "place_of_worship",
        "name": "ADC upendo assemblies",
        "religion": "christian"
      },
      "geometry": {
        "type": "Point",
        "coordinates": [
          36.8892874,
          -1.2538089
        ]
      },
      "id": "node/3723143855"
    },
    {
      "type": "Feature",
      "properties": {
        "@id": "node/3723143856",
        "amenity": "place_of_worship",
        "name": "AIPCA church",
        "religion": "christian"
      },
      "geometry": {
        "type": "Point",
        "coordinates": [
          36.8849082,
          -1.259116
        ]
      },
      "id": "node/3723143856"
    },
    {
      "type": "Feature",
      "properties": {
        "@id": "node/3723143859",
        "amenity": "place_of_worship",
        "name": "Full Gospel church of kenya",
        "operational_status": "operational",
        "operator:type": "private",
        "religion": "christian",
        "source": "survey",
        "wheelchair": "yes"
      },
      "geometry": {
        "type": "Point",
        "coordinates": [
          36.8894268,
          -1.253092
        ]
      },
      "id": "node/3723143859"
    },
    {
      "type": "Feature",
      "properties": {
        "@id": "node/3723143860",
        "amenity": "place_of_worship",
        "name": "HHI israel church",
        "religion": "christian"
      },
      "geometry": {
        "type": "Point",
        "coordinates": [
          36.8900525,
          -1.2482164
        ]
      },
      "id": "node/3723143860"
    },
    {
      "type": "Feature",
      "properties": {
        "@id": "node/3723143862",
        "amenity": "place_of_worship",
        "name": "PAG assemblies of God",
        "religion": "christian"
      },
      "geometry": {
        "type": "Point",
        "coordinates": [
          36.891441,
          -1.2483362
        ]
      },
      "id": "node/3723143862"
    },
    {
      "type": "Feature",
      "properties": {
        "@id": "node/3723143863",
        "amenity": "place_of_worship",
        "name": "PCEA",
        "religion": "christian"
      },
      "geometry": {
        "type": "Point",
        "coordinates": [
          36.8896186,
          -1.2490326
        ]
      },
      "id": "node/3723143863"
    },
    {
      "type": "Feature",
      "properties": {
        "@id": "node/3723143864",
        "amenity": "place_of_worship",
        "name": "PEFA Kariobangi Church",
        "operational_status": "operational",
        "operator:type": "religious",
        "religion": "christian",
        "source": "survey",
        "wheelchair": "yes"
      },
      "geometry": {
        "type": "Point",
        "coordinates": [
          36.8915348,
          -1.2487805
        ]
      },
      "id": "node/3723143864"
    },
    {
      "type": "Feature",
      "properties": {
        "@id": "node/3723143882",
        "amenity": "place_of_worship",
        "name": "christ divine church",
        "religion": "christian"
      },
      "geometry": {
        "type": "Point",
        "coordinates": [
          36.8894072,
          -1.2541415
        ]
      },
      "id": "node/3723143882"
    },
    {
      "type": "Feature",
      "properties": {
        "@id": "node/3723143883",
        "amenity": "place_of_worship",
        "name": "christ ministry church",
        "religion": "christian"
      },
      "geometry": {
        "type": "Point",
        "coordinates": [
          36.8840458,
          -1.2597408
        ]
      },
      "id": "node/3723143883"
    },
    {
      "type": "Feature",
      "properties": {
        "@id": "node/3723143891",
        "amenity": "place_of_worship",
        "name": "Faith of Hope Centre",
        "operational_status": "operational",
        "operator:type": "private",
        "religion": "christian",
        "source": "survey",
        "wheelchair": "yes"
      },
      "geometry": {
        "type": "Point",
        "coordinates": [
          36.8880453,
          -1.2508818
        ]
      },
      "id": "node/3723143891"
    },
    {
      "type": "Feature",
      "properties": {
        "@id": "node/3723143892",
        "amenity": "place_of_worship",
        "name": "Glory Church",
        "operational_status": "operational",
        "operator:type": "private",
        "religion": "christian",
        "source": "survey",
        "wheelchair": "yes"
      },
      "geometry": {
        "type": "Point",
        "coordinates": [
          36.8912268,
          -1.2491851
        ]
      },
      "id": "node/3723143892"
    },
    {
      "type": "Feature",
      "properties": {
        "@id": "node/3723143897",
        "amenity": "place_of_worship",
        "name": "grace given and transformation center",
        "religion": "christian"
      },
      "geometry": {
        "type": "Point",
        "coordinates": [
          36.89246,
          -1.2499776
        ]
      },
      "id": "node/3723143897"
    },
    {
      "type": "Feature",
      "properties": {
        "@id": "node/3723143902",
        "amenity": "place_of_worship",
        "name": "highridge baptist church",
        "religion": "christian"
      },
      "geometry": {
        "type": "Point",
        "coordinates": [
          36.8924971,
          -1.2509341
        ]
      },
      "id": "node/3723143902"
    },
    {
      "type": "Feature",
      "properties": {
        "@id": "node/3723143908",
        "amenity": "place_of_worship",
        "name": "holy trinity church",
        "religion": "christian"
      },
      "geometry": {
        "type": "Point",
        "coordinates": [
          36.890132,
          -1.2481511
        ]
      },
      "id": "node/3723143908"
    },
    {
      "type": "Feature",
      "properties": {
        "@id": "node/3723143913",
        "amenity": "place_of_worship",
        "name": "Israel Church of Africa",
        "operational_status": "needs repair",
        "operator:type": "religious",
        "religion": "christian",
        "source": "survey",
        "wheelchair": "yes"
      },
      "geometry": {
        "type": "Point",
        "coordinates": [
          36.8919615,
          -1.2522168
        ]
      },
      "id": "node/3723143913"
    },
    {
      "type": "Feature",
      "properties": {
        "@id": "node/3723143915",
        "amenity": "place_of_worship",
        "name": "jesus upliftance ministry",
        "religion": "christian"
      },
      "geometry": {
        "type": "Point",
        "coordinates": [
          36.8888634,
          -1.2508004
        ]
      },
      "id": "node/3723143915"
    },
    {
      "type": "Feature",
      "properties": {
        "@id": "node/3723143916",
        "amenity": "place_of_worship",
        "name": "jesus worship centre",
        "religion": "christian"
      },
      "geometry": {
        "type": "Point",
        "coordinates": [
          36.8860082,
          -1.2557073
        ]
      },
      "id": "node/3723143916"
    },
    {
      "type": "Feature",
      "properties": {
        "@id": "node/3723143920",
        "amenity": "place_of_worship",
        "name": "kenya foundation of the prophet",
        "religion": "christian"
      },
      "geometry": {
        "type": "Point",
        "coordinates": [
          36.8876738,
          -1.2517465
        ]
      },
      "id": "node/3723143920"
    },
    {
      "type": "Feature",
      "properties": {
        "@id": "node/3723146926",
        "amenity": "place_of_worship",
        "name": "legio maria church",
        "religion": "christian"
      },
      "geometry": {
        "type": "Point",
        "coordinates": [
          36.8907564,
          -1.250342
        ]
      },
      "id": "node/3723146926"
    },
    {
      "type": "Feature",
      "properties": {
        "@id": "node/3723146928",
        "amenity": "place_of_worship",
        "name": "life of hope foundation centre",
        "religion": "christian"
      },
      "geometry": {
        "type": "Point",
        "coordinates": [
          36.8894992,
          -1.2529044
        ]
      },
      "id": "node/3723146928"
    },
    {
      "type": "Feature",
      "properties": {
        "@id": "node/3723146938",
        "amenity": "place_of_worship",
        "name": "makao church",
        "religion": "christian"
      },
      "geometry": {
        "type": "Point",
        "coordinates": [
          36.8861112,
          -1.2567124
        ]
      },
      "id": "node/3723146938"
    },
    {
      "type": "Feature",
      "properties": {
        "@id": "node/3723146941",
        "amenity": "place_of_worship",
        "name": "Masanda Holy Church",
        "operational_status": "operational",
        "operator:type": "private",
        "religion": "christian",
        "source": "survey",
        "wheelchair": "yes"
      },
      "geometry": {
        "type": "Point",
        "coordinates": [
          36.8921759,
          -1.2497898
        ]
      },
      "id": "node/3723146941"
    },
    {
      "type": "Feature",
      "properties": {
        "@id": "node/3723147133",
        "amenity": "place_of_worship",
        "religion": "christian"
      },
      "geometry": {
        "type": "Point",
        "coordinates": [
          36.8907985,
          -1.2487304
        ]
      },
      "id": "node/3723147133"
    },
    {
      "type": "Feature",
      "properties": {
        "@id": "node/3723147165",
        "amenity": "place_of_worship",
        "religion": "christian"
      },
      "geometry": {
        "type": "Point",
        "coordinates": [
          36.8906295,
          -1.2492004
        ]
      },
      "id": "node/3723147165"
    },
    {
      "type": "Feature",
      "properties": {
        "@id": "node/3723147350",
        "amenity": "place_of_worship",
        "religion": "muslim"
      },
      "geometry": {
        "type": "Point",
        "coordinates": [
          36.8905285,
          -1.2526676
        ]
      },
      "id": "node/3723147350"
    },
    {
      "type": "Feature",
      "properties": {
        "@id": "node/3723147501",
        "amenity": "place_of_worship",
        "name": "pentecostal assembly of god",
        "religion": "christian"
      },
      "geometry": {
        "type": "Point",
        "coordinates": [
          36.8871228,
          -1.2550606
        ]
      },
      "id": "node/3723147501"
    },
    {
      "type": "Feature",
      "properties": {
        "@id": "node/3723147505",
        "amenity": "place_of_worship",
        "name": "roho msalaba church",
        "religion": "christian"
      },
      "geometry": {
        "type": "Point",
        "coordinates": [
          36.8907821,
          -1.2490502
        ]
      },
      "id": "node/3723147505"
    },
    {
      "type": "Feature",
      "properties": {
        "@id": "node/3723147507",
        "amenity": "place_of_worship",
        "name": "seventh day adventist",
        "religion": "christian"
      },
      "geometry": {
        "type": "Point",
        "coordinates": [
          36.8916204,
          -1.2508529
        ]
      },
      "id": "node/3723147507"
    },
    {
      "type": "Feature",
      "properties": {
        "@id": "node/3723147513",
        "amenity": "place_of_worship",
        "name": "upendo ministry fellowship",
        "religion": "christian"
      },
      "geometry": {
        "type": "Point",
        "coordinates": [
          36.8917365,
          -1.2516744
        ]
      },
      "id": "node/3723147513"
    },
    {
      "type": "Feature",
      "properties": {
        "@id": "node/3723147516",
        "amenity": "place_of_worship",
        "name": "Vision and Hope Revival Church",
        "operational_status": "operational",
        "operator:type": "private",
        "religion": "christian",
        "source": "survey",
        "wheelchair": "no"
      },
      "geometry": {
        "type": "Point",
        "coordinates": [
          36.885608,
          -1.2555959
        ]
      },
      "id": "node/3723147516"
    },
    {
      "type": "Feature",
      "properties": {
        "@id": "node/3723147517",
        "amenity": "place_of_worship",
        "name": "wakonino church",
        "religion": "christian"
      },
      "geometry": {
        "type": "Point",
        "coordinates": [
          36.8886002,
          -1.2534789
        ]
      },
      "id": "node/3723147517"
    },
    {
      "type": "Feature",
      "properties": {
        "@id": "node/3726414970",
        "amenity": "place_of_worship",
        "name": "St Clares catholic church",
        "religion": "christian"
      },
      "geometry": {
        "type": "Point",
        "coordinates": [
          36.8873332,
          -1.2518002
        ]
      },
      "id": "node/3726414970"
    },
    {
      "type": "Feature",
      "properties": {
        "@id": "node/3838683007",
        "amenity": "place_of_worship",
        "name": "abc church south b region",
        "religion": "christian"
      },
      "geometry": {
        "type": "Point",
        "coordinates": [
          36.8384767,
          -1.3089645
        ]
      },
      "id": "node/3838683007"
    },
    {
      "type": "Feature",
      "properties": {
        "@id": "node/3844262705",
        "amenity": "place_of_worship",
        "denomination": "evangelical",
        "name": "New israel true gospel church",
        "religion": "christian"
      },
      "geometry": {
        "type": "Point",
        "coordinates": [
          36.84515,
          -1.3123862
        ]
      },
      "id": "node/3844262705"
    },
    {
      "type": "Feature",
      "properties": {
        "@id": "node/3856033694",
        "amenity": "place_of_worship",
        "name": "Builder Chapel Ministry",
        "religion": "christian"
      },
      "geometry": {
        "type": "Point",
        "coordinates": [
          36.8364679,
          -1.308384
        ]
      },
      "id": "node/3856033694"
    },
    {
      "type": "Feature",
      "properties": {
        "@id": "node/3856033698",
        "amenity": "place_of_worship",
        "name": "Mountain of the Lord",
        "religion": "christian"
      },
      "geometry": {
        "type": "Point",
        "coordinates": [
          36.837036,
          -1.309284
        ]
      },
      "id": "node/3856033698"
    },
    {
      "type": "Feature",
      "properties": {
        "@id": "node/3856033700",
        "amenity": "place_of_worship",
        "name": "Nairobi West Church",
        "religion": "christian"
      },
      "geometry": {
        "type": "Point",
        "coordinates": [
          36.836642,
          -1.3093169
        ]
      },
      "id": "node/3856033700"
    },
    {
      "type": "Feature",
      "properties": {
        "@id": "node/3856033703",
        "amenity": "place_of_worship",
        "name": "SDA Church",
        "religion": "christian"
      },
      "geometry": {
        "type": "Point",
        "coordinates": [
          36.836513,
          -1.3088819
        ]
      },
      "id": "node/3856033703"
    },
    {
      "type": "Feature",
      "properties": {
        "@id": "node/3856033704",
        "amenity": "place_of_worship",
        "name": "Saint Charles Lwanga Catholic Church",
        "religion": "christian"
      },
      "geometry": {
        "type": "Point",
        "coordinates": [
          36.8370131,
          -1.3083778
        ]
      },
      "id": "node/3856033704"
    },
    {
      "type": "Feature",
      "properties": {
        "@id": "node/3856033705",
        "amenity": "place_of_worship",
        "name": "Saint Pauls AIPCA Church",
        "religion": "christian"
      },
      "geometry": {
        "type": "Point",
        "coordinates": [
          36.8371204,
          -1.3093299
        ]
      },
      "id": "node/3856033705"
    },
    {
      "type": "Feature",
      "properties": {
        "@id": "node/3856033709",
        "amenity": "place_of_worship",
        "religion": "christian"
      },
      "geometry": {
        "type": "Point",
        "coordinates": [
          36.8373568,
          -1.3082171
        ]
      },
      "id": "node/3856033709"
    },
    {
      "type": "Feature",
      "properties": {
        "@id": "node/3856040457",
        "amenity": "place_of_worship",
        "name": "Gethsemane worship centre",
        "religion": "christian"
      },
      "geometry": {
        "type": "Point",
        "coordinates": [
          36.8379184,
          -1.3078867
        ]
      },
      "id": "node/3856040457"
    },
    {
      "type": "Feature",
      "properties": {
        "@id": "node/3856040658",
        "amenity": "place_of_worship",
        "name": "st.perpetual christian community",
        "religion": "christian"
      },
      "geometry": {
        "type": "Point",
        "coordinates": [
          36.8426402,
          -1.3108257
        ]
      },
      "id": "node/3856040658"
    },
    {
      "type": "Feature",
      "properties": {
        "@id": "node/3856040757",
        "amenity": "place_of_worship",
        "name": "bethwell church",
        "religion": "christian"
      },
      "geometry": {
        "type": "Point",
        "coordinates": [
          36.8395587,
          -1.308345
        ]
      },
      "id": "node/3856040757"
    },
    {
      "type": "Feature",
      "properties": {
        "@id": "node/3856040857",
        "amenity": "place_of_worship",
        "building": "church",
        "religion": "christian"
      },
      "geometry": {
        "type": "Point",
        "coordinates": [
          36.840467,
          -1.309673
        ]
      },
      "id": "node/3856040857"
    },
    {
      "type": "Feature",
      "properties": {
        "@id": "node/3856041358",
        "amenity": "place_of_worship",
        "name": "four square church",
        "religion": "christian"
      },
      "geometry": {
        "type": "Point",
        "coordinates": [
          36.8393129,
          -1.3081427
        ]
      },
      "id": "node/3856041358"
    },
    {
      "type": "Feature",
      "properties": {
        "@id": "node/3856041359",
        "amenity": "place_of_worship",
        "name": "st. agatha christian community",
        "religion": "christian"
      },
      "geometry": {
        "type": "Point",
        "coordinates": [
          36.8408519,
          -1.3102678
        ]
      },
      "id": "node/3856041359"
    },
    {
      "type": "Feature",
      "properties": {
        "@id": "node/3856041657",
        "amenity": "place_of_worship",
        "name": "full gospel church",
        "religion": "christian"
      },
      "geometry": {
        "type": "Point",
        "coordinates": [
          36.8425589,
          -1.311144
        ]
      },
      "id": "node/3856041657"
    },
    {
      "type": "Feature",
      "properties": {
        "@id": "node/3856041757",
        "amenity": "place_of_worship",
        "name": "healing and hope church",
        "religion": "christian"
      },
      "geometry": {
        "type": "Point",
        "coordinates": [
          36.8391779,
          -1.3075038
        ]
      },
      "id": "node/3856041757"
    },
    {
      "type": "Feature",
      "properties": {
        "@id": "node/3856047790",
        "amenity": "place_of_worship",
        "name": "All Nations Pefa South B",
        "religion": "christian"
      },
      "geometry": {
        "type": "Point",
        "coordinates": [
          36.8444202,
          -1.3125918
        ]
      },
      "id": "node/3856047790"
    },
    {
      "type": "Feature",
      "properties": {
        "@id": "node/3856047791",
        "amenity": "place_of_worship",
        "name": "South B Friends Church(Quakers)",
        "religion": "christian"
      },
      "geometry": {
        "type": "Point",
        "coordinates": [
          36.8459163,
          -1.3133876
        ]
      },
      "id": "node/3856047791"
    },
    {
      "type": "Feature",
      "properties": {
        "@id": "node/3856068136",
        "amenity": "place_of_worship",
        "name": "ADC Church",
        "religion": "christian"
      },
      "geometry": {
        "type": "Point",
        "coordinates": [
          36.8408892,
          -1.306957
        ]
      },
      "id": "node/3856068136"
    },
    {
      "type": "Feature",
      "properties": {
        "@id": "node/3856068137",
        "amenity": "place_of_worship",
        "name": "Bible Baptist",
        "religion": "christian"
      },
      "geometry": {
        "type": "Point",
        "coordinates": [
          36.8405169,
          -1.3091801
        ]
      },
      "id": "node/3856068137"
    },
    {
      "type": "Feature",
      "properties": {
        "@id": "node/3856068138",
        "amenity": "place_of_worship",
        "name": "Christ Alive Ministry",
        "religion": "christian"
      },
      "geometry": {
        "type": "Point",
        "coordinates": [
          36.840578,
          -1.3090308
        ]
      },
      "id": "node/3856068138"
    },
    {
      "type": "Feature",
      "properties": {
        "@id": "node/3856068139",
        "amenity": "place_of_worship",
        "name": "Church of Joy",
        "religion": "christian"
      },
      "geometry": {
        "type": "Point",
        "coordinates": [
          36.8406915,
          -1.3086844
        ]
      },
      "id": "node/3856068139"
    },
    {
      "type": "Feature",
      "properties": {
        "@id": "node/3856068141",
        "amenity": "place_of_worship",
        "name": "Harvest Christian Church International",
        "religion": "christian"
      },
      "geometry": {
        "type": "Point",
        "coordinates": [
          36.8403729,
          -1.3092368
        ]
      },
      "id": "node/3856068141"
    },
    {
      "type": "Feature",
      "properties": {
        "@id": "node/3856068143",
        "amenity": "place_of_worship",
        "name": "Kenya African Church Of Holy Spirit",
        "religion": "christian"
      },
      "geometry": {
        "type": "Point",
        "coordinates": [
          36.8409287,
          -1.3068687
        ]
      },
      "id": "node/3856068143"
    },
    {
      "type": "Feature",
      "properties": {
        "@id": "node/3856068145",
        "amenity": "place_of_worship",
        "name": "Mariakani PAG",
        "religion": "christian"
      },
      "geometry": {
        "type": "Point",
        "coordinates": [
          36.8407459,
          -1.308477
        ]
      },
      "id": "node/3856068145"
    },
    {
      "type": "Feature",
      "properties": {
        "@id": "node/3856101437",
        "amenity": "place_of_worship",
        "name": "African Evalingelical Church",
        "religion": "christian"
      },
      "geometry": {
        "type": "Point",
        "coordinates": [
          36.8427271,
          -1.311042
        ]
      },
      "id": "node/3856101437"
    },
    {
      "type": "Feature",
      "properties": {
        "@id": "node/3856130257",
        "amenity": "place_of_worship",
        "name": "A.M.O.H.GM Church",
        "religion": "christian"
      },
      "geometry": {
        "type": "Point",
        "coordinates": [
          36.8407805,
          -1.3070809
        ]
      },
      "id": "node/3856130257"
    },
    {
      "type": "Feature",
      "properties": {
        "@id": "node/3856130357",
        "amenity": "place_of_worship",
        "name": "ADC ATMO Church",
        "religion": "christian"
      },
      "geometry": {
        "type": "Point",
        "coordinates": [
          36.840888,
          -1.306949
        ]
      },
      "id": "node/3856130357"
    },
    {
      "type": "Feature",
      "properties": {
        "@id": "node/3856130359",
        "amenity": "place_of_worship",
        "name": "Calvary christian centre",
        "religion": "christian"
      },
      "geometry": {
        "type": "Point",
        "coordinates": [
          36.8407101,
          -1.306747
        ]
      },
      "id": "node/3856130359"
    },
    {
      "type": "Feature",
      "properties": {
        "@id": "node/3856130360",
        "amenity": "place_of_worship",
        "name": "World New Dawn ADC Church",
        "religion": "christian"
      },
      "geometry": {
        "type": "Point",
        "coordinates": [
          36.840344,
          -1.306839
        ]
      },
      "id": "node/3856130360"
    },
    {
      "type": "Feature",
      "properties": {
        "@id": "node/3856130658",
        "amenity": "place_of_worship",
        "name": "Kenya African Church of the Holy Spirit",
        "religion": "christian"
      },
      "geometry": {
        "type": "Point",
        "coordinates": [
          36.841018,
          -1.3068589
        ]
      },
      "id": "node/3856130658"
    },
    {
      "type": "Feature",
      "properties": {
        "@id": "node/3856130858",
        "amenity": "place_of_worship",
        "name": "wordwide gospel church",
        "religion": "christian"
      },
      "geometry": {
        "type": "Point",
        "coordinates": [
          36.8384552,
          -1.3090265
        ]
      },
      "id": "node/3856130858"
    },
    {
      "type": "Feature",
      "properties": {
        "@id": "node/3856131057",
        "amenity": "place_of_worship",
        "name": "holy seed church",
        "religion": "christian"
      },
      "geometry": {
        "type": "Point",
        "coordinates": [
          36.841275,
          -1.3071429
        ]
      },
      "id": "node/3856131057"
    },
    {
      "type": "Feature",
      "properties": {
        "@id": "node/3856214867",
        "amenity": "place_of_worship",
        "denomination": "seventh_day_adventist",
        "name": "Seventhday Adventist Church",
        "religion": "christian"
      },
      "geometry": {
        "type": "Point",
        "coordinates": [
          36.8488922,
          -1.3136995
        ]
      },
      "id": "node/3856214867"
    },
    {
      "type": "Feature",
      "properties": {
        "@id": "node/3901053604",
        "addr:city": "Nairobi",
        "addr:street": "Lumumba Drive",
        "amenity": "social_facility",
        "name": "Happy Life Childrens' Home",
        "social_facility": "shelter",
        "social_facility:for": "homeless"
      },
      "geometry": {
        "type": "Point",
        "coordinates": [
          36.886093,
          -1.2157988
        ]
      },
      "id": "node/3901053604"
    },
    {
      "type": "Feature",
      "properties": {
        "@id": "node/3912753007",
        "amenity": "place_of_worship",
        "denomination": "catholic",
        "name": "St Austins Parish",
        "religion": "christian"
      },
      "geometry": {
        "type": "Point",
        "coordinates": [
          36.7782665,
          -1.2646876
        ]
      },
      "id": "node/3912753007"
    },
    {
      "type": "Feature",
      "properties": {
        "@id": "node/4111164189",
        "addr:street": "Ndemi Road",
        "amenity": "place_of_worship",
        "building": "church",
        "denomination": "evangelical",
        "name": "Pneuma ministries international",
        "opening_hours": "Tu-Fr 08:00-17:00; Su 08:00-13:00",
        "religion": "christian",
        "service_times": "Descipleship classes 09:00-10:30 Main service 10:45-13:00",
        "wheelchair": "no"
      },
      "geometry": {
        "type": "Point",
        "coordinates": [
          36.7774627,
          -1.2968634
        ]
      },
      "id": "node/4111164189"
    },
    {
      "type": "Feature",
      "properties": {
        "@id": "node/4200184776",
        "addr:city": "Nairobi",
        "addr:housenumber": "00100",
        "addr:street": "Utawala Road",
        "amenity": "place_of_worship",
        "denomination": "anglican",
        "name": "ACK St Monica Utawala",
        "religion": "christian"
      },
      "geometry": {
        "type": "Point",
        "coordinates": [
          36.9701804,
          -1.2829175
        ]
      },
      "id": "node/4200184776"
    },
    {
      "type": "Feature",
      "properties": {
        "@id": "node/4228290875",
        "addr:city": "Ngong",
        "addr:street": "Church Road",
        "amenity": "place_of_worship",
        "name": "Old Ngong Catholic Church",
        "religion": "christian"
      },
      "geometry": {
        "type": "Point",
        "coordinates": [
          36.6617679,
          -1.3630853
        ]
      },
      "id": "node/4228290875"
    },
    {
      "type": "Feature",
      "properties": {
        "@id": "node/4228311773",
        "amenity": "place_of_worship",
        "name": "Calvary baptist Academy and church",
        "religion": "christian"
      },
      "geometry": {
        "type": "Point",
        "coordinates": [
          36.6621575,
          -1.3546307
        ]
      },
      "id": "node/4228311773"
    },
    {
      "type": "Feature",
      "properties": {
        "@id": "node/4297647291",
        "building": "public",
        "name": "Map Kibera Trust"
      },
      "geometry": {
        "type": "Point",
        "coordinates": [
          36.7808696,
          -1.3078718
        ]
      },
      "id": "node/4297647291"
    },
    {
      "type": "Feature",
      "properties": {
        "@id": "node/4315869345",
        "amenity": "place_of_worship",
        "name": "All Nations Gospel P.E.F.A. Church",
        "religion": "christian"
      },
      "geometry": {
        "type": "Point",
        "coordinates": [
          36.658467,
          -1.3631069
        ]
      },
      "id": "node/4315869345"
    },
    {
      "type": "Feature",
      "properties": {
        "@id": "node/4315869346",
        "amenity": "place_of_worship",
        "name": "Apostolic Church Evangelism Ministry",
        "religion": "christian"
      },
      "geometry": {
        "type": "Point",
        "coordinates": [
          36.6577615,
          -1.3596874
        ]
      },
      "id": "node/4315869346"
    },
    {
      "type": "Feature",
      "properties": {
        "@id": "node/4315869347",
        "amenity": "place_of_worship",
        "name": "Chosen Generation Transformed Church",
        "religion": "christian"
      },
      "geometry": {
        "type": "Point",
        "coordinates": [
          36.6603895,
          -1.3589758
        ]
      },
      "id": "node/4315869347"
    },
    {
      "type": "Feature",
      "properties": {
        "@id": "node/4315869348",
        "amenity": "place_of_worship",
        "name": "Christian Foundation Fellowship Kenya Ngong Assembly",
        "religion": "christian"
      },
      "geometry": {
        "type": "Point",
        "coordinates": [
          36.6600788,
          -1.3590335
        ]
      },
      "id": "node/4315869348"
    },
    {
      "type": "Feature",
      "properties": {
        "@id": "node/4315869349",
        "amenity": "place_of_worship",
        "name": "Christian Hope Ministries",
        "religion": "christian"
      },
      "geometry": {
        "type": "Point",
        "coordinates": [
          36.6577308,
          -1.3597401
        ]
      },
      "id": "node/4315869349"
    },
    {
      "type": "Feature",
      "properties": {
        "@id": "node/4315869350",
        "amenity": "place_of_worship",
        "name": "Cornerstone Faith Assembly",
        "religion": "christian"
      },
      "geometry": {
        "type": "Point",
        "coordinates": [
          36.6576966,
          -1.3594342
        ]
      },
      "id": "node/4315869350"
    },
    {
      "type": "Feature",
      "properties": {
        "@id": "node/4315869351",
        "amenity": "place_of_worship",
        "name": "Dominion Chapel Ministries Church",
        "religion": "christian"
      },
      "geometry": {
        "type": "Point",
        "coordinates": [
          36.65742,
          -1.361592
        ]
      },
      "id": "node/4315869351"
    },
    {
      "type": "Feature",
      "properties": {
        "@id": "node/4315869353",
        "amenity": "place_of_worship",
        "name": "Faith Outreach and Resurrection Church",
        "religion": "christian"
      },
      "geometry": {
        "type": "Point",
        "coordinates": [
          36.659869,
          -1.361161
        ]
      },
      "id": "node/4315869353"
    },
    {
      "type": "Feature",
      "properties": {
        "@id": "node/4315869354",
        "amenity": "place_of_worship",
        "name": "First Love Pentecostal Church",
        "religion": "christian"
      },
      "geometry": {
        "type": "Point",
        "coordinates": [
          36.6602341,
          -1.3609693
        ]
      },
      "id": "node/4315869354"
    },
    {
      "type": "Feature",
      "properties": {
        "@id": "node/4315869355",
        "amenity": "place_of_worship",
        "name": "Fountain of Praise",
        "religion": "christian"
      },
      "geometry": {
        "type": "Point",
        "coordinates": [
          36.6591306,
          -1.3589043
        ]
      },
      "id": "node/4315869355"
    },
    {
      "type": "Feature",
      "properties": {
        "@id": "node/4315869356",
        "amenity": "place_of_worship",
        "name": "God is God Ministry",
        "religion": "christian"
      },
      "geometry": {
        "type": "Point",
        "coordinates": [
          36.6577427,
          -1.3602017
        ]
      },
      "id": "node/4315869356"
    },
    {
      "type": "Feature",
      "properties": {
        "@id": "node/4315869358",
        "amenity": "place_of_worship",
        "name": "Healing of the Nations Ministries",
        "religion": "christian"
      },
      "geometry": {
        "type": "Point",
        "coordinates": [
          36.660954,
          -1.361775
        ]
      },
      "id": "node/4315869358"
    },
    {
      "type": "Feature",
      "properties": {
        "@id": "node/4315869359",
        "amenity": "place_of_worship",
        "name": "Heavenly Glory Ministry Revelation Church",
        "religion": "christian"
      },
      "geometry": {
        "type": "Point",
        "coordinates": [
          36.6588191,
          -1.361329
        ]
      },
      "id": "node/4315869359"
    },
    {
      "type": "Feature",
      "properties": {
        "@id": "node/4315869361",
        "amenity": "place_of_worship",
        "name": "Holy Ghost Power Centre",
        "religion": "christian"
      },
      "geometry": {
        "type": "Point",
        "coordinates": [
          36.658081,
          -1.36302
        ]
      },
      "id": "node/4315869361"
    },
    {
      "type": "Feature",
      "properties": {
        "@id": "node/4315869362",
        "amenity": "place_of_worship",
        "name": "Holy Mountain of Christ Church",
        "religion": "christian"
      },
      "geometry": {
        "type": "Point",
        "coordinates": [
          36.6593186,
          -1.3588859
        ]
      },
      "id": "node/4315869362"
    },
    {
      "type": "Feature",
      "properties": {
        "@id": "node/4315869366",
        "amenity": "place_of_worship",
        "name": "Mwanzo Miracle Church Ngong Branch Nairobi",
        "religion": "christian"
      },
      "geometry": {
        "type": "Point",
        "coordinates": [
          36.6587522,
          -1.3613008
        ]
      },
      "id": "node/4315869366"
    },
    {
      "type": "Feature",
      "properties": {
        "@id": "node/4315869367",
        "amenity": "place_of_worship",
        "name": "New Apostolic Church",
        "religion": "christian"
      },
      "geometry": {
        "type": "Point",
        "coordinates": [
          36.6599683,
          -1.358891
        ]
      },
      "id": "node/4315869367"
    },
    {
      "type": "Feature",
      "properties": {
        "@id": "node/4315869368",
        "amenity": "place_of_worship",
        "name": "New Light Christ Church \"Hema la neno\"",
        "religion": "christian"
      },
      "geometry": {
        "type": "Point",
        "coordinates": [
          36.6590236,
          -1.3608108
        ]
      },
      "id": "node/4315869368"
    },
    {
      "type": "Feature",
      "properties": {
        "@id": "node/4315869369",
        "amenity": "place_of_worship",
        "name": "New Testament Church of God",
        "religion": "christian"
      },
      "geometry": {
        "type": "Point",
        "coordinates": [
          36.6596779,
          -1.3589891
        ]
      },
      "id": "node/4315869369"
    },
    {
      "type": "Feature",
      "properties": {
        "@id": "node/4315869372",
        "amenity": "place_of_worship",
        "name": "Pentecostal Faith Assembly",
        "religion": "christian"
      },
      "geometry": {
        "type": "Point",
        "coordinates": [
          36.6608638,
          -1.3594707
        ]
      },
      "id": "node/4315869372"
    },
    {
      "type": "Feature",
      "properties": {
        "@id": "node/4315869373",
        "amenity": "place_of_worship",
        "name": "Prophetic Increase Church God's Glory Cathedral",
        "religion": "christian"
      },
      "geometry": {
        "type": "Point",
        "coordinates": [
          36.6579395,
          -1.3588485
        ]
      },
      "id": "node/4315869373"
    },
    {
      "type": "Feature",
      "properties": {
        "@id": "node/4315869374",
        "amenity": "place_of_worship",
        "name": "Revelation Gospel Church",
        "religion": "christian"
      },
      "geometry": {
        "type": "Point",
        "coordinates": [
          36.6599926,
          -1.3602475
        ]
      },
      "id": "node/4315869374"
    },
    {
      "type": "Feature",
      "properties": {
        "@id": "node/4315869375",
        "amenity": "place_of_worship",
        "name": "Revival With A Visioning",
        "religion": "christian"
      },
      "geometry": {
        "type": "Point",
        "coordinates": [
          36.6601095,
          -1.3599138
        ]
      },
      "id": "node/4315869375"
    },
    {
      "type": "Feature",
      "properties": {
        "@id": "node/4315869379",
        "amenity": "place_of_worship",
        "name": "The Door Christian Fellowship Church",
        "religion": "christian"
      },
      "geometry": {
        "type": "Point",
        "coordinates": [
          36.658349,
          -1.361398
        ]
      },
      "id": "node/4315869379"
    },
    {
      "type": "Feature",
      "properties": {
        "@id": "node/4315869380",
        "amenity": "place_of_worship",
        "name": "The Power of God Evangelical Centre",
        "religion": "christian"
      },
      "geometry": {
        "type": "Point",
        "coordinates": [
          36.658681,
          -1.361371
        ]
      },
      "id": "node/4315869380"
    },
    {
      "type": "Feature",
      "properties": {
        "@id": "node/4315869382",
        "amenity": "place_of_worship",
        "name": "Uplifting Souls Ministry",
        "religion": "christian"
      },
      "geometry": {
        "type": "Point",
        "coordinates": [
          36.65822,
          -1.363264
        ]
      },
      "id": "node/4315869382"
    },
    {
      "type": "Feature",
      "properties": {
        "@id": "node/4315869387",
        "amenity": "place_of_worship",
        "religion": "christian"
      },
      "geometry": {
        "type": "Point",
        "coordinates": [
          36.6594892,
          -1.3593672
        ]
      },
      "id": "node/4315869387"
    },
    {
      "type": "Feature",
      "properties": {
        "@id": "node/4315869499",
        "amenity": "place_of_worship",
        "religion": "christian"
      },
      "geometry": {
        "type": "Point",
        "coordinates": [
          36.6598535,
          -1.3605005
        ]
      },
      "id": "node/4315869499"
    },
    {
      "type": "Feature",
      "properties": {
        "@id": "node/4315869500",
        "amenity": "place_of_worship",
        "religion": "christian"
      },
      "geometry": {
        "type": "Point",
        "coordinates": [
          36.6581094,
          -1.3607352
        ]
      },
      "id": "node/4315869500"
    },
    {
      "type": "Feature",
      "properties": {
        "@id": "node/4315869501",
        "amenity": "place_of_worship",
        "religion": "christian"
      },
      "geometry": {
        "type": "Point",
        "coordinates": [
          36.6598544,
          -1.3608524
        ]
      },
      "id": "node/4315869501"
    },
    {
      "type": "Feature",
      "properties": {
        "@id": "node/4315869502",
        "amenity": "place_of_worship",
        "religion": "christian"
      },
      "geometry": {
        "type": "Point",
        "coordinates": [
          36.6592022,
          -1.360853
        ]
      },
      "id": "node/4315869502"
    },
    {
      "type": "Feature",
      "properties": {
        "@id": "node/4318532692",
        "addr:street": "Aoko lane",
        "amenity": "place_of_worship",
        "name": "AIC Plainsview",
        "religion": "christian"
      },
      "geometry": {
        "type": "Point",
        "coordinates": [
          36.8425855,
          -1.3167013
        ]
      },
      "id": "node/4318532692"
    },
    {
      "type": "Feature",
      "properties": {
        "@id": "node/4324883030",
        "addr:city": "Kikuyu",
        "addr:street": "Southern Bypass",
        "amenity": "place_of_worship",
        "name": "St Peter The Apostle Catholic Church",
        "religion": "christian"
      },
      "geometry": {
        "type": "Point",
        "coordinates": [
          36.6638812,
          -1.2459767
        ]
      },
      "id": "node/4324883030"
    },
    {
      "type": "Feature",
      "properties": {
        "@id": "node/4324895092",
        "amenity": "place_of_worship",
        "name": "Salvation army-kikuyu corps",
        "religion": "christian"
      },
      "geometry": {
        "type": "Point",
        "coordinates": [
          36.6629844,
          -1.2441128
        ]
      },
      "id": "node/4324895092"
    },
    {
      "type": "Feature",
      "properties": {
        "@id": "node/4324895093",
        "addr:city": "Kikuyu",
        "addr:street": "Kikuyu Road",
        "amenity": "place_of_worship",
        "name": "P.C.E.A church",
        "religion": "christian"
      },
      "geometry": {
        "type": "Point",
        "coordinates": [
          36.6645507,
          -1.2451183
        ]
      },
      "id": "node/4324895093"
    },
    {
      "type": "Feature",
      "properties": {
        "@id": "node/4340374345",
        "amenity": "library",
        "name": "Agape Library"
      },
      "geometry": {
        "type": "Point",
        "coordinates": [
          37.0490511,
          -1.4405337
        ]
      },
      "id": "node/4340374345"
    },
    {
      "type": "Feature",
      "properties": {
        "@id": "node/4355611619",
        "addr:city": "Nairobi",
        "addr:housenumber": "100",
        "addr:postcode": "00520",
        "addr:street": "Ruai",
        "amenity": "place_of_worship",
        "name": "Deliverance Church, Ruai",
        "religion": "christian"
      },
      "geometry": {
        "type": "Point",
        "coordinates": [
          36.9925422,
          -1.2704273
        ]
      },
      "id": "node/4355611619"
    },
    {
      "type": "Feature",
      "properties": {
        "@id": "node/4355628412",
        "access": "customers",
        "addr:city": "Nairobi",
        "addr:street": "Off Kayole Spine Road",
        "building": "public",
        "leisure": "sports_centre",
        "name": "Family Beach",
        "operator": "Private",
        "sport": "swimming"
      },
      "geometry": {
        "type": "Point",
        "coordinates": [
          36.9132224,
          -1.2680126
        ]
      },
      "id": "node/4355628412"
    },
    {
      "type": "Feature",
      "properties": {
        "@id": "node/4382005096",
        "amenity": "community_centre",
        "name": "Missionaries of Africa - South B",
        "name:en": "Missionaries of Africa - South B",
        "opening_hours": "Mo-Su 08:00-18:00"
      },
      "geometry": {
        "type": "Point",
        "coordinates": [
          36.8475011,
          -1.3196848
        ]
      },
      "id": "node/4382005096"
    },
    {
      "type": "Feature",
      "properties": {
        "@id": "node/4405282993",
        "addr:street": "Langata Road",
        "amenity": "place_of_worship",
        "building": "mosque",
        "denomination": "sunni",
        "name": "Al-Anwaar Mosque",
        "religion": "muslim"
      },
      "geometry": {
        "type": "Point",
        "coordinates": [
          36.739354,
          -1.3386895
        ]
      },
      "id": "node/4405282993"
    },
    {
      "type": "Feature",
      "properties": {
        "@id": "node/4421807398",
        "amenity": "place_of_worship",
        "building": "mosque",
        "denomination": "sunni",
        "name": "Memon Mosque",
        "religion": "muslim"
      },
      "geometry": {
        "type": "Point",
        "coordinates": [
          36.8243682,
          -1.3235229
        ]
      },
      "id": "node/4421807398"
    },
    {
      "type": "Feature",
      "properties": {
        "@id": "node/4440303289",
        "building": "public",
        "check_date": "2023-05-02",
        "contact:email": "girlpowerclubs@gmail.com",
        "contact:phone": "+254715539967",
        "contact:website": "http://girlpowerclubs.org/",
        "name": "Girl Power Clubs-Kibera office",
        "office": "ngo"
      },
      "geometry": {
        "type": "Point",
        "coordinates": [
          36.7866069,
          -1.3148039
        ]
      },
      "id": "node/4440303289"
    },
    {
      "type": "Feature",
      "properties": {
        "@id": "node/4525899510",
        "amenity": "place_of_worship",
        "religion": "muslim"
      },
      "geometry": {
        "type": "Point",
        "coordinates": [
          36.8327708,
          -1.3261136
        ]
      },
      "id": "node/4525899510"
    },
    {
      "type": "Feature",
      "properties": {
        "@id": "node/4736985426",
        "amenity": "place_of_worship",
        "check_date": "2023-05-12",
        "denomination": "protestant",
        "name": "Upendo SDA Church",
        "religion": "christian"
      },
      "geometry": {
        "type": "Point",
        "coordinates": [
          36.7779166,
          -1.3177906
        ]
      },
      "id": "node/4736985426"
    },
    {
      "type": "Feature",
      "properties": {
        "@id": "node/4737879685",
        "amenity": "library",
        "check_date": "2023-05-02",
        "level": "1",
        "name": "Kibera Town Center Library",
        "opening_hours": "05:00-21:00",
        "operator": "Human needs project"
      },
      "geometry": {
        "type": "Point",
        "coordinates": [
          36.7817748,
          -1.313737
        ]
      },
      "id": "node/4737879685"
    },
    {
      "type": "Feature",
      "properties": {
        "@id": "node/4748428082",
        "amenity": "place_of_worship",
        "name": "Israel church of Africa",
        "operational_status": "operational",
        "operator:type": "religious",
        "religion": "christian",
        "source": "survey",
        "wheelchair": "yes"
      },
      "geometry": {
        "type": "Point",
        "coordinates": [
          36.888888,
          -1.2512682
        ]
      },
      "id": "node/4748428082"
    },
    {
      "type": "Feature",
      "properties": {
        "@id": "node/4759097884",
        "addr:street": "off Lower Kabete Road",
        "amenity": "place_of_worship",
        "name": "ACK St. Pauls Mother Church Kabete",
        "religion": "christian",
        "wheelchair": "yes"
      },
      "geometry": {
        "type": "Point",
        "coordinates": [
          36.7270661,
          -1.242361
        ]
      },
      "id": "node/4759097884"
    },
    {
      "type": "Feature",
      "properties": {
        "@id": "node/4793984124",
        "amenity": "place_of_worship",
        "name": "New Shiv Temple",
        "name:en": "New Shiv Temple",
        "religion": "hindu"
      },
      "geometry": {
        "type": "Point",
        "coordinates": [
          36.809643,
          -1.2554234
        ]
      },
      "id": "node/4793984124"
    },
    {
      "type": "Feature",
      "properties": {
        "@id": "node/4838534121",
        "addr:city": "Nairobi",
        "addr:housenumber": "Seminary Rd, Nairobi City",
        "addr:street": "Langata Road",
        "amenity": "place_of_worship",
        "denomination": "catholic",
        "name": "St. Thomas Catholic Shrine",
        "religion": "christian"
      },
      "geometry": {
        "type": "Point",
        "coordinates": [
          36.7565864,
          -1.3419856
        ]
      },
      "id": "node/4838534121"
    },
    {
      "type": "Feature",
      "properties": {
        "@id": "node/4844667421",
        "amenity": "place_of_worship"
      },
      "geometry": {
        "type": "Point",
        "coordinates": [
          36.8091615,
          -1.1532741
        ]
      },
      "id": "node/4844667421"
    },
    {
      "type": "Feature",
      "properties": {
        "@id": "node/4864945712",
        "amenity": "place_of_worship",
        "denomination": "methodist",
        "religion": "christian"
      },
      "geometry": {
        "type": "Point",
        "coordinates": [
          36.7854452,
          -1.327434
        ]
      },
      "id": "node/4864945712"
    },
    {
      "type": "Feature",
      "properties": {
        "@id": "node/4888026733",
        "addr:city": "Nairobi",
        "addr:housenumber": "5",
        "addr:street": "Upper Hill Road",
        "amenity": "library",
        "name": "British Council Kenya",
        "name:en": "British Council Kenya"
      },
      "geometry": {
        "type": "Point",
        "coordinates": [
          36.8166695,
          -1.2956364
        ]
      },
      "id": "node/4888026733"
    },
    {
      "type": "Feature",
      "properties": {
        "@id": "node/4934449672",
        "amenity": "place_of_worship",
        "denomination": "methodist",
        "name": "St. Lukes Methodist Church",
        "religion": "christian"
      },
      "geometry": {
        "type": "Point",
        "coordinates": [
          36.7478854,
          -1.3502443
        ]
      },
      "id": "node/4934449672"
    },
    {
      "type": "Feature",
      "properties": {
        "@id": "node/4965328918",
        "amenity": "community_centre",
        "check_date": "2023-05-02",
        "name": "UN Habitat setlite office",
        "operational_status": "operational",
        "operator:type": "ngo_cbo"
      },
      "geometry": {
        "type": "Point",
        "coordinates": [
          36.805256,
          -1.3148779
        ]
      },
      "id": "node/4965328918"
    },
    {
      "type": "Feature",
      "properties": {
        "@id": "node/4965747509",
        "amenity": "social_facility",
        "check_date": "2023-03-20",
        "name": "Laini Saba Primary School",
        "safe_place:acessible": "Big_vehicle",
        "safe_place:church": "no",
        "safe_place:compound": "Yes",
        "safe_place:protected": "Yes",
        "safe_place:school": "yes",
        "security:description": "Laini Saba Police post",
        "social_facility": "shelter"
      },
      "geometry": {
        "type": "Point",
        "coordinates": [
          36.7944482,
          -1.3104298
        ]
      },
      "id": "node/4965747509"
    },
    {
      "type": "Feature",
      "properties": {
        "@id": "node/4965747510",
        "amenity": "social_facility",
        "name": "Ymca",
        "safe_place:acessible": "Big_vehicle",
        "safe_place:compound": "Yes",
        "safe_place:protected": "Yes",
        "safe_place:school": "yes",
        "security:description": "Laini Saba Police post",
        "social_facility": "shelter"
      },
      "geometry": {
        "type": "Point",
        "coordinates": [
          36.7954853,
          -1.3109942
        ]
      },
      "id": "node/4965747510"
    },
    {
      "type": "Feature",
      "properties": {
        "@id": "node/4967598607",
        "amenity": "social_facility",
        "check_date": "2023-05-12",
        "name": "ACK Church Kianda",
        "protected": "Yes",
        "safe_place:acessible": "small_vehicles",
        "safe_place:church": "yes",
        "safe_place:compound": "Yes",
        "security:description": "Ayany Community Police Post",
        "social_facility": "shelter"
      },
      "geometry": {
        "type": "Point",
        "coordinates": [
          36.7763328,
          -1.3118289
        ]
      },
      "id": "node/4967598607"
    },
    {
      "type": "Feature",
      "properties": {
        "@id": "node/4967598608",
        "amenity": "social_facility",
        "name": "Orthodox Church Kianda",
        "safe_place:acessible": "Big_vehicle",
        "safe_place:church": "yes",
        "safe_place:compound": "Yes",
        "safe_place:protected": "Yes",
        "security:description": "Ayany Community Police Post",
        "social_facility": "shelter"
      },
      "geometry": {
        "type": "Point",
        "coordinates": [
          36.7749288,
          -1.3116172
        ]
      },
      "id": "node/4967598608"
    },
    {
      "type": "Feature",
      "properties": {
        "@id": "node/4967598609",
        "amenity": "social_facility",
        "check_date": "2023-05-02",
        "name": "Salvation Army",
        "operator": "The Salvation Army",
        "operator:type": "charitable",
        "operator:wikidata": "Q188307",
        "safe_place:acessible": "small_vehicles",
        "safe_place:church": "yes",
        "safe_place:compound": "Yes",
        "safe_place:protected": "Yes",
        "security:description": "Ayany Community Police Post",
        "social_facility": "shelter"
      },
      "geometry": {
        "type": "Point",
        "coordinates": [
          36.7737182,
          -1.3113386
        ]
      },
      "id": "node/4967598609"
    },
    {
      "type": "Feature",
      "properties": {
        "@id": "node/4967614273",
        "amenity": "place_of_worship",
        "check_date": "2023-04-15",
        "name": "Al- Maida Mosque",
        "religion": "muslim",
        "safe_place:acessible": "Big_vehicle",
        "safe_place:compound": "No",
        "safe_place:mosque": "yes",
        "safe_place:protected": "Yes",
        "security:description": "Toi Community Police Post",
        "social_facility": "shelter"
      },
      "geometry": {
        "type": "Point",
        "coordinates": [
          36.7846637,
          -1.3084068
        ]
      },
      "id": "node/4967614273"
    },
    {
      "type": "Feature",
      "properties": {
        "@id": "node/4967614275",
        "amenity": "social_facility",
        "check_date": "2023-05-23",
        "name": "Makina Mosque",
        "safe_place:acessible": "Big_vehicle",
        "safe_place:compound": "Yes",
        "safe_place:mosque": "yes",
        "safe_place:protected": "Yes",
        "security:description": "Toi Community Police Post",
        "social_facility": "shelter"
      },
      "geometry": {
        "type": "Point",
        "coordinates": [
          36.7859063,
          -1.3099419
        ]
      },
      "id": "node/4967614275"
    },
    {
      "type": "Feature",
      "properties": {
        "@id": "node/4967614276",
        "amenity": "social_facility",
        "name": "Masjid Jamia Salama",
        "safe_place:acessible": "Big_vehicle",
        "safe_place:mosque": "yes",
        "safe_place:protected": "Yes",
        "security:description": "Toi Community Police Post",
        "social_facility": "shelter"
      },
      "geometry": {
        "type": "Point",
        "coordinates": [
          36.781951,
          -1.3108971
        ]
      },
      "id": "node/4967614276"
    },
    {
      "type": "Feature",
      "properties": {
        "@id": "node/4967614277",
        "amenity": "social_facility",
        "check_date": "2023-05-11",
        "fireplace": "yes",
        "name": "Alaqsa Mosque",
        "safe_place:acessible": "Big_vehicle",
        "safe_place:compound": "Yes",
        "safe_place:mosque": "yes",
        "safe_place:protected": "Yes",
        "security:description": "Toi Community Police Post",
        "social_facility": "shelter"
      },
      "geometry": {
        "type": "Point",
        "coordinates": [
          36.7803985,
          -1.3102114
        ]
      },
      "id": "node/4967614277"
    },
    {
      "type": "Feature",
      "properties": {
        "@id": "node/4967641088",
        "amenity": "social_facility",
        "check_date": "2023-04-15",
        "name": "Legio Maria church",
        "safe_place:acessible": "small_vehicles",
        "safe_place:church": "yes",
        "safe_place:compound": "Yes",
        "safe_place:protected": "Yes",
        "security:description": "Toi Communit Police Post",
        "social_facility": "shelter"
      },
      "geometry": {
        "type": "Point",
        "coordinates": [
          36.7779065,
          -1.3068879
        ]
      },
      "id": "node/4967641088"
    },
    {
      "type": "Feature",
      "properties": {
        "@id": "node/4967641090",
        "amenity": "social_facility",
        "check_date": "2023-04-15",
        "name": "woodley Grounds",
        "safe_place:acessible": "Big_vehicle",
        "safe_place:compound": "Yes",
        "safe_place:other": "yes",
        "safe_place:protected": "yes",
        "security:description": "Toi Communit Police Post",
        "social_facility": "shelter"
      },
      "geometry": {
        "type": "Point",
        "coordinates": [
          36.7789118,
          -1.3059587
        ]
      },
      "id": "node/4967641090"
    },
    {
      "type": "Feature",
      "properties": {
        "@id": "node/4967689152",
        "amenity": "social_facility",
        "check_date": "2023-05-02",
        "name": "Amani Kibera",
        "safe_place:acessible": "by_foot",
        "safe_place:compound": "Yes",
        "safe_place:other": "yes",
        "safe_place:protected": "Yes",
        "security:description": "Toi Community Police Post",
        "social_facility": "shelter"
      },
      "geometry": {
        "type": "Point",
        "coordinates": [
          36.7900317,
          -1.3080772
        ]
      },
      "id": "node/4967689152"
    },
    {
      "type": "Feature",
      "properties": {
        "@id": "node/4967689153",
        "amenity": "social_facility",
        "check_date": "2023-05-11",
        "name": "D.O's Place",
        "safe_place:acessible": "Big_vehicle",
        "safe_place:compound": "Yes",
        "safe_place:other": "yes",
        "safe_place:protected": "Yes",
        "security:description": "Toi Community Police Post",
        "social_facility": "shelter"
      },
      "geometry": {
        "type": "Point",
        "coordinates": [
          36.7878839,
          -1.3060259
        ]
      },
      "id": "node/4967689153"
    },
    {
      "type": "Feature",
      "properties": {
        "@id": "node/4972108621",
        "amenity": "place_of_worship",
        "name": "Deliverance Church",
        "name:en": "Deliverance Church",
        "religion": "christian"
      },
      "geometry": {
        "type": "Point",
        "coordinates": [
          36.6673989,
          -1.1674978
        ]
      },
      "id": "node/4972108621"
    },
    {
      "type": "Feature",
      "properties": {
        "@id": "node/4977035416",
        "amenity": "social_facility",
        "check_date": "2023-04-19",
        "name": "AIC Church",
        "safe_place:acessible": "Big_vehicle",
        "safe_place:church": "yes",
        "safe_place:compound": "Yes",
        "safe_place:protected": "Yes",
        "security:description": "Toi Community Police Post"
      },
      "geometry": {
        "type": "Point",
        "coordinates": [
          36.7783085,
          -1.3110762
        ]
      },
      "id": "node/4977035416"
    },
    {
      "type": "Feature",
      "properties": {
        "@id": "node/5063910493",
        "amenity": "library",
        "name": "Judith Thomas Library"
      },
      "geometry": {
        "type": "Point",
        "coordinates": [
          36.7281922,
          -1.4028861
        ]
      },
      "id": "node/5063910493"
    },
    {
      "type": "Feature",
      "properties": {
        "@id": "node/5063910832",
        "addr:city": "Kiserian",
        "addr:street": "Access Road",
        "amenity": "place_of_worship",
        "denomination": "seventh_day_adventist",
        "name": "Spencer Maxwell Memorial Chapel",
        "religion": "christian"
      },
      "geometry": {
        "type": "Point",
        "coordinates": [
          36.7250846,
          -1.4046148
        ]
      },
      "id": "node/5063910832"
    },
    {
      "type": "Feature",
      "properties": {
        "@id": "node/5098143625",
        "amenity": "place_of_worship",
        "name": "Kingdom Hall of Jehovah's Witnesses, Gikuni.",
        "opening_hours": "Su 09:00-10:45; Fr 17:15-19:00",
        "religion": "christian",
        "website": "https://www.jw.org/"
      },
      "geometry": {
        "type": "Point",
        "coordinates": [
          36.6946129,
          -1.1954144
        ]
      },
      "id": "node/5098143625"
    },
    {
      "type": "Feature",
      "properties": {
        "@id": "node/5098152621",
        "addr:city": "Nairobi",
        "addr:street": "Intel College Road",
        "amenity": "place_of_worship",
        "name": "Kingdom Hall of Jehovah's Witnesses, Spring Valley",
        "name:en": "Kingdom Hall of Jehovah's Witnesses, Spring Valley",
        "religion": "christian",
        "website": "https://www.jw.org/"
      },
      "geometry": {
        "type": "Point",
        "coordinates": [
          36.7899039,
          -1.2492404
        ]
      },
      "id": "node/5098152621"
    },
    {
      "type": "Feature",
      "properties": {
        "@id": "node/5119580223",
        "amenity": "place_of_worship",
        "contact:website": "https://www.ridgewaysbaptistchurch.org/",
        "denomination": "baptist",
        "name": "Ridgeways Baptist Church",
        "religion": "christian"
      },
      "geometry": {
        "type": "Point",
        "coordinates": [
          36.8420482,
          -1.2219592
        ]
      },
      "id": "node/5119580223"
    },
    {
      "type": "Feature",
      "properties": {
        "@id": "node/5217416622",
        "amenity": "place_of_worship",
        "denomination": "jehovahs_witness",
        "name": "Kingdom Hall of Jehovas Witnesses",
        "religion": "christian"
      },
      "geometry": {
        "type": "Point",
        "coordinates": [
          36.8355047,
          -1.2662101
        ]
      },
      "id": "node/5217416622"
    },
    {
      "type": "Feature",
      "properties": {
        "@id": "node/5217615644",
        "amenity": "place_of_worship",
        "name": "Mau Mau Cave Paradise Lost"
      },
      "geometry": {
        "type": "Point",
        "coordinates": [
          36.8260357,
          -1.1877958
        ]
      },
      "id": "node/5217615644"
    },
    {
      "type": "Feature",
      "properties": {
        "@id": "node/5219991322",
        "amenity": "community_centre",
        "name": "Gikuni Shopping Center"
      },
      "geometry": {
        "type": "Point",
        "coordinates": [
          36.6965698,
          -1.1968425
        ]
      },
      "id": "node/5219991322"
    },
    {
      "type": "Feature",
      "properties": {
        "@id": "node/5219991323",
        "amenity": "community_centre",
        "name": "Nyathuna"
      },
      "geometry": {
        "type": "Point",
        "coordinates": [
          36.6756285,
          -1.1823716
        ]
      },
      "id": "node/5219991323"
    },
    {
      "type": "Feature",
      "properties": {
        "@id": "node/5221207078",
        "amenity": "place_of_worship",
        "denomination": "catholic",
        "name": "St. Patricks Catholic Church Mavoko",
        "religion": "christian",
        "service_times": "9am and 11am"
      },
      "geometry": {
        "type": "Point",
        "coordinates": [
          36.9892779,
          -1.3027474
        ]
      },
      "id": "node/5221207078"
    },
    {
      "type": "Feature",
      "properties": {
        "@id": "node/5249278644",
        "addr:city": "Nairobi",
        "addr:street": "Riara Road",
        "amenity": "place_of_worship",
        "check_date": "2023-04-26",
        "denomination": "pentecostal",
        "name": "Calvary Worship Centre",
        "religion": "christian"
      },
      "geometry": {
        "type": "Point",
        "coordinates": [
          36.7696275,
          -1.2984532
        ]
      },
      "id": "node/5249278644"
    },
    {
      "type": "Feature",
      "properties": {
        "@id": "node/5263688776",
        "addr:city": "Kikuyu",
        "addr:street": "Kikuyu - Nderi Road",
        "amenity": "place_of_worship",
        "name": "Church of Jesus Christ of Latter Day Saints",
        "religion": "christian"
      },
      "geometry": {
        "type": "Point",
        "coordinates": [
          36.6603804,
          -1.2364317
        ]
      },
      "id": "node/5263688776"
    },
    {
      "type": "Feature",
      "properties": {
        "@id": "node/5267678322",
        "amenity": "place_of_worship",
        "name": "Legio Maria",
        "religion": "christian"
      },
      "geometry": {
        "type": "Point",
        "coordinates": [
          36.9500876,
          -1.2541726
        ]
      },
      "id": "node/5267678322"
    },
    {
      "type": "Feature",
      "properties": {
        "@id": "node/5293429019",
        "amenity": "place_of_worship",
        "check_date": "2023-04-15",
        "denomination": "protestant",
        "name": "Church of Christ in Africa",
        "religion": "christian"
      },
      "geometry": {
        "type": "Point",
        "coordinates": [
          36.7964131,
          -1.3170952
        ]
      },
      "id": "node/5293429019"
    },
    {
      "type": "Feature",
      "properties": {
        "@id": "node/5300678627",
        "amenity": "place_of_worship",
        "name": "Parklands Baptist Church",
        "religion": "christian"
      },
      "geometry": {
        "type": "Point",
        "coordinates": [
          36.7998613,
          -1.2660166
        ]
      },
      "id": "node/5300678627"
    },
    {
      "type": "Feature",
      "properties": {
        "@id": "node/5323271921",
        "amenity": "place_of_worship",
        "name": "Kingdom Hall of Jehovahs Witnesses, Kiserian Central",
        "religion": "christian"
      },
      "geometry": {
        "type": "Point",
        "coordinates": [
          36.7004695,
          -1.4287564
        ]
      },
      "id": "node/5323271921"
    },
    {
      "type": "Feature",
      "properties": {
        "@id": "node/5327752321",
        "amenity": "place_of_worship",
        "denomination": "anglican",
        "name": "ACK St. James Church Kiambu",
        "religion": "christian"
      },
      "geometry": {
        "type": "Point",
        "coordinates": [
          36.8282416,
          -1.1705962
        ]
      },
      "id": "node/5327752321"
    },
    {
      "type": "Feature",
      "properties": {
        "@id": "node/5327754292",
        "amenity": "community_centre",
        "name": "Kiambu Community Centre"
      },
      "geometry": {
        "type": "Point",
        "coordinates": [
          36.8296112,
          -1.1714354
        ]
      },
      "id": "node/5327754292"
    },
    {
      "type": "Feature",
      "properties": {
        "@id": "node/5327794348",
        "amenity": "place_of_worship",
        "denomination": "catholic",
        "name": "Sts. Peter & Paul Catholic Church Parish",
        "religion": "christian"
      },
      "geometry": {
        "type": "Point",
        "coordinates": [
          36.8357046,
          -1.1714648
        ]
      },
      "id": "node/5327794348"
    },
    {
      "type": "Feature",
      "properties": {
        "@id": "node/5327869462",
        "amenity": "place_of_worship",
        "denomination": "anglican",
        "name": "ACK St Joseph Riabai",
        "religion": "christian"
      },
      "geometry": {
        "type": "Point",
        "coordinates": [
          36.8423785,
          -1.1650273
        ]
      },
      "id": "node/5327869462"
    },
    {
      "type": "Feature",
      "properties": {
        "@id": "node/5327878504",
        "addr:city": "Kiambu",
        "addr:housenumber": "8",
        "addr:postcode": "00900",
        "amenity": "place_of_worship",
        "denomination": "catholic",
        "name": "Mary Immaculate Catholic Church",
        "religion": "christian"
      },
      "geometry": {
        "type": "Point",
        "coordinates": [
          36.8483826,
          -1.162441
        ]
      },
      "id": "node/5327878504"
    },
    {
      "type": "Feature",
      "properties": {
        "@id": "node/5327933217",
        "amenity": "place_of_worship",
        "denomination": "protestant",
        "name": "Mamlaka Hill Chapel Ruaka",
        "religion": "christian"
      },
      "geometry": {
        "type": "Point",
        "coordinates": [
          36.7951754,
          -1.2067538
        ]
      },
      "id": "node/5327933217"
    },
    {
      "type": "Feature",
      "properties": {
        "@id": "node/5327935861",
        "amenity": "place_of_worship",
        "denomination": "islam",
        "name": "Runda Mosque and Community Centre",
        "religion": "muslim"
      },
      "geometry": {
        "type": "Point",
        "coordinates": [
          36.8193695,
          -1.2157917
        ]
      },
      "id": "node/5327935861"
    },
    {
      "type": "Feature",
      "properties": {
        "@id": "node/5327936335",
        "amenity": "place_of_worship",
        "denomination": "baptist",
        "name": "Runda Independent Baptist Church",
        "religion": "christian"
      },
      "geometry": {
        "type": "Point",
        "coordinates": [
          36.8205184,
          -1.2158455
        ]
      },
      "id": "node/5327936335"
    },
    {
      "type": "Feature",
      "properties": {
        "@id": "node/5329669885",
        "amenity": "place_of_worship",
        "denomination": "anglican",
        "name": "AIC Church Kiambu",
        "religion": "christian"
      },
      "geometry": {
        "type": "Point",
        "coordinates": [
          36.8375671,
          -1.1778523
        ]
      },
      "id": "node/5329669885"
    },
    {
      "type": "Feature",
      "properties": {
        "@id": "node/5331542339",
        "amenity": "place_of_worship",
        "name": "New Breed City Chapel",
        "religion": "christian"
      },
      "geometry": {
        "type": "Point",
        "coordinates": [
          36.8331117,
          -1.2118254
        ]
      },
      "id": "node/5331542339"
    },
    {
      "type": "Feature",
      "properties": {
        "@id": "node/5331561534",
        "amenity": "place_of_worship",
        "denomination": "anglican",
        "name": "St Andrews' ACK Church",
        "religion": "christian"
      },
      "geometry": {
        "type": "Point",
        "coordinates": [
          36.7425878,
          -1.1940234
        ]
      },
      "id": "node/5331561534"
    },
    {
      "type": "Feature",
      "properties": {
        "@id": "node/5331578568",
        "addr:street": "Karura-Munyaka Road",
        "amenity": "place_of_worship",
        "denomination": "anglican",
        "name": "St John ACK Church",
        "religion": "christian"
      },
      "geometry": {
        "type": "Point",
        "coordinates": [
          36.7295004,
          -1.1934186
        ]
      },
      "id": "node/5331578568"
    },
    {
      "type": "Feature",
      "properties": {
        "@id": "node/5331578569",
        "amenity": "place_of_worship",
        "denomination": "catholic",
        "name": "St Josemaria Escriva Catholic Church",
        "religion": "christian"
      },
      "geometry": {
        "type": "Point",
        "coordinates": [
          36.7200563,
          -1.1868441
        ]
      },
      "id": "node/5331578569"
    },
    {
      "type": "Feature",
      "properties": {
        "@id": "node/5331594340",
        "addr:city": "Ruaka",
        "addr:street": "Limuru Road",
        "amenity": "place_of_worship",
        "denomination": "anglican",
        "name": "A. C. K Diocese Of Mount Kenya South New-Ruaka",
        "religion": "christian"
      },
      "geometry": {
        "type": "Point",
        "coordinates": [
          36.7831912,
          -1.2073328
        ]
      },
      "id": "node/5331594340"
    },
    {
      "type": "Feature",
      "properties": {
        "@id": "node/5331596854",
        "addr:city": "Ruaka",
        "addr:street": "Limuru Road",
        "amenity": "place_of_worship",
        "denomination": "catholic",
        "name": "Ruaka Catholic Church",
        "religion": "christian"
      },
      "geometry": {
        "type": "Point",
        "coordinates": [
          36.7810222,
          -1.2060645
        ]
      },
      "id": "node/5331596854"
    },
    {
      "type": "Feature",
      "properties": {
        "@id": "node/5331604637",
        "addr:city": "Ruaka",
        "addr:street": "Limuru Road",
        "amenity": "place_of_worship",
        "denomination": "catholic",
        "name": "Joseph Allamano Catholic Church Ruaka",
        "religion": "christian"
      },
      "geometry": {
        "type": "Point",
        "coordinates": [
          36.780891,
          -1.2055558
        ]
      },
      "id": "node/5331604637"
    },
    {
      "type": "Feature",
      "properties": {
        "@id": "node/5333162685",
        "amenity": "place_of_worship",
        "denomination": "catholic",
        "name": "JJ McCarthy Centre (Assumption Sisters of Nairobi)",
        "religion": "christian"
      },
      "geometry": {
        "type": "Point",
        "coordinates": [
          36.7818183,
          -1.2674842
        ]
      },
      "id": "node/5333162685"
    },
    {
      "type": "Feature",
      "properties": {
        "@id": "node/5333192348",
        "addr:city": "Nairobi",
        "addr:postcode": "00100",
        "addr:street": "Chalbi Drive",
        "amenity": "place_of_worship",
        "check_date": "2023-05-02",
        "name": "RCCG, Potters House",
        "phone": "+254720754931",
        "religion": "christian",
        "service_times": "10:00 - 12:30",
        "website": "https://rccgpottershouse.org/"
      },
      "geometry": {
        "type": "Point",
        "coordinates": [
          36.7613995,
          -1.2762318
        ]
      },
      "id": "node/5333192348"
    },
    {
      "type": "Feature",
      "properties": {
        "@id": "node/5333313767",
        "addr:city": "Nairobi",
        "addr:street": "Serenity Road",
        "amenity": "place_of_worship",
        "check_date": "2023-04-26",
        "denomination": "catholic",
        "name": "Holy Cross Catholic Church",
        "religion": "christian"
      },
      "geometry": {
        "type": "Point",
        "coordinates": [
          36.7604333,
          -1.2844097
        ]
      },
      "id": "node/5333313767"
    },
    {
      "type": "Feature",
      "properties": {
        "@id": "node/5334907005",
        "amenity": "place_of_worship",
        "check_date": "2023-04-18",
        "denomination": "MUSLIM",
        "name": "DAR UL ARQAM MOSQUE",
        "religion": "muslim"
      },
      "geometry": {
        "type": "Point",
        "coordinates": [
          36.7798111,
          -1.2855099
        ]
      },
      "id": "node/5334907005"
    },
    {
      "type": "Feature",
      "properties": {
        "@id": "node/5334913966",
        "amenity": "place_of_worship",
        "check_date": "2023-04-26",
        "name": "Korean United Church",
        "religion": "christian"
      },
      "geometry": {
        "type": "Point",
        "coordinates": [
          36.7752025,
          -1.2903228
        ]
      },
      "id": "node/5334913966"
    },
    {
      "type": "Feature",
      "properties": {
        "@id": "node/5336238997",
        "addr:city": "Kirigiti",
        "addr:street": "Kamiti Road",
        "amenity": "place_of_worship",
        "denomination": "presbyterian",
        "name": "PCEA Kirigiti Church",
        "religion": "christian"
      },
      "geometry": {
        "type": "Point",
        "coordinates": [
          36.8462898,
          -1.1725896
        ]
      },
      "id": "node/5336238997"
    },
    {
      "type": "Feature",
      "properties": {
        "@id": "node/5338850143",
        "amenity": "place_of_worship",
        "name": "Riruta Catholic Church",
        "religion": "christian"
      },
      "geometry": {
        "type": "Point",
        "coordinates": [
          36.7389213,
          -1.28204
        ]
      },
      "id": "node/5338850143"
    },
    {
      "type": "Feature",
      "properties": {
        "@id": "node/5339089387",
        "amenity": "place_of_worship",
        "denomination": "anglican",
        "name": "ACK Congo Church",
        "religion": "christian"
      },
      "geometry": {
        "type": "Point",
        "coordinates": [
          36.7538725,
          -1.2872078
        ]
      },
      "id": "node/5339089387"
    },
    {
      "type": "Feature",
      "properties": {
        "@id": "node/5339091026",
        "amenity": "place_of_worship",
        "name": "Christ Holy Church International (a. K. a. Nation Builders)",
        "religion": "christian"
      },
      "geometry": {
        "type": "Point",
        "coordinates": [
          36.7529482,
          -1.2943882
        ]
      },
      "id": "node/5339091026"
    },
    {
      "type": "Feature",
      "properties": {
        "@id": "node/5339091349",
        "amenity": "place_of_worship",
        "denomination": "anglican",
        "name": "St Thomas ACK Dagoretti",
        "religion": "christian"
      },
      "geometry": {
        "type": "Point",
        "coordinates": [
          36.7500698,
          -1.2968943
        ]
      },
      "id": "node/5339091349"
    },
    {
      "type": "Feature",
      "properties": {
        "@id": "node/5339103765",
        "amenity": "place_of_worship",
        "check_date": "2023-05-02",
        "denomination": "catholic",
        "name": "Vincentian Prayer House",
        "religion": "christian"
      },
      "geometry": {
        "type": "Point",
        "coordinates": [
          36.7598683,
          -1.2855283
        ]
      },
      "id": "node/5339103765"
    },
    {
      "type": "Feature",
      "properties": {
        "@id": "node/5339106868",
        "amenity": "place_of_worship",
        "name": "Lavington United Church",
        "religion": "christian"
      },
      "geometry": {
        "type": "Point",
        "coordinates": [
          36.7704406,
          -1.2817111
        ]
      },
      "id": "node/5339106868"
    },
    {
      "type": "Feature",
      "properties": {
        "@id": "node/5339277868",
        "addr:city": "Nairobi",
        "amenity": "place_of_worship",
        "check_date": "2023-04-18",
        "name": "Chabad House of Kenya (Jewish Center)",
        "religion": "jewish"
      },
      "geometry": {
        "type": "Point",
        "coordinates": [
          36.7665593,
          -1.2712137
        ]
      },
      "id": "node/5339277868"
    },
    {
      "type": "Feature",
      "properties": {
        "@id": "node/5339283036",
        "amenity": "place_of_worship",
        "check_date": "2023-05-02",
        "name": "Methodist Church of Kenya",
        "religion": "christian"
      },
      "geometry": {
        "type": "Point",
        "coordinates": [
          36.7711766,
          -1.2885209
        ]
      },
      "id": "node/5339283036"
    },
    {
      "type": "Feature",
      "properties": {
        "@id": "node/5339454018",
        "addr:city": "Nairobi",
        "addr:street": "Chiromo Lane",
        "amenity": "place_of_worship",
        "name": "RIver Of God Church",
        "religion": "christian"
      },
      "geometry": {
        "type": "Point",
        "coordinates": [
          36.8115095,
          -1.2674467
        ]
      },
      "id": "node/5339454018"
    },
    {
      "type": "Feature",
      "properties": {
        "@id": "node/5339467054",
        "addr:city": "Nairobi",
        "addr:housenumber": "05",
        "addr:street": "Parklands Road",
        "amenity": "place_of_worship",
        "name": "Kumari Yoga Centre",
        "religion": "buddhist"
      },
      "geometry": {
        "type": "Point",
        "coordinates": [
          36.8048607,
          -1.2623537
        ]
      },
      "id": "node/5339467054"
    },
    {
      "type": "Feature",
      "properties": {
        "@id": "node/5340540222",
        "amenity": "place_of_worship",
        "name": "Kingdom Hall of Jehovahs Witnesses, Ngecha",
        "religion": "christian",
        "website": "https://www.jw.org/"
      },
      "geometry": {
        "type": "Point",
        "coordinates": [
          36.6654834,
          -1.1652947
        ]
      },
      "id": "node/5340540222"
    },
    {
      "type": "Feature",
      "properties": {
        "@id": "node/5340589265",
        "amenity": "place_of_worship",
        "name": "Nanaksar Gurudwara",
        "religion": "sikh"
      },
      "geometry": {
        "type": "Point",
        "coordinates": [
          36.7957672,
          -1.255654
        ]
      },
      "id": "node/5340589265"
    },
    {
      "type": "Feature",
      "properties": {
        "@id": "node/5340926922",
        "amenity": "place_of_worship",
        "name": "CITAM PARKLANDS 2",
        "religion": "christian"
      },
      "geometry": {
        "type": "Point",
        "coordinates": [
          36.8155585,
          -1.2601653
        ]
      },
      "id": "node/5340926922"
    },
    {
      "type": "Feature",
      "properties": {
        "@id": "node/5341010629",
        "amenity": "place_of_worship",
        "denomination": "islam",
        "name": "City Park Estate Mosque",
        "religion": "muslim"
      },
      "geometry": {
        "type": "Point",
        "coordinates": [
          36.8301896,
          -1.2589814
        ]
      },
      "id": "node/5341010629"
    },
    {
      "type": "Feature",
      "properties": {
        "@id": "node/5341078557",
        "amenity": "community_centre",
        "name": "City Council of Nairobi"
      },
      "geometry": {
        "type": "Point",
        "coordinates": [
          36.8161869,
          -1.2692918
        ]
      },
      "id": "node/5341078557"
    },
    {
      "type": "Feature",
      "properties": {
        "@id": "node/5341110534",
        "amenity": "place_of_worship",
        "check_date": "2023-05-11",
        "name": "Mangal Mandir",
        "religion": "hindu"
      },
      "geometry": {
        "type": "Point",
        "coordinates": [
          36.8205691,
          -1.2711062
        ]
      },
      "id": "node/5341110534"
    },
    {
      "type": "Feature",
      "properties": {
        "@id": "node/5341116870",
        "amenity": "place_of_worship",
        "check_date": "2023-05-11",
        "denomination": "sunni",
        "name": "Ahmadiyya Mosque",
        "religion": "muslim"
      },
      "geometry": {
        "type": "Point",
        "coordinates": [
          36.8322022,
          -1.2687259
        ]
      },
      "id": "node/5341116870"
    },
    {
      "type": "Feature",
      "properties": {
        "@id": "node/5343393993",
        "amenity": "place_of_worship",
        "name": "PCEA Church - Thome",
        "religion": "christian"
      },
      "geometry": {
        "type": "Point",
        "coordinates": [
          36.8690699,
          -1.2264379
        ]
      },
      "id": "node/5343393993"
    },
    {
      "type": "Feature",
      "properties": {
        "@id": "node/5343419396",
        "addr:city": "Nairobi",
        "addr:street": "Balozi Estate Road",
        "amenity": "place_of_worship",
        "name": "Nairobi Lighthouse Church",
        "religion": "christian"
      },
      "geometry": {
        "type": "Point",
        "coordinates": [
          36.8636117,
          -1.2342669
        ]
      },
      "id": "node/5343419396"
    },
    {
      "type": "Feature",
      "properties": {
        "@id": "node/5343451441",
        "amenity": "place_of_worship",
        "name": "A.C.K St. Mary's Thindigua",
        "religion": "christian"
      },
      "geometry": {
        "type": "Point",
        "coordinates": [
          36.8451925,
          -1.2020776
        ]
      },
      "id": "node/5343451441"
    },
    {
      "type": "Feature",
      "properties": {
        "@id": "node/5353042854",
        "amenity": "place_of_worship",
        "name": "PCEA Karen Church",
        "religion": "christian"
      },
      "geometry": {
        "type": "Point",
        "coordinates": [
          36.7053992,
          -1.3207809
        ]
      },
      "id": "node/5353042854"
    },
    {
      "type": "Feature",
      "properties": {
        "@id": "node/5356691972",
        "addr:housenumber": "Mill Hill Missionaries, P. O. Box 52918, Nairobi",
        "amenity": "place_of_worship",
        "denomination": "catholic",
        "name": "Mill Hill Missionaries",
        "religion": "christian"
      },
      "geometry": {
        "type": "Point",
        "coordinates": [
          36.7436726,
          -1.3126339
        ]
      },
      "id": "node/5356691972"
    },
    {
      "type": "Feature",
      "properties": {
        "@id": "node/5356712866",
        "addr:city": "Nairobi",
        "addr:street": "Ngong Road",
        "amenity": "place_of_worship",
        "denomination": "orthodox",
        "name": "Saint Mark Coptic Orthodox Church",
        "religion": "christian"
      },
      "geometry": {
        "type": "Point",
        "coordinates": [
          36.7325319,
          -1.3079769
        ]
      },
      "id": "node/5356712866"
    },
    {
      "type": "Feature",
      "properties": {
        "@id": "node/5356825011",
        "addr:housenumber": "1509, Karen Rd, Nairobi",
        "amenity": "place_of_worship",
        "denomination": "protestant",
        "name": "Calvary Chapel Nairobi, Kenya",
        "religion": "christian"
      },
      "geometry": {
        "type": "Point",
        "coordinates": [
          36.7186053,
          -1.3288641
        ]
      },
      "id": "node/5356825011"
    },
    {
      "type": "Feature",
      "properties": {
        "@id": "node/5360683978",
        "amenity": "place_of_worship",
        "denomination": "anglican",
        "name": "St. Nicholas Anglican CDC",
        "religion": "christian"
      },
      "geometry": {
        "type": "Point",
        "coordinates": [
          36.7149073,
          -1.3226401
        ]
      },
      "id": "node/5360683978"
    },
    {
      "type": "Feature",
      "properties": {
        "@id": "node/5360683979",
        "addr:city": "Nairobi",
        "addr:street": "Ngong Road",
        "amenity": "place_of_worship",
        "name": "Redeemer Bible Church",
        "religion": "christian"
      },
      "geometry": {
        "type": "Point",
        "coordinates": [
          36.7134525,
          -1.3196424
        ]
      },
      "id": "node/5360683979"
    },
    {
      "type": "Feature",
      "properties": {
        "@id": "node/5360972228",
        "addr:housenumber": "Marist Lane, off Langata road, Nairobi",
        "amenity": "place_of_worship",
        "name": "The Salvation Army Kenya East Territorial Headquarters",
        "religion": "christian"
      },
      "geometry": {
        "type": "Point",
        "coordinates": [
          36.729574,
          -1.3408259
        ]
      },
      "id": "node/5360972228"
    },
    {
      "type": "Feature",
      "properties": {
        "@id": "node/5360972236",
        "addr:housenumber": "Hekima Rd, Nairobi",
        "amenity": "place_of_worship",
        "name": "Mount Zion Worship Sanctuar"
      },
      "geometry": {
        "type": "Point",
        "coordinates": [
          36.7335858,
          -1.3402805
        ]
      },
      "id": "node/5360972236"
    },
    {
      "type": "Feature",
      "properties": {
        "@id": "node/5360972249",
        "amenity": "place_of_worship",
        "name": "New Testament Church Of God - Kenya Head Office",
        "religion": "christian"
      },
      "geometry": {
        "type": "Point",
        "coordinates": [
          36.7271748,
          -1.3493924
        ]
      },
      "id": "node/5360972249"
    },
    {
      "type": "Feature",
      "properties": {
        "@id": "node/5360972287",
        "amenity": "place_of_worship",
        "community": "OP",
        "community:en": "Dominicans",
        "community:gender": "male",
        "denomination": "catholic",
        "name": "Dominican House of Studies",
        "religion": "christian"
      },
      "geometry": {
        "type": "Point",
        "coordinates": [
          36.7241093,
          -1.3595919
        ]
      },
      "id": "node/5360972287"
    },
    {
      "type": "Feature",
      "properties": {
        "@id": "node/5360972289",
        "amenity": "place_of_worship",
        "denomination": "catholic",
        "name": "St. Dominic's Chapel",
        "religion": "christian"
      },
      "geometry": {
        "type": "Point",
        "coordinates": [
          36.7237007,
          -1.3596236
        ]
      },
      "id": "node/5360972289"
    },
    {
      "type": "Feature",
      "properties": {
        "@id": "node/5361482492",
        "amenity": "place_of_worship",
        "name": "Mwangaza Jesuit Centre",
        "religion": "christian"
      },
      "geometry": {
        "type": "Point",
        "coordinates": [
          36.721995,
          -1.3624461
        ]
      },
      "id": "node/5361482492"
    },
    {
      "type": "Feature",
      "properties": {
        "@id": "node/5361537112",
        "addr:housenumber": "Pofu Rd, Nairobi",
        "amenity": "library",
        "name": "JKUAT Karen Library"
      },
      "geometry": {
        "type": "Point",
        "coordinates": [
          36.740784,
          -1.356086
        ]
      },
      "id": "node/5361537112"
    },
    {
      "type": "Feature",
      "properties": {
        "@id": "node/5361637303",
        "addr:housenumber": "Bogani Rd, Nairobi",
        "amenity": "place_of_worship",
        "denomination": "catholic",
        "name": "St. Camillus Theolicum",
        "religion": "christian"
      },
      "geometry": {
        "type": "Point",
        "coordinates": [
          36.7408648,
          -1.3535613
        ]
      },
      "id": "node/5361637303"
    },
    {
      "type": "Feature",
      "properties": {
        "@id": "node/5361637304",
        "addr:housenumber": "46, Silanga Road, Nairobi",
        "amenity": "place_of_worship",
        "denomination": "catholic",
        "name": "Claret Villa",
        "religion": "christian"
      },
      "geometry": {
        "type": "Point",
        "coordinates": [
          36.7423388,
          -1.3532621
        ]
      },
      "id": "node/5361637304"
    },
    {
      "type": "Feature",
      "properties": {
        "@id": "node/5361637312",
        "addr:housenumber": "Silanga Road, Nairobi",
        "amenity": "place_of_worship",
        "denomination": "catholic",
        "name": "Comboni Missionaries of the Heart of Jesus - Scholasticate",
        "religion": "christian"
      },
      "geometry": {
        "type": "Point",
        "coordinates": [
          36.744251,
          -1.3457814
        ]
      },
      "id": "node/5361637312"
    },
    {
      "type": "Feature",
      "properties": {
        "@id": "node/5372373747",
        "addr:housenumber": "Makina Rd, Nairobi",
        "amenity": "place_of_worship",
        "denomination": "seventh_day_adventist",
        "name": "Langata SDA Church",
        "religion": "christian"
      },
      "geometry": {
        "type": "Point",
        "coordinates": [
          36.780105,
          -1.326373
        ]
      },
      "id": "node/5372373747"
    },
    {
      "type": "Feature",
      "properties": {
        "@id": "node/5372373749",
        "amenity": "place_of_worship",
        "denomination": "catholic",
        "name": "St.Michael Catholic Church Langata",
        "religion": "christian"
      },
      "geometry": {
        "type": "Point",
        "coordinates": [
          36.7834875,
          -1.3210338
        ]
      },
      "id": "node/5372373749"
    },
    {
      "type": "Feature",
      "properties": {
        "@id": "node/5372373753",
        "addr:housenumber": "Maboko Cl, Nairobi City",
        "amenity": "place_of_worship",
        "name": "AIC Langata",
        "religion": "christian"
      },
      "geometry": {
        "type": "Point",
        "coordinates": [
          36.7841278,
          -1.3271901
        ]
      },
      "id": "node/5372373753"
    },
    {
      "type": "Feature",
      "properties": {
        "@id": "node/5372461562",
        "addr:housenumber": "Langata Rd, Nairobi",
        "amenity": "place_of_worship",
        "denomination": "protestant",
        "name": "House Of Grace Mega Church",
        "religion": "christian"
      },
      "geometry": {
        "type": "Point",
        "coordinates": [
          36.8193474,
          -1.3102655
        ]
      },
      "id": "node/5372461562"
    },
    {
      "type": "Feature",
      "properties": {
        "@id": "node/5372486935",
        "addr:city": "Nairobi",
        "addr:street": "Kisauni Road",
        "amenity": "place_of_worship",
        "name": "Nairobi West Mosque",
        "religion": "muslim"
      },
      "geometry": {
        "type": "Point",
        "coordinates": [
          36.8255707,
          -1.3059231
        ]
      },
      "id": "node/5372486935"
    },
    {
      "type": "Feature",
      "properties": {
        "@id": "node/5378308533",
        "addr:housenumber": "Ole Sangale Link Rd, Nairobi City",
        "amenity": "place_of_worship",
        "denomination": "anglican",
        "name": "St.Augustine ACK Church Madaraka",
        "religion": "christian"
      },
      "geometry": {
        "type": "Point",
        "coordinates": [
          36.8110391,
          -1.3105653
        ]
      },
      "id": "node/5378308533"
    },
    {
      "type": "Feature",
      "properties": {
        "@id": "node/5378308534",
        "addr:housenumber": "Madaraka, Ole Sangale Rd, Nairobi",
        "amenity": "place_of_worship",
        "name": "New Hope Out Reach Ministries",
        "religion": "christian"
      },
      "geometry": {
        "type": "Point",
        "coordinates": [
          36.8118115,
          -1.3100075
        ]
      },
      "id": "node/5378308534"
    },
    {
      "type": "Feature",
      "properties": {
        "@id": "node/5378414118",
        "addr:housenumber": "DIVINE NOVENA PRAYER GROUP",
        "amenity": "place_of_worship",
        "denomination": "catholic",
        "name": "DIVINE NOVENA PRAYER GROUP"
      },
      "geometry": {
        "type": "Point",
        "coordinates": [
          36.8213736,
          -1.3015151
        ]
      },
      "id": "node/5378414118"
    },
    {
      "type": "Feature",
      "properties": {
        "@id": "node/5383781990",
        "addr:city": "Nairobi",
        "addr:street": "Upper Hill Road",
        "amenity": "place_of_worship",
        "denomination": "mormon",
        "name": "The Church Of Jesus Christ Of Latter-Day Saints Nairobi Upper Hill",
        "religion": "christian"
      },
      "geometry": {
        "type": "Point",
        "coordinates": [
          36.8192431,
          -1.2975615
        ]
      },
      "id": "node/5383781990"
    },
    {
      "type": "Feature",
      "properties": {
        "@id": "node/5405012183",
        "addr:city": "Nairobi",
        "amenity": "social_facility",
        "denomination": "catholic",
        "email": "kwetuhomes@yahoo.com",
        "facebook": "https://www.facebook.com/Kwetu-Home-of-Peace-Rehabilitation-Centre-for-Street-Children-221692324544358/",
        "name": "Kwetu Home of Peace",
        "opening_hours": "24/7",
        "phone": "+254 727 522 152",
        "religion": "christian",
        "social_facility": "group_home",
        "social_facility:for": "homeless;child",
        "start_date": "1993",
        "website": "http://www.kwetuhome.org/#photos"
      },
      "geometry": {
        "type": "Point",
        "coordinates": [
          36.8113934,
          -1.3098065
        ]
      },
      "id": "node/5405012183"
    },
    {
      "type": "Feature",
      "properties": {
        "@id": "node/5412286008",
        "addr:city": "Nairobi",
        "addr:housenumber": "Income House,",
        "addr:street": "Ngong Road",
        "amenity": "place_of_worship",
        "check_date": "2023-04-21",
        "denomination": "catholic",
        "name": "Franciscan Missionary Sisters of Saint Joseph",
        "religion": "christian"
      },
      "geometry": {
        "type": "Point",
        "coordinates": [
          36.7734642,
          -1.2994111
        ]
      },
      "id": "node/5412286008"
    },
    {
      "type": "Feature",
      "properties": {
        "@id": "node/5412286016",
        "addr:city": "Nairobi",
        "addr:housenumber": "P. O Box 21200, Nairobi",
        "addr:street": "Kilimani Road",
        "amenity": "place_of_worship",
        "check_date": "2023-04-26",
        "denomination": "catholic",
        "name": "Sacred Heart Parish",
        "religion": "christian"
      },
      "geometry": {
        "type": "Point",
        "coordinates": [
          36.7758214,
          -1.2995886
        ]
      },
      "id": "node/5412286016"
    },
    {
      "type": "Feature",
      "properties": {
        "@id": "node/5414008533",
        "addr:city": "Nairobi",
        "addr:street": "Kindaruma Road",
        "amenity": "place_of_worship",
        "check_date": "2023-04-15",
        "denomination": "orthodox",
        "name": "Eritrean Orthodox Tewahido Church",
        "religion": "christian"
      },
      "geometry": {
        "type": "Point",
        "coordinates": [
          36.7896082,
          -1.3012911
        ]
      },
      "id": "node/5414008533"
    },
    {
      "type": "Feature",
      "properties": {
        "@id": "node/5414008567",
        "addr:city": "Nairobi",
        "addr:housenumber": "Meky Place,",
        "addr:street": "Ngong Road",
        "amenity": "community_centre",
        "name": "Sage Events"
      },
      "geometry": {
        "type": "Point",
        "coordinates": [
          36.787644,
          -1.2989621
        ]
      },
      "id": "node/5414008567"
    },
    {
      "type": "Feature",
      "properties": {
        "@id": "node/5431239341",
        "amenity": "place_of_worship",
        "denomination": "hindu",
        "name": "Pattni Mandir",
        "religion": "hindu"
      },
      "geometry": {
        "type": "Point",
        "coordinates": [
          36.8165655,
          -1.2567661
        ]
      },
      "id": "node/5431239341"
    },
    {
      "type": "Feature",
      "properties": {
        "@id": "node/5440491025",
        "addr:city": "Nairobi",
        "addr:street": "Galana Road",
        "amenity": "place_of_worship",
        "name": "CMS-Africa House",
        "religion": "christian"
      },
      "geometry": {
        "type": "Point",
        "coordinates": [
          36.7899012,
          -1.294872
        ]
      },
      "id": "node/5440491025"
    },
    {
      "type": "Feature",
      "properties": {
        "@id": "node/5440688153",
        "addr:city": "Nairobi",
        "addr:street": "Church Road",
        "amenity": "place_of_worship",
        "denomination": "anglican",
        "name": "ACK Christ Church, Westlands",
        "religion": "christian"
      },
      "geometry": {
        "type": "Point",
        "coordinates": [
          36.78817,
          -1.2621849
        ]
      },
      "id": "node/5440688153"
    },
    {
      "type": "Feature",
      "properties": {
        "@id": "node/5448456555",
        "amenity": "place_of_worship",
        "name": "PCEA Kahawa Station Church",
        "religion": "christian"
      },
      "geometry": {
        "type": "Point",
        "coordinates": [
          36.9084761,
          -1.1833397
        ]
      },
      "id": "node/5448456555"
    },
    {
      "type": "Feature",
      "properties": {
        "@id": "node/5448457441",
        "amenity": "social_facility",
        "name": "Bethsaida Orphanage"
      },
      "geometry": {
        "type": "Point",
        "coordinates": [
          36.9035934,
          -1.194386
        ]
      },
      "id": "node/5448457441"
    },
    {
      "type": "Feature",
      "properties": {
        "@id": "node/5456734416",
        "addr:city": "Nairobi",
        "addr:street": "Theta Lane",
        "amenity": "place_of_worship",
        "check_date": "2023-05-02",
        "denomination": "catholic",
        "name": "Eucharistic Apostles of Divine Mercy",
        "religion": "christian"
      },
      "geometry": {
        "type": "Point",
        "coordinates": [
          36.7961946,
          -1.2879596
        ]
      },
      "id": "node/5456734416"
    },
    {
      "type": "Feature",
      "properties": {
        "@id": "node/5475175857",
        "addr:city": "Nairobi",
        "addr:street": "General Waruingi Street",
        "amenity": "place_of_worship",
        "name": "Starehe Boys Centre Mosque",
        "religion": "muslim"
      },
      "geometry": {
        "type": "Point",
        "coordinates": [
          36.8403742,
          -1.2792958
        ]
      },
      "id": "node/5475175857"
    },
    {
      "type": "Feature",
      "properties": {
        "@id": "node/5496066058",
        "addr:city": "Nairobi",
        "addr:street": "Butecho",
        "amenity": "place_of_worship",
        "name": "Trinity Revival Church",
        "religion": "christian"
      },
      "geometry": {
        "type": "Point",
        "coordinates": [
          36.844624,
          -1.2889688
        ]
      },
      "id": "node/5496066058"
    },
    {
      "type": "Feature",
      "properties": {
        "@id": "node/5496066066",
        "addr:city": "Nairobi",
        "addr:street": "Ngiya Road",
        "amenity": "place_of_worship",
        "denomination": "catholic",
        "name": "St. Joseph and Mary Parish",
        "religion": "christian"
      },
      "geometry": {
        "type": "Point",
        "coordinates": [
          36.846417,
          -1.2901087
        ]
      },
      "id": "node/5496066066"
    },
    {
      "type": "Feature",
      "properties": {
        "@id": "node/5496066070",
        "amenity": "community_centre",
        "name": "Kaloleni Social Hall"
      },
      "geometry": {
        "type": "Point",
        "coordinates": [
          36.8447971,
          -1.2961527
        ]
      },
      "id": "node/5496066070"
    },
    {
      "type": "Feature",
      "properties": {
        "@id": "node/5496079282",
        "addr:city": "Nairobi",
        "addr:housenumber": "The Point mall,",
        "addr:street": "Rabai Road",
        "amenity": "place_of_worship",
        "name": "Mavuno Mashariki Church",
        "religion": "christian"
      },
      "geometry": {
        "type": "Point",
        "coordinates": [
          36.8758061,
          -1.2943093
        ]
      },
      "id": "node/5496079282"
    },
    {
      "type": "Feature",
      "properties": {
        "@id": "node/5496079288",
        "addr:city": "Nairobi",
        "addr:street": "Jogoo Road",
        "amenity": "community_centre",
        "name": "TOM MBOYA HALL"
      },
      "geometry": {
        "type": "Point",
        "coordinates": [
          36.8772176,
          -1.2964895
        ]
      },
      "id": "node/5496079288"
    },
    {
      "type": "Feature",
      "properties": {
        "@id": "node/5496079306",
        "addr:city": "Nairobi",
        "addr:street": "Shule Road",
        "amenity": "place_of_worship",
        "denomination": "lutheran",
        "name": "Kenya Evangelical Lutheran Church",
        "religion": "christian"
      },
      "geometry": {
        "type": "Point",
        "coordinates": [
          36.8681753,
          -1.28863
        ]
      },
      "id": "node/5496079306"
    },
    {
      "type": "Feature",
      "properties": {
        "@id": "node/5496096957",
        "addr:city": "Buruburu",
        "addr:street": "Sagam Road",
        "amenity": "place_of_worship",
        "denomination": "catholic",
        "name": "Blessed Sacrament Catholic Church",
        "religion": "christian"
      },
      "geometry": {
        "type": "Point",
        "coordinates": [
          36.8813484,
          -1.2918676
        ]
      },
      "id": "node/5496096957"
    },
    {
      "type": "Feature",
      "properties": {
        "@id": "node/5588932522",
        "amenity": "place_of_worship",
        "denomination": "catholic",
        "name": "St. Marys Catholic Church",
        "religion": "christian"
      },
      "geometry": {
        "type": "Point",
        "coordinates": [
          36.6840594,
          -1.4321428
        ]
      },
      "id": "node/5588932522"
    },
    {
      "type": "Feature",
      "properties": {
        "@id": "node/5616466749",
        "addr:city": "Buruburu",
        "addr:street": "Mumias South Road",
        "amenity": "library",
        "name": "Kenya National Library Services-Buruburu;Kenya National Library Services",
        "toilets:wheelchair": "no",
        "wheelchair": "yes"
      },
      "geometry": {
        "type": "Point",
        "coordinates": [
          36.8793883,
          -1.282905
        ]
      },
      "id": "node/5616466749"
    },
    {
      "type": "Feature",
      "properties": {
        "@id": "node/5704456203",
        "accessibility_pwd": "TRUE",
        "amenity": "place_of_worship",
        "facility_owner": "religious groups",
        "name": "St. Mary's Mukuru Parish",
        "operator": "Religious Group",
        "religion": "christian",
        "status": "functional"
      },
      "geometry": {
        "type": "Point",
        "coordinates": [
          36.8812026,
          -1.3090115
        ]
      },
      "id": "node/5704456203"
    },
    {
      "type": "Feature",
      "properties": {
        "@id": "node/5704456205",
        "amenity": "community_centre",
        "name": "sinai reli",
        "operational_status": "operational",
        "operator:type": "private",
        "source": "survey"
      },
      "geometry": {
        "type": "Point",
        "coordinates": [
          36.882425,
          -1.3068445
        ]
      },
      "id": "node/5704456205"
    },
    {
      "type": "Feature",
      "properties": {
        "@id": "node/5820744072",
        "amenity": "place_of_worship",
        "denomination": "catholic",
        "name": "St, Daniel Comboni Catholic Church",
        "religion": "christian",
        "service_times": "Sundays (7:30am, 9:00am)"
      },
      "geometry": {
        "type": "Point",
        "coordinates": [
          36.9464228,
          -1.2831851
        ]
      },
      "id": "node/5820744072"
    },
    {
      "type": "Feature",
      "properties": {
        "@id": "node/5886553689",
        "addr:street": "Kanisani road",
        "amenity": "place_of_worship",
        "name": "PCEA CHURCH (NG'UNDU PARISH)",
        "religion": "christian"
      },
      "geometry": {
        "type": "Point",
        "coordinates": [
          37.0536105,
          -1.2762886
        ]
      },
      "id": "node/5886553689"
    },
    {
      "type": "Feature",
      "properties": {
        "@id": "node/5886553691",
        "amenity": "place_of_worship",
        "name": "St. Gabriel Catholic Church",
        "religion": "christian"
      },
      "geometry": {
        "type": "Point",
        "coordinates": [
          37.0655985,
          -1.275143
        ]
      },
      "id": "node/5886553691"
    },
    {
      "type": "Feature",
      "properties": {
        "@id": "node/5886553888",
        "addr:street": "Josnah road",
        "amenity": "community_centre",
        "name": "Mugathii Gardens"
      },
      "geometry": {
        "type": "Point",
        "coordinates": [
          37.05752,
          -1.2762564
        ]
      },
      "id": "node/5886553888"
    },
    {
      "type": "Feature",
      "properties": {
        "@id": "node/5913357820",
        "addr:street": "Kangundo Road",
        "amenity": "place_of_worship",
        "name": "Ruai mosque",
        "religion": "muslim"
      },
      "geometry": {
        "type": "Point",
        "coordinates": [
          37.0007017,
          -1.274
        ]
      },
      "id": "node/5913357820"
    },
    {
      "type": "Feature",
      "properties": {
        "@id": "node/5913357821",
        "addr:street": "Kangundo Road",
        "amenity": "place_of_worship",
        "name": "Deliverance Church Ruai",
        "religion": "christian"
      },
      "geometry": {
        "type": "Point",
        "coordinates": [
          37.0089158,
          -1.2760305
        ]
      },
      "id": "node/5913357821"
    },
    {
      "type": "Feature",
      "properties": {
        "@id": "node/5913357823",
        "addr:street": "Kangundo Road",
        "amenity": "community_centre",
        "name": "Matunda Shopping Center"
      },
      "geometry": {
        "type": "Point",
        "coordinates": [
          37.0433268,
          -1.2797283
        ]
      },
      "id": "node/5913357823"
    },
    {
      "type": "Feature",
      "properties": {
        "@id": "node/5913359791",
        "addr:street": "Kangundo Road",
        "amenity": "place_of_worship",
        "name": "Christian Outreach ministries",
        "religion": "christian"
      },
      "geometry": {
        "type": "Point",
        "coordinates": [
          37.0144051,
          -1.2765143
        ]
      },
      "id": "node/5913359791"
    },
    {
      "type": "Feature",
      "properties": {
        "@id": "node/5924128585",
        "amenity": "community_centre",
        "name": "Nairobi Education Centre"
      },
      "geometry": {
        "type": "Point",
        "coordinates": [
          36.7799596,
          -1.3363923
        ]
      },
      "id": "node/5924128585"
    },
    {
      "type": "Feature",
      "properties": {
        "@id": "node/5973212786",
        "amenity": "place_of_worship",
        "name": "All Saint's Community Chapel",
        "religion": "christian"
      },
      "geometry": {
        "type": "Point",
        "coordinates": [
          37.0269763,
          -1.2734991
        ]
      },
      "id": "node/5973212786"
    },
    {
      "type": "Feature",
      "properties": {
        "@id": "node/6002447886",
        "amenity": "place_of_worship",
        "name": "Friends Church Nairobi West",
        "opening_hours": "Su, We 00:00-24:00",
        "religion": "christian"
      },
      "geometry": {
        "type": "Point",
        "coordinates": [
          36.8135832,
          -1.3094657
        ]
      },
      "id": "node/6002447886"
    },
    {
      "type": "Feature",
      "properties": {
        "@id": "node/6116636145",
        "addr:city": "Raini",
        "addr:street": "Boma Road",
        "amenity": "place_of_worship",
        "name": "ACK Kimuga Church Raini",
        "religion": "christian"
      },
      "geometry": {
        "type": "Point",
        "coordinates": [
          36.7477241,
          -1.1580643
        ]
      },
      "id": "node/6116636145"
    },
    {
      "type": "Feature",
      "properties": {
        "@id": "node/6116638319",
        "addr:city": "Kabuku",
        "addr:street": "Limuru Road",
        "amenity": "place_of_worship",
        "denomination": "presbyterian",
        "name": "PCEA Kabuku Church",
        "religion": "christian"
      },
      "geometry": {
        "type": "Point",
        "coordinates": [
          36.669889,
          -1.1538353
        ]
      },
      "id": "node/6116638319"
    },
    {
      "type": "Feature",
      "properties": {
        "@id": "node/6116638325",
        "addr:city": "Kabuku",
        "addr:street": "Limuru Road",
        "amenity": "place_of_worship",
        "name": "Deliverance Church Kabuku",
        "religion": "christian"
      },
      "geometry": {
        "type": "Point",
        "coordinates": [
          36.6728426,
          -1.1544892
        ]
      },
      "id": "node/6116638325"
    },
    {
      "type": "Feature",
      "properties": {
        "@id": "node/6116638633",
        "addr:street": "Limuru Road",
        "amenity": "place_of_worship",
        "name": "Mount Olive Prayer Centre",
        "religion": "christian"
      },
      "geometry": {
        "type": "Point",
        "coordinates": [
          36.7176453,
          -1.1714139
        ]
      },
      "id": "node/6116638633"
    },
    {
      "type": "Feature",
      "properties": {
        "@id": "node/6126721042",
        "addr:city": "Nairobi",
        "addr:street": "2nd Parklands Avenue",
        "amenity": "place_of_worship",
        "name": "CITAM PARKLANDS",
        "religion": "christian"
      },
      "geometry": {
        "type": "Point",
        "coordinates": [
          36.8157186,
          -1.2604364
        ]
      },
      "id": "node/6126721042"
    },
    {
      "type": "Feature",
      "properties": {
        "@id": "node/6140731639",
        "amenity": "community_centre",
        "name": "Mama Ngina children's home. Karen"
      },
      "geometry": {
        "type": "Point",
        "coordinates": [
          36.6676567,
          -1.3192656
        ]
      },
      "id": "node/6140731639"
    },
    {
      "type": "Feature",
      "properties": {
        "@id": "node/6142220163",
        "addr:city": "Nairobi",
        "addr:street": "Langata Road",
        "amenity": "place_of_worship",
        "denomination": "seventh_day_adventist",
        "name": "Oasis Seventh Day Adventist Church",
        "religion": "christian"
      },
      "geometry": {
        "type": "Point",
        "coordinates": [
          36.7098064,
          -1.3249029
        ]
      },
      "id": "node/6142220163"
    },
    {
      "type": "Feature",
      "properties": {
        "@id": "node/6142220535",
        "addr:city": "Nairobi",
        "addr:street": "Langata Road",
        "amenity": "place_of_worship",
        "name": "Faith Evangelistic Ministry Family Church",
        "religion": "christian"
      },
      "geometry": {
        "type": "Point",
        "coordinates": [
          36.7103903,
          -1.3272673
        ]
      },
      "id": "node/6142220535"
    },
    {
      "type": "Feature",
      "properties": {
        "@id": "node/6142220551",
        "addr:city": "Nairobi",
        "addr:street": "Langata Road",
        "amenity": "place_of_worship",
        "name": "Eternity Gospel Church",
        "religion": "christian"
      },
      "geometry": {
        "type": "Point",
        "coordinates": [
          36.7129832,
          -1.3295088
        ]
      },
      "id": "node/6142220551"
    },
    {
      "type": "Feature",
      "properties": {
        "@id": "node/6171147703",
        "addr:city": "Nairobi",
        "addr:street": "Greenway",
        "amenity": "place_of_worship",
        "name": "Nairobi Lighthouse Church",
        "religion": "christian"
      },
      "geometry": {
        "type": "Point",
        "coordinates": [
          36.8071714,
          -1.2691399
        ]
      },
      "id": "node/6171147703"
    },
    {
      "type": "Feature",
      "properties": {
        "@id": "node/6173489661",
        "addr:city": "Nairobi",
        "addr:postcode": "00100",
        "addr:street": "Kangundo Road",
        "amenity": "place_of_worship",
        "denomination": "catholic",
        "email": "info@stmonicanjiru.com",
        "name": "St. Monica Njiru Catholic Church",
        "phone": "+254 736 414797",
        "religion": "christian"
      },
      "geometry": {
        "type": "Point",
        "coordinates": [
          36.9363727,
          -1.2528046
        ]
      },
      "id": "node/6173489661"
    },
    {
      "type": "Feature",
      "properties": {
        "@id": "node/6184394175",
        "addr:city": "Nairobi",
        "addr:street": "Ndemi Road",
        "amenity": "place_of_worship",
        "name": "AIC Ngong Road",
        "religion": "christian"
      },
      "geometry": {
        "type": "Point",
        "coordinates": [
          36.7765102,
          -1.2984732
        ]
      },
      "id": "node/6184394175"
    },
    {
      "type": "Feature",
      "properties": {
        "@id": "node/6184419660",
        "addr:city": "Nairobi",
        "addr:street": "Ngong Road",
        "amenity": "place_of_worship",
        "check_date": "2023-05-11",
        "denomination": "orthodox",
        "name": "St. Mark Coptic Orthodox Church",
        "religion": "christian"
      },
      "geometry": {
        "type": "Point",
        "coordinates": [
          36.7977979,
          -1.2983338
        ]
      },
      "id": "node/6184419660"
    },
    {
      "type": "Feature",
      "properties": {
        "@id": "node/6196897785",
        "addr:street": "C63",
        "amenity": "place_of_worship",
        "name": "Kamwaki - Assembly Hall of Jehovah's Witnesses",
        "religion": "christian",
        "website": "https://www.jw.org/"
      },
      "geometry": {
        "type": "Point",
        "coordinates": [
          36.8751617,
          -1.1578784
        ]
      },
      "id": "node/6196897785"
    },
    {
      "type": "Feature",
      "properties": {
        "@id": "node/6207546811",
        "addr:city": "Nairobi",
        "addr:street": "Popo Road",
        "amenity": "library",
        "name": "DRSRS library"
      },
      "geometry": {
        "type": "Point",
        "coordinates": [
          36.8363527,
          -1.3222979
        ]
      },
      "id": "node/6207546811"
    },
    {
      "type": "Feature",
      "properties": {
        "@id": "node/6207692009",
        "addr:city": "Nairobi",
        "addr:street": "Mombasa Road",
        "amenity": "place_of_worship",
        "name": "The Purpose Center Church",
        "religion": "christian"
      },
      "geometry": {
        "type": "Point",
        "coordinates": [
          36.8676123,
          -1.3312184
        ]
      },
      "id": "node/6207692009"
    },
    {
      "type": "Feature",
      "properties": {
        "@id": "node/6210101367",
        "addr:city": "Syokimau",
        "addr:street": "Muthama Access Road",
        "amenity": "place_of_worship",
        "name": "Grace Baptist Church Mombasa Rd",
        "religion": "christian"
      },
      "geometry": {
        "type": "Point",
        "coordinates": [
          36.9264921,
          -1.3825064
        ]
      },
      "id": "node/6210101367"
    },
    {
      "type": "Feature",
      "properties": {
        "@id": "node/6210121736",
        "addr:city": "Mlolongo",
        "addr:street": "Mombasa Road",
        "amenity": "place_of_worship",
        "name": "Redir Saad Jamia mosque",
        "religion": "muslim"
      },
      "geometry": {
        "type": "Point",
        "coordinates": [
          36.9364516,
          -1.3918508
        ]
      },
      "id": "node/6210121736"
    },
    {
      "type": "Feature",
      "properties": {
        "@id": "node/6210121784",
        "addr:city": "Mlolongo",
        "addr:street": "Mombasa Road",
        "amenity": "place_of_worship",
        "name": "Christ Way Ministries",
        "religion": "christian"
      },
      "geometry": {
        "type": "Point",
        "coordinates": [
          36.9355253,
          -1.3914638
        ]
      },
      "id": "node/6210121784"
    },
    {
      "type": "Feature",
      "properties": {
        "@id": "node/6210202574",
        "addr:city": "Mlolongo",
        "addr:street": "Mombasa Road",
        "amenity": "place_of_worship",
        "name": "Living water international",
        "religion": "christian"
      },
      "geometry": {
        "type": "Point",
        "coordinates": [
          36.9467893,
          -1.4026254
        ]
      },
      "id": "node/6210202574"
    },
    {
      "type": "Feature",
      "properties": {
        "@id": "node/6210202576",
        "addr:city": "Mlolongo",
        "addr:street": "Mombasa Road",
        "amenity": "place_of_worship",
        "name": "CIATM Church",
        "religion": "christian"
      },
      "geometry": {
        "type": "Point",
        "coordinates": [
          36.9446552,
          -1.4016865
        ]
      },
      "id": "node/6210202576"
    },
    {
      "type": "Feature",
      "properties": {
        "@id": "node/6210275121",
        "addr:city": "Athi River",
        "addr:street": "Nairobi-Namanga Road",
        "amenity": "place_of_worship",
        "name": "Redeemed Gospel Church Athi River",
        "religion": "christian"
      },
      "geometry": {
        "type": "Point",
        "coordinates": [
          36.9655068,
          -1.4383691
        ]
      },
      "id": "node/6210275121"
    },
    {
      "type": "Feature",
      "properties": {
        "@id": "node/6216321651",
        "addr:city": "Nairobi",
        "addr:street": "Ngong Road",
        "amenity": "place_of_worship",
        "name": "Dc Embulbul",
        "religion": "christian"
      },
      "geometry": {
        "type": "Point",
        "coordinates": [
          36.6741958,
          -1.3324237
        ]
      },
      "id": "node/6216321651"
    },
    {
      "type": "Feature",
      "properties": {
        "@id": "node/6216321656",
        "addr:city": "Ngong",
        "addr:street": "Ngong Road",
        "amenity": "place_of_worship",
        "name": "Mary Mother Of God Catholic Church",
        "religion": "christian"
      },
      "geometry": {
        "type": "Point",
        "coordinates": [
          36.6731133,
          -1.3351061
        ]
      },
      "id": "node/6216321656"
    },
    {
      "type": "Feature",
      "properties": {
        "@id": "node/6216321666",
        "addr:city": "Ngong",
        "addr:street": "Kenvic Road",
        "amenity": "place_of_worship",
        "name": "A C K St Barnabas Olepolos",
        "religion": "christian"
      },
      "geometry": {
        "type": "Point",
        "coordinates": [
          36.6679565,
          -1.3454547
        ]
      },
      "id": "node/6216321666"
    },
    {
      "type": "Feature",
      "properties": {
        "@id": "node/6216407132",
        "addr:city": "Ngong",
        "addr:street": "Forest Line -Ngong Road",
        "amenity": "place_of_worship",
        "name": "Ngong Methodist Church",
        "religion": "christian"
      },
      "geometry": {
        "type": "Point",
        "coordinates": [
          36.6571969,
          -1.3670229
        ]
      },
      "id": "node/6216407132"
    },
    {
      "type": "Feature",
      "properties": {
        "@id": "node/6216424335",
        "addr:city": "Ngong",
        "addr:street": "Forest Line -Ngong Road",
        "amenity": "place_of_worship",
        "name": "CITAM Ngong",
        "religion": "christian"
      },
      "geometry": {
        "type": "Point",
        "coordinates": [
          36.6577012,
          -1.369463
        ]
      },
      "id": "node/6216424335"
    },
    {
      "type": "Feature",
      "properties": {
        "@id": "node/6218304569",
        "addr:city": "Ngong",
        "addr:street": "Stadium Road",
        "amenity": "place_of_worship",
        "denomination": "anglican",
        "name": "A.C.K Emmanuel Ngong",
        "religion": "christian"
      },
      "geometry": {
        "type": "Point",
        "coordinates": [
          36.6619465,
          -1.370584
        ]
      },
      "id": "node/6218304569"
    },
    {
      "type": "Feature",
      "properties": {
        "@id": "node/6218304897",
        "addr:city": "Ngong",
        "addr:street": "Forest Line Road",
        "amenity": "place_of_worship",
        "name": "Uzima Vincentian Study House",
        "religion": "christian"
      },
      "geometry": {
        "type": "Point",
        "coordinates": [
          36.6950345,
          -1.3747906
        ]
      },
      "id": "node/6218304897"
    },
    {
      "type": "Feature",
      "properties": {
        "@id": "node/6218304898",
        "addr:city": "Ngong",
        "addr:street": "Forest Line Road",
        "amenity": "place_of_worship",
        "name": "St. Aloysious Catholic Church",
        "religion": "christian"
      },
      "geometry": {
        "type": "Point",
        "coordinates": [
          36.6968186,
          -1.3729543
        ]
      },
      "id": "node/6218304898"
    },
    {
      "type": "Feature",
      "properties": {
        "@id": "node/6218304909",
        "addr:city": "Ngong",
        "addr:street": "Forest Line Road",
        "amenity": "place_of_worship",
        "name": "Ngong Chapel, The Church Of Jesus Christ Of Latter-day Saints",
        "religion": "christian"
      },
      "geometry": {
        "type": "Point",
        "coordinates": [
          36.679277,
          -1.3840675
        ]
      },
      "id": "node/6218304909"
    },
    {
      "type": "Feature",
      "properties": {
        "@id": "node/6218304912",
        "addr:city": "Matasia",
        "addr:street": "Forest Line Road",
        "amenity": "place_of_worship",
        "denomination": "catholic",
        "name": "St. Barnabas Church Matasia",
        "religion": "christian"
      },
      "geometry": {
        "type": "Point",
        "coordinates": [
          36.6793654,
          -1.386351
        ]
      },
      "id": "node/6218304912"
    },
    {
      "type": "Feature",
      "properties": {
        "@id": "node/6218490088",
        "addr:city": "Nkoroi",
        "addr:street": "Magadi Road",
        "amenity": "place_of_worship",
        "name": "Nkoroi Catholic Parish",
        "religion": "christian"
      },
      "geometry": {
        "type": "Point",
        "coordinates": [
          36.7133652,
          -1.408047
        ]
      },
      "id": "node/6218490088"
    },
    {
      "type": "Feature",
      "properties": {
        "@id": "node/6218599553",
        "addr:city": "Kiserian",
        "addr:street": "Nosim Road",
        "amenity": "place_of_worship",
        "name": "CITAM Rongai",
        "religion": "christian"
      },
      "geometry": {
        "type": "Point",
        "coordinates": [
          36.7215546,
          -1.3997537
        ]
      },
      "id": "node/6218599553"
    },
    {
      "type": "Feature",
      "properties": {
        "@id": "node/6218599554",
        "addr:city": "Kiserian",
        "addr:street": "Nosim Road",
        "amenity": "place_of_worship",
        "name": "Nairobi Chapel Ongata Rongai",
        "religion": "christian"
      },
      "geometry": {
        "type": "Point",
        "coordinates": [
          36.7206196,
          -1.3987956
        ]
      },
      "id": "node/6218599554"
    },
    {
      "type": "Feature",
      "properties": {
        "@id": "node/6218599566",
        "addr:city": "Rongai",
        "addr:street": "Magadi Road",
        "amenity": "place_of_worship",
        "name": "Catholic Church - Rongai",
        "religion": "christian"
      },
      "geometry": {
        "type": "Point",
        "coordinates": [
          36.743128,
          -1.3956839
        ]
      },
      "id": "node/6218599566"
    },
    {
      "type": "Feature",
      "properties": {
        "@id": "node/6218698875",
        "addr:city": "Rongai",
        "addr:street": "Imani Avenue",
        "amenity": "place_of_worship",
        "name": "PCEA Ongata Rongai Church",
        "religion": "christian"
      },
      "geometry": {
        "type": "Point",
        "coordinates": [
          36.756838,
          -1.393939
        ]
      },
      "id": "node/6218698875"
    },
    {
      "type": "Feature",
      "properties": {
        "@id": "node/6224771763",
        "addr:city": "Nairobi",
        "addr:street": "Olkeri Laiser Hill Road",
        "amenity": "place_of_worship",
        "name": "House of Grace Rongai the Mega Church",
        "religion": "christian"
      },
      "geometry": {
        "type": "Point",
        "coordinates": [
          36.730045,
          -1.3901734
        ]
      },
      "id": "node/6224771763"
    },
    {
      "type": "Feature",
      "properties": {
        "@id": "node/6224915206",
        "addr:city": "Nairobi",
        "addr:street": "Thika Road",
        "amenity": "place_of_worship",
        "name": "GSU Mosque",
        "religion": "muslim"
      },
      "geometry": {
        "type": "Point",
        "coordinates": [
          36.8660653,
          -1.2445289
        ]
      },
      "id": "node/6224915206"
    },
    {
      "type": "Feature",
      "properties": {
        "@id": "node/6224915210",
        "addr:city": "Nairobi",
        "addr:street": "Thika Road",
        "amenity": "place_of_worship",
        "name": "JCC Thika Road Church",
        "religion": "christian"
      },
      "geometry": {
        "type": "Point",
        "coordinates": [
          36.8704612,
          -1.2365495
        ]
      },
      "id": "node/6224915210"
    },
    {
      "type": "Feature",
      "properties": {
        "@id": "node/6224915222",
        "addr:city": "Nairobi",
        "addr:street": "Garden Estate Road",
        "amenity": "place_of_worship",
        "denomination": "methodist",
        "name": "Ruaraka Methodist Church",
        "religion": "christian"
      },
      "geometry": {
        "type": "Point",
        "coordinates": [
          36.8704654,
          -1.2342359
        ]
      },
      "id": "node/6224915222"
    },
    {
      "type": "Feature",
      "properties": {
        "@id": "node/6224915375",
        "addr:city": "Nairobi",
        "addr:street": "Thika Road",
        "amenity": "place_of_worship",
        "denomination": "baptist",
        "name": "Thika Road Baptist Church",
        "religion": "christian"
      },
      "geometry": {
        "type": "Point",
        "coordinates": [
          36.8858883,
          -1.2243075
        ]
      },
      "id": "node/6224915375"
    },
    {
      "type": "Feature",
      "properties": {
        "@id": "node/6226897855",
        "addr:city": "Athi River",
        "addr:street": "Nairobi - Mombasa Road",
        "amenity": "place_of_worship",
        "name": "CITAM Athi River.",
        "religion": "christian"
      },
      "geometry": {
        "type": "Point",
        "coordinates": [
          37.0046079,
          -1.445059
        ]
      },
      "id": "node/6226897855"
    },
    {
      "type": "Feature",
      "properties": {
        "@id": "node/6247215814",
        "addr:city": "Nairobi",
        "addr:street": "Murang'a Road",
        "amenity": "place_of_worship",
        "name": "Muthaiga Mosque And Madrasah",
        "religion": "muslim"
      },
      "geometry": {
        "type": "Point",
        "coordinates": [
          36.8420921,
          -1.2617488
        ]
      },
      "id": "node/6247215814"
    },
    {
      "type": "Feature",
      "properties": {
        "@id": "node/6247215851",
        "addr:city": "Nairobi",
        "addr:street": "Thika Road",
        "amenity": "place_of_worship",
        "name": "Baptist Mission of Kenya",
        "religion": "christian"
      },
      "geometry": {
        "type": "Point",
        "coordinates": [
          36.8809545,
          -1.2298059
        ]
      },
      "id": "node/6247215851"
    },
    {
      "type": "Feature",
      "properties": {
        "@id": "node/6247215857",
        "addr:city": "Nairobi",
        "addr:street": "Thika Road",
        "amenity": "place_of_worship",
        "name": "Queen of Apostle's Adoration Chapel",
        "religion": "christian"
      },
      "geometry": {
        "type": "Point",
        "coordinates": [
          36.8847065,
          -1.2283459
        ]
      },
      "id": "node/6247215857"
    },
    {
      "type": "Feature",
      "properties": {
        "@id": "node/6249063054",
        "addr:city": "Nairobi",
        "addr:street": "ICIPE Road",
        "amenity": "place_of_worship",
        "name": "Mavuno Lifeway",
        "religion": "christian"
      },
      "geometry": {
        "type": "Point",
        "coordinates": [
          36.8957065,
          -1.2237896
        ]
      },
      "id": "node/6249063054"
    },
    {
      "type": "Feature",
      "properties": {
        "@id": "node/6249063061",
        "addr:city": "Nairobi",
        "addr:street": "ICIPE Road",
        "amenity": "place_of_worship",
        "name": "AIC Kasarani",
        "religion": "christian"
      },
      "geometry": {
        "type": "Point",
        "coordinates": [
          36.8986343,
          -1.2264829
        ]
      },
      "id": "node/6249063061"
    },
    {
      "type": "Feature",
      "properties": {
        "@id": "node/6249063551",
        "amenity": "place_of_worship",
        "name": "Thika Road Community Chapel",
        "religion": "christian"
      },
      "geometry": {
        "type": "Point",
        "coordinates": [
          36.9052078,
          -1.2131911
        ]
      },
      "id": "node/6249063551"
    },
    {
      "type": "Feature",
      "properties": {
        "@id": "node/6249063859",
        "addr:city": "Nairobi",
        "addr:street": "Kasarani Mwiki Road",
        "amenity": "place_of_worship",
        "name": "Sportsview SDA church-Kasarani",
        "religion": "christian"
      },
      "geometry": {
        "type": "Point",
        "coordinates": [
          36.9031313,
          -1.2233824
        ]
      },
      "id": "node/6249063859"
    },
    {
      "type": "Feature",
      "properties": {
        "@id": "node/6249168411",
        "addr:city": "Nairobi",
        "addr:street": "Kasarani Mwiki Road",
        "amenity": "place_of_worship",
        "denomination": "catholic",
        "name": "St Francis Catholic Church St Claire Parish",
        "religion": "christian"
      },
      "geometry": {
        "type": "Point",
        "coordinates": [
          36.9177423,
          -1.2245102
        ]
      },
      "id": "node/6249168411"
    },
    {
      "type": "Feature",
      "properties": {
        "@id": "node/6249532187",
        "addr:city": "Nairobi",
        "addr:street": "Thika Road",
        "amenity": "place_of_worship",
        "name": "Kahawa Barracks Mosque",
        "religion": "muslim"
      },
      "geometry": {
        "type": "Point",
        "coordinates": [
          36.921727,
          -1.1976586
        ]
      },
      "id": "node/6249532187"
    },
    {
      "type": "Feature",
      "properties": {
        "@id": "node/6249723233",
        "addr:city": "Nairobi",
        "addr:street": "1st North Avenue",
        "amenity": "place_of_worship",
        "name": "Grace Community Centre",
        "religion": "christian"
      },
      "geometry": {
        "type": "Point",
        "coordinates": [
          36.93331,
          -1.1894194
        ]
      },
      "id": "node/6249723233"
    },
    {
      "type": "Feature",
      "properties": {
        "@id": "node/6249723249",
        "addr:city": "Nairobi",
        "addr:street": "Kahawa Sukari Avenue",
        "amenity": "place_of_worship",
        "name": "Kahawa Sukari Baptist Church",
        "religion": "christian"
      },
      "geometry": {
        "type": "Point",
        "coordinates": [
          36.937798,
          -1.1937285
        ]
      },
      "id": "node/6249723249"
    },
    {
      "type": "Feature",
      "properties": {
        "@id": "node/6249723265",
        "addr:city": "Nairobi",
        "addr:housenumber": "873",
        "addr:street": "4th North Avenue",
        "amenity": "place_of_worship",
        "name": "The Tabernacle of David",
        "religion": "christian"
      },
      "geometry": {
        "type": "Point",
        "coordinates": [
          36.9394486,
          -1.1904223
        ]
      },
      "id": "node/6249723265"
    },
    {
      "type": "Feature",
      "properties": {
        "@id": "node/6249723266",
        "addr:city": "Nairobi",
        "addr:street": "5th North Avenue",
        "amenity": "place_of_worship",
        "name": "Kahawa Sukari PCEA Church",
        "religion": "christian"
      },
      "geometry": {
        "type": "Point",
        "coordinates": [
          36.9410859,
          -1.1896564
        ]
      },
      "id": "node/6249723266"
    },
    {
      "type": "Feature",
      "properties": {
        "@id": "node/6249723271",
        "addr:city": "Nairobi",
        "addr:street": "4th South Avenue",
        "amenity": "place_of_worship",
        "name": "Seventh Day Aventist Church Kahawa Sukari",
        "religion": "christian"
      },
      "geometry": {
        "type": "Point",
        "coordinates": [
          36.9432087,
          -1.1983501
        ]
      },
      "id": "node/6249723271"
    },
    {
      "type": "Feature",
      "properties": {
        "@id": "node/6249723272",
        "addr:city": "Nairobi",
        "addr:street": "Kahawa Sukari Avenue",
        "amenity": "place_of_worship",
        "denomination": "anglican",
        "name": "Kahawa Sukari ACK Church",
        "religion": "christian"
      },
      "geometry": {
        "type": "Point",
        "coordinates": [
          36.9441121,
          -1.1946902
        ]
      },
      "id": "node/6249723272"
    },
    {
      "type": "Feature",
      "properties": {
        "@id": "node/6249723281",
        "addr:city": "Nairobi",
        "addr:street": "Kahawa Sukari Avenue",
        "amenity": "place_of_worship",
        "name": "Kahawa Sukari Deliverance Church",
        "religion": "christian"
      },
      "geometry": {
        "type": "Point",
        "coordinates": [
          36.9457261,
          -1.1951433
        ]
      },
      "id": "node/6249723281"
    },
    {
      "type": "Feature",
      "properties": {
        "@id": "node/6249723398",
        "addr:city": "Nairobi",
        "addr:street": "Wanjiru road",
        "amenity": "place_of_worship",
        "name": "Naioth Ministries Wendani Worship Centre",
        "religion": "christian"
      },
      "geometry": {
        "type": "Point",
        "coordinates": [
          36.9319781,
          -1.1956052
        ]
      },
      "id": "node/6249723398"
    },
    {
      "type": "Feature",
      "properties": {
        "@id": "node/6251534676",
        "addr:city": "Ruiru",
        "addr:street": "Thika Road",
        "amenity": "place_of_worship",
        "name": "Main Church",
        "religion": "christian"
      },
      "geometry": {
        "type": "Point",
        "coordinates": [
          36.961885,
          -1.1555019
        ]
      },
      "id": "node/6251534676"
    },
    {
      "type": "Feature",
      "properties": {
        "@id": "node/6251561027",
        "addr:city": "Limuru",
        "amenity": "place_of_worship",
        "name": "St. Johns ACK Church",
        "religion": "christian"
      },
      "geometry": {
        "type": "Point",
        "coordinates": [
          36.6704302,
          -1.1581346
        ]
      },
      "id": "node/6251561027"
    },
    {
      "type": "Feature",
      "properties": {
        "@id": "node/6251561057",
        "addr:city": "Gitaru",
        "addr:street": "A104",
        "amenity": "place_of_worship",
        "name": "PCEA SIGONA CHURCH",
        "religion": "christian"
      },
      "geometry": {
        "type": "Point",
        "coordinates": [
          36.6624883,
          -1.2211174
        ]
      },
      "id": "node/6251561057"
    },
    {
      "type": "Feature",
      "properties": {
        "@id": "node/6257535838",
        "addr:city": "Nairobi",
        "addr:street": "Lower Kabete Road",
        "amenity": "place_of_worship",
        "denomination": "anglican",
        "name": "ACK Ndongoro Church",
        "religion": "christian"
      },
      "geometry": {
        "type": "Point",
        "coordinates": [
          36.7158408,
          -1.2368902
        ]
      },
      "id": "node/6257535838"
    },
    {
      "type": "Feature",
      "properties": {
        "@id": "node/6259798896",
        "addr:city": "Nairobi",
        "addr:street": "Embakasi Road",
        "amenity": "place_of_worship",
        "denomination": "catholic",
        "name": "Christ The King Catholic Church",
        "religion": "christian"
      },
      "geometry": {
        "type": "Point",
        "coordinates": [
          36.9114787,
          -1.3090464
        ]
      },
      "id": "node/6259798896"
    },
    {
      "type": "Feature",
      "properties": {
        "@id": "node/6259798899",
        "addr:city": "Nairobi",
        "addr:street": "Embakasi Road",
        "amenity": "place_of_worship",
        "denomination": "baptist",
        "name": "Parklands Baptist Church Eastgate",
        "religion": "christian"
      },
      "geometry": {
        "type": "Point",
        "coordinates": [
          36.9120686,
          -1.3076471
        ]
      },
      "id": "node/6259798899"
    },
    {
      "type": "Feature",
      "properties": {
        "@id": "node/6259798900",
        "addr:city": "Nairobi",
        "addr:street": "Embakasi Road",
        "amenity": "place_of_worship",
        "name": "St. Peter's A.C.K Church Embakasi",
        "religion": "christian"
      },
      "geometry": {
        "type": "Point",
        "coordinates": [
          36.911699,
          -1.3076493
        ]
      },
      "id": "node/6259798900"
    },
    {
      "type": "Feature",
      "properties": {
        "@id": "node/6259798925",
        "addr:city": "Nairobi",
        "addr:street": "Outer Ring Road",
        "amenity": "place_of_worship",
        "name": "Gospel Centres International - Central",
        "religion": "christian"
      },
      "geometry": {
        "type": "Point",
        "coordinates": [
          36.8986952,
          -1.319779
        ]
      },
      "id": "node/6259798925"
    },
    {
      "type": "Feature",
      "properties": {
        "@id": "node/6259798951",
        "addr:city": "Nairobi",
        "addr:street": "Off Doonholm Road",
        "amenity": "place_of_worship",
        "name": "Pefa Church - Doonholm",
        "religion": "christian"
      },
      "geometry": {
        "type": "Point",
        "coordinates": [
          36.8899022,
          -1.2980617
        ]
      },
      "id": "node/6259798951"
    },
    {
      "type": "Feature",
      "properties": {
        "@id": "node/6259798959",
        "addr:city": "Nairobi",
        "addr:street": "Doonholm Road",
        "amenity": "place_of_worship",
        "name": "Deliverance Church Donholm",
        "religion": "christian"
      },
      "geometry": {
        "type": "Point",
        "coordinates": [
          36.8917515,
          -1.2992168
        ]
      },
      "id": "node/6259798959"
    },
    {
      "type": "Feature",
      "properties": {
        "@id": "node/6259798966",
        "addr:city": "Nairobi",
        "addr:street": "Greenfields Phase 2",
        "amenity": "place_of_worship",
        "name": "Donholm Mosque",
        "religion": "muslim"
      },
      "geometry": {
        "type": "Point",
        "coordinates": [
          36.8943237,
          -1.2941473
        ]
      },
      "id": "node/6259798966"
    },
    {
      "type": "Feature",
      "properties": {
        "@id": "node/6259860364",
        "addr:city": "Nairobi",
        "addr:street": "Manyanja Road",
        "amenity": "place_of_worship",
        "denomination": "presbyterian",
        "name": "PCEA Tena Parish",
        "religion": "christian"
      },
      "geometry": {
        "type": "Point",
        "coordinates": [
          36.8881423,
          -1.2921674
        ]
      },
      "id": "node/6259860364"
    },
    {
      "type": "Feature",
      "properties": {
        "@id": "node/6259860369",
        "addr:city": "Nairobi",
        "addr:street": "Mumias South Road",
        "amenity": "place_of_worship",
        "name": "Buruburu Community Centre Church Of God",
        "religion": "christian"
      },
      "geometry": {
        "type": "Point",
        "coordinates": [
          36.8813248,
          -1.2886147
        ]
      },
      "id": "node/6259860369"
    },
    {
      "type": "Feature",
      "properties": {
        "@id": "node/6259924660",
        "addr:city": "Nairobi",
        "addr:street": "Mumias South Road",
        "amenity": "place_of_worship",
        "name": "KAG Church Buruburu",
        "religion": "christian"
      },
      "geometry": {
        "type": "Point",
        "coordinates": [
          36.878234,
          -1.2773825
        ]
      },
      "id": "node/6259924660"
    },
    {
      "type": "Feature",
      "properties": {
        "@id": "node/6324976683",
        "amenity": "place_of_worship",
        "name": "WENDANI COMMUNITY CHAPEL",
        "religion": "christian"
      },
      "geometry": {
        "type": "Point",
        "coordinates": [
          36.9219598,
          -1.1899123
        ]
      },
      "id": "node/6324976683"
    },
    {
      "type": "Feature",
      "properties": {
        "@id": "node/6768790473",
        "addr:city": "Nairobi",
        "addr:street": "Off Eastern Bypass",
        "amenity": "place_of_worship",
        "denomination": "catholic",
        "name": "Holy Family Catholic Church",
        "religion": "christian",
        "service_times": "Sunday: 8:00 AM, 10:00AM"
      },
      "geometry": {
        "type": "Point",
        "coordinates": [
          36.9737491,
          -1.2776278
        ]
      },
      "id": "node/6768790473"
    },
    {
      "type": "Feature",
      "properties": {
        "@id": "node/6808015989",
        "addr:city": "Mlolongo",
        "addr:street": "Mombasa Road",
        "amenity": "community_centre",
        "name": "St. Josephs Memorial Hall"
      },
      "geometry": {
        "type": "Point",
        "coordinates": [
          36.9374148,
          -1.3917053
        ]
      },
      "id": "node/6808015989"
    },
    {
      "type": "Feature",
      "properties": {
        "@id": "node/6808066094",
        "addr:city": "Nairobi",
        "addr:street": "Cosmas Ndeti Road",
        "amenity": "place_of_worship",
        "name": "Cathedral of Praise",
        "religion": "christian"
      },
      "geometry": {
        "type": "Point",
        "coordinates": [
          36.883875,
          -1.3244061
        ]
      },
      "id": "node/6808066094"
    },
    {
      "type": "Feature",
      "properties": {
        "@id": "node/6812208449",
        "addr:city": "Nairobi",
        "addr:street": "Amani Court",
        "amenity": "place_of_worship",
        "name": "Tassia Catholic",
        "religion": "christian"
      },
      "geometry": {
        "type": "Point",
        "coordinates": [
          36.89473,
          -1.3094229
        ]
      },
      "id": "node/6812208449"
    },
    {
      "type": "Feature",
      "properties": {
        "@id": "node/6812208452",
        "addr:city": "Nairobi",
        "addr:street": "Quarry road",
        "amenity": "place_of_worship",
        "name": "Redeemed Gospel Church",
        "religion": "christian"
      },
      "geometry": {
        "type": "Point",
        "coordinates": [
          36.8872266,
          -1.311588
        ]
      },
      "id": "node/6812208452"
    },
    {
      "type": "Feature",
      "properties": {
        "@id": "node/6817315477",
        "addr:city": "Nairobi",
        "amenity": "place_of_worship",
        "name": "Church of Pentecost Kenya",
        "religion": "christian"
      },
      "geometry": {
        "type": "Point",
        "coordinates": [
          36.9089482,
          -1.297035
        ]
      },
      "id": "node/6817315477"
    },
    {
      "type": "Feature",
      "properties": {
        "@id": "node/6817327486",
        "addr:city": "Umoja 2",
        "amenity": "place_of_worship",
        "name": "Catholic Church St Joseph",
        "religion": "christian"
      },
      "geometry": {
        "type": "Point",
        "coordinates": [
          36.8990783,
          -1.2812621
        ]
      },
      "id": "node/6817327486"
    },
    {
      "type": "Feature",
      "properties": {
        "@id": "node/6817327497",
        "addr:city": "Umoja",
        "addr:street": "Moi Drive",
        "amenity": "place_of_worship",
        "name": "Grace Covenant",
        "religion": "christian"
      },
      "geometry": {
        "type": "Point",
        "coordinates": [
          36.895402,
          -1.2798843
        ]
      },
      "id": "node/6817327497"
    },
    {
      "type": "Feature",
      "properties": {
        "@id": "node/6817327498",
        "addr:city": "Umoja",
        "amenity": "place_of_worship",
        "name": "Manmin Church",
        "religion": "christian"
      },
      "geometry": {
        "type": "Point",
        "coordinates": [
          36.8944124,
          -1.2806062
        ]
      },
      "id": "node/6817327498"
    },
    {
      "type": "Feature",
      "properties": {
        "@id": "node/6817327499",
        "addr:city": "Umoja",
        "addr:street": "Moi Drive",
        "amenity": "place_of_worship",
        "name": "Deliverance Church Umoja Innercore Campus",
        "religion": "christian"
      },
      "geometry": {
        "type": "Point",
        "coordinates": [
          36.89089,
          -1.2808553
        ]
      },
      "id": "node/6817327499"
    },
    {
      "type": "Feature",
      "properties": {
        "@id": "node/6817327501",
        "addr:city": "Umoja",
        "amenity": "place_of_worship",
        "denomination": "catholic",
        "name": "Assumption of Mary",
        "religion": "christian"
      },
      "geometry": {
        "type": "Point",
        "coordinates": [
          36.8886359,
          -1.281907
        ]
      },
      "id": "node/6817327501"
    },
    {
      "type": "Feature",
      "properties": {
        "@id": "node/6817327502",
        "addr:city": "Umoja",
        "addr:street": "Moi Drive",
        "amenity": "place_of_worship",
        "name": "PCEA Umoja",
        "religion": "christian"
      },
      "geometry": {
        "type": "Point",
        "coordinates": [
          36.8870415,
          -1.2821159
        ]
      },
      "id": "node/6817327502"
    },
    {
      "type": "Feature",
      "properties": {
        "@id": "node/6817327512",
        "addr:city": "Buruburu",
        "addr:street": "Rabai Road",
        "amenity": "place_of_worship",
        "name": "Deliverance Church",
        "religion": "christian"
      },
      "geometry": {
        "type": "Point",
        "coordinates": [
          36.8715907,
          -1.2800085
        ]
      },
      "id": "node/6817327512"
    },
    {
      "type": "Feature",
      "properties": {
        "@id": "node/6817327517",
        "addr:city": "Buruburu",
        "addr:street": "Rabai Road",
        "amenity": "place_of_worship",
        "name": "Redeemed Gospe",
        "religion": "christian"
      },
      "geometry": {
        "type": "Point",
        "coordinates": [
          36.8742261,
          -1.2854481
        ]
      },
      "id": "node/6817327517"
    },
    {
      "type": "Feature",
      "properties": {
        "@id": "node/6817508244",
        "addr:city": "Nairobi",
        "addr:street": "Luka Crescent",
        "amenity": "place_of_worship",
        "religion": "christian"
      },
      "geometry": {
        "type": "Point",
        "coordinates": [
          36.872838,
          -1.2962382
        ]
      },
      "id": "node/6817508244"
    },
    {
      "type": "Feature",
      "properties": {
        "@id": "node/6817508246",
        "addr:city": "Nairobi",
        "addr:street": "Garissa Road",
        "amenity": "place_of_worship",
        "name": "End Time Message Assembly",
        "religion": "christian"
      },
      "geometry": {
        "type": "Point",
        "coordinates": [
          36.8615263,
          -1.298518
        ]
      },
      "id": "node/6817508246"
    },
    {
      "type": "Feature",
      "properties": {
        "@id": "node/6817508250",
        "addr:city": "Nairobi",
        "addr:street": "Mbale Road",
        "amenity": "place_of_worship",
        "name": "Apostolic Faith",
        "religion": "christian"
      },
      "geometry": {
        "type": "Point",
        "coordinates": [
          36.8546654,
          -1.2901579
        ]
      },
      "id": "node/6817508250"
    },
    {
      "type": "Feature",
      "properties": {
        "@id": "node/6817508251",
        "addr:city": "Nairobi",
        "addr:street": "Yakuti Road",
        "amenity": "place_of_worship",
        "name": "Bahati Pentecostal",
        "religion": "christian"
      },
      "geometry": {
        "type": "Point",
        "coordinates": [
          36.8590025,
          -1.2883489
        ]
      },
      "id": "node/6817508251"
    },
    {
      "type": "Feature",
      "properties": {
        "@id": "node/6819685067",
        "addr:city": "Nairobi",
        "addr:street": "Butecho",
        "amenity": "place_of_worship",
        "name": "Shauri Moyo Seventh Day Adventist",
        "religion": "christian"
      },
      "geometry": {
        "type": "Point",
        "coordinates": [
          36.8441791,
          -1.2891745
        ]
      },
      "id": "node/6819685067"
    },
    {
      "type": "Feature",
      "properties": {
        "@id": "node/6819685081",
        "addr:city": "Nairobi",
        "addr:street": "Kayole Spine Road",
        "amenity": "place_of_worship",
        "denomination": "presbyterian",
        "name": "P. C. E. A. Sosian",
        "religion": "christian"
      },
      "geometry": {
        "type": "Point",
        "coordinates": [
          36.9064122,
          -1.2810484
        ]
      },
      "id": "node/6819685081"
    },
    {
      "type": "Feature",
      "properties": {
        "@id": "node/6819930271",
        "addr:city": "Njiru",
        "addr:street": "Kangundo Road",
        "amenity": "place_of_worship",
        "name": "PCEA Church Njiru",
        "religion": "christian"
      },
      "geometry": {
        "type": "Point",
        "coordinates": [
          36.9367218,
          -1.2528384
        ]
      },
      "id": "node/6819930271"
    },
    {
      "type": "Feature",
      "properties": {
        "@id": "node/6826671292",
        "addr:city": "Nairobi",
        "addr:street": "Komarock-Mwiki Road",
        "amenity": "place_of_worship",
        "name": "All Nations Gospel",
        "religion": "christian"
      },
      "geometry": {
        "type": "Point",
        "coordinates": [
          36.9412399,
          -1.2456984
        ]
      },
      "id": "node/6826671292"
    },
    {
      "type": "Feature",
      "properties": {
        "@id": "node/6826671294",
        "addr:city": "Nairobi",
        "addr:street": "A. C. K. Road",
        "amenity": "place_of_worship",
        "name": "ACK St. Anne's",
        "religion": "christian"
      },
      "geometry": {
        "type": "Point",
        "coordinates": [
          36.9309423,
          -1.2354469
        ]
      },
      "id": "node/6826671294"
    },
    {
      "type": "Feature",
      "properties": {
        "@id": "node/6826671295",
        "addr:city": "Mwiki",
        "addr:street": "Deliverance Road",
        "amenity": "place_of_worship",
        "name": "Deliverance Church",
        "religion": "christian"
      },
      "geometry": {
        "type": "Point",
        "coordinates": [
          36.9303417,
          -1.2334018
        ]
      },
      "id": "node/6826671295"
    },
    {
      "type": "Feature",
      "properties": {
        "@id": "node/6826671296",
        "addr:city": "Nairobi",
        "addr:street": "Kasarani Mwiki Road",
        "amenity": "place_of_worship",
        "name": "P.E.F.A Church",
        "religion": "christian"
      },
      "geometry": {
        "type": "Point",
        "coordinates": [
          36.9285591,
          -1.232217
        ]
      },
      "id": "node/6826671296"
    },
    {
      "type": "Feature",
      "properties": {
        "@id": "node/6826671299",
        "addr:city": "Nairobi",
        "addr:street": "Kasarani Mwiki Road",
        "amenity": "place_of_worship",
        "name": "Gospel To Nation Ministry",
        "religion": "christian"
      },
      "geometry": {
        "type": "Point",
        "coordinates": [
          36.9249441,
          -1.2317554
        ]
      },
      "id": "node/6826671299"
    },
    {
      "type": "Feature",
      "properties": {
        "@id": "node/6827309060",
        "addr:city": "Nairobi",
        "addr:street": "Mirema Lane",
        "amenity": "place_of_worship",
        "name": "Kings Outreach",
        "religion": "christian"
      },
      "geometry": {
        "type": "Point",
        "coordinates": [
          36.8819493,
          -1.2140085
        ]
      },
      "id": "node/6827309060"
    },
    {
      "type": "Feature",
      "properties": {
        "@id": "node/6827344682",
        "addr:city": "Nairobi",
        "amenity": "place_of_worship",
        "name": "Ruaraka Baptist",
        "religion": "christian"
      },
      "geometry": {
        "type": "Point",
        "coordinates": [
          36.8817211,
          -1.2319117
        ]
      },
      "id": "node/6827344682"
    },
    {
      "type": "Feature",
      "properties": {
        "@id": "node/6830686450",
        "addr:city": "Nairobi",
        "addr:street": "Bogani East Road",
        "amenity": "place_of_worship",
        "name": "Sts. Joseph and Anthony Centre",
        "religion": "christian"
      },
      "geometry": {
        "type": "Point",
        "coordinates": [
          36.7525991,
          -1.3556258
        ]
      },
      "id": "node/6830686450"
    },
    {
      "type": "Feature",
      "properties": {
        "@id": "node/6840641665",
        "addr:city": "Nairobi",
        "addr:street": "Pathway Lane",
        "amenity": "place_of_worship",
        "name": "Sacred Heart Of Jesus",
        "religion": "christian"
      },
      "geometry": {
        "type": "Point",
        "coordinates": [
          36.7412831,
          -1.3029725
        ]
      },
      "id": "node/6840641665"
    },
    {
      "type": "Feature",
      "properties": {
        "@id": "node/6847249046",
        "addr:city": "Nairobi",
        "addr:street": "Thika Road",
        "amenity": "place_of_worship",
        "name": "CITAM Clay City",
        "religion": "christian"
      },
      "geometry": {
        "type": "Point",
        "coordinates": [
          36.911581,
          -1.2124904
        ]
      },
      "id": "node/6847249046"
    },
    {
      "type": "Feature",
      "properties": {
        "@id": "node/6847249048",
        "addr:city": "Githurai",
        "addr:street": "Ngumba Road",
        "amenity": "place_of_worship",
        "name": "Holy Mother of God",
        "religion": "christian"
      },
      "geometry": {
        "type": "Point",
        "coordinates": [
          36.9137127,
          -1.202766
        ]
      },
      "id": "node/6847249048"
    },
    {
      "type": "Feature",
      "properties": {
        "@id": "node/7008108323",
        "addr:city": "KIAMBU",
        "addr:street": "Kiambu Road",
        "amenity": "place_of_worship",
        "name": "Dominion Assembly Church",
        "religion": "christian"
      },
      "geometry": {
        "type": "Point",
        "coordinates": [
          36.8407671,
          -1.1930737
        ]
      },
      "id": "node/7008108323"
    },
    {
      "type": "Feature",
      "properties": {
        "@id": "node/7185165512",
        "amenity": "place_of_worship",
        "name": "Calvary Temple",
        "religion": "christian"
      },
      "geometry": {
        "type": "Point",
        "coordinates": [
          36.7081949,
          -1.2668108
        ]
      },
      "id": "node/7185165512"
    },
    {
      "type": "Feature",
      "properties": {
        "@id": "node/7185165513",
        "amenity": "place_of_worship",
        "name": "ACK St. Pauls Church",
        "religion": "christian"
      },
      "geometry": {
        "type": "Point",
        "coordinates": [
          36.7026984,
          -1.2648911
        ]
      },
      "id": "node/7185165513"
    },
    {
      "type": "Feature",
      "properties": {
        "@id": "node/7226696502",
        "amenity": "place_of_worship",
        "denomination": "seventh_day_adventist",
        "name": "Mihango SDA Church",
        "religion": "christian"
      },
      "geometry": {
        "type": "Point",
        "coordinates": [
          36.9457383,
          -1.2678599
        ]
      },
      "id": "node/7226696502"
    },
    {
      "type": "Feature",
      "properties": {
        "@id": "node/7325312699",
        "addr:street": "Garden Estate Road",
        "amenity": "place_of_worship",
        "name": "Victory Faith Church",
        "religion": "christian"
      },
      "geometry": {
        "type": "Point",
        "coordinates": [
          36.8691016,
          -1.2288356
        ]
      },
      "id": "node/7325312699"
    },
    {
      "type": "Feature",
      "properties": {
        "@id": "node/7521626185",
        "addr:postcode": "00608",
        "addr:street": "Clay City Masournets",
        "amenity": "place_of_worship",
        "name": "Zion Road Indepent Baptise Church",
        "opening_hours": "Su-Mo 09:00-18:00",
        "religion": "christian"
      },
      "geometry": {
        "type": "Point",
        "coordinates": [
          36.9072893,
          -1.2147422
        ]
      },
      "id": "node/7521626185"
    },
    {
      "type": "Feature",
      "properties": {
        "@id": "node/7632303532",
        "amenity": "place_of_worship",
        "denomination": "presbyterian",
        "name": "kiserian PCEA",
        "religion": "christian"
      },
      "geometry": {
        "type": "Point",
        "coordinates": [
          36.6802947,
          -1.4242132
        ]
      },
      "id": "node/7632303532"
    },
    {
      "type": "Feature",
      "properties": {
        "@id": "node/7679232306",
        "amenity": "place_of_worship"
      },
      "geometry": {
        "type": "Point",
        "coordinates": [
          36.8333754,
          -1.292101
        ]
      },
      "id": "node/7679232306"
    },
    {
      "type": "Feature",
      "properties": {
        "@id": "node/7686965501",
        "amenity": "place_of_worship",
        "denomination": "catholic",
        "name": "St Catherine of Siena Catholic Church",
        "religion": "christian"
      },
      "geometry": {
        "type": "Point",
        "coordinates": [
          36.7752502,
          -1.2333777
        ]
      },
      "id": "node/7686965501"
    },
    {
      "type": "Feature",
      "properties": {
        "@id": "node/7724290885",
        "amenity": "place_of_worship",
        "name": "Deliverance Church Muirigo",
        "religion": "christian"
      },
      "geometry": {
        "type": "Point",
        "coordinates": [
          36.915882,
          -1.2230928
        ]
      },
      "id": "node/7724290885"
    },
    {
      "type": "Feature",
      "properties": {
        "@id": "node/7861912355",
        "addr:street": "Northern Bypass",
        "amenity": "place_of_worship",
        "name": "NAIROBI GRACE CHAPEL",
        "religion": "christian"
      },
      "geometry": {
        "type": "Point",
        "coordinates": [
          36.889516,
          -1.2022487
        ]
      },
      "id": "node/7861912355"
    },
    {
      "type": "Feature",
      "properties": {
        "@id": "node/7881206018",
        "amenity": "place_of_worship",
        "check_date": "2023-04-17",
        "image": "https://kc.humanitarianresponse.info/attachment/original?media_file=mapkibera/attachments/1590659071725.jpg",
        "name": "Africa Church of Holy Spirit",
        "religion": "christian"
      },
      "geometry": {
        "type": "Point",
        "coordinates": [
          36.7909417,
          -1.31643
        ]
      },
      "id": "node/7881206018"
    },
    {
      "type": "Feature",
      "properties": {
        "@id": "node/7881206019",
        "amenity": "place_of_worship",
        "check_date": "2023-05-02",
        "image": "https://kc.humanitarianresponse.info/attachment/original?media_file=mapkibera/attachments/1590476132145.jpg",
        "name": "Full Gospel Evangelistic Ministry",
        "religion": "christian"
      },
      "geometry": {
        "type": "Point",
        "coordinates": [
          36.781155,
          -1.3140917
        ]
      },
      "id": "node/7881206019"
    },
    {
      "type": "Feature",
      "properties": {
        "@id": "node/7881206020",
        "amenity": "place_of_worship",
        "image": "https://kc.humanitarianresponse.info/attachment/original?media_file=mapkibera/attachments/1590571430727.jpg",
        "name": "St Elizabeth Church",
        "religion": "christian"
      },
      "geometry": {
        "type": "Point",
        "coordinates": [
          36.7832483,
          -1.3149467
        ]
      },
      "id": "node/7881206020"
    },
    {
      "type": "Feature",
      "properties": {
        "@id": "node/7881206021",
        "amenity": "place_of_worship",
        "check_date": "2023-05-02",
        "image": "https://kc.humanitarianresponse.info/attachment/original?media_file=mapkibera/attachments/1590651589874.jpg",
        "name": "The Salvation Army - Kenyatta Corps",
        "religion": "christian"
      },
      "geometry": {
        "type": "Point",
        "coordinates": [
          36.7966033,
          -1.3153633
        ]
      },
      "id": "node/7881206021"
    },
    {
      "type": "Feature",
      "properties": {
        "@id": "node/7881206022",
        "amenity": "place_of_worship",
        "check_date": "2023-05-23",
        "image": "https://kc.humanitarianresponse.info/attachment/original?media_file=mapkibera/attachments/1590476487508.jpg",
        "name": "CCA church",
        "religion": "christian"
      },
      "geometry": {
        "type": "Point",
        "coordinates": [
          36.7795983,
          -1.3148583
        ]
      },
      "id": "node/7881206022"
    },
    {
      "type": "Feature",
      "properties": {
        "@id": "node/7881206023",
        "amenity": "place_of_worship",
        "check_date": "2023-03-27",
        "image": "https://kc.humanitarianresponse.info/attachment/original?media_file=mapkibera/attachments/1590661016472.jpg",
        "name": "Vital Solution Elevation Church",
        "religion": "christian"
      },
      "geometry": {
        "type": "Point",
        "coordinates": [
          36.7954467,
          -1.31338
        ]
      },
      "id": "node/7881206023"
    },
    {
      "type": "Feature",
      "properties": {
        "@id": "node/7881206024",
        "amenity": "place_of_worship",
        "check_date": "2023-04-22",
        "image": "https://kc.humanitarianresponse.info/attachment/original?media_file=mapkibera/attachments/1590563524767.jpg",
        "name": "Church of God Prophecy kibera",
        "religion": "christian"
      },
      "geometry": {
        "type": "Point",
        "coordinates": [
          36.7939126,
          -1.3141167
        ]
      },
      "id": "node/7881206024"
    },
    {
      "type": "Feature",
      "properties": {
        "@id": "node/7881206025",
        "amenity": "place_of_worship",
        "image": "https://kc.humanitarianresponse.info/attachment/original?media_file=mapkibera/attachments/1590561745736.jpg",
        "name": "Makongeni Madrasa",
        "religion": "muslim"
      },
      "geometry": {
        "type": "Point",
        "coordinates": [
          36.7888567,
          -1.309045
        ]
      },
      "id": "node/7881206025"
    },
    {
      "type": "Feature",
      "properties": {
        "@id": "node/7881206026",
        "amenity": "place_of_worship",
        "image": "https://kc.humanitarianresponse.info/attachment/original?media_file=mapkibera/attachments/1590568482356.jpg1590488801582.jpg",
        "name": "Apel For All Nations",
        "religion": "christian"
      },
      "geometry": {
        "type": "Point",
        "coordinates": [
          36.77684,
          -1.3117933
        ]
      },
      "id": "node/7881206026"
    },
    {
      "type": "Feature",
      "properties": {
        "@id": "node/7881206028",
        "amenity": "place_of_worship",
        "check_date": "2023-05-23",
        "image": "https://kc.humanitarianresponse.info/attachment/original?media_file=mapkibera/attachments/1590559481134.jpg",
        "name": "St. Sam Roho Lwanda",
        "religion": "christian"
      },
      "geometry": {
        "type": "Point",
        "coordinates": [
          36.7789435,
          -1.315236
        ]
      },
      "id": "node/7881206028"
    },
    {
      "type": "Feature",
      "properties": {
        "@id": "node/7881206029",
        "amenity": "place_of_worship",
        "check_date": "2023-05-04",
        "image": "https://kc.humanitarianresponse.info/attachment/original?media_file=mapkibera/attachments/1590558956853.jpg",
        "name": "Harvest Church",
        "religion": "christian"
      },
      "geometry": {
        "type": "Point",
        "coordinates": [
          36.7981583,
          -1.314385
        ]
      },
      "id": "node/7881206029"
    },
    {
      "type": "Feature",
      "properties": {
        "@id": "node/7881206030",
        "amenity": "place_of_worship",
        "check_date": "2023-04-03",
        "image": "https://kc.humanitarianresponse.info/attachment/original?media_file=mapkibera/attachments/1590488612519.jpg",
        "name": "Everngelical Gospel Ministry",
        "religion": "christian"
      },
      "geometry": {
        "type": "Point",
        "coordinates": [
          36.7985417,
          -1.31849
        ]
      },
      "id": "node/7881206030"
    },
    {
      "type": "Feature",
      "properties": {
        "@id": "node/7881206031",
        "amenity": "place_of_worship",
        "check_date": "2023-04-17",
        "image": "https://kc.humanitarianresponse.info/attachment/original?media_file=mapkibera/attachments/1590649853997.jpg",
        "name": "Church of Bethlehem Matendo R.G",
        "religion": "christian"
      },
      "geometry": {
        "type": "Point",
        "coordinates": [
          36.7939017,
          -1.31178
        ]
      },
      "id": "node/7881206031"
    },
    {
      "type": "Feature",
      "properties": {
        "@id": "node/7881206032",
        "amenity": "place_of_worship",
        "image": "https://kc.humanitarianresponse.info/attachment/original?media_file=mapkibera/attachments/1590569784690.jpg",
        "name": "Ebenezer Christian Ministries Church",
        "religion": "christian"
      },
      "geometry": {
        "type": "Point",
        "coordinates": [
          36.7781467,
          -1.317825
        ]
      },
      "id": "node/7881206032"
    },
    {
      "type": "Feature",
      "properties": {
        "@id": "node/7881206033",
        "amenity": "place_of_worship",
        "check_date": "2023-04-13",
        "image": "https://kc.humanitarianresponse.info/attachment/original?media_file=mapkibera/attachments/1590494443448.jpg",
        "name": "Apostolic Church Mashimoni",
        "religion": "christian"
      },
      "geometry": {
        "type": "Point",
        "coordinates": [
          36.7895399,
          -1.3122364
        ]
      },
      "id": "node/7881206033"
    },
    {
      "type": "Feature",
      "properties": {
        "@id": "node/7881206034",
        "amenity": "place_of_worship",
        "check_date": "2023-04-22",
        "image": "https://kc.humanitarianresponse.info/attachment/original?media_file=mapkibera/attachments/1590563656613.jpg",
        "name": "Live Gospel Ministry Nairobi",
        "religion": "christian"
      },
      "geometry": {
        "type": "Point",
        "coordinates": [
          36.7943417,
          -1.3140183
        ]
      },
      "id": "node/7881206034"
    },
    {
      "type": "Feature",
      "properties": {
        "@id": "node/7881206035",
        "amenity": "place_of_worship",
        "check_date": "2023-04-22",
        "image": "https://kc.humanitarianresponse.info/attachment/original?media_file=mapkibera/attachments/1590656073385.jpg",
        "name": "Laini Saba SDA Church",
        "religion": "christian"
      },
      "geometry": {
        "type": "Point",
        "coordinates": [
          36.7936392,
          -1.312392
        ]
      },
      "id": "node/7881206035"
    },
    {
      "type": "Feature",
      "properties": {
        "@id": "node/7881206036",
        "amenity": "place_of_worship",
        "check_date": "2023-05-02",
        "image": "https://kc.humanitarianresponse.info/attachment/original?media_file=mapkibera/attachments/1590565813244.jpg",
        "name": "White Garment Church",
        "religion": "christian"
      },
      "geometry": {
        "type": "Point",
        "coordinates": [
          36.7868564,
          -1.3117516
        ]
      },
      "id": "node/7881206036"
    },
    {
      "type": "Feature",
      "properties": {
        "@id": "node/7881206037",
        "amenity": "place_of_worship",
        "check_date": "2023-04-17",
        "image": "https://kc.humanitarianresponse.info/attachment/original?media_file=mapkibera/attachments/1590657701174.jpg",
        "name": "Jeshi la wokovu",
        "religion": "christian"
      },
      "geometry": {
        "type": "Point",
        "coordinates": [
          36.7911875,
          -1.3163468
        ]
      },
      "id": "node/7881206037"
    },
    {
      "type": "Feature",
      "properties": {
        "@id": "node/7881206039",
        "amenity": "place_of_worship",
        "image": "https://kc.humanitarianresponse.info/attachment/original?media_file=mapkibera/attachments/1590487745715.jpg",
        "name": "Jalamo",
        "religion": "christian"
      },
      "geometry": {
        "type": "Point",
        "coordinates": [
          36.78418,
          -1.313175
        ]
      },
      "id": "node/7881206039"
    },
    {
      "type": "Feature",
      "properties": {
        "@id": "node/7881206040",
        "amenity": "place_of_worship",
        "check_date": "2023-04-22",
        "image": "https://kc.humanitarianresponse.info/attachment/original?media_file=mapkibera/attachments/1590570901143.jpg",
        "name": "ADC Nairobi Sub Mission",
        "religion": "christian"
      },
      "geometry": {
        "type": "Point",
        "coordinates": [
          36.7955767,
          -1.3157333
        ]
      },
      "id": "node/7881206040"
    },
    {
      "type": "Feature",
      "properties": {
        "@id": "node/7881206041",
        "amenity": "place_of_worship",
        "check_date": "2023-04-21",
        "image": "https://kc.humanitarianresponse.info/attachment/original?media_file=mapkibera/attachments/1590478658759.jpg",
        "name": "Strong City Family Church",
        "religion": "christian"
      },
      "geometry": {
        "type": "Point",
        "coordinates": [
          36.7730325,
          -1.3080989
        ]
      },
      "id": "node/7881206041"
    },
    {
      "type": "Feature",
      "properties": {
        "@id": "node/7881206042",
        "amenity": "place_of_worship",
        "image": "https://kc.humanitarianresponse.info/attachment/original?media_file=mapkibera/attachments/1590478508133.jpg",
        "name": "My father's House Ministry",
        "religion": "christian"
      },
      "geometry": {
        "type": "Point",
        "coordinates": [
          36.7796617,
          -1.3135167
        ]
      },
      "id": "node/7881206042"
    },
    {
      "type": "Feature",
      "properties": {
        "@id": "node/7881206043",
        "amenity": "place_of_worship",
        "check_date": "2023-05-02",
        "image": "https://kc.humanitarianresponse.info/attachment/original?media_file=mapkibera/attachments/1590558696508.jpg",
        "name": "World Reconciliation Ministries",
        "religion": "christian"
      },
      "geometry": {
        "type": "Point",
        "coordinates": [
          36.7760133,
          -1.3143817
        ]
      },
      "id": "node/7881206043"
    },
    {
      "type": "Feature",
      "properties": {
        "@id": "node/7881206044",
        "amenity": "place_of_worship",
        "image": "https://kc.humanitarianresponse.info/attachment/original?media_file=mapkibera/attachments/1590484213349.jpg",
        "name": "Methodist Church",
        "religion": "christian"
      },
      "geometry": {
        "type": "Point",
        "coordinates": [
          36.7762262,
          -1.3119122
        ]
      },
      "id": "node/7881206044"
    },
    {
      "type": "Feature",
      "properties": {
        "@id": "node/7881206045",
        "amenity": "place_of_worship",
        "image": "https://kc.humanitarianresponse.info/attachment/original?media_file=mapkibera/attachments/1590561574159.jpg",
        "name": "St Thomas Catholic Church",
        "religion": "christian"
      },
      "geometry": {
        "type": "Point",
        "coordinates": [
          36.78892,
          -1.3091267
        ]
      },
      "id": "node/7881206045"
    },
    {
      "type": "Feature",
      "properties": {
        "@id": "node/7881206046",
        "amenity": "place_of_worship",
        "check_date": "2023-05-23",
        "image": "https://kc.humanitarianresponse.info/attachment/original?media_file=mapkibera/attachments/1590561013031.jpg",
        "name": "Emmanuel's Love Ministry International",
        "religion": "christian"
      },
      "geometry": {
        "type": "Point",
        "coordinates": [
          36.7780499,
          -1.3154708
        ]
      },
      "id": "node/7881206046"
    },
    {
      "type": "Feature",
      "properties": {
        "@id": "node/7881206047",
        "amenity": "place_of_worship",
        "check_date": "2023-05-02",
        "image": "https://kc.humanitarianresponse.info/attachment/original?media_file=mapkibera/attachments/1590484089181.jpg",
        "name": "Nairobi Baptist Church",
        "religion": "christian"
      },
      "geometry": {
        "type": "Point",
        "coordinates": [
          36.7764557,
          -1.3116745
        ]
      },
      "id": "node/7881206047"
    },
    {
      "type": "Feature",
      "properties": {
        "@id": "node/7881206048",
        "amenity": "place_of_worship",
        "check_date": "2023-05-23",
        "image": "https://kc.humanitarianresponse.info/attachment/original?media_file=mapkibera/attachments/1590648556508.jpg",
        "name": "A. C. F. Gatwekera Fellowship",
        "religion": "christian"
      },
      "geometry": {
        "type": "Point",
        "coordinates": [
          36.782935,
          -1.3135967
        ]
      },
      "id": "node/7881206048"
    },
    {
      "type": "Feature",
      "properties": {
        "@id": "node/7881206049",
        "amenity": "place_of_worship",
        "check_date": "2023-04-17",
        "image": "https://kc.humanitarianresponse.info/attachment/original?media_file=mapkibera/attachments/1590565386580.jpg",
        "name": "St. Joseph Darajani",
        "religion": "christian"
      },
      "geometry": {
        "type": "Point",
        "coordinates": [
          36.7862117,
          -1.3121433
        ]
      },
      "id": "node/7881206049"
    },
    {
      "type": "Feature",
      "properties": {
        "@id": "node/7881206050",
        "amenity": "place_of_worship",
        "check_date": "2023-05-23",
        "image": "https://kc.humanitarianresponse.info/attachment/original?media_file=mapkibera/attachments/1590648887862.jpg",
        "name": "Nabii Christian Church Of Kenya",
        "religion": "christian"
      },
      "geometry": {
        "type": "Point",
        "coordinates": [
          36.7827512,
          -1.313555
        ]
      },
      "id": "node/7881206050"
    },
    {
      "type": "Feature",
      "properties": {
        "@id": "node/7881206051",
        "amenity": "place_of_worship",
        "check_date": "2023-04-25",
        "image": "https://kc.humanitarianresponse.info/attachment/original?media_file=mapkibera/attachments/1590486558535.jpg1590662540685.jpg",
        "name": "Abundant Grace Church",
        "religion": "christian"
      },
      "geometry": {
        "type": "Point",
        "coordinates": [
          36.793955,
          -1.3185925
        ]
      },
      "id": "node/7881206051"
    },
    {
      "type": "Feature",
      "properties": {
        "@id": "node/7881206052",
        "amenity": "place_of_worship",
        "check_date": "2023-04-22",
        "image": "https://kc.humanitarianresponse.info/attachment/original?media_file=mapkibera/attachments/1590564042656.jpg",
        "name": "Unabi Church",
        "religion": "christian"
      },
      "geometry": {
        "type": "Point",
        "coordinates": [
          36.7934395,
          -1.3137042
        ]
      },
      "id": "node/7881206052"
    },
    {
      "type": "Feature",
      "properties": {
        "@id": "node/7881206053",
        "amenity": "place_of_worship",
        "check_date": "2023-03-27",
        "image": "https://kc.humanitarianresponse.info/attachment/original?media_file=mapkibera/attachments/1590649586761.jpg",
        "name": "Lindi Central PAG Assembly",
        "religion": "christian"
      },
      "geometry": {
        "type": "Point",
        "coordinates": [
          36.79153,
          -1.3133383
        ]
      },
      "id": "node/7881206053"
    },
    {
      "type": "Feature",
      "properties": {
        "@id": "node/7881206054",
        "amenity": "place_of_worship",
        "check_date": "2023-04-22",
        "image": "https://kc.humanitarianresponse.info/attachment/original?media_file=mapkibera/attachments/1590572607159.jpg",
        "name": "Revival Gospel Church",
        "religion": "christian"
      },
      "geometry": {
        "type": "Point",
        "coordinates": [
          36.79548,
          -1.3153433
        ]
      },
      "id": "node/7881206054"
    },
    {
      "type": "Feature",
      "properties": {
        "@id": "node/7881206055",
        "amenity": "place_of_worship",
        "check_date": "2023-04-07",
        "image": "https://kc.humanitarianresponse.info/attachment/original?media_file=mapkibera/attachments/1590482827409.jpg",
        "name": "Nairibi Dam Pentecostal Assemblies of God",
        "religion": "christian"
      },
      "geometry": {
        "type": "Point",
        "coordinates": [
          36.7931767,
          -1.3162633
        ]
      },
      "id": "node/7881206055"
    },
    {
      "type": "Feature",
      "properties": {
        "@id": "node/7881206056",
        "amenity": "place_of_worship",
        "check_date": "2023-04-15",
        "image": "https://kc.humanitarianresponse.info/attachment/original?media_file=mapkibera/attachments/1590651563773.jpg",
        "name": "Universal Pentecostal Everngelism Church",
        "religion": "christian"
      },
      "geometry": {
        "type": "Point",
        "coordinates": [
          36.7809067,
          -1.307415
        ]
      },
      "id": "node/7881206056"
    },
    {
      "type": "Feature",
      "properties": {
        "@id": "node/7881206057",
        "amenity": "place_of_worship",
        "check_date": "2023-04-17",
        "image": "https://kc.humanitarianresponse.info/attachment/original?media_file=mapkibera/attachments/1590565444632.jpg",
        "name": "Daranjani Assembly Church",
        "religion": "christian"
      },
      "geometry": {
        "type": "Point",
        "coordinates": [
          36.786261,
          -1.3120264
        ]
      },
      "id": "node/7881206057"
    },
    {
      "type": "Feature",
      "properties": {
        "@id": "node/7881206058",
        "amenity": "place_of_worship",
        "image": "https://kc.humanitarianresponse.info/attachment/original?media_file=mapkibera/attachments/1590479937300.jpg",
        "name": "Kenya Assemblies of God",
        "religion": "christian"
      },
      "geometry": {
        "type": "Point",
        "coordinates": [
          36.7780185,
          -1.3147657
        ]
      },
      "id": "node/7881206058"
    },
    {
      "type": "Feature",
      "properties": {
        "@id": "node/7881206059",
        "amenity": "place_of_worship",
        "image": "https://kc.humanitarianresponse.info/attachment/original?media_file=mapkibera/attachments/1590570414071.jpg",
        "name": "New Christian Of Christ Ministries",
        "religion": "christian"
      },
      "geometry": {
        "type": "Point",
        "coordinates": [
          36.7953583,
          -1.31621
        ]
      },
      "id": "node/7881206059"
    },
    {
      "type": "Feature",
      "properties": {
        "@id": "node/7881206060",
        "amenity": "place_of_worship",
        "check_date": "2024-08-26",
        "name": "Full Gospel Church Undugu",
        "religion": "christian"
      },
      "geometry": {
        "type": "Point",
        "coordinates": [
          36.7989797,
          -1.316423
        ]
      },
      "id": "node/7881206060"
    },
    {
      "type": "Feature",
      "properties": {
        "@id": "node/7881206061",
        "amenity": "place_of_worship",
        "check_date": "2023-04-08",
        "image": "https://kc.humanitarianresponse.info/attachment/original?media_file=mapkibera/attachments/1590565488711.jpg",
        "name": "St. Bakhita Catholic Church Soweto",
        "religion": "christian"
      },
      "geometry": {
        "type": "Point",
        "coordinates": [
          36.7979283,
          -1.31322
        ]
      },
      "id": "node/7881206061"
    },
    {
      "type": "Feature",
      "properties": {
        "@id": "node/7881206062",
        "amenity": "place_of_worship",
        "check_date": "2023-05-02",
        "image": "https://kc.humanitarianresponse.info/attachment/original?media_file=mapkibera/attachments/1590650485993.jpg",
        "name": "Universal church",
        "religion": "christian"
      },
      "geometry": {
        "type": "Point",
        "coordinates": [
          36.7742345,
          -1.310566
        ]
      },
      "id": "node/7881206062"
    },
    {
      "type": "Feature",
      "properties": {
        "@id": "node/7881206063",
        "amenity": "place_of_worship",
        "check_date": "2023-04-19",
        "image": "https://kc.humanitarianresponse.info/attachment/original?media_file=mapkibera/attachments/1590483409539.jpg",
        "name": "African Interior Church",
        "religion": "christian"
      },
      "geometry": {
        "type": "Point",
        "coordinates": [
          36.7890134,
          -1.3134814
        ]
      },
      "id": "node/7881206063"
    },
    {
      "type": "Feature",
      "properties": {
        "@id": "node/7881206064",
        "amenity": "place_of_worship",
        "check_date": "2023-04-22",
        "image": "https://kc.humanitarianresponse.info/attachment/original?media_file=mapkibera/attachments/1590565024734.jpg",
        "name": "Pentecostal Flame Church",
        "religion": "christian"
      },
      "geometry": {
        "type": "Point",
        "coordinates": [
          36.7928217,
          -1.3127617
        ]
      },
      "id": "node/7881206064"
    },
    {
      "type": "Feature",
      "properties": {
        "@id": "node/7881206065",
        "amenity": "place_of_worship",
        "check_date": "2023-04-17",
        "image": "https://kc.humanitarianresponse.info/attachment/original?media_file=mapkibera/attachments/1590565238934.jpg",
        "name": "Masrno Mission St Joseph Church",
        "religion": "christian"
      },
      "geometry": {
        "type": "Point",
        "coordinates": [
          36.7861595,
          -1.3120398
        ]
      },
      "id": "node/7881206065"
    },
    {
      "type": "Feature",
      "properties": {
        "@id": "node/7881206066",
        "amenity": "place_of_worship",
        "check_date": "2023-05-11",
        "image": "https://kc.humanitarianresponse.info/attachment/original?media_file=mapkibera/attachments/1590653588072.jpg",
        "name": "ACK St Andrews",
        "religion": "christian"
      },
      "geometry": {
        "type": "Point",
        "coordinates": [
          36.7758106,
          -1.3130348
        ]
      },
      "id": "node/7881206066"
    },
    {
      "type": "Feature",
      "properties": {
        "@id": "node/7881206067",
        "amenity": "place_of_worship",
        "check_date": "2023-05-04",
        "image": "https://kc.humanitarianresponse.info/attachment/original?media_file=mapkibera/attachments/1590656909928.jpg",
        "name": "Voice of Deliverance & Healing Ministry",
        "religion": "christian"
      },
      "geometry": {
        "type": "Point",
        "coordinates": [
          36.79767,
          -1.3147267
        ]
      },
      "id": "node/7881206067"
    },
    {
      "type": "Feature",
      "properties": {
        "@id": "node/7881206068",
        "amenity": "place_of_worship",
        "check_date": "2023-05-02",
        "image": "https://kc.humanitarianresponse.info/attachment/original?media_file=mapkibera/attachments/1590650540792.jpg",
        "name": "AIC Soweto",
        "religion": "christian"
      },
      "geometry": {
        "type": "Point",
        "coordinates": [
          36.7957154,
          -1.314172
        ]
      },
      "id": "node/7881206068"
    },
    {
      "type": "Feature",
      "properties": {
        "@id": "node/7881206069",
        "amenity": "place_of_worship",
        "check_date": "2023-04-13",
        "image": "https://kc.humanitarianresponse.info/attachment/original?media_file=mapkibera/attachments/1590565111022.jpg",
        "name": "Christian Hope Network",
        "religion": "christian"
      },
      "geometry": {
        "type": "Point",
        "coordinates": [
          36.7925158,
          -1.3127094
        ]
      },
      "id": "node/7881206069"
    },
    {
      "type": "Feature",
      "properties": {
        "@id": "node/7881206070",
        "amenity": "place_of_worship",
        "check_date": "2023-05-02",
        "image": "https://kc.humanitarianresponse.info/attachment/original?media_file=mapkibera/attachments/1590565289020.jpg",
        "name": "Mashimoni PAG Church",
        "religion": "christian"
      },
      "geometry": {
        "type": "Point",
        "coordinates": [
          36.78668,
          -1.311925
        ]
      },
      "id": "node/7881206070"
    },
    {
      "type": "Feature",
      "properties": {
        "@id": "node/7881206071",
        "amenity": "place_of_worship",
        "check_date": "2023-05-02",
        "image": "https://kc.humanitarianresponse.info/attachment/original?media_file=mapkibera/attachments/1590662091516.jpg",
        "name": "Word Bible Church",
        "religion": "christian"
      },
      "geometry": {
        "type": "Point",
        "coordinates": [
          36.7729833,
          -1.3101417
        ]
      },
      "id": "node/7881206071"
    },
    {
      "type": "Feature",
      "properties": {
        "@id": "node/7881206072",
        "amenity": "place_of_worship",
        "check_date": "2023-04-15",
        "image": "https://kc.humanitarianresponse.info/attachment/original?media_file=mapkibera/attachments/1590654466418.jpg",
        "name": "Amazing Grace World Evangelism Church",
        "religion": "christian"
      },
      "geometry": {
        "type": "Point",
        "coordinates": [
          36.7965501,
          -1.3131727
        ]
      },
      "id": "node/7881206072"
    },
    {
      "type": "Feature",
      "properties": {
        "@id": "node/7881206073",
        "amenity": "place_of_worship",
        "image": "https://kc.humanitarianresponse.info/attachment/original?media_file=mapkibera/attachments/1590485097710.jpg",
        "name": "Greater Grace",
        "religion": "christian"
      },
      "geometry": {
        "type": "Point",
        "coordinates": [
          36.79828,
          -1.3179017
        ]
      },
      "id": "node/7881206073"
    },
    {
      "type": "Feature",
      "properties": {
        "@id": "node/7881206074",
        "amenity": "place_of_worship",
        "image": "https://kc.humanitarianresponse.info/attachment/original?media_file=mapkibera/attachments/1590654213830.jpg",
        "name": "Gospel Power",
        "religion": "christian"
      },
      "geometry": {
        "type": "Point",
        "coordinates": [
          36.7820052,
          -1.3159596
        ]
      },
      "id": "node/7881206074"
    },
    {
      "type": "Feature",
      "properties": {
        "@id": "node/7881206075",
        "amenity": "place_of_worship",
        "check_date": "2023-04-17",
        "image": "https://kc.humanitarianresponse.info/attachment/original?media_file=mapkibera/attachments/1590658139427.jpg",
        "name": "P.A.G.C Amani",
        "religion": "christian"
      },
      "geometry": {
        "type": "Point",
        "coordinates": [
          36.7903599,
          -1.3161533
        ]
      },
      "id": "node/7881206075"
    },
    {
      "type": "Feature",
      "properties": {
        "@id": "node/7881206076",
        "amenity": "place_of_worship",
        "check_date": "2023-04-18",
        "image": "https://kc.humanitarianresponse.info/attachment/original?media_file=mapkibera/attachments/1590651345008.jpg",
        "name": "New Life Restoration Ministry",
        "religion": "christian"
      },
      "geometry": {
        "type": "Point",
        "coordinates": [
          36.7811826,
          -1.3074388
        ]
      },
      "id": "node/7881206076"
    },
    {
      "type": "Feature",
      "properties": {
        "@id": "node/7881206077",
        "amenity": "place_of_worship",
        "check_date": "2023-05-02",
        "image": "https://kc.humanitarianresponse.info/attachment/original?media_file=mapkibera/attachments/1590653173969.jpg",
        "name": "Magiwa P.A.G",
        "religion": "christian"
      },
      "geometry": {
        "type": "Point",
        "coordinates": [
          36.7958367,
          -1.3140733
        ]
      },
      "id": "node/7881206077"
    },
    {
      "type": "Feature",
      "properties": {
        "@id": "node/7881206078",
        "amenity": "place_of_worship",
        "check_date": "2023-04-22",
        "image": "https://kc.humanitarianresponse.info/attachment/original?media_file=mapkibera/attachments/1590483694783.jpg",
        "name": "Light Christian Ministries",
        "religion": "christian"
      },
      "geometry": {
        "type": "Point",
        "coordinates": [
          36.7976933,
          -1.3174283
        ]
      },
      "id": "node/7881206078"
    },
    {
      "type": "Feature",
      "properties": {
        "@id": "node/7881206079",
        "amenity": "place_of_worship",
        "image": "https://kc.humanitarianresponse.info/attachment/original?media_file=mapkibera/attachments/1590572914688.jpg",
        "name": "Working Faith Fellowship",
        "religion": "christian"
      },
      "geometry": {
        "type": "Point",
        "coordinates": [
          36.7836175,
          -1.3163838
        ]
      },
      "id": "node/7881206079"
    },
    {
      "type": "Feature",
      "properties": {
        "@id": "node/7881206080",
        "amenity": "place_of_worship",
        "check_date": "2023-04-03",
        "image": "https://kc.humanitarianresponse.info/attachment/original?media_file=mapkibera/attachments/1590552963875.jpg",
        "name": "Grace Revival Church",
        "religion": "christian"
      },
      "geometry": {
        "type": "Point",
        "coordinates": [
          36.7980867,
          -1.3173683
        ]
      },
      "id": "node/7881206080"
    },
    {
      "type": "Feature",
      "properties": {
        "@id": "node/7881206081",
        "amenity": "place_of_worship",
        "check_date": "2023-04-22",
        "image": "https://kc.humanitarianresponse.info/attachment/original?media_file=mapkibera/attachments/1590490109646.jpg",
        "name": "Andusu P.A.G Church",
        "religion": "christian"
      },
      "geometry": {
        "type": "Point",
        "coordinates": [
          36.7943295,
          -1.3147781
        ]
      },
      "id": "node/7881206081"
    },
    {
      "type": "Feature",
      "properties": {
        "@id": "node/7881206082",
        "amenity": "place_of_worship",
        "check_date": "2023-04-26",
        "image": "https://kc.humanitarianresponse.info/attachment/original?media_file=mapkibera/attachments/1590652593316.jpg",
        "name": "Christian Foundation Fellowship Church",
        "religion": "christian"
      },
      "geometry": {
        "type": "Point",
        "coordinates": [
          36.7806767,
          -1.30776
        ]
      },
      "id": "node/7881206082"
    },
    {
      "type": "Feature",
      "properties": {
        "@id": "node/7881206083",
        "amenity": "place_of_worship",
        "check_date": "2023-05-02",
        "image": "https://kc.humanitarianresponse.info/attachment/original?media_file=mapkibera/attachments/1590564621624.jpg",
        "name": "Rem church",
        "religion": "christian"
      },
      "geometry": {
        "type": "Point",
        "coordinates": [
          36.7721764,
          -1.3100026
        ]
      },
      "id": "node/7881206083"
    },
    {
      "type": "Feature",
      "properties": {
        "@id": "node/7881206084",
        "amenity": "place_of_worship",
        "check_date": "2023-04-17",
        "image": "https://kc.humanitarianresponse.info/attachment/original?media_file=mapkibera/attachments/1590658860418.jpg",
        "name": "Musanda Holy Ghost Church of East Africa",
        "religion": "christian"
      },
      "geometry": {
        "type": "Point",
        "coordinates": [
          36.7903528,
          -1.3160311
        ]
      },
      "id": "node/7881206084"
    },
    {
      "type": "Feature",
      "properties": {
        "@id": "node/7881251285",
        "amenity": "place_of_worship",
        "check_date": "2023-04-15",
        "image": "https://kc.humanitarianresponse.info/attachment/original?media_file=mapkibera/attachments/1590567540195.jpg",
        "name": "Lindi P.A.G Church Buliding",
        "religion": "christian"
      },
      "geometry": {
        "type": "Point",
        "coordinates": [
          36.7933148,
          -1.3124491
        ]
      },
      "id": "node/7881251285"
    },
    {
      "type": "Feature",
      "properties": {
        "@id": "node/7881251286",
        "amenity": "place_of_worship",
        "check_date": "2023-05-02",
        "image": "https://kc.humanitarianresponse.info/attachment/original?media_file=mapkibera/attachments/1590489091316.jpg",
        "name": "Silanga PAG Church",
        "religion": "christian"
      },
      "geometry": {
        "type": "Point",
        "coordinates": [
          36.796765,
          -1.3183867
        ]
      },
      "id": "node/7881251286"
    },
    {
      "type": "Feature",
      "properties": {
        "@id": "node/7881251287",
        "amenity": "place_of_worship",
        "check_date": "2023-05-02",
        "image": "https://kc.humanitarianresponse.info/attachment/original?media_file=mapkibera/attachments/1590561806840.jpg",
        "name": "Prophetic Minitry",
        "religion": "christian"
      },
      "geometry": {
        "type": "Point",
        "coordinates": [
          36.7719233,
          -1.3088477
        ]
      },
      "id": "node/7881251287"
    },
    {
      "type": "Feature",
      "properties": {
        "@id": "node/7881251288",
        "amenity": "place_of_worship",
        "check_date": "2023-03-27",
        "name": "True Christian Gospel Living Ministry",
        "religion": "christian"
      },
      "geometry": {
        "type": "Point",
        "coordinates": [
          36.7973017,
          -1.3168533
        ]
      },
      "id": "node/7881251288"
    },
    {
      "type": "Feature",
      "properties": {
        "@id": "node/7881251289",
        "amenity": "place_of_worship",
        "image": "https://kc.humanitarianresponse.info/attachment/original?media_file=mapkibera/attachments/1590561628801.jpg",
        "name": "Ephatha Of Holy Trinity Ministry",
        "religion": "christian"
      },
      "geometry": {
        "type": "Point",
        "coordinates": [
          36.7855346,
          -1.3145866
        ]
      },
      "id": "node/7881251289"
    },
    {
      "type": "Feature",
      "properties": {
        "@id": "node/7881251290",
        "amenity": "place_of_worship",
        "image": "https://kc.humanitarianresponse.info/attachment/original?media_file=mapkibera/attachments/1590569435265.jpg",
        "name": "Rapture Harvest Mission Church",
        "religion": "christian"
      },
      "geometry": {
        "type": "Point",
        "coordinates": [
          36.7783517,
          -1.31756
        ]
      },
      "id": "node/7881251290"
    },
    {
      "type": "Feature",
      "properties": {
        "@id": "node/7881251291",
        "amenity": "place_of_worship",
        "denomination": "seventh_day_adventist",
        "image": "https://kc.humanitarianresponse.info/attachment/original?media_file=mapkibera/attachments/1590485849942.jpg",
        "name": "Seventh Day Adventist Church.",
        "religion": "christian"
      },
      "geometry": {
        "type": "Point",
        "coordinates": [
          36.7803833,
          -1.3121433
        ]
      },
      "id": "node/7881251291"
    },
    {
      "type": "Feature",
      "properties": {
        "@id": "node/7881251292",
        "amenity": "place_of_worship",
        "check_date": "2023-04-22",
        "image": "https://kc.humanitarianresponse.info/attachment/original?media_file=mapkibera/attachments/1590490696161.jpg",
        "name": "Apostolic Revival Healing Church",
        "religion": "christian"
      },
      "geometry": {
        "type": "Point",
        "coordinates": [
          36.7955617,
          -1.3185717
        ]
      },
      "id": "node/7881251292"
    },
    {
      "type": "Feature",
      "properties": {
        "@id": "node/7881251293",
        "amenity": "place_of_worship",
        "check_date": "2023-04-22",
        "image": "https://kc.humanitarianresponse.info/attachment/original?media_file=mapkibera/attachments/1590481381545.jpg",
        "name": "Pure Gospel Celebration Center",
        "religion": "christian"
      },
      "geometry": {
        "type": "Point",
        "coordinates": [
          36.79653,
          -1.3179133
        ]
      },
      "id": "node/7881251293"
    },
    {
      "type": "Feature",
      "properties": {
        "@id": "node/7881251294",
        "amenity": "place_of_worship",
        "image": "https://kc.humanitarianresponse.info/attachment/original?media_file=mapkibera/attachments/1590653131394.jpg",
        "name": "3 Rivers of Grace Fellowship",
        "religion": "christian"
      },
      "geometry": {
        "type": "Point",
        "coordinates": [
          36.7752408,
          -1.3120933
        ]
      },
      "id": "node/7881251294"
    },
    {
      "type": "Feature",
      "properties": {
        "@id": "node/7881251295",
        "amenity": "place_of_worship",
        "check_date": "2023-04-15",
        "image": "https://kc.humanitarianresponse.info/attachment/original?media_file=mapkibera/attachments/1590650335742.jpg",
        "name": "Faith Community Fellowship",
        "religion": "christian"
      },
      "geometry": {
        "type": "Point",
        "coordinates": [
          36.7818183,
          -1.307015
        ]
      },
      "id": "node/7881251295"
    },
    {
      "type": "Feature",
      "properties": {
        "@id": "node/7881251296",
        "amenity": "place_of_worship",
        "image": "https://kc.humanitarianresponse.info/attachment/original?media_file=mapkibera/attachments/1590475549562.jpg",
        "name": "Holy Ghost Musanda Church of E and C African",
        "religion": "christian"
      },
      "geometry": {
        "type": "Point",
        "coordinates": [
          36.7841711,
          -1.312908
        ]
      },
      "id": "node/7881251296"
    },
    {
      "type": "Feature",
      "properties": {
        "@id": "node/7881251297",
        "amenity": "place_of_worship",
        "image": "https://kc.humanitarianresponse.info/attachment/original?media_file=mapkibera/attachments/1590655069094.jpg",
        "name": "Baptist Rescue Center",
        "religion": "christian"
      },
      "geometry": {
        "type": "Point",
        "coordinates": [
          36.7809983,
          -1.3166683
        ]
      },
      "id": "node/7881251297"
    },
    {
      "type": "Feature",
      "properties": {
        "@id": "node/7881251298",
        "amenity": "place_of_worship",
        "check_date": "2023-03-27",
        "image": "https://kc.humanitarianresponse.info/attachment/original?media_file=mapkibera/attachments/1590563796148.jpg",
        "name": "The True Centre Ministries",
        "religion": "christian"
      },
      "geometry": {
        "type": "Point",
        "coordinates": [
          36.7940357,
          -1.3138029
        ]
      },
      "id": "node/7881251298"
    },
    {
      "type": "Feature",
      "properties": {
        "@id": "node/7881251299",
        "amenity": "place_of_worship",
        "check_date": "2023-05-04",
        "image": "https://kc.humanitarianresponse.info/attachment/original?media_file=mapkibera/attachments/1590490514173.jpg",
        "name": "Cave Evangelism Ministry Church",
        "religion": "christian"
      },
      "geometry": {
        "type": "Point",
        "coordinates": [
          36.794215,
          -1.3138633
        ]
      },
      "id": "node/7881251299"
    },
    {
      "type": "Feature",
      "properties": {
        "@id": "node/7881251300",
        "amenity": "place_of_worship",
        "image": "https://kc.humanitarianresponse.info/attachment/original?media_file=mapkibera/attachments/1590662021433.jpg",
        "name": "Jumba La Ufalme La Mashahidi Wa Yehova",
        "religion": "christian"
      },
      "geometry": {
        "type": "Point",
        "coordinates": [
          36.7803693,
          -1.3147969
        ]
      },
      "id": "node/7881251300"
    },
    {
      "type": "Feature",
      "properties": {
        "@id": "node/7881251301",
        "amenity": "place_of_worship",
        "image": "https://kc.humanitarianresponse.info/attachment/original?media_file=mapkibera/attachments/1590574982666.jpg",
        "name": "Undugu Family of Hope",
        "religion": "christian"
      },
      "geometry": {
        "type": "Point",
        "coordinates": [
          36.7829393,
          -1.3162042
        ]
      },
      "id": "node/7881251301"
    },
    {
      "type": "Feature",
      "properties": {
        "@id": "node/7881251302",
        "amenity": "place_of_worship",
        "image": "https://kc.humanitarianresponse.info/attachment/original?media_file=mapkibera/attachments/1590486074071.jpg",
        "name": "Faith Revival Fellowship",
        "religion": "christian"
      },
      "geometry": {
        "type": "Point",
        "coordinates": [
          36.7986233,
          -1.31798
        ]
      },
      "id": "node/7881251302"
    },
    {
      "type": "Feature",
      "properties": {
        "@id": "node/7881251303",
        "amenity": "place_of_worship",
        "check_date": "2023-05-04",
        "image": "https://kc.humanitarianresponse.info/attachment/original?media_file=mapkibera/attachments/1590493984725.jpg",
        "name": "Restoration chapel",
        "religion": "christian"
      },
      "geometry": {
        "type": "Point",
        "coordinates": [
          36.7836915,
          -1.3121921
        ]
      },
      "id": "node/7881251303"
    },
    {
      "type": "Feature",
      "properties": {
        "@id": "node/7881251304",
        "amenity": "place_of_worship",
        "check_date": "2023-04-22",
        "image": "https://kc.humanitarianresponse.info/attachment/original?media_file=mapkibera/attachments/1590572468454.jpg",
        "name": "Ambassador For Christ Church",
        "religion": "christian"
      },
      "geometry": {
        "type": "Point",
        "coordinates": [
          36.79554,
          -1.3154517
        ]
      },
      "id": "node/7881251304"
    },
    {
      "type": "Feature",
      "properties": {
        "@id": "node/7881251305",
        "amenity": "place_of_worship",
        "image": "https://kc.humanitarianresponse.info/attachment/original?media_file=mapkibera/attachments/1590572707416.jpg",
        "name": "Roho Msalaba",
        "religion": "christian"
      },
      "geometry": {
        "type": "Point",
        "coordinates": [
          36.7831829,
          -1.3160681
        ]
      },
      "id": "node/7881251305"
    },
    {
      "type": "Feature",
      "properties": {
        "@id": "node/7881251306",
        "amenity": "place_of_worship",
        "image": "https://kc.humanitarianresponse.info/attachment/original?media_file=mapkibera/attachments/1590483336395.jpg",
        "name": "PEFA",
        "religion": "christian"
      },
      "geometry": {
        "type": "Point",
        "coordinates": [
          36.7741375,
          -1.3105321
        ]
      },
      "id": "node/7881251306"
    },
    {
      "type": "Feature",
      "properties": {
        "@id": "node/7881251307",
        "amenity": "place_of_worship",
        "image": "https://kc.humanitarianresponse.info/attachment/original?media_file=mapkibera/attachments/1590648968002.jpg",
        "name": "Youngsters For Christ Team",
        "religion": "christian"
      },
      "geometry": {
        "type": "Point",
        "coordinates": [
          36.78281,
          -1.3137917
        ]
      },
      "id": "node/7881251307"
    },
    {
      "type": "Feature",
      "properties": {
        "@id": "node/7881251308",
        "amenity": "place_of_worship",
        "check_date": "2023-04-22",
        "image": "https://kc.humanitarianresponse.info/attachment/original?media_file=mapkibera/attachments/1590564066320.jpg",
        "name": "Revival Church of Shiloh",
        "religion": "christian"
      },
      "geometry": {
        "type": "Point",
        "coordinates": [
          36.793635,
          -1.3143904
        ]
      },
      "id": "node/7881251308"
    },
    {
      "type": "Feature",
      "properties": {
        "@id": "node/7881251309",
        "amenity": "place_of_worship",
        "image": "https://kc.humanitarianresponse.info/attachment/original?media_file=mapkibera/attachments/1590656997992.jpg",
        "name": "Kenya Assemblies of God",
        "religion": "christian"
      },
      "geometry": {
        "type": "Point",
        "coordinates": [
          36.7974425,
          -1.3147414
        ]
      },
      "id": "node/7881251309"
    },
    {
      "type": "Feature",
      "properties": {
        "@id": "node/7881251310",
        "amenity": "place_of_worship",
        "check_date": "2023-04-22",
        "image": "https://kc.humanitarianresponse.info/attachment/original?media_file=mapkibera/attachments/1590649379312.jpg",
        "name": "Abundant Grace of Jesus Ministry",
        "religion": "christian"
      },
      "geometry": {
        "type": "Point",
        "coordinates": [
          36.791856,
          -1.3126708
        ]
      },
      "id": "node/7881251310"
    },
    {
      "type": "Feature",
      "properties": {
        "@id": "node/7881251311",
        "amenity": "place_of_worship",
        "check_date": "2023-04-05",
        "image": "https://kc.humanitarianresponse.info/attachment/original?media_file=mapkibera/attachments/1590486558535.jpg1590569895760.jpg",
        "name": "PEFA Church Kibera",
        "religion": "christian"
      },
      "geometry": {
        "type": "Point",
        "coordinates": [
          36.7909883,
          -1.3099567
        ]
      },
      "id": "node/7881251311"
    },
    {
      "type": "Feature",
      "properties": {
        "@id": "node/7881251312",
        "amenity": "place_of_worship",
        "check_date": "2023-04-22",
        "image": "https://kc.humanitarianresponse.info/attachment/original?media_file=mapkibera/attachments/1590490237021.jpg",
        "name": "Divine Mercy Catholic Church",
        "religion": "christian"
      },
      "geometry": {
        "type": "Point",
        "coordinates": [
          36.7943087,
          -1.3144435
        ]
      },
      "id": "node/7881251312"
    },
    {
      "type": "Feature",
      "properties": {
        "@id": "node/7881251313",
        "amenity": "place_of_worship",
        "check_date": "2023-04-22",
        "image": "https://kc.humanitarianresponse.info/attachment/original?media_file=mapkibera/attachments/1590651802121.jpg",
        "name": "Roho Israel Church",
        "religion": "christian"
      },
      "geometry": {
        "type": "Point",
        "coordinates": [
          36.7942643,
          -1.3137405
        ]
      },
      "id": "node/7881251313"
    },
    {
      "type": "Feature",
      "properties": {
        "@id": "node/7881251314",
        "amenity": "place_of_worship",
        "check_date": "2023-04-15",
        "image": "https://kc.humanitarianresponse.info/attachment/original?media_file=mapkibera/attachments/1590478186813.jpg",
        "name": "A. P church",
        "religion": "christian"
      },
      "geometry": {
        "type": "Point",
        "coordinates": [
          36.7883567,
          -1.30613
        ]
      },
      "id": "node/7881251314"
    },
    {
      "type": "Feature",
      "properties": {
        "@id": "node/7881251315",
        "amenity": "place_of_worship",
        "check_date": "2023-04-15",
        "image": "https://kc.humanitarianresponse.info/attachment/original?media_file=mapkibera/attachments/1590485022595.jpg",
        "name": "End times Church Lindi",
        "religion": "christian"
      },
      "geometry": {
        "type": "Point",
        "coordinates": [
          36.7940541,
          -1.3168454
        ]
      },
      "id": "node/7881251315"
    },
    {
      "type": "Feature",
      "properties": {
        "@id": "node/7881251317",
        "amenity": "place_of_worship",
        "image": "https://kc.humanitarianresponse.info/attachment/original?media_file=mapkibera/attachments/1590655058871.jpg",
        "name": "A.D.C church",
        "religion": "christian"
      },
      "geometry": {
        "type": "Point",
        "coordinates": [
          36.7941069,
          -1.3130309
        ]
      },
      "id": "node/7881251317"
    },
    {
      "type": "Feature",
      "properties": {
        "@id": "node/7881251318",
        "amenity": "place_of_worship",
        "check_date": "2023-04-15",
        "image": "https://kc.humanitarianresponse.info/attachment/original?media_file=mapkibera/attachments/1590654425208.jpg",
        "name": "New Covenant Gospel Church",
        "religion": "christian"
      },
      "geometry": {
        "type": "Point",
        "coordinates": [
          36.7967083,
          -1.313275
        ]
      },
      "id": "node/7881251318"
    },
    {
      "type": "Feature",
      "properties": {
        "@id": "node/7881251319",
        "amenity": "place_of_worship",
        "check_date": "2023-05-02",
        "image": "https://kc.humanitarianresponse.info/attachment/original?media_file=mapkibera/attachments/1590476936111.jpg",
        "name": "Christian Outrich Center",
        "religion": "christian"
      },
      "geometry": {
        "type": "Point",
        "coordinates": [
          36.7947567,
          -1.3173717
        ]
      },
      "id": "node/7881251319"
    },
    {
      "type": "Feature",
      "properties": {
        "@id": "node/7881251320",
        "amenity": "place_of_worship",
        "image": "https://kc.humanitarianresponse.info/attachment/original?media_file=mapkibera/attachments/1590486558535.jpg1590577405221.jpg",
        "name": "Kibera Hope Gospel Church",
        "religion": "christian"
      },
      "geometry": {
        "type": "Point",
        "coordinates": [
          36.790345,
          -1.3143158
        ]
      },
      "id": "node/7881251320"
    },
    {
      "type": "Feature",
      "properties": {
        "@id": "node/7881251321",
        "amenity": "place_of_worship",
        "image": "https://kc.humanitarianresponse.info/attachment/original?media_file=mapkibera/attachments/1590484032422.jpg",
        "name": "Christ Way Outreach",
        "religion": "christian"
      },
      "geometry": {
        "type": "Point",
        "coordinates": [
          36.7976617,
          -1.317675
        ]
      },
      "id": "node/7881251321"
    },
    {
      "type": "Feature",
      "properties": {
        "@id": "node/7881251322",
        "amenity": "place_of_worship",
        "check_date": "2023-05-08",
        "image": "https://kc.humanitarianresponse.info/attachment/original?media_file=mapkibera/attachments/1590656833668.jpg",
        "name": "Osana Church",
        "religion": "christian"
      },
      "geometry": {
        "type": "Point",
        "coordinates": [
          36.793705,
          -1.3118467
        ]
      },
      "id": "node/7881251322"
    },
    {
      "type": "Feature",
      "properties": {
        "@id": "node/7881251323",
        "amenity": "place_of_worship",
        "image": "https://kc.humanitarianresponse.info/attachment/original?media_file=mapkibera/attachments/1590564551132.jpg",
        "name": "Ingili Takatifu",
        "religion": "christian"
      },
      "geometry": {
        "type": "Point",
        "coordinates": [
          36.7720785,
          -1.3099804
        ]
      },
      "id": "node/7881251323"
    },
    {
      "type": "Feature",
      "properties": {
        "@id": "node/7881251324",
        "amenity": "place_of_worship",
        "check_date": "2023-05-23",
        "image": "https://kc.humanitarianresponse.info/attachment/original?media_file=mapkibera/attachments/1590569215763.jpg",
        "name": "Jammii Outreach Ministries",
        "religion": "christian"
      },
      "geometry": {
        "type": "Point",
        "coordinates": [
          36.7745448,
          -1.3115895
        ]
      },
      "id": "node/7881251324"
    },
    {
      "type": "Feature",
      "properties": {
        "@id": "node/7881251325",
        "amenity": "place_of_worship",
        "image": "https://kc.humanitarianresponse.info/attachment/original?media_file=mapkibera/attachments/1590657432351.jpg",
        "name": "Vision Of Faith Gospel Church",
        "religion": "christian"
      },
      "geometry": {
        "type": "Point",
        "coordinates": [
          36.7972451,
          -1.3129033
        ]
      },
      "id": "node/7881251325"
    },
    {
      "type": "Feature",
      "properties": {
        "@id": "node/7881251326",
        "amenity": "place_of_worship",
        "check_date": "2023-04-22",
        "image": "https://kc.humanitarianresponse.info/attachment/original?media_file=mapkibera/attachments/1590572002137.jpg",
        "name": "Maranatha Faith Assembly Silanga Church",
        "religion": "christian"
      },
      "geometry": {
        "type": "Point",
        "coordinates": [
          36.796035,
          -1.3156617
        ]
      },
      "id": "node/7881251326"
    },
    {
      "type": "Feature",
      "properties": {
        "@id": "node/7923939375",
        "amenity": "place_of_worship",
        "image": "https://kc.humanitarianresponse.info/attachment/original?media_file=mapkibera/attachments/1592638098461.jpg",
        "name": "Gospel Disciples",
        "religion": "christian"
      },
      "geometry": {
        "type": "Point",
        "coordinates": [
          36.86238,
          -1.2583433
        ]
      },
      "id": "node/7923939375"
    },
    {
      "type": "Feature",
      "properties": {
        "@id": "node/7923939376",
        "amenity": "place_of_worship",
        "image": "https://kc.humanitarianresponse.info/attachment/original?media_file=mapkibera/attachments/1592557689593.jpg",
        "name": "PAG Church",
        "religion": "christian"
      },
      "geometry": {
        "type": "Point",
        "coordinates": [
          36.85809,
          -1.2624133
        ]
      },
      "id": "node/7923939376"
    },
    {
      "type": "Feature",
      "properties": {
        "@id": "node/7923939377",
        "amenity": "place_of_worship",
        "image": "https://kc.humanitarianresponse.info/attachment/original?media_file=mapkibera/attachments/1590484875889.jpg",
        "name": "Jesus Church Ministry",
        "religion": "christian"
      },
      "geometry": {
        "type": "Point",
        "coordinates": [
          36.85463,
          -1.2629233
        ]
      },
      "id": "node/7923939377"
    },
    {
      "type": "Feature",
      "properties": {
        "@id": "node/7923939378",
        "amenity": "place_of_worship",
        "image": "https://kc.humanitarianresponse.info/attachment/original?media_file=mapkibera/attachments/1590479769525.jpg",
        "name": "Jumuiya ya St Claude",
        "religion": "christian"
      },
      "geometry": {
        "type": "Point",
        "coordinates": [
          36.8437783,
          -1.26501
        ]
      },
      "id": "node/7923939378"
    },
    {
      "type": "Feature",
      "properties": {
        "@id": "node/7923939379",
        "amenity": "place_of_worship",
        "image": "https://kc.humanitarianresponse.info/attachment/original?media_file=mapkibera/attachments/1592719033096.jpg",
        "name": "Pentecostal Assemblies of God",
        "religion": "christian"
      },
      "geometry": {
        "type": "Point",
        "coordinates": [
          36.852405,
          -1.265025
        ]
      },
      "id": "node/7923939379"
    },
    {
      "type": "Feature",
      "properties": {
        "@id": "node/7923939380",
        "amenity": "place_of_worship",
        "image": "https://kc.humanitarianresponse.info/attachment/original?media_file=mapkibera/attachments/1590479026311.jpg",
        "name": "Jesus Christian Mission Center",
        "religion": "christian"
      },
      "geometry": {
        "type": "Point",
        "coordinates": [
          36.84411,
          -1.2649267
        ]
      },
      "id": "node/7923939380"
    },
    {
      "type": "Feature",
      "properties": {
        "@id": "node/7923939381",
        "amenity": "place_of_worship",
        "image": "https://kc.humanitarianresponse.info/attachment/original?media_file=mapkibera/attachments/1590481536672.jpg",
        "name": "PAG Mashimoni",
        "religion": "christian"
      },
      "geometry": {
        "type": "Point",
        "coordinates": [
          36.8621717,
          -1.26142
        ]
      },
      "id": "node/7923939381"
    },
    {
      "type": "Feature",
      "properties": {
        "@id": "node/7923939382",
        "amenity": "place_of_worship",
        "image": "https://kc.humanitarianresponse.info/attachment/original?media_file=mapkibera/attachments/1592717694379.jpg",
        "name": "Worldwide Gospel Church of Kenya",
        "religion": "christian"
      },
      "geometry": {
        "type": "Point",
        "coordinates": [
          36.8522117,
          -1.2660433
        ]
      },
      "id": "node/7923939382"
    },
    {
      "type": "Feature",
      "properties": {
        "@id": "node/7923939383",
        "amenity": "place_of_worship",
        "image": "https://kc.humanitarianresponse.info/attachment/original?media_file=mapkibera/attachments/1590487523801.jpg",
        "name": "God of Peace Ministry",
        "religion": "christian"
      },
      "geometry": {
        "type": "Point",
        "coordinates": [
          36.8600983,
          -1.2633483
        ]
      },
      "id": "node/7923939383"
    },
    {
      "type": "Feature",
      "properties": {
        "@id": "node/7923939384",
        "amenity": "place_of_worship",
        "image": "https://kc.humanitarianresponse.info/attachment/original?media_file=mapkibera/attachments/1590393603734.jpg",
        "name": "Eastleigh PAG Church",
        "religion": "christian"
      },
      "geometry": {
        "type": "Point",
        "coordinates": [
          36.8605643,
          -1.2632385
        ]
      },
      "id": "node/7923939384"
    },
    {
      "type": "Feature",
      "properties": {
        "@id": "node/7923969185",
        "amenity": "place_of_worship",
        "image": "https://kc.humanitarianresponse.info/attachment/original?media_file=mapkibera/attachments/1592634693200.jpg",
        "name": "Jawar Roho Israel Church",
        "religion": "christian"
      },
      "geometry": {
        "type": "Point",
        "coordinates": [
          36.8583,
          -1.2614567
        ]
      },
      "id": "node/7923969185"
    },
    {
      "type": "Feature",
      "properties": {
        "@id": "node/7923969186",
        "amenity": "place_of_worship",
        "image": "https://kc.humanitarianresponse.info/attachment/original?media_file=mapkibera/attachments/1590485940280.jpg",
        "name": "Divine Christian Church",
        "religion": "christian"
      },
      "geometry": {
        "type": "Point",
        "coordinates": [
          36.8550035,
          -1.263503
        ]
      },
      "id": "node/7923969186"
    },
    {
      "type": "Feature",
      "properties": {
        "@id": "node/7923969187",
        "amenity": "place_of_worship",
        "image": "https://kc.humanitarianresponse.info/attachment/original?media_file=mapkibera/attachments/1590481865233.jpg",
        "name": "God's Family Ministries International",
        "religion": "christian"
      },
      "geometry": {
        "type": "Point",
        "coordinates": [
          36.843585,
          -1.2663867
        ]
      },
      "id": "node/7923969187"
    },
    {
      "type": "Feature",
      "properties": {
        "@id": "node/7923969188",
        "amenity": "place_of_worship",
        "image": "https://kc.humanitarianresponse.info/attachment/original?media_file=mapkibera/attachments/1590499782323.jpg",
        "name": "Jehovah Witness",
        "religion": "christian"
      },
      "geometry": {
        "type": "Point",
        "coordinates": [
          36.8641947,
          -1.2623351
        ]
      },
      "id": "node/7923969188"
    },
    {
      "type": "Feature",
      "properties": {
        "@id": "node/7923969189",
        "amenity": "place_of_worship",
        "image": "https://kc.humanitarianresponse.info/attachment/original?media_file=mapkibera/attachments/1592658751262.jpg",
        "name": "Israel Church of God",
        "religion": "christian"
      },
      "geometry": {
        "type": "Point",
        "coordinates": [
          36.8546567,
          -1.2636833
        ]
      },
      "id": "node/7923969189"
    },
    {
      "type": "Feature",
      "properties": {
        "@id": "node/7923969190",
        "amenity": "place_of_worship",
        "image": "https://kc.humanitarianresponse.info/attachment/original?media_file=mapkibera/attachments/1590397907544.jpg",
        "name": "Outreach Community Center",
        "religion": "christian"
      },
      "geometry": {
        "type": "Point",
        "coordinates": [
          36.8602783,
          -1.2640517
        ]
      },
      "id": "node/7923969190"
    },
    {
      "type": "Feature",
      "properties": {
        "@id": "node/7923969191",
        "amenity": "place_of_worship",
        "image": "https://kc.humanitarianresponse.info/attachment/original?media_file=mapkibera/attachments/1592636428721.jpg",
        "name": "African Israel",
        "religion": "christian"
      },
      "geometry": {
        "type": "Point",
        "coordinates": [
          36.861225,
          -1.25968
        ]
      },
      "id": "node/7923969191"
    },
    {
      "type": "Feature",
      "properties": {
        "@id": "node/7923969192",
        "amenity": "place_of_worship",
        "image": "https://kc.humanitarianresponse.info/attachment/original?media_file=mapkibera/attachments/1590410535175.jpg",
        "name": "Adonai Victory Church",
        "religion": "christian"
      },
      "geometry": {
        "type": "Point",
        "coordinates": [
          36.8547483,
          -1.2640767
        ]
      },
      "id": "node/7923969192"
    },
    {
      "type": "Feature",
      "properties": {
        "@id": "node/7923969193",
        "amenity": "place_of_worship",
        "image": "https://kc.humanitarianresponse.info/attachment/original?media_file=mapkibera/attachments/1590476806017.jpg",
        "name": "St Veronica Catholic Church",
        "religion": "christian"
      },
      "geometry": {
        "type": "Point",
        "coordinates": [
          36.851985,
          -1.2632433
        ]
      },
      "id": "node/7923969193"
    },
    {
      "type": "Feature",
      "properties": {
        "@id": "node/7923969194",
        "amenity": "place_of_worship",
        "image": "https://kc.humanitarianresponse.info/attachment/original?media_file=mapkibera/attachments/1590398918314.jpg",
        "name": "Outrich Hope Church",
        "religion": "christian"
      },
      "geometry": {
        "type": "Point",
        "coordinates": [
          36.8565605,
          -1.2646744
        ]
      },
      "id": "node/7923969194"
    },
    {
      "type": "Feature",
      "properties": {
        "@id": "node/7923969195",
        "amenity": "place_of_worship",
        "image": "https://kc.humanitarianresponse.info/attachment/original?media_file=mapkibera/attachments/1590476921928.jpg",
        "name": "House of Prayer",
        "religion": "christian"
      },
      "geometry": {
        "type": "Point",
        "coordinates": [
          36.8514733,
          -1.263655
        ]
      },
      "id": "node/7923969195"
    },
    {
      "type": "Feature",
      "properties": {
        "@id": "node/7923969196",
        "amenity": "place_of_worship",
        "image": "https://kc.humanitarianresponse.info/attachment/original?media_file=mapkibera/attachments/1590409105615.jpg",
        "name": "Sheep Gate Church",
        "religion": "christian"
      },
      "geometry": {
        "type": "Point",
        "coordinates": [
          36.846035,
          -1.2662133
        ]
      },
      "id": "node/7923969196"
    },
    {
      "type": "Feature",
      "properties": {
        "@id": "node/7923969197",
        "amenity": "place_of_worship",
        "image": "https://kc.humanitarianresponse.info/attachment/original?media_file=mapkibera/attachments/1590485184639.jpg",
        "name": "Spring Living Ministry",
        "religion": "christian"
      },
      "geometry": {
        "type": "Point",
        "coordinates": [
          36.8542217,
          -1.26282
        ]
      },
      "id": "node/7923969197"
    },
    {
      "type": "Feature",
      "properties": {
        "@id": "node/7923969198",
        "amenity": "place_of_worship",
        "image": "https://kc.humanitarianresponse.info/attachment/original?media_file=mapkibera/attachments/1590411102010.jpg",
        "name": "Gospel Miracle Church for all Nations",
        "religion": "christian"
      },
      "geometry": {
        "type": "Point",
        "coordinates": [
          36.8538509,
          -1.2643279
        ]
      },
      "id": "node/7923969198"
    },
    {
      "type": "Feature",
      "properties": {
        "@id": "node/7923969199",
        "amenity": "place_of_worship",
        "image": "https://kc.humanitarianresponse.info/attachment/original?media_file=mapkibera/attachments/1592718259408.jpg",
        "name": "Revival Churches of Kenya",
        "religion": "christian"
      },
      "geometry": {
        "type": "Point",
        "coordinates": [
          36.8513267,
          -1.265795
        ]
      },
      "id": "node/7923969199"
    },
    {
      "type": "Feature",
      "properties": {
        "@id": "node/7923969200",
        "amenity": "place_of_worship",
        "image": "https://kc.humanitarianresponse.info/attachment/original?media_file=mapkibera/attachments/1592549616370.jpg",
        "name": "St Benedict Parish",
        "religion": "christian"
      },
      "geometry": {
        "type": "Point",
        "coordinates": [
          36.8587275,
          -1.2521087
        ]
      },
      "id": "node/7923969200"
    },
    {
      "type": "Feature",
      "properties": {
        "@id": "node/7923969201",
        "amenity": "place_of_worship",
        "image": "https://kc.humanitarianresponse.info/attachment/original?media_file=mapkibera/attachments/1590476913872.jpg",
        "name": "Outreach Hope Church",
        "religion": "christian"
      },
      "geometry": {
        "type": "Point",
        "coordinates": [
          36.852085,
          -1.2631617
        ]
      },
      "id": "node/7923969201"
    },
    {
      "type": "Feature",
      "properties": {
        "@id": "node/7923969202",
        "amenity": "place_of_worship",
        "image": "https://kc.humanitarianresponse.info/attachment/original?media_file=mapkibera/attachments/1592637243458.jpg",
        "name": "PAG KN Region Mathare 4A Church",
        "religion": "christian"
      },
      "geometry": {
        "type": "Point",
        "coordinates": [
          36.8612533,
          -1.2588333
        ]
      },
      "id": "node/7923969202"
    },
    {
      "type": "Feature",
      "properties": {
        "@id": "node/7923969203",
        "amenity": "place_of_worship",
        "image": "https://kc.humanitarianresponse.info/attachment/original?media_file=mapkibera/attachments/1590479322715.jpg",
        "name": "PAG Church",
        "religion": "christian"
      },
      "geometry": {
        "type": "Point",
        "coordinates": [
          36.8527067,
          -1.2628917
        ]
      },
      "id": "node/7923969203"
    },
    {
      "type": "Feature",
      "properties": {
        "@id": "node/7923969204",
        "amenity": "place_of_worship",
        "image": "https://kc.humanitarianresponse.info/attachment/original?media_file=mapkibera/attachments/1592722289670.jpg",
        "name": "Fountain of Transformation Church",
        "religion": "christian"
      },
      "geometry": {
        "type": "Point",
        "coordinates": [
          36.849595,
          -1.26434
        ]
      },
      "id": "node/7923969204"
    },
    {
      "type": "Feature",
      "properties": {
        "@id": "node/7923969205",
        "amenity": "place_of_worship",
        "image": "https://kc.humanitarianresponse.info/attachment/original?media_file=mapkibera/attachments/1590497898762.jpg",
        "name": "Jesus Gospel Church of Prayer",
        "religion": "christian"
      },
      "geometry": {
        "type": "Point",
        "coordinates": [
          36.8450633,
          -1.2654117
        ]
      },
      "id": "node/7923969205"
    },
    {
      "type": "Feature",
      "properties": {
        "@id": "node/7923969206",
        "amenity": "place_of_worship",
        "image": "https://kc.humanitarianresponse.info/attachment/original?media_file=mapkibera/attachments/1590484991608.jpg",
        "name": "African Kenya Sanctuary",
        "religion": "christian"
      },
      "geometry": {
        "type": "Point",
        "coordinates": [
          36.8542617,
          -1.2634217
        ]
      },
      "id": "node/7923969206"
    },
    {
      "type": "Feature",
      "properties": {
        "@id": "node/7923969207",
        "amenity": "place_of_worship",
        "image": "https://kc.humanitarianresponse.info/attachment/original?media_file=mapkibera/attachments/1592551842401.jpg",
        "name": "End Time Revival Mission Church",
        "religion": "christian"
      },
      "geometry": {
        "type": "Point",
        "coordinates": [
          36.8597333,
          -1.2608483
        ]
      },
      "id": "node/7923969207"
    },
    {
      "type": "Feature",
      "properties": {
        "@id": "node/7923969208",
        "amenity": "place_of_worship",
        "image": "https://kc.humanitarianresponse.info/attachment/original?media_file=mapkibera/attachments/1590397280168.jpg",
        "name": "Redeemed Gospel Church",
        "religion": "christian"
      },
      "geometry": {
        "type": "Point",
        "coordinates": [
          36.8559617,
          -1.2632267
        ]
      },
      "id": "node/7923969208"
    },
    {
      "type": "Feature",
      "properties": {
        "@id": "node/7937755881",
        "amenity": "library",
        "condition": "good",
        "education:type": "library",
        "image": "https://kc.humanitarianresponse.info/attachment/original?media_file=mapkibera/attachments/1590567102281.jpg",
        "name": "Shofco",
        "operator:description": "Shofco",
        "operator:funding": "Shofco",
        "operator:type": "ngo"
      },
      "geometry": {
        "type": "Point",
        "coordinates": [
          36.7928391,
          -1.3117892
        ]
      },
      "id": "node/7937755881"
    },
    {
      "type": "Feature",
      "properties": {
        "@id": "node/7937755884",
        "amenity": "library",
        "check_date": "2023-05-02",
        "condition": "fair",
        "education:type": "library",
        "image": "https://kc.humanitarianresponse.info/attachment/original?media_file=mapkibera/attachments/1590656417171.jpg",
        "name": "Katanas Library",
        "operator:type": "private"
      },
      "geometry": {
        "type": "Point",
        "coordinates": [
          36.7805299,
          -1.3155428
        ]
      },
      "id": "node/7937755884"
    },
    {
      "type": "Feature",
      "properties": {
        "@id": "node/7979945948",
        "amenity": "community_centre",
        "community_centre:for": "open_for_all",
        "condition": "fair",
        "fee": "no",
        "image": "https://kc.humanitarianresponse.info/attachment/original?media_file=mapkibera/attachments/1590566063462.jpg",
        "name": "Global Alliance Africa",
        "operational_status": "operational",
        "operational_status:availability": "always",
        "operator:description": "GAA",
        "operator:funding": "GAA",
        "operator:type": "ngo"
      },
      "geometry": {
        "type": "Point",
        "coordinates": [
          36.7726462,
          -1.3091287
        ]
      },
      "id": "node/7979945948"
    },
    {
      "type": "Feature",
      "properties": {
        "@id": "node/7979951042",
        "amenity": "community_centre",
        "community_centre:for": "youth",
        "condition": "good",
        "fee": "yes",
        "image": "https://kc.humanitarianresponse.info/attachment/original?media_file=mapkibera/attachments/1590562244005.jpg",
        "name": "Koinania Community Resource Centre",
        "operational_status": "operational",
        "operational_status:availability": "always",
        "operator:description": "Koinania",
        "operator:type": "ngo"
      },
      "geometry": {
        "type": "Point",
        "coordinates": [
          36.7716007,
          -1.3099402
        ]
      },
      "id": "node/7979951042"
    },
    {
      "type": "Feature",
      "properties": {
        "@id": "node/7979962764",
        "amenity": "community_centre",
        "charge": "10",
        "community_centre:for": "open_for_all",
        "condition": "fair",
        "fee": "yes",
        "image": "https://kc.humanitarianresponse.info/attachment/original?media_file=mapkibera/attachments/1590568011884.jpg",
        "name": "Nicofeli Youth Program",
        "operational_status": "operational",
        "operational_status:availability": "always",
        "operator:description": "Nikofeli",
        "operator:type": "ngo"
      },
      "geometry": {
        "type": "Point",
        "coordinates": [
          36.773988,
          -1.3107923
        ]
      },
      "id": "node/7979962764"
    },
    {
      "type": "Feature",
      "properties": {
        "@id": "node/7979969328",
        "amenity": "community_centre",
        "community_centre:for": "open_for_all",
        "condition": "good",
        "fee": "yes",
        "image": "https://kc.humanitarianresponse.info/attachment/original?media_file=mapkibera/attachments/1590565449292.jpg",
        "name": "Vision Sisters",
        "operational_status": "operational",
        "operational_status:availability": "always",
        "operator:description": "Vision sisters",
        "operator:funding": "Vision sisters",
        "operator:type": "Community group Other"
      },
      "geometry": {
        "type": "Point",
        "coordinates": [
          36.7732426,
          -1.3093853
        ]
      },
      "id": "node/7979969328"
    },
    {
      "type": "Feature",
      "properties": {
        "@id": "node/7979999021",
        "amenity": "community_centre",
        "check_date": "2023-05-02",
        "community_centre:for": "open_for_all",
        "condition": "good",
        "fee": "yes",
        "image": "https://kc.humanitarianresponse.info/attachment/original?media_file=mapkibera/attachments/1590650530494.jpg",
        "name": "Koyaro Centre",
        "operational_status": "operational",
        "operational_status:availability": "always",
        "operator:type": "private"
      },
      "geometry": {
        "type": "Point",
        "coordinates": [
          36.7744207,
          -1.3107314
        ]
      },
      "id": "node/7979999021"
    },
    {
      "type": "Feature",
      "properties": {
        "@id": "node/7980004228",
        "amenity": "community_centre",
        "community_centre:for": "open_for_all",
        "condition": "good",
        "fee": "yes",
        "image": "https://kc.humanitarianresponse.info/attachment/original?media_file=mapkibera/attachments/1590568601439.jpg",
        "name": "Salvation Army",
        "operational_status": "operational",
        "operational_status:availability": "always",
        "operator": "The Salvation Army",
        "operator:description": "Salvation army",
        "operator:type": "charitable",
        "operator:wikidata": "Q188307"
      },
      "geometry": {
        "type": "Point",
        "coordinates": [
          36.7740467,
          -1.3113336
        ]
      },
      "id": "node/7980004228"
    },
    {
      "type": "Feature",
      "properties": {
        "@id": "node/7980010750",
        "amenity": "community_centre",
        "community_centre:for": "youth",
        "condition": "fair",
        "fee": "no",
        "image": "https://kc.humanitarianresponse.info/attachment/original?media_file=mapkibera/attachments/1590569136620.jpg",
        "name": "Mart2 Centa",
        "operational_status": "operational",
        "operational_status:availability": "always",
        "operator:description": "MART2",
        "operator:type": "cbo"
      },
      "geometry": {
        "type": "Point",
        "coordinates": [
          36.7745511,
          -1.3114572
        ]
      },
      "id": "node/7980010750"
    },
    {
      "type": "Feature",
      "properties": {
        "@id": "node/7980014387",
        "amenity": "community_centre",
        "community_centre:for": "open_for_all",
        "condition": "fair",
        "fee": "yes",
        "image": "https://kc.humanitarianresponse.info/attachment/original?media_file=mapkibera/attachments/1590652597920.jpg",
        "name": "Kibera Kids Club",
        "operational_status": "non-operational",
        "operational_status:availability": "sometime",
        "operator:description": "St George's Orthodox Church",
        "operator:funding": "St George's orthodox church",
        "operator:type": "religious"
      },
      "geometry": {
        "type": "Point",
        "coordinates": [
          36.7755291,
          -1.31131
        ]
      },
      "id": "node/7980014387"
    },
    {
      "type": "Feature",
      "properties": {
        "@id": "node/7981008532",
        "amenity": "community_centre",
        "check_date": "2023-04-19",
        "community_centre:for": "open_for_all",
        "condition": "fair",
        "fee": "yes",
        "image": "https://kc.humanitarianresponse.info/attachment/original?media_file=mapkibera/attachments/1590569861235.jpg",
        "name": "Shofco Community Centre",
        "operational_status": "operational",
        "operational_status:availability": "always",
        "operator:description": "Shofco",
        "operator:funding": "Shofco",
        "operator:type": "ngo"
      },
      "geometry": {
        "type": "Point",
        "coordinates": [
          36.773717,
          -1.3121489
        ]
      },
      "id": "node/7981008532"
    },
    {
      "type": "Feature",
      "properties": {
        "@id": "node/7981009721",
        "amenity": "community_centre",
        "check_date": "2023-04-21",
        "community_centre:for": "childrens_home",
        "condition": "fair",
        "fee": "no",
        "image": "https://kc.humanitarianresponse.info/attachment/original?media_file=mapkibera/attachments/1590569664718.jpg",
        "name": "Julie Hope Children Home",
        "operational_status": "operational",
        "operational_status:availability": "always",
        "operator:type": "ngo"
      },
      "geometry": {
        "type": "Point",
        "coordinates": [
          36.7739643,
          -1.3121475
        ]
      },
      "id": "node/7981009721"
    },
    {
      "type": "Feature",
      "properties": {
        "@id": "node/7981028361",
        "amenity": "community_centre",
        "community_centre:for": "open_for_all",
        "condition": "fair",
        "fee": "no",
        "image": "https://kc.humanitarianresponse.info/attachment/original?media_file=mapkibera/attachments/1590569426771.jpg",
        "name": "Action Foundation Hub",
        "operational_status": "non-operational",
        "operational_status:availability": "often",
        "operator:description": "Action foundation",
        "operator:funding": "Action foundation",
        "operator:type": "ngo"
      },
      "geometry": {
        "type": "Point",
        "coordinates": [
          36.7741969,
          -1.3120479
        ]
      },
      "id": "node/7981028361"
    },
    {
      "type": "Feature",
      "properties": {
        "@id": "node/7981030958",
        "amenity": "community_centre",
        "community_centre:for": "open_for_all",
        "condition": "fair",
        "fee": "yes",
        "image": "https://kc.humanitarianresponse.info/attachment/original?media_file=mapkibera/attachments/1590569660697.jpg",
        "name": "Angaza Mbele Self Help Group",
        "operational_status": "operational",
        "operational_status:availability": "sometimes",
        "operator:description": "Angaza Mbele",
        "operator:type": "cbo"
      },
      "geometry": {
        "type": "Point",
        "coordinates": [
          36.7784217,
          -1.3178533
        ]
      },
      "id": "node/7981030958"
    },
    {
      "type": "Feature",
      "properties": {
        "@id": "node/7981066878",
        "amenity": "community_centre",
        "community_centre:for": "open_for_all",
        "condition": "good",
        "fee": "yes",
        "image": "https://kc.humanitarianresponse.info/attachment/original?media_file=mapkibera/attachments/1590573822873.jpg",
        "name": "K.A.G.O",
        "operational_status": "non_operational",
        "operational_status:availability": "sometime",
        "operator:description": "K. A. G. O",
        "operator:type": "cbo"
      },
      "geometry": {
        "type": "Point",
        "coordinates": [
          36.7836907,
          -1.3164572
        ]
      },
      "id": "node/7981066878"
    },
    {
      "type": "Feature",
      "properties": {
        "@id": "node/7981066965",
        "amenity": "community_centre",
        "check_date": "2023-05-12",
        "community_centre:for": "youth",
        "condition": "good",
        "fee": "no",
        "image": "https://kc.humanitarianresponse.info/attachment/original?media_file=mapkibera/attachments/1590571975610.jpg",
        "name": "Kibra Hamlets",
        "operational_status": "non_operational",
        "operational_status:availability": "often",
        "operator:description": "Kibra Hamlets",
        "operator:type": "cbo"
      },
      "geometry": {
        "type": "Point",
        "coordinates": [
          36.782795,
          -1.3151517
        ]
      },
      "id": "node/7981066965"
    },
    {
      "type": "Feature",
      "properties": {
        "@id": "node/7981071574",
        "amenity": "community_centre",
        "check_date": "2023-05-08",
        "community_centre:for": "open_for_all",
        "condition": "good",
        "fee": "yes",
        "image": "https://kc.humanitarianresponse.info/attachment/original?media_file=mapkibera/attachments/1590476006350.jpg",
        "name": "Kwa Mrati",
        "operational_status": "operational",
        "operational_status:availability": "always",
        "operator:description": "KDI",
        "operator:funding": "KDI",
        "operator:type": "ngo"
      },
      "geometry": {
        "type": "Point",
        "coordinates": [
          36.7903903,
          -1.3153914
        ]
      },
      "id": "node/7981071574"
    },
    {
      "type": "Feature",
      "properties": {
        "@id": "node/7981078764",
        "amenity": "community_centre",
        "charge": "20",
        "community_centre:for": "youth",
        "condition": "good",
        "fee": "yes",
        "image": "https://kc.humanitarianresponse.info/attachment/original?media_file=mapkibera/attachments/1590572187274.jpg",
        "name": "Grand Theft Auto",
        "operational_status": "operational",
        "operational_status:availability": "often",
        "operator:type": "private"
      },
      "geometry": {
        "type": "Point",
        "coordinates": [
          36.7829035,
          -1.3153791
        ]
      },
      "id": "node/7981078764"
    },
    {
      "type": "Feature",
      "properties": {
        "@id": "node/7981087313",
        "amenity": "community_centre",
        "check_date": "2023-04-19",
        "community_centre:for": "open_for_all",
        "condition": "good",
        "fee": "yes",
        "image": "https://kc.humanitarianresponse.info/attachment/original?media_file=mapkibera/attachments/1590482620239.jpg",
        "name": "Skyrope Social Hall",
        "operational_status": "non_operational",
        "operational_status:availability": "often",
        "operator:type": "private"
      },
      "geometry": {
        "type": "Point",
        "coordinates": [
          36.7888582,
          -1.3131587
        ]
      },
      "id": "node/7981087313"
    },
    {
      "type": "Feature",
      "properties": {
        "@id": "node/7981087314",
        "amenity": "community_centre",
        "charge": "500",
        "community_centre:for": "open_for_all",
        "condition": "good",
        "fee": "yes",
        "image": "https://kc.humanitarianresponse.info/attachment/original?media_file=mapkibera/attachments/1590398397132.jpg",
        "name": "Mchanganyiko social hall",
        "operational_status": "operational",
        "operational_status:availability": "always",
        "operator:description": "Mchanganyiko group",
        "operator:funding": "community",
        "operator:type": "cbo"
      },
      "geometry": {
        "type": "Point",
        "coordinates": [
          36.7817245,
          -1.3103098
        ]
      },
      "id": "node/7981087314"
    },
    {
      "type": "Feature",
      "properties": {
        "@id": "node/7981091638",
        "amenity": "community_centre",
        "community_centre:for": "open_for_all",
        "condition": "good",
        "fee": "no",
        "image": "https://kc.humanitarianresponse.info/attachment/original?media_file=mapkibera/attachments/1590648757251.jpg",
        "name": "Shofco Y PP",
        "operational_status": "operational",
        "operational_status:availability": "always",
        "operator:type": "private"
      },
      "geometry": {
        "type": "Point",
        "coordinates": [
          36.7826853,
          -1.3136991
        ]
      },
      "id": "node/7981091638"
    },
    {
      "type": "Feature",
      "properties": {
        "@id": "node/7981099866",
        "amenity": "community_centre",
        "community_centre:for": "library",
        "condition": "good",
        "fee": "no",
        "image": "https://kc.humanitarianresponse.info/attachment/original?media_file=mapkibera/attachments/1590561438619.jpg",
        "name": "Golda Chanoff Community Center",
        "operational_status": "operational",
        "operational_status:availability": "always",
        "operator:description": "Shofco",
        "operator:funding": "Shofco",
        "operator:type": "cbo"
      },
      "geometry": {
        "type": "Point",
        "coordinates": [
          36.784384,
          -1.3143143
        ]
      },
      "id": "node/7981099866"
    },
    {
      "type": "Feature",
      "properties": {
        "@id": "node/7981104383",
        "amenity": "community_centre",
        "check_date": "2023-04-18",
        "community_centre:for": "youth",
        "condition": "good",
        "fee": "no",
        "name": "Team tank",
        "operational_status": "operational",
        "operational_status:availability": "always",
        "operator:description": "Team tank",
        "operator:type": "cbo"
      },
      "geometry": {
        "type": "Point",
        "coordinates": [
          36.7809567,
          -1.3071317
        ]
      },
      "id": "node/7981104383"
    },
    {
      "type": "Feature",
      "properties": {
        "@id": "node/7981107974",
        "amenity": "community_centre",
        "charge": "5000",
        "check_date": "2023-04-17",
        "community_centre:for": "women_centre",
        "condition": "good",
        "fee": "yes",
        "image": "https://kc.humanitarianresponse.info/attachment/original?media_file=mapkibera/attachments/1590656725766.jpg",
        "name": "Africa Leadership and Reconciliation Ministries",
        "operational_status": "operational",
        "operational_status:availability": "always",
        "operator:description": "ALARM",
        "operator:type": "cbo"
      },
      "geometry": {
        "type": "Point",
        "coordinates": [
          36.7978893,
          -1.3145577
        ]
      },
      "id": "node/7981107974"
    },
    {
      "type": "Feature",
      "properties": {
        "@id": "node/7981108752",
        "amenity": "community_centre",
        "community_centre:for": "youth",
        "condition": "good",
        "fee": "no",
        "image": "https://kc.humanitarianresponse.info/attachment/original?media_file=mapkibera/attachments/1590564208172.jpg",
        "name": "Youth Reform Self Help Group",
        "operational_status": "operational",
        "operational_status:availability": "always",
        "operator:type": "cbo"
      },
      "geometry": {
        "type": "Point",
        "coordinates": [
          36.7873714,
          -1.3111414
        ]
      },
      "id": "node/7981108752"
    },
    {
      "type": "Feature",
      "properties": {
        "@id": "node/7981108836",
        "amenity": "community_centre",
        "community_centre:for": "youth",
        "condition": "fair",
        "fee": "no",
        "image": "https://kc.humanitarianresponse.info/attachment/original?media_file=mapkibera/attachments/1590567048655.jpg",
        "name": "Wasakaji Youth Group",
        "operational_status": "operational",
        "operational_status:availability": "always",
        "operator:description": "Wasakaji Youth Group",
        "operator:type": "cbo"
      },
      "geometry": {
        "type": "Point",
        "coordinates": [
          36.7874104,
          -1.3140307
        ]
      },
      "id": "node/7981108836"
    },
    {
      "type": "Feature",
      "properties": {
        "@id": "node/7981117882",
        "amenity": "community_centre",
        "check_date": "2023-05-02",
        "community_centre:for": "meetings_and_gatherings",
        "condition": "fair",
        "fee": "no",
        "image": "https://kc.humanitarianresponse.info/attachment/original?media_file=mapkibera/attachments/1590477364194.jpg",
        "name": "ODM Hall Highrise",
        "operational_status": "yes",
        "operational_status:availability": "always",
        "operator:description": "ODM PARTY"
      },
      "geometry": {
        "type": "Point",
        "coordinates": [
          36.8055677,
          -1.3147885
        ]
      },
      "id": "node/7981117882"
    },
    {
      "type": "Feature",
      "properties": {
        "@id": "node/7981118790",
        "amenity": "community_centre",
        "check_date": "2023-05-04",
        "community_centre:for": "open_for_all",
        "condition": "good",
        "fee": "yes",
        "image": "https://kc.humanitarianresponse.info/attachment/original?media_file=mapkibera/attachments/1590513433711.jpg",
        "name": "Romande Multipurpose Hall",
        "operational_status": "operational",
        "operational_status:availability": "always",
        "operator:type": "private"
      },
      "geometry": {
        "type": "Point",
        "coordinates": [
          36.7906646,
          -1.3130379
        ]
      },
      "id": "node/7981118790"
    },
    {
      "type": "Feature",
      "properties": {
        "@id": "node/7981119245",
        "amenity": "community_centre",
        "charge": "8000",
        "check_date": "2023-05-11",
        "community_centre:for": "open_for_all",
        "condition": "good",
        "fee": "yes",
        "name": "Cassava youth group social hall",
        "operational_status": "operational",
        "operational_status:availability": "always",
        "operator:description": "Cassava peace youth group",
        "operator:funding": "Cassava youths",
        "operator:type": "cbo"
      },
      "geometry": {
        "type": "Point",
        "coordinates": [
          36.7860066,
          -1.3083686
        ]
      },
      "id": "node/7981119245"
    },
    {
      "type": "Feature",
      "properties": {
        "@id": "node/7981126505",
        "amenity": "community_centre",
        "charge": "400",
        "check_date": "2023-05-02",
        "community_centre:for": "open_for_all",
        "condition": "good",
        "fee": "yes",
        "name": "Fataras",
        "operational_status": "operational",
        "operational_status:availability": "always",
        "operator:description": "Fataras",
        "operator:funding": "NYS",
        "operator:type": "cbo"
      },
      "geometry": {
        "type": "Point",
        "coordinates": [
          36.7856324,
          -1.3068567
        ]
      },
      "id": "node/7981126505"
    },
    {
      "type": "Feature",
      "properties": {
        "@id": "node/7981130798",
        "amenity": "community_centre",
        "charge": "3000",
        "check_date": "2023-03-27",
        "community_centre:for": "open_for_all",
        "condition": "fair",
        "fee": "yes",
        "image": "https://kc.humanitarianresponse.info/attachment/original?media_file=mapkibera/attachments/1590650819981.jpg",
        "name": "Kibera Community Centre",
        "operational_status": "operational",
        "operational_status:availability": "always",
        "operator:description": "KIBERA COMMUNITY ORGANIZATION",
        "operator:funding": "KIBERA COMMUNITY",
        "operator:type": "cbo"
      },
      "geometry": {
        "type": "Point",
        "coordinates": [
          36.7960835,
          -1.3145505
        ]
      },
      "id": "node/7981130798"
    },
    {
      "type": "Feature",
      "properties": {
        "@id": "node/7981148345",
        "amenity": "community_centre",
        "charge": "500",
        "community_centre:for": "open_for_all",
        "condition": "fair",
        "fee": "yes",
        "image": "https://kc.humanitarianresponse.info/attachment/original?media_file=mapkibera/attachments/1590556899873.jpg",
        "name": "Undugu Social Hall",
        "operational_status": "operational",
        "operational_status:availability": "often",
        "operator:description": "Undugu society",
        "operator:type": "cbo"
      },
      "geometry": {
        "type": "Point",
        "coordinates": [
          36.800415,
          -1.3173433
        ]
      },
      "id": "node/7981148345"
    },
    {
      "type": "Feature",
      "properties": {
        "@id": "node/7981169307",
        "amenity": "community_centre",
        "charge": "10000",
        "check_date": "2023-04-03",
        "community_centre:for": "meetings",
        "condition": "good",
        "fee": "yes",
        "image": "https://kc.humanitarianresponse.info/attachment/original?media_file=mapkibera/attachments/1590478641664.jpg",
        "name": "Canaan Estate Community Hall",
        "operational_status": "operational",
        "operational_status:availability": "often",
        "operator:description": "ESTATE MANAGEMENT",
        "operator:funding": "MINISTRY OF HOUSING-KENYA"
      },
      "geometry": {
        "type": "Point",
        "coordinates": [
          36.8007618,
          -1.3143855
        ]
      },
      "id": "node/7981169307"
    },
    {
      "type": "Feature",
      "properties": {
        "@id": "node/8099920169",
        "amenity": "community_centre",
        "community_centre:for": "youth",
        "condition": "good",
        "fee": "no",
        "image": "https://kc.humanitarianresponse.info/attachment/original?media_file=mapkibera/attachments/1590407423501.jpg",
        "name": "Espana",
        "operational_status": "operational",
        "operational_status:availability": "always",
        "operator:description": "Espana",
        "operator:type": "cbo"
      },
      "geometry": {
        "type": "Point",
        "coordinates": [
          36.844615,
          -1.2663817
        ]
      },
      "id": "node/8099920169"
    },
    {
      "type": "Feature",
      "properties": {
        "@id": "node/8099989621",
        "amenity": "community_centre",
        "community_centre:for": "youth,library",
        "condition": "fair",
        "fee": "no",
        "image": "https://kc.humanitarianresponse.info/attachment/original?media_file=mapkibera/attachments/1590407561054.jpg",
        "name": "Mathare empire",
        "operational_status": "operational",
        "operational_status:availability": "always",
        "operator:description": "Mathare empire",
        "operator:funding": "government of kenya",
        "operator:type": "cbo"
      },
      "geometry": {
        "type": "Point",
        "coordinates": [
          36.8448667,
          -1.26598
        ]
      },
      "id": "node/8099989621"
    },
    {
      "type": "Feature",
      "properties": {
        "@id": "node/8100022065",
        "amenity": "community_centre",
        "community_centre:for": "youth,library",
        "condition": "good",
        "fee": "yes",
        "image": "https://kc.humanitarianresponse.info/attachment/original?media_file=mapkibera/attachments/1590406214394.jpg",
        "name": "Mecyg",
        "operational_status": "operational",
        "operational_status:availability": "always",
        "operator:description": "Mecyg",
        "operator:type": "cbo"
      },
      "geometry": {
        "type": "Point",
        "coordinates": [
          36.84412,
          -1.26506
        ]
      },
      "id": "node/8100022065"
    },
    {
      "type": "Feature",
      "properties": {
        "@id": "node/8100047551",
        "amenity": "community_centre",
        "community_centre:for": "youth",
        "condition": "good",
        "fee": "no",
        "image": "https://kc.humanitarianresponse.info/attachment/original?media_file=mapkibera/attachments/1590401207741.jpg",
        "name": "Mecyg",
        "operational_status": "operational",
        "operational_status:availability": "always",
        "operator:description": "MECYG",
        "operator:funding": "UN HABITAT",
        "operator:type": "cbo"
      },
      "geometry": {
        "type": "Point",
        "coordinates": [
          36.84413,
          -1.2648233
        ]
      },
      "id": "node/8100047551"
    },
    {
      "type": "Feature",
      "properties": {
        "@id": "node/8100065652",
        "amenity": "community_centre",
        "community_centre:for": "youth",
        "condition": "dilapidated",
        "fee": "no",
        "image": "https://kc.humanitarianresponse.info/attachment/original?media_file=mapkibera/attachments/1590478203779.jpg",
        "name": "Partmore",
        "operational_status": "operational",
        "operational_status:availability": "always",
        "operator:funding": "Kimani",
        "operator:type": "private"
      },
      "geometry": {
        "type": "Point",
        "coordinates": [
          36.8445583,
          -1.26462
        ]
      },
      "id": "node/8100065652"
    },
    {
      "type": "Feature",
      "properties": {
        "@id": "node/8100103414",
        "amenity": "community_centre",
        "community_centre:for": "youth",
        "condition": "good",
        "fee": "no",
        "image": "https://kc.humanitarianresponse.info/attachment/original?media_file=mapkibera/attachments/1590399031906.jpg",
        "name": "Pirates social hall",
        "operational_status": "operational",
        "operational_status:availability": "always",
        "operator:description": "Pirates youth group",
        "operator:funding": "Mind me international",
        "operator:type": "cbo"
      },
      "geometry": {
        "type": "Point",
        "coordinates": [
          36.84603,
          -1.2636317
        ]
      },
      "id": "node/8100103414"
    },
    {
      "type": "Feature",
      "properties": {
        "@id": "node/8100116936",
        "amenity": "community_centre",
        "charge": "500 shillings per session of meeting",
        "community_centre:for": "library,open_for_all",
        "condition": "good",
        "fee": "yes",
        "image": "https://kc.humanitarianresponse.info/attachment/original?media_file=mapkibera/attachments/1590477524961.jpg",
        "name": "Green park hall",
        "operational_status": "operational",
        "operational_status:availability": "always",
        "operator:description": "Desai memorial foundation",
        "operator:funding": "Desai memorial foundation",
        "operator:type": "cbo"
      },
      "geometry": {
        "type": "Point",
        "coordinates": [
          36.845855,
          -1.2635783
        ]
      },
      "id": "node/8100116936"
    },
    {
      "type": "Feature",
      "properties": {
        "@id": "node/8100186679",
        "amenity": "community_centre",
        "condition": "fair",
        "fee": "no",
        "image": "https://kc.humanitarianresponse.info/attachment/original?media_file=mapkibera/attachments/1590396108367.jpg",
        "name": "Dp hall",
        "operational_status": "operational",
        "operational_status:availability": "often",
        "operator:funding": "Dp beneficiaries",
        "operator:type": "private"
      },
      "geometry": {
        "type": "Point",
        "coordinates": [
          36.8497967,
          -1.26265
        ]
      },
      "id": "node/8100186679"
    },
    {
      "type": "Feature",
      "properties": {
        "@id": "node/8100192403",
        "amenity": "community_centre",
        "charge": "5",
        "community_centre:for": "open_for_all",
        "condition": "fair",
        "fee": "yes",
        "image": "https://kc.humanitarianresponse.info/attachment/original?media_file=mapkibera/attachments/1590394287567.jpg",
        "name": "Ostrom youth group",
        "operational_status": "operational",
        "operational_status:availability": "often",
        "operator:description": "Ostrom community",
        "operator:funding": "community",
        "operator:type": "cbo"
      },
      "geometry": {
        "type": "Point",
        "coordinates": [
          36.8495617,
          -1.2639933
        ]
      },
      "id": "node/8100192403"
    },
    {
      "type": "Feature",
      "properties": {
        "@id": "node/8100585397",
        "amenity": "community_centre",
        "community_centre:for": "open_for_all",
        "condition": "good",
        "fee": "no",
        "image": "https://kc.humanitarianresponse.info/attachment/original?media_file=mapkibera/attachments/1592721471273.jpg",
        "name": "Beavers Hall",
        "operational_status": "operational",
        "operational_status:availability": "always",
        "operator:description": "Beavers group",
        "operator:funding": "Antony Oluoch",
        "operator:type": "cbo"
      },
      "geometry": {
        "type": "Point",
        "coordinates": [
          36.850355,
          -1.264005
        ]
      },
      "id": "node/8100585397"
    },
    {
      "type": "Feature",
      "properties": {
        "@id": "node/8100585551",
        "amenity": "community_centre",
        "community_centre:for": "open_for_all",
        "condition": "good",
        "fee": "no",
        "image": "https://kc.humanitarianresponse.info/attachment/original?media_file=mapkibera/attachments/1590494678227.jpg",
        "name": "Mca office",
        "operational_status": "operational",
        "operational_status:availability": "always",
        "operator:funding": "county_government_of_nairobi",
        "operator:type": "county_government"
      },
      "geometry": {
        "type": "Point",
        "coordinates": [
          36.8537717,
          -1.262885
        ]
      },
      "id": "node/8100585551"
    },
    {
      "type": "Feature",
      "properties": {
        "@id": "node/8100647553",
        "amenity": "community_centre",
        "charge": "200",
        "community_centre:for": "open_for_all",
        "condition": "good",
        "fee": "yes",
        "image": "https://kc.humanitarianresponse.info/attachment/original?media_file=mapkibera/attachments/1592658195010.jpg",
        "name": "Muradi Social Hall",
        "operational_status": "operational",
        "operational_status:availability": "always",
        "operator:description": "Muradi Women Group",
        "operator:funding": "German",
        "operator:type": "cbo"
      },
      "geometry": {
        "type": "Point",
        "coordinates": [
          36.8546,
          -1.26376
        ]
      },
      "id": "node/8100647553"
    },
    {
      "type": "Feature",
      "properties": {
        "@id": "node/8100650720",
        "amenity": "community_centre",
        "community_centre:for": "open_for_all",
        "condition": "fair",
        "fee": "no",
        "image": "https://kc.humanitarianresponse.info/attachment/original?media_file=mapkibera/attachments/1590412553843.jpg",
        "name": "Kinatical community hall",
        "operational_status": "operational",
        "operational_status:availability": "often"
      },
      "geometry": {
        "type": "Point",
        "coordinates": [
          36.8560676,
          -1.2642512
        ]
      },
      "id": "node/8100650720"
    },
    {
      "type": "Feature",
      "properties": {
        "@id": "node/8100699483",
        "amenity": "community_centre",
        "community_centre:for": "open_for_all",
        "condition": "fair",
        "fee": "no",
        "image": "https://kc.humanitarianresponse.info/attachment/original?media_file=mapkibera/attachments/1590395286400.jpg",
        "name": "Odm office",
        "operational_status": "operational",
        "operational_status:availability": "always",
        "operator:funding": "Odm",
        "operator:type": "private"
      },
      "geometry": {
        "type": "Point",
        "coordinates": [
          36.856885,
          -1.2631583
        ]
      },
      "id": "node/8100699483"
    },
    {
      "type": "Feature",
      "properties": {
        "@id": "node/8100716507",
        "amenity": "community_centre",
        "community_centre:for": "open_for_all,educational_facility",
        "condition": "good",
        "fee": "no",
        "image": "1https://kc.humanitarianresponse.info/attachment/original?media_file=mapkibera/attachments/590483550995.jpg",
        "name": "Shofco",
        "operational_status": "non operational",
        "operational_status:availability": "sometimes",
        "operator:description": "Shofco",
        "operator:funding": "Shofco",
        "operator:type": "ngo"
      },
      "geometry": {
        "type": "Point",
        "coordinates": [
          36.8579967,
          -1.26364
        ]
      },
      "id": "node/8100716507"
    },
    {
      "type": "Feature",
      "properties": {
        "@id": "node/8100723178",
        "amenity": "community_centre",
        "community_centre:for": "open_for_all",
        "condition": "good",
        "fee": "no",
        "image": "https://kc.humanitarianresponse.info/attachment/original?media_file=mapkibera/attachments/1590485193667.jpg",
        "name": "St Joseph the woker",
        "operational_status": "operational",
        "operational_status:availability": "always",
        "operator:description": "St.Teresa's parish",
        "operator:funding": "St.Teresa's parish",
        "operator:type": "cbo"
      },
      "geometry": {
        "type": "Point",
        "coordinates": [
          36.858195,
          -1.2634933
        ]
      },
      "id": "node/8100723178"
    },
    {
      "type": "Feature",
      "properties": {
        "@id": "node/8100736924",
        "amenity": "community_centre",
        "community_centre:for": "open_for_all",
        "condition": "dilapidated",
        "fee": "no",
        "image": "https://kc.humanitarianresponse.info/attachment/original?media_file=mapkibera/attachments/1590475768267.jpg",
        "name": "NYS",
        "operational_status": "non operational",
        "operational_status:availability": "often",
        "operator:funding": "National youth service"
      },
      "geometry": {
        "type": "Point",
        "coordinates": [
          36.861075,
          -1.2621967
        ]
      },
      "id": "node/8100736924"
    },
    {
      "type": "Feature",
      "properties": {
        "@id": "node/8100941583",
        "amenity": "community_centre",
        "charge": "200 per hour",
        "community_centre:for": "church,community_forums",
        "condition": "good",
        "fee": "yes",
        "name": "Twaweza community project",
        "operational_status": "operational",
        "operational_status:availability": "always",
        "operator:description": "Twaweza community group",
        "operator:type": "cbo"
      },
      "geometry": {
        "type": "Point",
        "coordinates": [
          36.8620733,
          -1.2612217
        ]
      },
      "id": "node/8100941583"
    },
    {
      "type": "Feature",
      "properties": {
        "@id": "node/8100985459",
        "amenity": "community_centre",
        "community_centre:for": "open_for_all",
        "condition": "good",
        "fee": "no",
        "image": "https://kc.humanitarianresponse.info/attachment/original?media_file=mapkibera/attachments/1592638718231.jpg",
        "name": "Muradi",
        "operational_status": "operational",
        "operational_status:availability": "always",
        "operator:description": "national_government",
        "operator:type": "government"
      },
      "geometry": {
        "type": "Point",
        "coordinates": [
          36.863835,
          -1.2566917
        ]
      },
      "id": "node/8100985459"
    },
    {
      "type": "Feature",
      "properties": {
        "@id": "node/8109391856",
        "amenity": "place_of_worship",
        "image": "https://kc.humanitarianresponse.info/attachment/original?media_file=mapkibera/attachments/1591268349980.jpg",
        "name": "Corner Stone PAG Church",
        "religion": "christian"
      },
      "geometry": {
        "type": "Point",
        "coordinates": [
          36.7544488,
          -1.2850877
        ]
      },
      "id": "node/8109391856"
    },
    {
      "type": "Feature",
      "properties": {
        "@id": "node/8109391857",
        "amenity": "place_of_worship",
        "image": "https://kc.humanitarianresponse.info/attachment/original?media_file=mapkibera/attachments/1591267938663.jpg",
        "name": "Kamitha Central",
        "religion": "christian"
      },
      "geometry": {
        "type": "Point",
        "coordinates": [
          36.7544384,
          -1.2850875
        ]
      },
      "id": "node/8109391857"
    },
    {
      "type": "Feature",
      "properties": {
        "@id": "node/8109391858",
        "amenity": "place_of_worship",
        "image": "https://kc.humanitarianresponse.info/attachment/original?media_file=mapkibera/attachments/1591331937386.jpg",
        "name": "Grace Ministry",
        "religion": "christian"
      },
      "geometry": {
        "type": "Point",
        "coordinates": [
          36.7375366,
          -1.2877336
        ]
      },
      "id": "node/8109391858"
    },
    {
      "type": "Feature",
      "properties": {
        "@id": "node/8109391859",
        "amenity": "place_of_worship",
        "image": "https://kc.humanitarianresponse.info/attachment/original?media_file=mapkibera/attachments/1591350786672.JPG",
        "name": "Jesus Power Blessed Centre Ministries",
        "religion": "christian"
      },
      "geometry": {
        "type": "Point",
        "coordinates": [
          36.748225,
          -1.2915133
        ]
      },
      "id": "node/8109391859"
    },
    {
      "type": "Feature",
      "properties": {
        "@id": "node/8109391860",
        "amenity": "place_of_worship",
        "image": "https://kc.humanitarianresponse.info/attachment/original?media_file=mapkibera/attachments/1591350641018.JPG",
        "name": "The Church of Jesus Christ",
        "religion": "christian"
      },
      "geometry": {
        "type": "Point",
        "coordinates": [
          36.7484,
          -1.2915783
        ]
      },
      "id": "node/8109391860"
    },
    {
      "type": "Feature",
      "properties": {
        "@id": "node/8109391861",
        "amenity": "place_of_worship",
        "image": "https://kc.humanitarianresponse.info/attachment/original?media_file=mapkibera/attachments/1591342926214.jpg",
        "name": "Mountain of Transformation Ministry",
        "religion": "christian"
      },
      "geometry": {
        "type": "Point",
        "coordinates": [
          36.7405148,
          -1.2863033
        ]
      },
      "id": "node/8109391861"
    },
    {
      "type": "Feature",
      "properties": {
        "@id": "node/8109391862",
        "addr:city": "Nairobi",
        "addr:postcode": "00100",
        "addr:street": "Kinyanjui Road",
        "amenity": "place_of_worship",
        "image": "http://www.pcearirutaparish.co.ke/",
        "name": "PCEA Satellite Church Riruta",
        "phone": "+254715261276",
        "religion": "christian"
      },
      "geometry": {
        "type": "Point",
        "coordinates": [
          36.7437382,
          -1.2945768
        ]
      },
      "id": "node/8109391862"
    },
    {
      "type": "Feature",
      "properties": {
        "@id": "node/8109391863",
        "amenity": "place_of_worship",
        "image": "https://kc.humanitarianresponse.info/attachment/original?media_file=mapkibera/attachments/1591230489190.jpg",
        "name": "Kenya Redeemed Church",
        "religion": "christian"
      },
      "geometry": {
        "type": "Point",
        "coordinates": [
          36.734638,
          -1.2928839
        ]
      },
      "id": "node/8109391863"
    },
    {
      "type": "Feature",
      "properties": {
        "@id": "node/8109391864",
        "amenity": "place_of_worship",
        "image": "https://kc.humanitarianresponse.info/attachment/original?media_file=mapkibera/attachments/1591227947386.jpg",
        "name": "Orthodox Archbishop of Kenya",
        "religion": "christian"
      },
      "geometry": {
        "type": "Point",
        "coordinates": [
          36.7368015,
          -1.2928523
        ]
      },
      "id": "node/8109391864"
    },
    {
      "type": "Feature",
      "properties": {
        "@id": "node/8109391865",
        "amenity": "place_of_worship",
        "image": "https://kc.humanitarianresponse.info/attachment/original?media_file=mapkibera/attachments/1591158714064.jpg",
        "name": "Deliverance Church",
        "religion": "christian"
      },
      "geometry": {
        "type": "Point",
        "coordinates": [
          36.7350931,
          -1.2842655
        ]
      },
      "id": "node/8109391865"
    },
    {
      "type": "Feature",
      "properties": {
        "@id": "node/8109391866",
        "amenity": "place_of_worship",
        "image": "https://kc.humanitarianresponse.info/attachment/original?media_file=mapkibera/attachments/1591332606481.jpg",
        "name": "Rabii C.H.S Church",
        "religion": "christian"
      },
      "geometry": {
        "type": "Point",
        "coordinates": [
          36.7359854,
          -1.2872707
        ]
      },
      "id": "node/8109391866"
    },
    {
      "type": "Feature",
      "properties": {
        "@id": "node/8109391867",
        "amenity": "place_of_worship",
        "image": "https://kc.humanitarianresponse.info/attachment/original?media_file=mapkibera/attachments/1591157228885.jpg",
        "name": "New Rebuilders Chapel",
        "religion": "christian"
      },
      "geometry": {
        "type": "Point",
        "coordinates": [
          36.7380064,
          -1.2874798
        ]
      },
      "id": "node/8109391867"
    },
    {
      "type": "Feature",
      "properties": {
        "@id": "node/8109391868",
        "amenity": "place_of_worship",
        "image": "https://kc.humanitarianresponse.info/attachment/original?media_file=mapkibera/attachments/1591171597368.jpg",
        "name": "Christo Church",
        "religion": "christian"
      },
      "geometry": {
        "type": "Point",
        "coordinates": [
          36.7395185,
          -1.2858405
        ]
      },
      "id": "node/8109391868"
    },
    {
      "type": "Feature",
      "properties": {
        "@id": "node/8109391869",
        "amenity": "place_of_worship",
        "image": "https://kc.humanitarianresponse.info/attachment/original?media_file=mapkibera/attachments/1591168726689.jpg",
        "name": "The Nairobi International Church",
        "religion": "christian"
      },
      "geometry": {
        "type": "Point",
        "coordinates": [
          36.7470185,
          -1.2965672
        ]
      },
      "id": "node/8109391869"
    },
    {
      "type": "Feature",
      "properties": {
        "@id": "node/8109391870",
        "amenity": "place_of_worship",
        "image": "https://kc.humanitarianresponse.info/attachment/original?media_file=mapkibera/attachments/1591147046315.jpg",
        "name": "The Ministry of Repentance and Holiness",
        "religion": "christian"
      },
      "geometry": {
        "type": "Point",
        "coordinates": [
          36.7410379,
          -1.2905886
        ]
      },
      "id": "node/8109391870"
    },
    {
      "type": "Feature",
      "properties": {
        "@id": "node/8109391871",
        "amenity": "place_of_worship",
        "image": "https://kc.humanitarianresponse.info/attachment/original?media_file=mapkibera/attachments/1591146446772.jpg",
        "name": "Cross Mission Center",
        "religion": "christian"
      },
      "geometry": {
        "type": "Point",
        "coordinates": [
          36.7391063,
          -1.2874148
        ]
      },
      "id": "node/8109391871"
    },
    {
      "type": "Feature",
      "properties": {
        "@id": "node/8109391872",
        "amenity": "place_of_worship",
        "image": "https://kc.humanitarianresponse.info/attachment/original?media_file=mapkibera/attachments/1591168085424.jpg",
        "name": "Deliverance Church Riruta",
        "religion": "christian",
        "website": "https://dcriruta.org/"
      },
      "geometry": {
        "type": "Point",
        "coordinates": [
          36.7522496,
          -1.2921406
        ]
      },
      "id": "node/8109391872"
    },
    {
      "type": "Feature",
      "properties": {
        "@id": "node/8109391873",
        "amenity": "place_of_worship",
        "image": "https://kc.humanitarianresponse.info/attachment/original?media_file=mapkibera/attachments/1591353941051.jpg",
        "name": "Akorino Revival Church",
        "religion": "christian"
      },
      "geometry": {
        "type": "Point",
        "coordinates": [
          36.7346671,
          -1.2770926
        ]
      },
      "id": "node/8109391873"
    },
    {
      "type": "Feature",
      "properties": {
        "@id": "node/8109391874",
        "amenity": "place_of_worship",
        "image": "https://kc.humanitarianresponse.info/attachment/original?media_file=mapkibera/attachments/1591338427086.jpg",
        "name": "Global Field Evangelism",
        "religion": "christian"
      },
      "geometry": {
        "type": "Point",
        "coordinates": [
          36.7438418,
          -1.2814075
        ]
      },
      "id": "node/8109391874"
    },
    {
      "type": "Feature",
      "properties": {
        "@id": "node/8109391875",
        "amenity": "place_of_worship",
        "check_date": "2023-05-02",
        "image": "https://kc.humanitarianresponse.info/attachment/original?media_file=mapkibera/attachments/1591337555448.jpg",
        "name": "Blessed Hands Prayer Centre",
        "religion": "christian"
      },
      "geometry": {
        "type": "Point",
        "coordinates": [
          36.7442201,
          -1.2798538
        ]
      },
      "id": "node/8109391875"
    },
    {
      "type": "Feature",
      "properties": {
        "@id": "node/8109391876",
        "amenity": "place_of_worship",
        "check_date": "2023-05-02",
        "image": "https://kc.humanitarianresponse.info/attachment/original?media_file=mapkibera/attachments/1591272326435.jpg",
        "name": "El-shaddai Rescue Ministry",
        "religion": "christian"
      },
      "geometry": {
        "type": "Point",
        "coordinates": [
          36.745255,
          -1.277455
        ]
      },
      "id": "node/8109391876"
    },
    {
      "type": "Feature",
      "properties": {
        "@id": "node/8109391877",
        "amenity": "place_of_worship",
        "image": "https://kc.humanitarianresponse.info/attachment/original?media_file=mapkibera/attachments/1591272323593.jpg",
        "name": "Galilaya PAG Ass.Church",
        "religion": "christian"
      },
      "geometry": {
        "type": "Point",
        "coordinates": [
          36.7467636,
          -1.2710549
        ]
      },
      "id": "node/8109391877"
    },
    {
      "type": "Feature",
      "properties": {
        "@id": "node/8109391878",
        "amenity": "place_of_worship",
        "check_date": "2023-04-26",
        "image": "https://kc.humanitarianresponse.info/attachment/original?media_file=mapkibera/attachments/1591267564688.jpg",
        "name": "Riruta PAG",
        "religion": "christian"
      },
      "geometry": {
        "type": "Point",
        "coordinates": [
          36.7456667,
          -1.27693
        ]
      },
      "id": "node/8109391878"
    },
    {
      "type": "Feature",
      "properties": {
        "@id": "node/8109391879",
        "amenity": "place_of_worship",
        "image": "https://kc.humanitarianresponse.info/attachment/original?media_file=mapkibera/attachments/1591267044205.jpg",
        "name": "International Fellowship of the Clergy Church",
        "religion": "christian"
      },
      "geometry": {
        "type": "Point",
        "coordinates": [
          36.7464983,
          -1.2774967
        ]
      },
      "id": "node/8109391879"
    },
    {
      "type": "Feature",
      "properties": {
        "@id": "node/8109391880",
        "amenity": "place_of_worship",
        "check_date": "2023-05-02",
        "image": "https://kc.humanitarianresponse.info/attachment/original?media_file=mapkibera/attachments/1591182741370.jpg",
        "name": "Upendo Pentecostal Church",
        "religion": "christian"
      },
      "geometry": {
        "type": "Point",
        "coordinates": [
          36.7442967,
          -1.2791083
        ]
      },
      "id": "node/8109391880"
    },
    {
      "type": "Feature",
      "properties": {
        "@id": "node/8109391881",
        "amenity": "place_of_worship",
        "check_date": "2023-05-02",
        "image": "https://kc.humanitarianresponse.info/attachment/original?media_file=mapkibera/attachments/1591182505421.jpg",
        "name": "Glory Pentecostal Church",
        "religion": "christian"
      },
      "geometry": {
        "type": "Point",
        "coordinates": [
          36.7445636,
          -1.2801941
        ]
      },
      "id": "node/8109391881"
    },
    {
      "type": "Feature",
      "properties": {
        "@id": "node/8109391882",
        "amenity": "place_of_worship",
        "image": "https://kc.humanitarianresponse.info/attachment/original?media_file=mapkibera/attachments/1591179563154.jpg",
        "name": "Masjid Noor Riruta",
        "religion": "muslim"
      },
      "geometry": {
        "type": "Point",
        "coordinates": [
          36.7416617,
          -1.2798517
        ]
      },
      "id": "node/8109391882"
    },
    {
      "type": "Feature",
      "properties": {
        "@id": "node/8109391883",
        "amenity": "place_of_worship",
        "image": "https://kc.humanitarianresponse.info/attachment/original?media_file=mapkibera/attachments/1591177738043.jpg",
        "name": "New Testament Church of God",
        "religion": "christian"
      },
      "geometry": {
        "type": "Point",
        "coordinates": [
          36.74029,
          -1.2837833
        ]
      },
      "id": "node/8109391883"
    },
    {
      "type": "Feature",
      "properties": {
        "@id": "node/8109391884",
        "amenity": "place_of_worship",
        "name": "PCEA Church",
        "religion": "christian"
      },
      "geometry": {
        "type": "Point",
        "coordinates": [
          36.7363222,
          -1.2777875
        ]
      },
      "id": "node/8109391884"
    },
    {
      "type": "Feature",
      "properties": {
        "@id": "node/8109391885",
        "amenity": "place_of_worship",
        "image": "https://kc.humanitarianresponse.info/attachment/original?media_file=mapkibera/attachments/1591173017892.jpg",
        "name": "St.John the Baptist Catholic Church",
        "religion": "christian"
      },
      "geometry": {
        "type": "Point",
        "coordinates": [
          36.7357068,
          -1.2811076
        ]
      },
      "id": "node/8109391885"
    },
    {
      "type": "Feature",
      "properties": {
        "@id": "node/8109391886",
        "amenity": "place_of_worship",
        "check_date": "2023-05-02",
        "image": "https://kc.humanitarianresponse.info/attachment/original?media_file=mapkibera/attachments/1591345978019.jpg",
        "name": "A. C. K Emmanuel Church",
        "religion": "christian"
      },
      "geometry": {
        "type": "Point",
        "coordinates": [
          36.747936,
          -1.2886139
        ]
      },
      "id": "node/8109391886"
    },
    {
      "type": "Feature",
      "properties": {
        "@id": "node/8109391887",
        "amenity": "place_of_worship",
        "image": "https://kc.humanitarianresponse.info/attachment/original?media_file=mapkibera/attachments/1591256821273.jpg",
        "name": "Jesus Revival Centre",
        "religion": "christian"
      },
      "geometry": {
        "type": "Point",
        "coordinates": [
          36.7458336,
          -1.2892419
        ]
      },
      "id": "node/8109391887"
    },
    {
      "type": "Feature",
      "properties": {
        "@id": "node/8109391888",
        "amenity": "place_of_worship",
        "check_date": "2023-05-02",
        "image": "https://kc.humanitarianresponse.info/attachment/original?media_file=mapkibera/attachments/1591174409631.jpg",
        "name": "Reformed Church of East Africa",
        "religion": "christian"
      },
      "geometry": {
        "type": "Point",
        "coordinates": [
          36.743054,
          -1.2857395
        ]
      },
      "id": "node/8109391888"
    },
    {
      "type": "Feature",
      "properties": {
        "@id": "node/8109391889",
        "amenity": "place_of_worship",
        "check_date": "2023-05-02",
        "image": "https://kc.humanitarianresponse.info/attachment/original?media_file=mapkibera/attachments/1591171898075.jpg",
        "name": "Maranatha Church",
        "religion": "christian"
      },
      "geometry": {
        "type": "Point",
        "coordinates": [
          36.7459883,
          -1.28896
        ]
      },
      "id": "node/8109391889"
    },
    {
      "type": "Feature",
      "properties": {
        "@id": "node/8109391890",
        "amenity": "place_of_worship",
        "check_date": "2023-05-02",
        "image": "https://kc.humanitarianresponse.info/attachment/original?media_file=mapkibera/attachments/1591171746714.jpg",
        "name": "Jesus Revival Centre",
        "religion": "christian"
      },
      "geometry": {
        "type": "Point",
        "coordinates": [
          36.7457533,
          -1.2893967
        ]
      },
      "id": "node/8109391890"
    },
    {
      "type": "Feature",
      "properties": {
        "@id": "node/8109391891",
        "amenity": "place_of_worship",
        "image": "https://kc.humanitarianresponse.info/attachment/original?media_file=mapkibera/attachments/1591169499644.jpg",
        "name": "Jericho P.A.G Assembly",
        "religion": "christian"
      },
      "geometry": {
        "type": "Point",
        "coordinates": [
          36.7486564,
          -1.2893638
        ]
      },
      "id": "node/8109391891"
    },
    {
      "type": "Feature",
      "properties": {
        "@id": "node/8109391892",
        "amenity": "place_of_worship",
        "check_date": "2023-05-02",
        "image": "https://kc.humanitarianresponse.info/attachment/original?media_file=mapkibera/attachments/1591168653419.jpg",
        "name": "Light House Christian Church",
        "religion": "christian"
      },
      "geometry": {
        "type": "Point",
        "coordinates": [
          36.74676,
          -1.2885167
        ]
      },
      "id": "node/8109391892"
    },
    {
      "type": "Feature",
      "properties": {
        "@id": "node/8109391893",
        "amenity": "place_of_worship",
        "image": "https://kc.humanitarianresponse.info/attachment/original?media_file=mapkibera/attachments/1591341216297.jpg",
        "name": "Gospel Church",
        "religion": "christian"
      },
      "geometry": {
        "type": "Point",
        "coordinates": [
          36.75292,
          -1.2899367
        ]
      },
      "id": "node/8109391893"
    },
    {
      "type": "Feature",
      "properties": {
        "@id": "node/8109391894",
        "amenity": "place_of_worship",
        "image": "https://kc.humanitarianresponse.info/attachment/original?media_file=mapkibera/attachments/1591354592046.jpg",
        "name": "Sidoni PAG",
        "religion": "christian"
      },
      "geometry": {
        "type": "Point",
        "coordinates": [
          36.7485909,
          -1.2846978
        ]
      },
      "id": "node/8109391894"
    },
    {
      "type": "Feature",
      "properties": {
        "@id": "node/8109391895",
        "amenity": "place_of_worship",
        "image": "https://kc.humanitarianresponse.info/attachment/original?media_file=mapkibera/attachments/1591354378930.jpg",
        "name": "Salvation Army, Milimani corps",
        "religion": "christian"
      },
      "geometry": {
        "type": "Point",
        "coordinates": [
          36.7478626,
          -1.2839106
        ]
      },
      "id": "node/8109391895"
    },
    {
      "type": "Feature",
      "properties": {
        "@id": "node/8109391896",
        "amenity": "place_of_worship",
        "check_date": "2023-05-02",
        "image": "https://kc.humanitarianresponse.info/attachment/original?media_file=mapkibera/attachments/1591350125715.jpg",
        "name": "The Renewal church",
        "religion": "christian"
      },
      "geometry": {
        "type": "Point",
        "coordinates": [
          36.7467139,
          -1.2827532
        ]
      },
      "id": "node/8109391896"
    },
    {
      "type": "Feature",
      "properties": {
        "@id": "node/8109391897",
        "amenity": "place_of_worship",
        "check_date": "2023-05-02",
        "image": "https://kc.humanitarianresponse.info/attachment/original?media_file=mapkibera/attachments/1591350036093.jpg",
        "name": "Msanda Holy Church",
        "religion": "christian"
      },
      "geometry": {
        "type": "Point",
        "coordinates": [
          36.745846,
          -1.2829503
        ]
      },
      "id": "node/8109391897"
    },
    {
      "type": "Feature",
      "properties": {
        "@id": "node/8109391898",
        "amenity": "place_of_worship",
        "check_date": "2023-05-02",
        "image": "https://kc.humanitarianresponse.info/attachment/original?media_file=mapkibera/attachments/1591349490125.jpg",
        "name": "Gospel Equippers",
        "religion": "christian"
      },
      "geometry": {
        "type": "Point",
        "coordinates": [
          36.7455961,
          -1.2824436
        ]
      },
      "id": "node/8109391898"
    },
    {
      "type": "Feature",
      "properties": {
        "@id": "node/8109391899",
        "amenity": "place_of_worship",
        "check_date": "2023-05-02",
        "image": "https://kc.humanitarianresponse.info/attachment/original?media_file=mapkibera/attachments/1591349931090.jpg",
        "name": "The Lord's Worship Church",
        "religion": "christian"
      },
      "geometry": {
        "type": "Point",
        "coordinates": [
          36.7465152,
          -1.2826727
        ]
      },
      "id": "node/8109391899"
    },
    {
      "type": "Feature",
      "properties": {
        "@id": "node/8109391900",
        "amenity": "place_of_worship",
        "image": "https://kc.humanitarianresponse.info/attachment/original?media_file=mapkibera/attachments/1591352256658.jpg",
        "name": "Africa Church",
        "religion": "christian"
      },
      "geometry": {
        "type": "Point",
        "coordinates": [
          36.7488676,
          -1.2824795
        ]
      },
      "id": "node/8109391900"
    },
    {
      "type": "Feature",
      "properties": {
        "@id": "node/8109391901",
        "amenity": "place_of_worship",
        "image": "https://kc.humanitarianresponse.info/attachment/original?media_file=mapkibera/attachments/1591351829940.jpg",
        "name": "Jesus Power",
        "religion": "christian"
      },
      "geometry": {
        "type": "Point",
        "coordinates": [
          36.7488849,
          -1.2824863
        ]
      },
      "id": "node/8109391901"
    },
    {
      "type": "Feature",
      "properties": {
        "@id": "node/8109391902",
        "amenity": "place_of_worship",
        "check_date": "2023-05-02",
        "image": "https://kc.humanitarianresponse.info/attachment/original?media_file=mapkibera/attachments/1591351272473.jpg",
        "name": "Ian Church Jcc",
        "religion": "christian"
      },
      "geometry": {
        "type": "Point",
        "coordinates": [
          36.7530519,
          -1.2837696
        ]
      },
      "id": "node/8109391902"
    },
    {
      "type": "Feature",
      "properties": {
        "@id": "node/8109391903",
        "amenity": "place_of_worship",
        "image": "https://kc.humanitarianresponse.info/attachment/original?media_file=mapkibera/attachments/1591351198561.jpg",
        "name": "House of Prayer",
        "religion": "christian"
      },
      "geometry": {
        "type": "Point",
        "coordinates": [
          36.7528054,
          -1.2840131
        ]
      },
      "id": "node/8109391903"
    },
    {
      "type": "Feature",
      "properties": {
        "@id": "node/8109391904",
        "amenity": "place_of_worship",
        "image": "https://kc.humanitarianresponse.info/attachment/original?media_file=mapkibera/attachments/1591350397464.jpg",
        "name": "The Apostolic Church",
        "religion": "christian"
      },
      "geometry": {
        "type": "Point",
        "coordinates": [
          36.7471004,
          -1.278337
        ]
      },
      "id": "node/8109391904"
    },
    {
      "type": "Feature",
      "properties": {
        "@id": "node/8109391905",
        "amenity": "place_of_worship",
        "image": "https://kc.humanitarianresponse.info/attachment/original?media_file=mapkibera/attachments/1591350249809.jpg",
        "name": "Amaizing Grace",
        "religion": "christian"
      },
      "geometry": {
        "type": "Point",
        "coordinates": [
          36.7457532,
          -1.281761
        ]
      },
      "id": "node/8109391905"
    },
    {
      "type": "Feature",
      "properties": {
        "@id": "node/8109391906",
        "amenity": "place_of_worship",
        "image": "https://kc.humanitarianresponse.info/attachment/original?media_file=mapkibera/attachments/1591348545427.jpg",
        "name": "Great Faith",
        "religion": "christian"
      },
      "geometry": {
        "type": "Point",
        "coordinates": [
          36.7459987,
          -1.2848446
        ]
      },
      "id": "node/8109391906"
    },
    {
      "type": "Feature",
      "properties": {
        "@id": "node/8109391907",
        "amenity": "place_of_worship",
        "check_date": "2023-05-02",
        "image": "https://kc.humanitarianresponse.info/attachment/original?media_file=mapkibera/attachments/1591346601267.jpg",
        "name": "Legion Maria Church",
        "religion": "christian"
      },
      "geometry": {
        "type": "Point",
        "coordinates": [
          36.7467636,
          -1.2795574
        ]
      },
      "id": "node/8109391907"
    },
    {
      "type": "Feature",
      "properties": {
        "@id": "node/8109391908",
        "amenity": "place_of_worship",
        "image": "https://kc.humanitarianresponse.info/attachment/original?media_file=mapkibera/attachments/1591346439698.jpg",
        "name": "Pentecost Church",
        "religion": "christian"
      },
      "geometry": {
        "type": "Point",
        "coordinates": [
          36.749458,
          -1.2804843
        ]
      },
      "id": "node/8109391908"
    },
    {
      "type": "Feature",
      "properties": {
        "@id": "node/8109391909",
        "amenity": "place_of_worship",
        "image": "https://kc.humanitarianresponse.info/attachment/original?media_file=mapkibera/attachments/1591346353108.jpg",
        "name": "Springs of Blessings Church",
        "religion": "christian"
      },
      "geometry": {
        "type": "Point",
        "coordinates": [
          36.7507515,
          -1.2784389
        ]
      },
      "id": "node/8109391909"
    },
    {
      "type": "Feature",
      "properties": {
        "@id": "node/8109391910",
        "amenity": "place_of_worship",
        "check_date": "2023-05-02",
        "image": "https://kc.humanitarianresponse.info/attachment/original?media_file=mapkibera/attachments/1591341947040.jpg",
        "name": "Emmanuel Miracle Church",
        "religion": "christian"
      },
      "geometry": {
        "type": "Point",
        "coordinates": [
          36.7451343,
          -1.2840222
        ]
      },
      "id": "node/8109391910"
    },
    {
      "type": "Feature",
      "properties": {
        "@id": "node/8109391911",
        "amenity": "place_of_worship",
        "image": "https://kc.humanitarianresponse.info/attachment/original?media_file=mapkibera/attachments/1591341558583.jpg",
        "name": "Lowrem Worship Center",
        "religion": "christian"
      },
      "geometry": {
        "type": "Point",
        "coordinates": [
          36.7467636,
          -1.2861179
        ]
      },
      "id": "node/8109391911"
    },
    {
      "type": "Feature",
      "properties": {
        "@id": "node/8109391912",
        "amenity": "place_of_worship",
        "image": "https://kc.humanitarianresponse.info/attachment/original?media_file=mapkibera/attachments/1591269897264.jpg",
        "name": "Methodist Church in Kenya",
        "religion": "christian"
      },
      "geometry": {
        "type": "Point",
        "coordinates": [
          36.747846,
          -1.2836962
        ]
      },
      "id": "node/8109391912"
    },
    {
      "type": "Feature",
      "properties": {
        "@id": "node/8109391913",
        "amenity": "place_of_worship",
        "image": "https://kc.humanitarianresponse.info/attachment/original?media_file=mapkibera/attachments/1591269318408.jpg",
        "name": "Children of the Promise Church",
        "religion": "christian"
      },
      "geometry": {
        "type": "Point",
        "coordinates": [
          36.7468183,
          -1.2839954
        ]
      },
      "id": "node/8109391913"
    },
    {
      "type": "Feature",
      "properties": {
        "@id": "node/8109391914",
        "amenity": "place_of_worship",
        "image": "https://kc.humanitarianresponse.info/attachment/original?media_file=mapkibera/attachments/1591270733391.jpg",
        "name": "The Nairobi Metropolitant Pentecostal Church",
        "religion": "christian"
      },
      "geometry": {
        "type": "Point",
        "coordinates": [
          36.7490725,
          -1.2849925
        ]
      },
      "id": "node/8109391914"
    },
    {
      "type": "Feature",
      "properties": {
        "@id": "node/8109391915",
        "amenity": "place_of_worship",
        "image": "https://kc.humanitarianresponse.info/attachment/original?media_file=mapkibera/attachments/1591269836353.jpg",
        "name": "Methodist Church",
        "religion": "christian"
      },
      "geometry": {
        "type": "Point",
        "coordinates": [
          36.7430588,
          -1.28132
        ]
      },
      "id": "node/8109391915"
    },
    {
      "type": "Feature",
      "properties": {
        "@id": "node/8109391916",
        "amenity": "place_of_worship",
        "image": "https://kc.humanitarianresponse.info/attachment/original?media_file=mapkibera/attachments/1591269589021.jpg",
        "name": "Bible Baptist Church",
        "religion": "christian"
      },
      "geometry": {
        "type": "Point",
        "coordinates": [
          36.7464941,
          -1.2843443
        ]
      },
      "id": "node/8109391916"
    },
    {
      "type": "Feature",
      "properties": {
        "@id": "node/8109441217",
        "amenity": "place_of_worship",
        "check_date": "2023-05-02",
        "image": "https://kc.humanitarianresponse.info/attachment/original?media_file=mapkibera/attachments/1591260205101.jpg",
        "name": "Jesus Christ is the Lord Universal",
        "religion": "christian"
      },
      "geometry": {
        "type": "Point",
        "coordinates": [
          36.7488904,
          -1.2874187
        ]
      },
      "id": "node/8109441217"
    },
    {
      "type": "Feature",
      "properties": {
        "@id": "node/8109441218",
        "amenity": "place_of_worship",
        "check_date": "2023-05-02",
        "image": "https://kc.humanitarianresponse.info/attachment/original?media_file=mapkibera/attachments/1591259714259.jpg",
        "name": "Heavenly Glory Revelation Ministries Kawangware",
        "religion": "christian"
      },
      "geometry": {
        "type": "Point",
        "coordinates": [
          36.7505083,
          -1.28791
        ]
      },
      "id": "node/8109441218"
    },
    {
      "type": "Feature",
      "properties": {
        "@id": "node/8109441219",
        "amenity": "place_of_worship",
        "image": "https://kc.humanitarianresponse.info/attachment/original?media_file=mapkibera/attachments/1591256130994.jpg",
        "name": "Bernard PAG Assembly",
        "religion": "christian"
      },
      "geometry": {
        "type": "Point",
        "coordinates": [
          36.7527783,
          -1.2884299
        ]
      },
      "id": "node/8109441219"
    },
    {
      "type": "Feature",
      "properties": {
        "@id": "node/8109441220",
        "amenity": "place_of_worship",
        "check_date": "2023-05-02",
        "image": "https://kc.humanitarianresponse.info/attachment/original?media_file=mapkibera/attachments/1591253128370.jpg",
        "name": "Maximum Miracle Center Kawangware",
        "religion": "christian"
      },
      "geometry": {
        "type": "Point",
        "coordinates": [
          36.7495037,
          -1.2876521
        ]
      },
      "id": "node/8109441220"
    },
    {
      "type": "Feature",
      "properties": {
        "@id": "node/8109441221",
        "amenity": "place_of_worship",
        "check_date": "2023-05-02",
        "image": "https://kc.humanitarianresponse.info/attachment/original?media_file=mapkibera/attachments/1591249409303.jpg",
        "name": "Friends Church (Quakers)",
        "religion": "christian"
      },
      "geometry": {
        "type": "Point",
        "coordinates": [
          36.7493273,
          -1.286327
        ]
      },
      "id": "node/8109441221"
    },
    {
      "type": "Feature",
      "properties": {
        "@id": "node/8109441222",
        "amenity": "place_of_worship",
        "image": "https://kc.humanitarianresponse.info/attachment/original?media_file=mapkibera/attachments/1591259588853.jpg",
        "name": "Heavenly Glory",
        "religion": "christian"
      },
      "geometry": {
        "type": "Point",
        "coordinates": [
          36.7509683,
          -1.288294
        ]
      },
      "id": "node/8109441222"
    },
    {
      "type": "Feature",
      "properties": {
        "@id": "node/8109441223",
        "amenity": "place_of_worship",
        "check_date": "2023-05-02",
        "image": "https://kc.humanitarianresponse.info/attachment/original?media_file=mapkibera/attachments/1591178590908.jpg",
        "name": "Pentecostal Evangelism Team",
        "religion": "christian"
      },
      "geometry": {
        "type": "Point",
        "coordinates": [
          36.7513183,
          -1.2865017
        ]
      },
      "id": "node/8109441223"
    },
    {
      "type": "Feature",
      "properties": {
        "@id": "node/8109441224",
        "amenity": "place_of_worship",
        "check_date": "2023-05-02",
        "image": "https://kc.humanitarianresponse.info/attachment/original?media_file=mapkibera/attachments/1591177347004.jpg",
        "name": "Well of Glory Ministries",
        "religion": "christian"
      },
      "geometry": {
        "type": "Point",
        "coordinates": [
          36.7504217,
          -1.2864417
        ]
      },
      "id": "node/8109441224"
    },
    {
      "type": "Feature",
      "properties": {
        "@id": "node/8109441225",
        "amenity": "place_of_worship",
        "check_date": "2023-05-02",
        "image": "https://kc.humanitarianresponse.info/attachment/original?media_file=mapkibera/attachments/1591176978660.jpg",
        "name": "Joyspring Community Center",
        "religion": "christian"
      },
      "geometry": {
        "type": "Point",
        "coordinates": [
          36.7499695,
          -1.2859588
        ]
      },
      "id": "node/8109441225"
    },
    {
      "type": "Feature",
      "properties": {
        "@id": "node/8109441226",
        "amenity": "place_of_worship",
        "check_date": "2023-05-02",
        "image": "https://kc.humanitarianresponse.info/attachment/original?media_file=mapkibera/attachments/1591176869287.jpg",
        "name": "Hosanna Community Church",
        "religion": "christian"
      },
      "geometry": {
        "type": "Point",
        "coordinates": [
          36.7497893,
          -1.2858634
        ]
      },
      "id": "node/8109441226"
    },
    {
      "type": "Feature",
      "properties": {
        "@id": "node/8109441227",
        "amenity": "place_of_worship",
        "check_date": "2023-05-02",
        "image": "https://kc.humanitarianresponse.info/attachment/original?media_file=mapkibera/attachments/1591176813380.jpg",
        "name": "Salvation Army",
        "religion": "christian"
      },
      "geometry": {
        "type": "Point",
        "coordinates": [
          36.7497294,
          -1.2860378
        ]
      },
      "id": "node/8109441227"
    },
    {
      "type": "Feature",
      "properties": {
        "@id": "node/8109441228",
        "amenity": "place_of_worship",
        "check_date": "2023-05-02",
        "image": "https://kc.humanitarianresponse.info/attachment/original?media_file=mapkibera/attachments/1591172838714.jpg",
        "name": "Christ Restoration Center",
        "religion": "christian"
      },
      "geometry": {
        "type": "Point",
        "coordinates": [
          36.7514321,
          -1.2846697
        ]
      },
      "id": "node/8109441228"
    },
    {
      "type": "Feature",
      "properties": {
        "@id": "node/8109441229",
        "amenity": "place_of_worship",
        "check_date": "2023-05-02",
        "image": "https://kc.humanitarianresponse.info/attachment/original?media_file=mapkibera/attachments/1591172400396.jpg",
        "name": "Riruta Church of God",
        "religion": "christian"
      },
      "geometry": {
        "type": "Point",
        "coordinates": [
          36.7512696,
          -1.2848527
        ]
      },
      "id": "node/8109441229"
    },
    {
      "type": "Feature",
      "properties": {
        "@id": "node/8109441230",
        "amenity": "place_of_worship",
        "image": "https://kc.humanitarianresponse.info/attachment/original?media_file=mapkibera/attachments/1591175869649.jpg",
        "name": "Evangelical Lutheran Church Of Kenya",
        "religion": "christian"
      },
      "geometry": {
        "type": "Point",
        "coordinates": [
          36.7488624,
          -1.2829882
        ]
      },
      "id": "node/8109441230"
    },
    {
      "type": "Feature",
      "properties": {
        "@id": "node/8109441231",
        "amenity": "place_of_worship",
        "image": "https://kc.humanitarianresponse.info/attachment/original?media_file=mapkibera/attachments/1591174373178.jpg",
        "name": "All Nations Spiritual Life Ministries",
        "religion": "christian"
      },
      "geometry": {
        "type": "Point",
        "coordinates": [
          36.7508817,
          -1.2824509
        ]
      },
      "id": "node/8109441231"
    },
    {
      "type": "Feature",
      "properties": {
        "@id": "node/8109441232",
        "amenity": "place_of_worship",
        "image": "https://kc.humanitarianresponse.info/attachment/original?media_file=mapkibera/attachments/1591173022122.jpg",
        "name": "Christ Restoration Center",
        "religion": "christian"
      },
      "geometry": {
        "type": "Point",
        "coordinates": [
          36.7506621,
          -1.2844901
        ]
      },
      "id": "node/8109441232"
    },
    {
      "type": "Feature",
      "properties": {
        "@id": "node/8109441233",
        "amenity": "place_of_worship",
        "image": "https://kc.humanitarianresponse.info/attachment/original?media_file=mapkibera/attachments/1591172044078.jpg",
        "name": "Riruta Church of God",
        "religion": "christian"
      },
      "geometry": {
        "type": "Point",
        "coordinates": [
          36.7514517,
          -1.2841312
        ]
      },
      "id": "node/8109441233"
    },
    {
      "type": "Feature",
      "properties": {
        "@id": "node/8109441234",
        "amenity": "place_of_worship",
        "check_date": "2023-05-02",
        "image": "https://kc.humanitarianresponse.info/attachment/original?media_file=mapkibera/attachments/1591169509003.jpg",
        "name": "Professional Church of God",
        "religion": "christian"
      },
      "geometry": {
        "type": "Point",
        "coordinates": [
          36.7520383,
          -1.2836583
        ]
      },
      "id": "node/8109441234"
    },
    {
      "type": "Feature",
      "properties": {
        "@id": "node/8109441235",
        "amenity": "place_of_worship",
        "check_date": "2023-05-02",
        "image": "https://kc.humanitarianresponse.info/attachment/original?media_file=mapkibera/attachments/1591169203367.jpg",
        "name": "Compassion Fellowship Center",
        "religion": "christian"
      },
      "geometry": {
        "type": "Point",
        "coordinates": [
          36.7520955,
          -1.2840516
        ]
      },
      "id": "node/8109441235"
    },
    {
      "type": "Feature",
      "properties": {
        "@id": "node/8109441236",
        "amenity": "place_of_worship",
        "check_date": "2023-05-02",
        "image": "https://kc.humanitarianresponse.info/attachment/original?media_file=mapkibera/attachments/1591168369624.jpg",
        "name": "Kingdom Hall of Jehovah's witnesses",
        "religion": "christian"
      },
      "geometry": {
        "type": "Point",
        "coordinates": [
          36.7515664,
          -1.2849356
        ]
      },
      "id": "node/8109441236"
    },
    {
      "type": "Feature",
      "properties": {
        "@id": "node/8109441237",
        "amenity": "place_of_worship",
        "image": "https://kc.humanitarianresponse.info/attachment/original?media_file=mapkibera/attachments/1591168088773.jpg",
        "name": "A. I. C kabiro",
        "religion": "christian"
      },
      "geometry": {
        "type": "Point",
        "coordinates": [
          36.7512983,
          -1.2851967
        ]
      },
      "id": "node/8109441237"
    },
    {
      "type": "Feature",
      "properties": {
        "@id": "node/8109441238",
        "amenity": "place_of_worship",
        "image": "https://kc.humanitarianresponse.info/attachment/original?media_file=mapkibera/attachments/1591168001458.jpg",
        "name": "Gospel Hammers International",
        "religion": "christian"
      },
      "geometry": {
        "type": "Point",
        "coordinates": [
          36.7508129,
          -1.2852188
        ]
      },
      "id": "node/8109441238"
    },
    {
      "type": "Feature",
      "properties": {
        "@id": "node/8109441239",
        "amenity": "place_of_worship",
        "check_date": "2023-05-02",
        "image": "https://kc.humanitarianresponse.info/attachment/original?media_file=mapkibera/attachments/1591167729856.jpg",
        "name": "Gospel Harvest Ministries",
        "religion": "christian"
      },
      "geometry": {
        "type": "Point",
        "coordinates": [
          36.75152,
          -1.2855117
        ]
      },
      "id": "node/8109441239"
    },
    {
      "type": "Feature",
      "properties": {
        "@id": "node/8109441240",
        "amenity": "place_of_worship",
        "check_date": "2023-05-02",
        "image": "https://kc.humanitarianresponse.info/attachment/original?media_file=mapkibera/attachments/1591167585778.jpg",
        "name": "ADC-Jerusalem AssGatina Region",
        "religion": "christian"
      },
      "geometry": {
        "type": "Point",
        "coordinates": [
          36.7515027,
          -1.2857454
        ]
      },
      "id": "node/8109441240"
    },
    {
      "type": "Feature",
      "properties": {
        "@id": "node/8109441241",
        "amenity": "place_of_worship",
        "image": "https://kc.humanitarianresponse.info/attachment/original?media_file=mapkibera/attachments/1591162463436.jpg",
        "name": "The harvest Center Fellowship",
        "religion": "christian"
      },
      "geometry": {
        "type": "Point",
        "coordinates": [
          36.7522683,
          -1.2862117
        ]
      },
      "id": "node/8109441241"
    },
    {
      "type": "Feature",
      "properties": {
        "@id": "node/8109441242",
        "amenity": "place_of_worship",
        "image": "https://kc.humanitarianresponse.info/attachment/original?media_file=mapkibera/attachments/1591161851506.jpg",
        "name": "Living Hope Ministry",
        "religion": "christian"
      },
      "geometry": {
        "type": "Point",
        "coordinates": [
          36.752192,
          -1.2864188
        ]
      },
      "id": "node/8109441242"
    },
    {
      "type": "Feature",
      "properties": {
        "@id": "node/8109441243",
        "amenity": "place_of_worship",
        "check_date": "2023-04-26",
        "image": "https://kc.humanitarianresponse.info/attachment/original?media_file=mapkibera/attachments/1591352132710.jpg",
        "name": "Voice of Prayer Ministry",
        "religion": "christian"
      },
      "geometry": {
        "type": "Point",
        "coordinates": [
          36.7595763,
          -1.2764216
        ]
      },
      "id": "node/8109441243"
    },
    {
      "type": "Feature",
      "properties": {
        "@id": "node/8109441244",
        "amenity": "place_of_worship",
        "image": "https://kc.humanitarianresponse.info/attachment/original?media_file=mapkibera/attachments/1591350976361.jpg",
        "name": "Bethel Centre Ministry",
        "religion": "christian"
      },
      "geometry": {
        "type": "Point",
        "coordinates": [
          36.7543833,
          -1.28498
        ]
      },
      "id": "node/8109441244"
    },
    {
      "type": "Feature",
      "properties": {
        "@id": "node/8109441245",
        "amenity": "place_of_worship",
        "check_date": "2023-04-26",
        "image": "https://kc.humanitarianresponse.info/attachment/original?media_file=mapkibera/attachments/1591342407849.jpg",
        "name": "Christian Foundation of Life Ministries",
        "religion": "christian"
      },
      "geometry": {
        "type": "Point",
        "coordinates": [
          36.7582144,
          -1.2815291
        ]
      },
      "id": "node/8109441245"
    },
    {
      "type": "Feature",
      "properties": {
        "@id": "node/8109441246",
        "amenity": "place_of_worship",
        "image": "https://kc.humanitarianresponse.info/attachment/original?media_file=mapkibera/attachments/1591339259157.jpg",
        "name": "Timau P.A.G",
        "religion": "christian"
      },
      "geometry": {
        "type": "Point",
        "coordinates": [
          36.7519498,
          -1.2797103
        ]
      },
      "id": "node/8109441246"
    },
    {
      "type": "Feature",
      "properties": {
        "@id": "node/8109441247",
        "amenity": "place_of_worship",
        "image": "https://kc.humanitarianresponse.info/attachment/original?media_file=mapkibera/attachments/1591337965334.jpg",
        "name": "ACK St Lukes Riruta North Parish",
        "religion": "christian"
      },
      "geometry": {
        "type": "Point",
        "coordinates": [
          36.7508838,
          -1.2773192
        ]
      },
      "id": "node/8109441247"
    },
    {
      "type": "Feature",
      "properties": {
        "@id": "node/8109441248",
        "amenity": "place_of_worship",
        "check_date": "2023-05-02",
        "image": "https://kc.humanitarianresponse.info/attachment/original?media_file=mapkibera/attachments/1591278295085.jpg",
        "name": "Goshen International Christian Church",
        "religion": "christian"
      },
      "geometry": {
        "type": "Point",
        "coordinates": [
          36.7566117,
          -1.27975
        ]
      },
      "id": "node/8109441248"
    },
    {
      "type": "Feature",
      "properties": {
        "@id": "node/8109441249",
        "amenity": "place_of_worship",
        "image": "https://kc.humanitarianresponse.info/attachment/original?media_file=mapkibera/attachments/1591269829267.jpg",
        "name": "St. Francis Assist Catholic Church",
        "religion": "christian"
      },
      "geometry": {
        "type": "Point",
        "coordinates": [
          36.7544033,
          -1.2851333
        ]
      },
      "id": "node/8109441249"
    },
    {
      "type": "Feature",
      "properties": {
        "@id": "node/8109441250",
        "amenity": "place_of_worship",
        "image": "https://kc.humanitarianresponse.info/attachment/original?media_file=mapkibera/attachments/1591269936674.jpg",
        "name": "Kisiwa Ministry Church Centre",
        "religion": "christian"
      },
      "geometry": {
        "type": "Point",
        "coordinates": [
          36.7543932,
          -1.2851135
        ]
      },
      "id": "node/8109441250"
    },
    {
      "type": "Feature",
      "properties": {
        "@id": "node/8109441251",
        "amenity": "place_of_worship",
        "image": "https://kc.humanitarianresponse.info/attachment/original?media_file=mapkibera/attachments/1591268393194.jpg",
        "name": "The Holy Spirit Church",
        "religion": "christian"
      },
      "geometry": {
        "type": "Point",
        "coordinates": [
          36.75448,
          -1.2850683
        ]
      },
      "id": "node/8109441251"
    },
    {
      "type": "Feature",
      "properties": {
        "@id": "node/8109441252",
        "amenity": "place_of_worship",
        "image": "https://kc.humanitarianresponse.info/attachment/original?media_file=mapkibera/attachments/1591268192780.jpg",
        "name": "Kisima Ministry",
        "religion": "christian"
      },
      "geometry": {
        "type": "Point",
        "coordinates": [
          36.7544833,
          -1.28506
        ]
      },
      "id": "node/8109441252"
    },
    {
      "type": "Feature",
      "properties": {
        "@id": "node/8109441253",
        "amenity": "place_of_worship",
        "image": "https://kc.humanitarianresponse.info/attachment/original?media_file=mapkibera/attachments/1591268071478.jpg",
        "name": "VFC kenya",
        "religion": "christian"
      },
      "geometry": {
        "type": "Point",
        "coordinates": [
          36.7543879,
          -1.2851452
        ]
      },
      "id": "node/8109441253"
    },
    {
      "type": "Feature",
      "properties": {
        "@id": "node/8109441254",
        "amenity": "place_of_worship",
        "name": "Kisima PAG Church",
        "religion": "christian"
      },
      "geometry": {
        "type": "Point",
        "coordinates": [
          36.754337,
          -1.2851127
        ]
      },
      "id": "node/8109441254"
    },
    {
      "type": "Feature",
      "properties": {
        "@id": "node/8109441255",
        "amenity": "place_of_worship",
        "check_date": "2023-05-02",
        "image": "https://kc.humanitarianresponse.info/attachment/original?media_file=mapkibera/attachments/1591263012310.jpg",
        "name": "Rivers of Life Community Fellowship",
        "religion": "christian"
      },
      "geometry": {
        "type": "Point",
        "coordinates": [
          36.7587175,
          -1.2747201
        ]
      },
      "id": "node/8109441255"
    },
    {
      "type": "Feature",
      "properties": {
        "@id": "node/8109441256",
        "amenity": "place_of_worship",
        "check_date": "2023-04-26",
        "image": "https://kc.humanitarianresponse.info/attachment/original?media_file=mapkibera/attachments/1591262539088.jpg",
        "name": "World Hope Bible Institution",
        "religion": "christian"
      },
      "geometry": {
        "type": "Point",
        "coordinates": [
          36.7577758,
          -1.2751109
        ]
      },
      "id": "node/8109441256"
    },
    {
      "type": "Feature",
      "properties": {
        "@id": "node/8109441257",
        "amenity": "place_of_worship",
        "check_date": "2023-04-26",
        "image": "https://kc.humanitarianresponse.info/attachment/original?media_file=mapkibera/attachments/1591262342432.jpg",
        "name": "Gatina United Church",
        "religion": "christian"
      },
      "geometry": {
        "type": "Point",
        "coordinates": [
          36.757393,
          -1.275132
        ]
      },
      "id": "node/8109441257"
    },
    {
      "type": "Feature",
      "properties": {
        "@id": "node/8109441258",
        "amenity": "place_of_worship",
        "check_date": "2023-05-02",
        "image": "https://kc.humanitarianresponse.info/attachment/original?media_file=mapkibera/attachments/1591261026900.jpg",
        "name": "Marathon Faith Assemblies",
        "religion": "christian"
      },
      "geometry": {
        "type": "Point",
        "coordinates": [
          36.7557799,
          -1.2747393
        ]
      },
      "id": "node/8109441258"
    },
    {
      "type": "Feature",
      "properties": {
        "@id": "node/8109441259",
        "amenity": "place_of_worship",
        "image": "https://kc.humanitarianresponse.info/attachment/original?media_file=mapkibera/attachments/1591258967544.jpg",
        "name": "Mukuyu PAG Assembly",
        "religion": "christian"
      },
      "geometry": {
        "type": "Point",
        "coordinates": [
          36.7552738,
          -1.2764093
        ]
      },
      "id": "node/8109441259"
    },
    {
      "type": "Feature",
      "properties": {
        "@id": "node/8109441260",
        "amenity": "place_of_worship",
        "check_date": "2023-04-26",
        "image": "https://kc.humanitarianresponse.info/attachment/original?media_file=mapkibera/attachments/1591260099044.jpg",
        "name": "kabaras Checkpoint Church",
        "religion": "christian"
      },
      "geometry": {
        "type": "Point",
        "coordinates": [
          36.7568314,
          -1.2748712
        ]
      },
      "id": "node/8109441260"
    },
    {
      "type": "Feature",
      "properties": {
        "@id": "node/8109441261",
        "amenity": "place_of_worship",
        "check_date": "2023-04-26",
        "image": "https://kc.humanitarianresponse.info/attachment/original?media_file=mapkibera/attachments/1591260014386.jpg",
        "name": "Matunda Pentecostal Church",
        "religion": "christian"
      },
      "geometry": {
        "type": "Point",
        "coordinates": [
          36.7566422,
          -1.2746875
        ]
      },
      "id": "node/8109441261"
    },
    {
      "type": "Feature",
      "properties": {
        "@id": "node/8109441262",
        "amenity": "place_of_worship",
        "image": "https://kc.humanitarianresponse.info/attachment/original?media_file=mapkibera/attachments/1591259860762.jpg",
        "name": "New life Assembly Church",
        "religion": "christian"
      },
      "geometry": {
        "type": "Point",
        "coordinates": [
          36.755298,
          -1.2763903
        ]
      },
      "id": "node/8109441262"
    },
    {
      "type": "Feature",
      "properties": {
        "@id": "node/8109441263",
        "amenity": "place_of_worship",
        "image": "https://kc.humanitarianresponse.info/attachment/original?media_file=mapkibera/attachments/1591257702084.jpg",
        "name": "Full Gospel Faith Sanctuary",
        "religion": "christian"
      },
      "geometry": {
        "type": "Point",
        "coordinates": [
          36.7552922,
          -1.2763898
        ]
      },
      "id": "node/8109441263"
    },
    {
      "type": "Feature",
      "properties": {
        "@id": "node/8109441264",
        "amenity": "place_of_worship",
        "check_date": "2023-05-02",
        "image": "https://kc.humanitarianresponse.info/attachment/original?media_file=mapkibera/attachments/1591255309863.jpg",
        "name": "Children of God Generation Church",
        "religion": "christian"
      },
      "geometry": {
        "type": "Point",
        "coordinates": [
          36.7565229,
          -1.2815583
        ]
      },
      "id": "node/8109441264"
    },
    {
      "type": "Feature",
      "properties": {
        "@id": "node/8109441265",
        "amenity": "place_of_worship",
        "image": "https://kc.humanitarianresponse.info/attachment/original?media_file=mapkibera/attachments/1591255018094.jpg",
        "name": "Revival",
        "religion": "christian"
      },
      "geometry": {
        "type": "Point",
        "coordinates": [
          36.7565463,
          -1.2816593
        ]
      },
      "id": "node/8109441265"
    },
    {
      "type": "Feature",
      "properties": {
        "@id": "node/8109441266",
        "amenity": "place_of_worship",
        "check_date": "2023-05-02",
        "image": "https://kc.humanitarianresponse.info/attachment/original?media_file=mapkibera/attachments/1591254945125.jpg",
        "name": "Salvation Army",
        "religion": "christian"
      },
      "geometry": {
        "type": "Point",
        "coordinates": [
          36.756601,
          -1.2818703
        ]
      },
      "id": "node/8109441266"
    },
    {
      "type": "Feature",
      "properties": {
        "@id": "node/8109441267",
        "amenity": "place_of_worship",
        "image": "https://kc.humanitarianresponse.info/attachment/original?media_file=mapkibera/attachments/1591254496453.jpg",
        "name": "Glory Networking Evangelism",
        "religion": "christian"
      },
      "geometry": {
        "type": "Point",
        "coordinates": [
          36.751674,
          -1.2776274
        ]
      },
      "id": "node/8109441267"
    },
    {
      "type": "Feature",
      "properties": {
        "@id": "node/8109441268",
        "amenity": "place_of_worship",
        "check_date": "2023-04-26",
        "image": "https://kc.humanitarianresponse.info/attachment/original?media_file=mapkibera/attachments/1591253969525.jpg",
        "name": "Ushindi PAG",
        "religion": "christian"
      },
      "geometry": {
        "type": "Point",
        "coordinates": [
          36.7515412,
          -1.2756661
        ]
      },
      "id": "node/8109441268"
    },
    {
      "type": "Feature",
      "properties": {
        "@id": "node/8109441269",
        "amenity": "place_of_worship",
        "image": "https://kc.humanitarianresponse.info/attachment/original?media_file=mapkibera/attachments/1591254091295.jpg",
        "name": "A.P.E.C Covenant Assembly",
        "religion": "christian"
      },
      "geometry": {
        "type": "Point",
        "coordinates": [
          36.7516955,
          -1.2774887
        ]
      },
      "id": "node/8109441269"
    },
    {
      "type": "Feature",
      "properties": {
        "@id": "node/8109441270",
        "amenity": "place_of_worship",
        "check_date": "2023-04-26",
        "image": "https://kc.humanitarianresponse.info/attachment/original?media_file=mapkibera/attachments/1591253199317.jpg",
        "name": "Light of the World Church",
        "religion": "christian"
      },
      "geometry": {
        "type": "Point",
        "coordinates": [
          36.7508701,
          -1.276459
        ]
      },
      "id": "node/8109441270"
    },
    {
      "type": "Feature",
      "properties": {
        "@id": "node/8109441271",
        "amenity": "place_of_worship",
        "check_date": "2023-04-26",
        "image": "https://kc.humanitarianresponse.info/attachment/original?media_file=mapkibera/attachments/1591253022167.jpg",
        "name": "Bethlehem Church",
        "religion": "christian"
      },
      "geometry": {
        "type": "Point",
        "coordinates": [
          36.7508682,
          -1.2764588
        ]
      },
      "id": "node/8109441271"
    },
    {
      "type": "Feature",
      "properties": {
        "@id": "node/8109441272",
        "amenity": "place_of_worship",
        "check_date": "2023-04-26",
        "image": "1https://kc.humanitarianresponse.info/attachment/original?media_file=mapkibera/attachments/591250886458.jpg",
        "name": "United Pentecostal Church Faith Foundation",
        "religion": "christian"
      },
      "geometry": {
        "type": "Point",
        "coordinates": [
          36.7498919,
          -1.2759227
        ]
      },
      "id": "node/8109441272"
    },
    {
      "type": "Feature",
      "properties": {
        "@id": "node/8109441273",
        "amenity": "place_of_worship",
        "image": "https://kc.humanitarianresponse.info/attachment/original?media_file=mapkibera/attachments/1591251882291.jpg",
        "name": "The A.C.O.H.S Galilaya 20",
        "religion": "christian"
      },
      "geometry": {
        "type": "Point",
        "coordinates": [
          36.7498612,
          -1.2754546
        ]
      },
      "id": "node/8109441273"
    },
    {
      "type": "Feature",
      "properties": {
        "@id": "node/8109441274",
        "amenity": "place_of_worship",
        "check_date": "2023-04-26",
        "image": "https://kc.humanitarianresponse.info/attachment/original?media_file=mapkibera/attachments/1591250878080.jpg",
        "name": "Matendo Evangelism Centre",
        "religion": "christian"
      },
      "geometry": {
        "type": "Point",
        "coordinates": [
          36.7498496,
          -1.2750201
        ]
      },
      "id": "node/8109441274"
    },
    {
      "type": "Feature",
      "properties": {
        "@id": "node/8109441275",
        "amenity": "place_of_worship",
        "check_date": "2023-05-02",
        "image": "https://kc.humanitarianresponse.info/attachment/original?media_file=mapkibera/attachments/1591179206473.jpg",
        "name": "Independent Presbyterian Church",
        "religion": "christian"
      },
      "geometry": {
        "type": "Point",
        "coordinates": [
          36.7567838,
          -1.2757213
        ]
      },
      "id": "node/8109441275"
    },
    {
      "type": "Feature",
      "properties": {
        "@id": "node/8109441276",
        "amenity": "place_of_worship",
        "check_date": "2023-05-02",
        "image": "https://kc.humanitarianresponse.info/attachment/original?media_file=mapkibera/attachments/1591178914534.jpg",
        "name": "AIC Ebenezer",
        "religion": "christian"
      },
      "geometry": {
        "type": "Point",
        "coordinates": [
          36.7574819,
          -1.2748504
        ]
      },
      "id": "node/8109441276"
    },
    {
      "type": "Feature",
      "properties": {
        "@id": "node/8109441277",
        "amenity": "place_of_worship",
        "check_date": "2023-04-26",
        "image": "https://kc.humanitarianresponse.info/attachment/original?media_file=mapkibera/attachments/1591162413522.jpg",
        "name": "Kisima PAG Church",
        "religion": "christian"
      },
      "geometry": {
        "type": "Point",
        "coordinates": [
          36.7602077,
          -1.2824029
        ]
      },
      "id": "node/8109441277"
    },
    {
      "type": "Feature",
      "properties": {
        "@id": "node/8109441278",
        "amenity": "place_of_worship",
        "check_date": "2023-04-26",
        "image": "https://kc.humanitarianresponse.info/attachment/original?media_file=mapkibera/attachments/1591162361030.jpg",
        "name": "Deliverance Church Amboseli",
        "religion": "christian"
      },
      "geometry": {
        "type": "Point",
        "coordinates": [
          36.760115,
          -1.2823433
        ]
      },
      "id": "node/8109441278"
    },
    {
      "type": "Feature",
      "properties": {
        "@id": "node/8109441279",
        "amenity": "place_of_worship",
        "image": "https://kc.humanitarianresponse.info/attachment/original?media_file=mapkibera/attachments/1591270342659.jpg",
        "name": "Huduma Cathedral of Hope",
        "religion": "christian"
      },
      "geometry": {
        "type": "Point",
        "coordinates": [
          36.7544257,
          -1.2850623
        ]
      },
      "id": "node/8109441279"
    },
    {
      "type": "Feature",
      "properties": {
        "@id": "node/8109441280",
        "amenity": "place_of_worship",
        "image": "https://kc.humanitarianresponse.info/attachment/original?media_file=mapkibera/attachments/1591270204432.jpg",
        "name": "Friends Church Quakers",
        "religion": "christian"
      },
      "geometry": {
        "type": "Point",
        "coordinates": [
          36.7543476,
          -1.285106
        ]
      },
      "id": "node/8109441280"
    },
    {
      "type": "Feature",
      "properties": {
        "@id": "node/8109441281",
        "amenity": "place_of_worship",
        "name": "The Lord Worship Centre",
        "religion": "christian"
      },
      "geometry": {
        "type": "Point",
        "coordinates": [
          36.7543081,
          -1.2851172
        ]
      },
      "id": "node/8109441281"
    },
    {
      "type": "Feature",
      "properties": {
        "@id": "node/8109441282",
        "amenity": "place_of_worship",
        "image": "https://kc.humanitarianresponse.info/attachment/original?media_file=mapkibera/attachments/1591251392802.jpg",
        "name": "Amboseli PAG Church",
        "religion": "christian"
      },
      "geometry": {
        "type": "Point",
        "coordinates": [
          36.7549177,
          -1.2856437
        ]
      },
      "id": "node/8109441282"
    },
    {
      "type": "Feature",
      "properties": {
        "@id": "node/8109441283",
        "amenity": "place_of_worship",
        "check_date": "2023-05-02",
        "image": "https://kc.humanitarianresponse.info/attachment/original?media_file=mapkibera/attachments/1591165895763.jpg",
        "name": "Hope Church",
        "religion": "christian"
      },
      "geometry": {
        "type": "Point",
        "coordinates": [
          36.7582049,
          -1.2848918
        ]
      },
      "id": "node/8109441283"
    },
    {
      "type": "Feature",
      "properties": {
        "@id": "node/8109441284",
        "amenity": "place_of_worship",
        "image": "https://kc.humanitarianresponse.info/attachment/original?media_file=mapkibera/attachments/1591160523289.jpg",
        "name": "Salvation Army Church",
        "religion": "christian"
      },
      "geometry": {
        "type": "Point",
        "coordinates": [
          36.7544634,
          -1.2851869
        ]
      },
      "id": "node/8109441284"
    },
    {
      "type": "Feature",
      "properties": {
        "@id": "node/8109441285",
        "amenity": "place_of_worship",
        "image": "https://kc.humanitarianresponse.info/attachment/original?media_file=mapkibera/attachments/1591160245676.jpg",
        "name": "Salvation Army Church",
        "religion": "christian"
      },
      "geometry": {
        "type": "Point",
        "coordinates": [
          36.7544079,
          -1.2851347
        ]
      },
      "id": "node/8109441285"
    },
    {
      "type": "Feature",
      "properties": {
        "@id": "node/8109441286",
        "amenity": "place_of_worship",
        "image": "https://kc.humanitarianresponse.info/attachment/original?media_file=mapkibera/attachments/1591345626355.jpg",
        "name": "United Church of Calvary",
        "religion": "christian"
      },
      "geometry": {
        "type": "Point",
        "coordinates": [
          36.74859,
          -1.2893433
        ]
      },
      "id": "node/8109441286"
    },
    {
      "type": "Feature",
      "properties": {
        "@id": "node/8109441287",
        "amenity": "place_of_worship",
        "image": "https://kc.humanitarianresponse.info/attachment/original?media_file=mapkibera/attachments/1591340816351.JPG",
        "name": "Foundation of Praise Ministries",
        "religion": "christian"
      },
      "geometry": {
        "type": "Point",
        "coordinates": [
          36.746995,
          -1.28948
        ]
      },
      "id": "node/8109441287"
    },
    {
      "type": "Feature",
      "properties": {
        "@id": "node/8109441288",
        "amenity": "place_of_worship",
        "image": "https://kc.humanitarianresponse.info/attachment/original?media_file=mapkibera/attachments/1591340647626.JPG",
        "name": "Jericho PAG Church",
        "religion": "christian"
      },
      "geometry": {
        "type": "Point",
        "coordinates": [
          36.7470717,
          -1.28962
        ]
      },
      "id": "node/8109441288"
    },
    {
      "type": "Feature",
      "properties": {
        "@id": "node/8109441290",
        "amenity": "place_of_worship",
        "image": "https://kc.humanitarianresponse.info/attachment/original?media_file=mapkibera/attachments/1591169721265.jpg",
        "religion": "muslim"
      },
      "geometry": {
        "type": "Point",
        "coordinates": [
          36.74956,
          -1.28966
        ]
      },
      "id": "node/8109441290"
    },
    {
      "type": "Feature",
      "properties": {
        "@id": "node/8109441291",
        "amenity": "place_of_worship",
        "image": "https://kc.humanitarianresponse.info/attachment/original?media_file=mapkibera/attachments/1591349928227.jpg",
        "name": "Fountain of Praise Ministries",
        "religion": "christian"
      },
      "geometry": {
        "type": "Point",
        "coordinates": [
          36.7493567,
          -1.288035
        ]
      },
      "id": "node/8109441291"
    },
    {
      "type": "Feature",
      "properties": {
        "@id": "node/8109441292",
        "amenity": "place_of_worship",
        "check_date": "2023-05-02",
        "image": "https://kc.humanitarianresponse.info/attachment/original?media_file=mapkibera/attachments/1591271990281.JPG",
        "name": "Revival Sanctuary of Glory",
        "religion": "christian"
      },
      "geometry": {
        "type": "Point",
        "coordinates": [
          36.7450817,
          -1.279445
        ]
      },
      "id": "node/8109441292"
    },
    {
      "type": "Feature",
      "properties": {
        "@id": "node/8109441293",
        "amenity": "place_of_worship",
        "check_date": "2023-04-26",
        "image": "https://kc.humanitarianresponse.info/attachment/original?media_file=mapkibera/attachments/1591263816786.jpg",
        "name": "Restoration International Church kawangware",
        "religion": "christian"
      },
      "geometry": {
        "type": "Point",
        "coordinates": [
          36.7477267,
          -1.2770733
        ]
      },
      "id": "node/8109441293"
    },
    {
      "type": "Feature",
      "properties": {
        "@id": "node/8109441294",
        "amenity": "place_of_worship",
        "check_date": "2023-04-15",
        "image": "https://kc.humanitarianresponse.info/attachment/original?media_file=mapkibera/attachments/1591261616989.jpg",
        "name": "Pentecostal Church",
        "religion": "christian"
      },
      "geometry": {
        "type": "Point",
        "coordinates": [
          36.7880687,
          -1.2856624
        ]
      },
      "id": "node/8109441294"
    },
    {
      "type": "Feature",
      "properties": {
        "@id": "node/8109441295",
        "amenity": "place_of_worship",
        "check_date": "2023-05-02",
        "image": "https://kc.humanitarianresponse.info/attachment/original?media_file=mapkibera/attachments/1591251968542.jpg",
        "name": "Church on the Rock",
        "religion": "christian"
      },
      "geometry": {
        "type": "Point",
        "coordinates": [
          36.7558566,
          -1.2718758
        ]
      },
      "id": "node/8109441295"
    },
    {
      "type": "Feature",
      "properties": {
        "@id": "node/8120343771",
        "addr:city": "Nairobi",
        "addr:housenumber": "--",
        "addr:postcode": "--",
        "addr:street": "--",
        "amenity": "place_of_worship",
        "denomination": "pentecostal",
        "name": "Fellowship Church International (Kwa-Ndege)",
        "religion": "christian",
        "service_times": "Unknown."
      },
      "geometry": {
        "type": "Point",
        "coordinates": [
          36.9011118,
          -1.304371
        ]
      },
      "id": "node/8120343771"
    },
    {
      "type": "Feature",
      "properties": {
        "@id": "node/8120393820",
        "addr:city": "Nairobi",
        "addr:housenumber": "--",
        "addr:postcode": "--",
        "addr:street": "--",
        "amenity": "place_of_worship",
        "denomination": "pentecostal",
        "name": "Oasis of Shalom Ministries",
        "religion": "christian",
        "service_times": "--"
      },
      "geometry": {
        "type": "Point",
        "coordinates": [
          36.9028226,
          -1.3039884
        ]
      },
      "id": "node/8120393820"
    },
    {
      "type": "Feature",
      "properties": {
        "@id": "node/8120477692",
        "addr:city": "Nairobi",
        "addr:housenumber": "--",
        "addr:postcode": "--",
        "addr:street": "--",
        "amenity": "place_of_worship",
        "denomination": "sunni",
        "name": "Masjid Noor (Mosque)",
        "religion": "muslim",
        "service_times": "Unknown"
      },
      "geometry": {
        "type": "Point",
        "coordinates": [
          36.9082063,
          -1.2964103
        ]
      },
      "id": "node/8120477692"
    },
    {
      "type": "Feature",
      "properties": {
        "@id": "node/8129086667",
        "amenity": "library",
        "condition": "good",
        "image": "https://kc.humanitarianresponse.info/attachment/original?media_file=mapkibera/attachments/1590395155045.jpg",
        "name": "Green Park Self Help group and Mind Me Community Library",
        "operator:description": "Green park self help group",
        "operator:funding": "Desai Memorial Foundation",
        "operator:type": "cbo"
      },
      "geometry": {
        "type": "Point",
        "coordinates": [
          36.846075,
          -1.2635783
        ]
      },
      "id": "node/8129086667"
    },
    {
      "type": "Feature",
      "properties": {
        "@id": "node/8157435202",
        "amenity": "library",
        "condition": "good",
        "image": "https://kc.humanitarianresponse.info/attachment/original?media_file=mapkibera/attachments/1592721981559.jpg",
        "name": "MYSA",
        "operator:description": "Mysa Mathare",
        "operator:funding": "Norway",
        "operator:type": "ngo"
      },
      "geometry": {
        "type": "Point",
        "coordinates": [
          36.8499467,
          -1.2644067
        ]
      },
      "id": "node/8157435202"
    },
    {
      "type": "Feature",
      "properties": {
        "@id": "node/8158442226",
        "amenity": "place_of_worship",
        "name": "PAG church",
        "religion": "christian"
      },
      "geometry": {
        "type": "Point",
        "coordinates": [
          36.9031721,
          -1.2995198
        ]
      },
      "id": "node/8158442226"
    },
    {
      "type": "Feature",
      "properties": {
        "@id": "node/8168676361",
        "amenity": "place_of_worship",
        "name": "Embakasi redeemed church",
        "religion": "christian"
      },
      "geometry": {
        "type": "Point",
        "coordinates": [
          36.9163934,
          -1.3052407
        ]
      },
      "id": "node/8168676361"
    },
    {
      "type": "Feature",
      "properties": {
        "@id": "node/8168685756",
        "amenity": "place_of_worship",
        "name": "SDA Church Embakasi Central",
        "religion": "christian"
      },
      "geometry": {
        "type": "Point",
        "coordinates": [
          36.912829,
          -1.3029672
        ]
      },
      "id": "node/8168685756"
    },
    {
      "type": "Feature",
      "properties": {
        "@id": "node/8184308734",
        "amenity": "library",
        "building:library": "yes",
        "condition": "good",
        "image": "https://kc.humanitarianresponse.info/attachment/original?media_file=mapkibera/attachments/1592552064416.jpg",
        "name": "Slin Muradi",
        "operator:description": "Slin Muradi",
        "operator:funding": "Tushinde",
        "operator:type": "cbo"
      },
      "geometry": {
        "type": "Point",
        "coordinates": [
          36.85907,
          -1.260965
        ]
      },
      "id": "node/8184308734"
    },
    {
      "type": "Feature",
      "properties": {
        "@id": "node/8294216011",
        "amenity": "place_of_worship",
        "name": "Kenya Assembies of God -Fedha Church",
        "religion": "christian"
      },
      "geometry": {
        "type": "Point",
        "coordinates": [
          36.8944352,
          -1.3140775
        ]
      },
      "id": "node/8294216011"
    },
    {
      "type": "Feature",
      "properties": {
        "@id": "node/8296786369",
        "addr:city": "Nairobi",
        "addr:street": "Guru Close",
        "amenity": "place_of_worship",
        "name": "St Joseph Catholic",
        "religion": "christian"
      },
      "geometry": {
        "type": "Point",
        "coordinates": [
          36.8719578,
          -1.2907213
        ]
      },
      "id": "node/8296786369"
    },
    {
      "type": "Feature",
      "properties": {
        "@id": "node/8296786371",
        "addr:city": "Nairobi",
        "addr:street": "Mumias Road",
        "amenity": "place_of_worship",
        "name": "Full Gospel Churches of Kenya - Buruburu",
        "religion": "christian"
      },
      "geometry": {
        "type": "Point",
        "coordinates": [
          36.8781041,
          -1.2760299
        ]
      },
      "id": "node/8296786371"
    },
    {
      "type": "Feature",
      "properties": {
        "@id": "node/8316046311",
        "amenity": "place_of_worship",
        "name": "Fedha Mosque",
        "religion": "muslim"
      },
      "geometry": {
        "type": "Point",
        "coordinates": [
          36.8963552,
          -1.3152013
        ]
      },
      "id": "node/8316046311"
    },
    {
      "type": "Feature",
      "properties": {
        "@id": "node/8338714162",
        "addr:city": "Nairobi",
        "addr:street": "Moi Drive",
        "amenity": "place_of_worship",
        "name": "ACK Saint Luke's",
        "religion": "christian"
      },
      "geometry": {
        "type": "Point",
        "coordinates": [
          36.8878865,
          -1.2795037
        ]
      },
      "id": "node/8338714162"
    },
    {
      "type": "Feature",
      "properties": {
        "@id": "node/8361990771",
        "amenity": "place_of_worship",
        "name": "Masjid Fawzan Mosque",
        "religion": "muslim"
      },
      "geometry": {
        "type": "Point",
        "coordinates": [
          36.8986143,
          -1.3086082
        ]
      },
      "id": "node/8361990771"
    },
    {
      "type": "Feature",
      "properties": {
        "@id": "node/8477583768",
        "amenity": "place_of_worship",
        "name": "PCEA Nairobi West Church",
        "religion": "christian"
      },
      "geometry": {
        "type": "Point",
        "coordinates": [
          36.8189106,
          -1.3125835
        ]
      },
      "id": "node/8477583768"
    },
    {
      "type": "Feature",
      "properties": {
        "@id": "node/8720699567",
        "amenity": "community_centre",
        "name": "Tazama nia community center"
      },
      "geometry": {
        "type": "Point",
        "coordinates": [
          36.7431711,
          -1.302291
        ]
      },
      "id": "node/8720699567"
    },
    {
      "type": "Feature",
      "properties": {
        "@id": "node/8763983817",
        "amenity": "community_centre",
        "condition": "good",
        "fee": "no",
        "image": "https://kc.humanitarianresponse.info/attachment/original?media_file=mapkibera/attachments/1591180658438.jpg",
        "name": "Dagoretti Youth Welfare Organization",
        "operational_status": "operational",
        "operator:description": "Dagoretti_youth_welfare_organization",
        "operator:funding": "Hadisi",
        "operator:type": "cbo"
      },
      "geometry": {
        "type": "Point",
        "coordinates": [
          36.7488717,
          -1.2877283
        ]
      },
      "id": "node/8763983817"
    },
    {
      "type": "Feature",
      "properties": {
        "@id": "node/8899062475",
        "amenity": "place_of_worship",
        "name": "Deliverance Church Eastleigh",
        "religion": "christian"
      },
      "geometry": {
        "type": "Point",
        "coordinates": [
          36.8471642,
          -1.2756156
        ]
      },
      "id": "node/8899062475"
    },
    {
      "type": "Feature",
      "properties": {
        "@id": "node/9144672278",
        "amenity": "place_of_worship",
        "denomination": "anglican",
        "name": "ACK NJIRU",
        "religion": "christian"
      },
      "geometry": {
        "type": "Point",
        "coordinates": [
          36.9428251,
          -1.2517823
        ]
      },
      "id": "node/9144672278"
    },
    {
      "type": "Feature",
      "properties": {
        "@id": "node/9189068287",
        "amenity": "place_of_worship",
        "religion": "christian"
      },
      "geometry": {
        "type": "Point",
        "coordinates": [
          36.8326731,
          -1.2588038
        ]
      },
      "id": "node/9189068287"
    },
    {
      "type": "Feature",
      "properties": {
        "@id": "node/9199386317",
        "amenity": "social_facility",
        "check_date": "2023-04-12",
        "name": "Ayany Primary School",
        "safe_place:acessible": "Big_vehicle",
        "safe_place:compound": "Yes",
        "safe_place:protected": "Yes",
        "safe_place:school": "yes",
        "security:description": "Ayany Community Police Post",
        "social_facility": "shelter"
      },
      "geometry": {
        "type": "Point",
        "coordinates": [
          36.7770682,
          -1.3082009
        ]
      },
      "id": "node/9199386317"
    },
    {
      "type": "Feature",
      "properties": {
        "@id": "node/9276846988",
        "addr:city": "Githurai",
        "addr:housenumber": "65018",
        "addr:street": "Off Thika Road",
        "amenity": "place_of_worship",
        "denomination": "protestant",
        "name": "Calvary Chapel Githurai",
        "religion": "christian",
        "service_times": "11am"
      },
      "geometry": {
        "type": "Point",
        "coordinates": [
          36.9133394,
          -1.205777
        ]
      },
      "id": "node/9276846988"
    },
    {
      "type": "Feature",
      "properties": {
        "@id": "node/9427766990",
        "amenity": "place_of_worship",
        "denomination": "evangelical",
        "name": "Joy Christian Fellowship Church",
        "religion": "christian"
      },
      "geometry": {
        "type": "Point",
        "coordinates": [
          36.8980227,
          -1.319159
        ]
      },
      "id": "node/9427766990"
    },
    {
      "type": "Feature",
      "properties": {
        "@id": "node/9447164681",
        "amenity": "place_of_worship",
        "religion": "christian"
      },
      "geometry": {
        "type": "Point",
        "coordinates": [
          36.7773532,
          -1.2167384
        ]
      },
      "id": "node/9447164681"
    },
    {
      "type": "Feature",
      "properties": {
        "@id": "node/9447164683",
        "amenity": "place_of_worship",
        "name": "Nyari PCEA",
        "religion": "christian"
      },
      "geometry": {
        "type": "Point",
        "coordinates": [
          36.7820393,
          -1.2226223
        ]
      },
      "id": "node/9447164683"
    },
    {
      "type": "Feature",
      "properties": {
        "@id": "node/9447164684",
        "amenity": "place_of_worship",
        "name": "Karura SDA Church",
        "religion": "christian"
      },
      "geometry": {
        "type": "Point",
        "coordinates": [
          36.7815878,
          -1.2234162
        ]
      },
      "id": "node/9447164684"
    },
    {
      "type": "Feature",
      "properties": {
        "@id": "node/9447164688",
        "amenity": "place_of_worship",
        "name": "Gachie Worship Centre",
        "religion": "christian"
      },
      "geometry": {
        "type": "Point",
        "coordinates": [
          36.7766731,
          -1.2202306
        ]
      },
      "id": "node/9447164688"
    },
    {
      "type": "Feature",
      "properties": {
        "@id": "node/9447164705",
        "amenity": "place_of_worship",
        "religion": "christian"
      },
      "geometry": {
        "type": "Point",
        "coordinates": [
          36.7760128,
          -1.2173835
        ]
      },
      "id": "node/9447164705"
    },
    {
      "type": "Feature",
      "properties": {
        "@id": "node/9447164707",
        "amenity": "place_of_worship",
        "religion": "christian"
      },
      "geometry": {
        "type": "Point",
        "coordinates": [
          36.7721935,
          -1.2179559
        ]
      },
      "id": "node/9447164707"
    },
    {
      "type": "Feature",
      "properties": {
        "@id": "node/9447165118",
        "amenity": "place_of_worship",
        "religion": "christian"
      },
      "geometry": {
        "type": "Point",
        "coordinates": [
          36.7648967,
          -1.2136853
        ]
      },
      "id": "node/9447165118"
    },
    {
      "type": "Feature",
      "properties": {
        "@id": "node/9447165127",
        "amenity": "place_of_worship",
        "religion": "christian"
      },
      "geometry": {
        "type": "Point",
        "coordinates": [
          36.767915,
          -1.2206457
        ]
      },
      "id": "node/9447165127"
    },
    {
      "type": "Feature",
      "properties": {
        "@id": "node/9447165129",
        "amenity": "place_of_worship",
        "religion": "christian"
      },
      "geometry": {
        "type": "Point",
        "coordinates": [
          36.7691285,
          -1.2194901
        ]
      },
      "id": "node/9447165129"
    },
    {
      "type": "Feature",
      "properties": {
        "@id": "node/9800982567",
        "amenity": "place_of_worship",
        "name": "PEFA utawala",
        "religion": "christian"
      },
      "geometry": {
        "type": "Point",
        "coordinates": [
          36.972995,
          -1.2887313
        ]
      },
      "id": "node/9800982567"
    },
    {
      "type": "Feature",
      "properties": {
        "@id": "node/9866032051",
        "amenity": "place_of_worship",
        "denomination": "pentecostal",
        "name": "PEFA Church Thika Road",
        "religion": "christian"
      },
      "geometry": {
        "type": "Point",
        "coordinates": [
          36.8994933,
          -1.2120261
        ]
      },
      "id": "node/9866032051"
    },
    {
      "type": "Feature",
      "properties": {
        "@id": "node/9907666743",
        "amenity": "place_of_worship",
        "building": "church",
        "denomination": "anglican",
        "name": "A.I.C. Kinoo 87 Church",
        "opening_hours": "Su 07:45-19:45; PH closed",
        "religion": "christian",
        "service_times": "Su 09:00-17:45; PH open",
        "wheelchair": "yes"
      },
      "geometry": {
        "type": "Point",
        "coordinates": [
          36.7033282,
          -1.257196
        ]
      },
      "id": "node/9907666743"
    },
    {
      "type": "Feature",
      "properties": {
        "@id": "node/9907674893",
        "amenity": "place_of_worship",
        "building": "church",
        "denomination": "pentecostal",
        "name": "PEFA Church Kinoo",
        "opening_hours": "Mo-Su 06:00-19:00; PH open",
        "religion": "christian",
        "service_times": "We 06:00-19:00; Su 08:00-13:00; PH open",
        "wheelchair": "yes"
      },
      "geometry": {
        "type": "Point",
        "coordinates": [
          36.6959939,
          -1.254681
        ]
      },
      "id": "node/9907674893"
    },
    {
      "type": "Feature",
      "properties": {
        "@id": "node/9907713549",
        "amenity": "place_of_worship",
        "building": "church",
        "denomination": "pentecostal",
        "name": "Kenya Assemblies of God Church",
        "opening_hours": "Su 09:00-17:00; PH open",
        "religion": "christian",
        "service_times": "Su 10:00-14:45; PH open",
        "wheelchair": "limited"
      },
      "geometry": {
        "type": "Point",
        "coordinates": [
          36.6992533,
          -1.2546183
        ]
      },
      "id": "node/9907713549"
    },
    {
      "type": "Feature",
      "properties": {
        "@id": "node/9935662295",
        "amenity": "place_of_worship",
        "building": "church",
        "denomination": "pentecostal",
        "name": "St Paul's Prayer Centre of God",
        "opening_hours": "Tu 12:00-16:00; Su 06:30-14:30; Fr 12:00-16:00; PH open",
        "religion": "christian",
        "service_times": "Tu 12:00-16:00; Fr 12:00-16:00; Su 06:30-14:30; PH open",
        "wheelchair": "limited"
      },
      "geometry": {
        "type": "Point",
        "coordinates": [
          36.7052382,
          -1.2510802
        ]
      },
      "id": "node/9935662295"
    },
    {
      "type": "Feature",
      "properties": {
        "@id": "node/9988233259",
        "amenity": "place_of_worship"
      },
      "geometry": {
        "type": "Point",
        "coordinates": [
          36.7186242,
          -1.2216334
        ]
      },
      "id": "node/9988233259"
    },
    {
      "type": "Feature",
      "properties": {
        "@id": "node/9988275421",
        "amenity": "place_of_worship",
        "name": "ACK ndunyu",
        "religion": "christian"
      },
      "geometry": {
        "type": "Point",
        "coordinates": [
          36.7121384,
          -1.2182113
        ]
      },
      "id": "node/9988275421"
    },
    {
      "type": "Feature",
      "properties": {
        "@id": "node/9988373343",
        "amenity": "place_of_worship",
        "name": "ACK St Johns Church Mwimuto",
        "religion": "christian"
      },
      "geometry": {
        "type": "Point",
        "coordinates": [
          36.7473684,
          -1.2355937
        ]
      },
      "id": "node/9988373343"
    },
    {
      "type": "Feature",
      "properties": {
        "@id": "node/10080475917",
        "amenity": "place_of_worship",
        "name": "St.Gregory the great Catholic church",
        "religion": "christian"
      },
      "geometry": {
        "type": "Point",
        "coordinates": [
          36.834613,
          -1.2045736
        ]
      },
      "id": "node/10080475917"
    },
    {
      "type": "Feature",
      "properties": {
        "@id": "node/10082216417",
        "amenity": "place_of_worship",
        "name": "ACK St.Mary's church",
        "religion": "christian"
      },
      "geometry": {
        "type": "Point",
        "coordinates": [
          36.8451935,
          -1.2021122
        ]
      },
      "id": "node/10082216417"
    },
    {
      "type": "Feature",
      "properties": {
        "@id": "node/10537548432",
        "amenity": "place_of_worship",
        "check_date": "2026-03-20",
        "name": "Shammah Deliverance Church",
        "religion": "christian"
      },
      "geometry": {
        "type": "Point",
        "coordinates": [
          36.819053,
          -1.2755499
        ]
      },
      "id": "node/10537548432"
    },
    {
      "type": "Feature",
      "properties": {
        "@id": "node/10542082077",
        "amenity": "place_of_worship",
        "religion": "christian"
      },
      "geometry": {
        "type": "Point",
        "coordinates": [
          36.7244115,
          -1.2567234
        ]
      },
      "id": "node/10542082077"
    },
    {
      "type": "Feature",
      "properties": {
        "@id": "node/10567845021",
        "amenity": "place_of_worship",
        "denomination": "pentecostal",
        "name": "Redeemed Gospel church RGC",
        "religion": "christian"
      },
      "geometry": {
        "type": "Point",
        "coordinates": [
          37.0135186,
          -1.1787967
        ]
      },
      "id": "node/10567845021"
    },
    {
      "type": "Feature",
      "properties": {
        "@id": "node/10600729480",
        "amenity": "place_of_worship",
        "religion": "christian"
      },
      "geometry": {
        "type": "Point",
        "coordinates": [
          36.9139311,
          -1.2204335
        ]
      },
      "id": "node/10600729480"
    },
    {
      "type": "Feature",
      "properties": {
        "@id": "node/10651518803",
        "amenity": "place_of_worship",
        "building": "church",
        "denomination": "anglican",
        "name": "A.C.K St. Stephen's Church Ndumbu-ini Parish",
        "opening_hours": "Su 08:00-19:00; PH open",
        "religion": "christian",
        "service_times": "Su 09:00-12:00,13:30-18:30; PH open",
        "wheelchair": "limited"
      },
      "geometry": {
        "type": "Point",
        "coordinates": [
          36.722213,
          -1.247535
        ]
      },
      "id": "node/10651518803"
    },
    {
      "type": "Feature",
      "properties": {
        "@id": "node/10780885563",
        "amenity": "place_of_worship",
        "check_date": "2023-03-13",
        "name": "silanga",
        "religion": "christian",
        "wheelchair": "no"
      },
      "geometry": {
        "type": "Point",
        "coordinates": [
          36.792808,
          -1.3128335
        ]
      },
      "id": "node/10780885563"
    },
    {
      "type": "Feature",
      "properties": {
        "@id": "node/10780885589",
        "amenity": "place_of_worship",
        "check_date": "2023-03-13",
        "name": "lini saba",
        "religion": "christian",
        "wheelchair": "no"
      },
      "geometry": {
        "type": "Point",
        "coordinates": [
          36.7936797,
          -1.3124956
        ]
      },
      "id": "node/10780885589"
    },
    {
      "type": "Feature",
      "properties": {
        "@id": "node/10780885591",
        "amenity": "place_of_worship",
        "check_date": "2023-03-13",
        "religion": "christian"
      },
      "geometry": {
        "type": "Point",
        "coordinates": [
          36.7936556,
          -1.3125037
        ]
      },
      "id": "node/10780885591"
    },
    {
      "type": "Feature",
      "properties": {
        "@id": "node/10780885595",
        "amenity": "place_of_worship",
        "check_date": "2023-03-15",
        "name": "legio maria church",
        "religion": "christian"
      },
      "geometry": {
        "type": "Point",
        "coordinates": [
          36.7927725,
          -1.3139091
        ]
      },
      "id": "node/10780885595"
    },
    {
      "type": "Feature",
      "properties": {
        "@id": "node/10780885599",
        "amenity": "place_of_worship",
        "check_date": "2023-03-15",
        "religion": "christian"
      },
      "geometry": {
        "type": "Point",
        "coordinates": [
          36.7913858,
          -1.3129062
        ]
      },
      "id": "node/10780885599"
    },
    {
      "type": "Feature",
      "properties": {
        "@id": "node/10780885604",
        "amenity": "place_of_worship",
        "check_date": "2023-03-15",
        "name": "church of God",
        "religion": "christian"
      },
      "geometry": {
        "type": "Point",
        "coordinates": [
          36.7950148,
          -1.3106591
        ]
      },
      "id": "node/10780885604"
    },
    {
      "type": "Feature",
      "properties": {
        "@id": "node/10780953109",
        "amenity": "place_of_worship",
        "check_date": "2023-03-15",
        "name": "apostolic church",
        "religion": "christian"
      },
      "geometry": {
        "type": "Point",
        "coordinates": [
          36.7895511,
          -1.3123699
        ]
      },
      "id": "node/10780953109"
    },
    {
      "type": "Feature",
      "properties": {
        "@id": "node/10780953110",
        "amenity": "place_of_worship",
        "check_date": "2023-03-15",
        "name": "catholic church",
        "religion": "christian"
      },
      "geometry": {
        "type": "Point",
        "coordinates": [
          36.7889235,
          -1.3093478
        ]
      },
      "id": "node/10780953110"
    },
    {
      "type": "Feature",
      "properties": {
        "@id": "node/10780953116",
        "amenity": "place_of_worship",
        "check_date": "2023-03-15",
        "name": "ADC CHURCH",
        "religion": "christian"
      },
      "geometry": {
        "type": "Point",
        "coordinates": [
          36.789763,
          -1.3102086
        ]
      },
      "id": "node/10780953116"
    },
    {
      "type": "Feature",
      "properties": {
        "@id": "node/10780953117",
        "amenity": "place_of_worship",
        "check_date": "2023-03-15",
        "name": "QDCc church",
        "religion": "christian"
      },
      "geometry": {
        "type": "Point",
        "coordinates": [
          36.7883978,
          -1.3107422
        ]
      },
      "id": "node/10780953117"
    },
    {
      "type": "Feature",
      "properties": {
        "@id": "node/10780953119",
        "amenity": "place_of_worship",
        "check_date": "2023-03-15",
        "name": "tumaini church",
        "religion": "christian"
      },
      "geometry": {
        "type": "Point",
        "coordinates": [
          36.7847929,
          -1.3128471
        ]
      },
      "id": "node/10780953119"
    },
    {
      "type": "Feature",
      "properties": {
        "@id": "node/10780953120",
        "amenity": "place_of_worship",
        "check_date": "2023-03-15",
        "name": "PCEA CHURCH",
        "religion": "christian"
      },
      "geometry": {
        "type": "Point",
        "coordinates": [
          36.7967314,
          -1.3187065
        ]
      },
      "id": "node/10780953120"
    },
    {
      "type": "Feature",
      "properties": {
        "@id": "node/10780953122",
        "amenity": "place_of_worship",
        "building": "church",
        "check_date": "2023-03-15",
        "religion": "christian"
      },
      "geometry": {
        "type": "Point",
        "coordinates": [
          36.7968018,
          -1.3178195
        ]
      },
      "id": "node/10780953122"
    },
    {
      "type": "Feature",
      "properties": {
        "@id": "node/10780953123",
        "amenity": "place_of_worship",
        "check_date": "2023-03-15",
        "name": "harvest church",
        "religion": "christian"
      },
      "geometry": {
        "type": "Point",
        "coordinates": [
          36.7981794,
          -1.3144858
        ]
      },
      "id": "node/10780953123"
    },
    {
      "type": "Feature",
      "properties": {
        "@id": "node/10780953125",
        "amenity": "place_of_worship",
        "check_date": "2023-03-15",
        "name": "apostolic church",
        "religion": "christian"
      },
      "geometry": {
        "type": "Point",
        "coordinates": [
          36.7895186,
          -1.3123514
        ]
      },
      "id": "node/10780953125"
    },
    {
      "type": "Feature",
      "properties": {
        "@id": "node/10780953140",
        "amenity": "place_of_worship",
        "check_date": "2023-03-15",
        "name": "african church",
        "religion": "christian"
      },
      "geometry": {
        "type": "Point",
        "coordinates": [
          36.7874081,
          -1.3094712
        ]
      },
      "id": "node/10780953140"
    },
    {
      "type": "Feature",
      "properties": {
        "@id": "node/10789765199",
        "amenity": "place_of_worship",
        "check_date": "2023-04-06",
        "name": "apostolic church",
        "religion": "christian"
      },
      "geometry": {
        "type": "Point",
        "coordinates": [
          36.7895552,
          -1.3124235
        ]
      },
      "id": "node/10789765199"
    },
    {
      "type": "Feature",
      "properties": {
        "@id": "node/10789830950",
        "amenity": "place_of_worship",
        "check_date": "2023-04-06",
        "name": "the world fellowship church",
        "religion": "christian"
      },
      "geometry": {
        "type": "Point",
        "coordinates": [
          36.7910095,
          -1.3113442
        ]
      },
      "id": "node/10789830950"
    },
    {
      "type": "Feature",
      "properties": {
        "@id": "node/10792571661",
        "amenity": "place_of_worship",
        "check_date": "2023-04-07",
        "name": "Christian outreach church",
        "religion": "christian"
      },
      "geometry": {
        "type": "Point",
        "coordinates": [
          36.7947576,
          -1.317443
        ]
      },
      "id": "node/10792571661"
    },
    {
      "type": "Feature",
      "properties": {
        "@id": "node/10792571666",
        "amenity": "place_of_worship",
        "check_date": "2023-04-07",
        "name": "lindi mosque",
        "religion": "muslim"
      },
      "geometry": {
        "type": "Point",
        "coordinates": [
          36.7918822,
          -1.3148151
        ]
      },
      "id": "node/10792571666"
    },
    {
      "type": "Feature",
      "properties": {
        "@id": "node/10792669044",
        "amenity": "place_of_worship",
        "religion": "muslim"
      },
      "geometry": {
        "type": "Point",
        "coordinates": [
          36.8104922,
          -1.4027929
        ]
      },
      "id": "node/10792669044"
    },
    {
      "type": "Feature",
      "properties": {
        "@id": "node/10946235517",
        "amenity": "place_of_worship",
        "building": "temple",
        "denomination": "pentecostal",
        "name": "Holiness Temple of Christ Church",
        "opening_hours": "Su 06:30-15:00; We 11:30-15:00; PH open",
        "religion": "christian",
        "service_times": "Su 10:00-13:00,06:00-07:30; We 12:00-14:00; PH open",
        "wheelchair": "yes"
      },
      "geometry": {
        "type": "Point",
        "coordinates": [
          36.7118007,
          -1.254377
        ]
      },
      "id": "node/10946235517"
    },
    {
      "type": "Feature",
      "properties": {
        "@id": "node/10971310100",
        "amenity": "place_of_worship",
        "name": "Jesus Revival Centre",
        "religion": "christian"
      },
      "geometry": {
        "type": "Point",
        "coordinates": [
          36.7454854,
          -1.2900168
        ]
      },
      "id": "node/10971310100"
    },
    {
      "type": "Feature",
      "properties": {
        "@id": "node/11001498152",
        "amenity": "place_of_worship",
        "check_date": "2023-06-23",
        "internet_access": "no",
        "name": "Full Gospel Churches of Kenya- Maji Mazuri",
        "payment:cards": "no",
        "payment:credit_cards": "no",
        "payment:debit_cards": "no",
        "polling_station": "no",
        "religion": "christian",
        "source": "local knowledge",
        "wheelchair": "yes"
      },
      "geometry": {
        "type": "Point",
        "coordinates": [
          36.9266687,
          -1.2306911
        ]
      },
      "id": "node/11001498152"
    },
    {
      "type": "Feature",
      "properties": {
        "@id": "node/11001498153",
        "amenity": "place_of_worship",
        "check_date": "2023-06-23",
        "name": "The Triumph Church",
        "religion": "christian",
        "source": "local knowledge"
      },
      "geometry": {
        "type": "Point",
        "coordinates": [
          36.9222588,
          -1.2305179
        ]
      },
      "id": "node/11001498153"
    },
    {
      "type": "Feature",
      "properties": {
        "@id": "node/11001514711",
        "amenity": "place_of_worship",
        "check_date": "2023-06-23",
        "internet_access": "no",
        "name": "The Most High God Ministries",
        "payment:cards": "no",
        "payment:credit_cards": "no",
        "payment:debit_cards": "no",
        "religion": "christian",
        "source": "local knowledge",
        "wheelchair": "no"
      },
      "geometry": {
        "type": "Point",
        "coordinates": [
          36.9292909,
          -1.2254188
        ]
      },
      "id": "node/11001514711"
    },
    {
      "type": "Feature",
      "properties": {
        "@id": "node/11005611805",
        "amenity": "place_of_worship",
        "name": "A.C.C & S Utawala Church",
        "religion": "christian"
      },
      "geometry": {
        "type": "Point",
        "coordinates": [
          36.985736,
          -1.2829468
        ]
      },
      "id": "node/11005611805"
    },
    {
      "type": "Feature",
      "properties": {
        "@id": "node/11005611806",
        "amenity": "place_of_worship",
        "name": "AIPCA Utawala",
        "religion": "christian"
      },
      "geometry": {
        "type": "Point",
        "coordinates": [
          36.9858881,
          -1.284458
        ]
      },
      "id": "node/11005611806"
    },
    {
      "type": "Feature",
      "properties": {
        "@id": "node/11005612005",
        "amenity": "place_of_worship",
        "name": "FPFK-Shelter of Hope Utawala",
        "religion": "christian"
      },
      "geometry": {
        "type": "Point",
        "coordinates": [
          36.986366,
          -1.2842841
        ]
      },
      "id": "node/11005612005"
    },
    {
      "type": "Feature",
      "properties": {
        "@id": "node/11005630205",
        "amenity": "place_of_worship",
        "name": "St. Kizito Catholic church",
        "religion": "christian"
      },
      "geometry": {
        "type": "Point",
        "coordinates": [
          36.9854175,
          -1.2855528
        ]
      },
      "id": "node/11005630205"
    },
    {
      "type": "Feature",
      "properties": {
        "@id": "node/11005633005",
        "amenity": "place_of_worship",
        "name": "CMF Church Utawala",
        "religion": "christian"
      },
      "geometry": {
        "type": "Point",
        "coordinates": [
          36.9776428,
          -1.2880751
        ]
      },
      "id": "node/11005633005"
    },
    {
      "type": "Feature",
      "properties": {
        "@id": "node/11005640707",
        "amenity": "place_of_worship",
        "name": "PCEA Utawala",
        "religion": "christian"
      },
      "geometry": {
        "type": "Point",
        "coordinates": [
          36.9704324,
          -1.2859738
        ]
      },
      "id": "node/11005640707"
    },
    {
      "type": "Feature",
      "properties": {
        "@id": "node/11005644107",
        "amenity": "place_of_worship",
        "name": "Victory Church Utawala",
        "religion": "christian"
      },
      "geometry": {
        "type": "Point",
        "coordinates": [
          36.9717963,
          -1.2856371
        ]
      },
      "id": "node/11005644107"
    },
    {
      "type": "Feature",
      "properties": {
        "@id": "node/11007719393",
        "amenity": "place_of_worship",
        "name": "Deliverance Church Utawala",
        "religion": "christian"
      },
      "geometry": {
        "type": "Point",
        "coordinates": [
          36.9678032,
          -1.2837472
        ]
      },
      "id": "node/11007719393"
    },
    {
      "type": "Feature",
      "properties": {
        "@id": "node/11007735855",
        "amenity": "place_of_worship",
        "name": "New Utawala SDA satellite church",
        "religion": "christian"
      },
      "geometry": {
        "type": "Point",
        "coordinates": [
          36.9690211,
          -1.2833967
        ]
      },
      "id": "node/11007735855"
    },
    {
      "type": "Feature",
      "properties": {
        "@id": "node/11007780540",
        "amenity": "place_of_worship",
        "name": "Dominion Recovery church",
        "religion": "christian"
      },
      "geometry": {
        "type": "Point",
        "coordinates": [
          36.9663783,
          -1.281666
        ]
      },
      "id": "node/11007780540"
    },
    {
      "type": "Feature",
      "properties": {
        "@id": "node/11153064638",
        "amenity": "place_of_worship",
        "denomination": "anglican",
        "name": "St. Alban",
        "religion": "christian",
        "service_times": "9.00 Am to 2.00 PM"
      },
      "geometry": {
        "type": "Point",
        "coordinates": [
          36.9535722,
          -1.2539252
        ]
      },
      "id": "node/11153064638"
    },
    {
      "type": "Feature",
      "properties": {
        "@id": "node/11228533221",
        "addr:city": "Tassia",
        "addr:street": "Abuja Court",
        "amenity": "place_of_worship",
        "name": "Victory Breakthrough Centre",
        "religion": "christian",
        "service_times": "7:00am -1:00pm"
      },
      "geometry": {
        "type": "Point",
        "coordinates": [
          36.8970614,
          -1.3057305
        ]
      },
      "id": "node/11228533221"
    },
    {
      "type": "Feature",
      "properties": {
        "@id": "node/11271369563",
        "amenity": "place_of_worship",
        "name": "Tumaini Church",
        "religion": "christian"
      },
      "geometry": {
        "type": "Point",
        "coordinates": [
          36.8862105,
          -1.2559021
        ]
      },
      "id": "node/11271369563"
    },
    {
      "type": "Feature",
      "properties": {
        "@id": "node/11527301270",
        "addr:postcode": "00409",
        "addr:street": "Rimpa Road",
        "amenity": "place_of_worship"
      },
      "geometry": {
        "type": "Point",
        "coordinates": [
          36.7438235,
          -1.4147279
        ]
      },
      "id": "node/11527301270"
    },
    {
      "type": "Feature",
      "properties": {
        "@id": "node/11736512669",
        "amenity": "social_facility",
        "name": "Dada's Community & Education Centre",
        "social_facility": "group_home",
        "social_facility:for": "child",
        "wheelchair": "limited"
      },
      "geometry": {
        "type": "Point",
        "coordinates": [
          36.7007232,
          -1.2814247
        ]
      },
      "id": "node/11736512669"
    },
    {
      "type": "Feature",
      "properties": {
        "@id": "node/11780289703",
        "amenity": "place_of_worship",
        "name": "Githurai Kimbo P.E.F.A Church",
        "religion": "christian"
      },
      "geometry": {
        "type": "Point",
        "coordinates": [
          36.9282728,
          -1.2084226
        ]
      },
      "id": "node/11780289703"
    },
    {
      "type": "Feature",
      "properties": {
        "@id": "node/11801849561",
        "altitude": "1619.700073",
        "amenity": "place_of_worship",
        "name": "Orbit church",
        "precision": "4.992",
        "religion": "christian",
        "source": "KRCS2024"
      },
      "geometry": {
        "type": "Point",
        "coordinates": [
          36.8575245,
          -1.2656906
        ]
      },
      "id": "node/11801849561"
    },
    {
      "type": "Feature",
      "properties": {
        "@id": "node/11801849562",
        "altitude": "1663.616",
        "amenity": "place_of_worship",
        "name": "PCEA mathare valley church",
        "precision": "3.9",
        "religion": "christian",
        "source": "KRCS2024"
      },
      "geometry": {
        "type": "Point",
        "coordinates": [
          36.8454002,
          -1.2644192
        ]
      },
      "id": "node/11801849562"
    },
    {
      "type": "Feature",
      "properties": {
        "@id": "node/11801849563",
        "altitude": "1589.7",
        "amenity": "place_of_worship",
        "name": "Reedemed Gospel Church Mother Church",
        "precision": "5.866",
        "religion": "christian",
        "source": "KRCS2024"
      },
      "geometry": {
        "type": "Point",
        "coordinates": [
          36.8496657,
          -1.2646701
        ]
      },
      "id": "node/11801849563"
    },
    {
      "type": "Feature",
      "properties": {
        "@id": "node/11801849564",
        "altitude": "1621.1",
        "amenity": "place_of_worship",
        "name": "Soul Harvesters church intl",
        "precision": "4.76",
        "religion": "christian",
        "source": "KRCS2024"
      },
      "geometry": {
        "type": "Point",
        "coordinates": [
          36.8451527,
          -1.2654775
        ]
      },
      "id": "node/11801849564"
    },
    {
      "type": "Feature",
      "properties": {
        "@id": "node/11801849565",
        "altitude": "1531.903",
        "amenity": "place_of_worship",
        "precision": "3.9",
        "religion": "muslim",
        "source": "KRCS2024"
      },
      "geometry": {
        "type": "Point",
        "coordinates": [
          36.8455751,
          -1.2682643
        ]
      },
      "id": "node/11801849565"
    },
    {
      "type": "Feature",
      "properties": {
        "@id": "node/11801849566",
        "altitude": "1614.762207",
        "amenity": "place_of_worship",
        "name": "Mashimoni PAG Church",
        "precision": "4.878",
        "religion": "christian",
        "source": "KRCS2024"
      },
      "geometry": {
        "type": "Point",
        "coordinates": [
          36.8620405,
          -1.2615313
        ]
      },
      "id": "node/11801849566"
    },
    {
      "type": "Feature",
      "properties": {
        "@id": "node/11801849567",
        "altitude": "1623.139",
        "amenity": "place_of_worship",
        "name": "Inspiration center",
        "precision": "10.407",
        "religion": "christian",
        "source": "KRCS2024"
      },
      "geometry": {
        "type": "Point",
        "coordinates": [
          36.858064,
          -1.2655095
        ]
      },
      "id": "node/11801849567"
    },
    {
      "type": "Feature",
      "properties": {
        "@id": "node/11801849568",
        "altitude": "1608.851",
        "amenity": "place_of_worship",
        "name": "Pefa Church mathare",
        "precision": "5.0",
        "religion": "christian",
        "source": "KRCS2024"
      },
      "geometry": {
        "type": "Point",
        "coordinates": [
          36.8601118,
          -1.2625629
        ]
      },
      "id": "node/11801849568"
    },
    {
      "type": "Feature",
      "properties": {
        "@id": "node/11801861969",
        "altitude": "1621.7",
        "amenity": "place_of_worship",
        "name": "KAG mlango kubwa",
        "precision": "4.7",
        "religion": "christian",
        "source": "KRCS2024"
      },
      "geometry": {
        "type": "Point",
        "coordinates": [
          36.844542,
          -1.2640933
        ]
      },
      "id": "node/11801861969"
    },
    {
      "type": "Feature",
      "properties": {
        "@id": "node/11801861970",
        "altitude": "1625.81",
        "amenity": "place_of_worship",
        "name": "Chrst impact church",
        "precision": "3.9",
        "religion": "christian",
        "source": "KRCS2024"
      },
      "geometry": {
        "type": "Point",
        "coordinates": [
          36.8433918,
          -1.2639561
        ]
      },
      "id": "node/11801861970"
    },
    {
      "type": "Feature",
      "properties": {
        "@id": "node/11801861971",
        "altitude": "1604.900024",
        "amenity": "place_of_worship",
        "name": "African Divine Church",
        "precision": "4.144",
        "religion": "christian",
        "source": "KRCS2024"
      },
      "geometry": {
        "type": "Point",
        "coordinates": [
          36.8620914,
          -1.2611541
        ]
      },
      "id": "node/11801861971"
    },
    {
      "type": "Feature",
      "properties": {
        "@id": "node/11801861972",
        "altitude": "1613.3",
        "amenity": "place_of_worship",
        "name": "St. John paul Catholic church",
        "precision": "3.9",
        "religion": "christian",
        "source": "KRCS2024"
      },
      "geometry": {
        "type": "Point",
        "coordinates": [
          36.8633545,
          -1.2616906
        ]
      },
      "id": "node/11801861972"
    },
    {
      "type": "Feature",
      "properties": {
        "@id": "node/11801861973",
        "altitude": "1604.800049",
        "amenity": "place_of_worship",
        "name": "Christ Missioners Church",
        "precision": "3.521",
        "religion": "christian",
        "source": "KRCS2024"
      },
      "geometry": {
        "type": "Point",
        "coordinates": [
          36.8622182,
          -1.2615948
        ]
      },
      "id": "node/11801861973"
    },
    {
      "type": "Feature",
      "properties": {
        "@id": "node/11801861974",
        "altitude": "1600.900024",
        "amenity": "place_of_worship",
        "name": "Maranatha faith assembly",
        "precision": "3.9",
        "religion": "christian",
        "source": "KRCS2024"
      },
      "geometry": {
        "type": "Point",
        "coordinates": [
          36.8615572,
          -1.2626439
        ]
      },
      "id": "node/11801861974"
    },
    {
      "type": "Feature",
      "properties": {
        "@id": "node/11866276994",
        "amenity": "place_of_worship",
        "name": "Kingdom Hall of Jehovah's Witnesses",
        "religion": "christian"
      },
      "geometry": {
        "type": "Point",
        "coordinates": [
          36.7431808,
          -1.2663326
        ]
      },
      "id": "node/11866276994"
    },
    {
      "type": "Feature",
      "properties": {
        "@id": "node/11913260742",
        "amenity": "place_of_worship",
        "name": "Redeemed Church",
        "religion": "christian"
      },
      "geometry": {
        "type": "Point",
        "coordinates": [
          36.8615981,
          -1.253674
        ]
      },
      "id": "node/11913260742"
    },
    {
      "type": "Feature",
      "properties": {
        "@id": "node/11919260361",
        "amenity": "place_of_worship",
        "name": "PCEA Nyathuna Church",
        "religion": "christian"
      },
      "geometry": {
        "type": "Point",
        "coordinates": [
          36.6762952,
          -1.185198
        ]
      },
      "id": "node/11919260361"
    },
    {
      "type": "Feature",
      "properties": {
        "@id": "node/11919260362",
        "amenity": "place_of_worship",
        "name": "Greek Orthodox Church Nyathuna",
        "religion": "christian"
      },
      "geometry": {
        "type": "Point",
        "coordinates": [
          36.6793401,
          -1.1844523
        ]
      },
      "id": "node/11919260362"
    },
    {
      "type": "Feature",
      "properties": {
        "@id": "node/11919312793",
        "amenity": "place_of_worship",
        "name": "St Mary's Catholic church Nyathuna",
        "religion": "christian"
      },
      "geometry": {
        "type": "Point",
        "coordinates": [
          36.678997,
          -1.1856003
        ]
      },
      "id": "node/11919312793"
    },
    {
      "type": "Feature",
      "properties": {
        "@id": "node/11919312794",
        "amenity": "place_of_worship",
        "name": "ACK St Paul's Nyathuna",
        "religion": "christian"
      },
      "geometry": {
        "type": "Point",
        "coordinates": [
          36.6834489,
          -1.1862607
        ]
      },
      "id": "node/11919312794"
    },
    {
      "type": "Feature",
      "properties": {
        "@id": "node/11932754201",
        "amenity": "place_of_worship",
        "building": "church",
        "denomination": "seventh_day_adventist",
        "name": "Kinoo SDA",
        "opening_hours": "Sa-Su 07:15-19:00; PH open",
        "religion": "christian",
        "service_times": "Sa 08:00-12:00,13:30-18:30; PH open",
        "wheelchair": "yes"
      },
      "geometry": {
        "type": "Point",
        "coordinates": [
          36.6883258,
          -1.2510014
        ]
      },
      "id": "node/11932754201"
    },
    {
      "type": "Feature",
      "properties": {
        "@id": "node/11960010238",
        "amenity": "place_of_worship",
        "name": "Family Worship Tarbanacle Church",
        "religion": "christian"
      },
      "geometry": {
        "type": "Point",
        "coordinates": [
          36.958762,
          -1.2808268
        ]
      },
      "id": "node/11960010238"
    },
    {
      "type": "Feature",
      "properties": {
        "@id": "node/12075450044",
        "amenity": "place_of_worship",
        "name": "Word Outreach Sanctuary",
        "religion": "christian"
      },
      "geometry": {
        "type": "Point",
        "coordinates": [
          36.6914931,
          -1.2540728
        ]
      },
      "id": "node/12075450044"
    },
    {
      "type": "Feature",
      "properties": {
        "@id": "node/12162146601",
        "addr:street": "Ndumberi Road",
        "amenity": "place_of_worship",
        "name": "Victors Assembly church in Nairobi",
        "outdoor_seating": "no"
      },
      "geometry": {
        "type": "Point",
        "coordinates": [
          36.8262076,
          -1.281108
        ]
      },
      "id": "node/12162146601"
    },
    {
      "type": "Feature",
      "properties": {
        "@id": "node/12163290449",
        "amenity": "place_of_worship",
        "check_date": "2024-09-08",
        "religion": "christian"
      },
      "geometry": {
        "type": "Point",
        "coordinates": [
          36.7433299,
          -1.3645014
        ]
      },
      "id": "node/12163290449"
    },
    {
      "type": "Feature",
      "properties": {
        "@id": "node/12165918576",
        "amenity": "place_of_worship",
        "denomination": "pentecostal",
        "name": "Noonkopir Pentecost Church(NPC)",
        "religion": "christian"
      },
      "geometry": {
        "type": "Point",
        "coordinates": [
          36.9425103,
          -1.4654852
        ]
      },
      "id": "node/12165918576"
    },
    {
      "type": "Feature",
      "properties": {
        "@id": "node/12243192341",
        "amenity": "community_centre",
        "name": "Koch Hope Hall",
        "operational_status": "operational",
        "operator:type": "private",
        "source": "survey",
        "wheelchair": "yes"
      },
      "geometry": {
        "type": "Point",
        "coordinates": [
          36.8877205,
          -1.2507223
        ]
      },
      "id": "node/12243192341"
    },
    {
      "type": "Feature",
      "properties": {
        "@id": "node/12243587856",
        "amenity": "place_of_worship",
        "name": "god's promise church",
        "operational_status": "operational",
        "operator:type": "religious",
        "payment:cash": "no",
        "religion": "christian",
        "source": "survey",
        "wheelchair": "no"
      },
      "geometry": {
        "type": "Point",
        "coordinates": [
          36.8823442,
          -1.3083558
        ]
      },
      "id": "node/12243587856"
    },
    {
      "type": "Feature",
      "properties": {
        "@id": "node/12243587857",
        "amenity": "social_facility",
        "facility_use": "children shelter",
        "name": "jenracy children center",
        "operational_status": "operational",
        "operator:type": "private",
        "payment:cash": "no",
        "social_facility": "group_home",
        "social_facility:for": "child",
        "source": "survey",
        "wheelchair": "no"
      },
      "geometry": {
        "type": "Point",
        "coordinates": [
          36.885583,
          -1.3023774
        ]
      },
      "id": "node/12243587857"
    },
    {
      "type": "Feature",
      "properties": {
        "@id": "node/12243596357",
        "amenity": "community_centre",
        "name": "magesh ds",
        "operational_status": "operational",
        "operator:type": "private",
        "source": "survey",
        "wheelchair": "yes"
      },
      "geometry": {
        "type": "Point",
        "coordinates": [
          36.8685986,
          -1.3112363
        ]
      },
      "id": "node/12243596357"
    },
    {
      "type": "Feature",
      "properties": {
        "@id": "node/12244072818",
        "amenity": "library",
        "name": "St. John Library",
        "operational_status": "operational",
        "operator:type": "religious",
        "source": "survey",
        "wheelchair": "no"
      },
      "geometry": {
        "type": "Point",
        "coordinates": [
          36.891899,
          -1.2489358
        ]
      },
      "id": "node/12244072818"
    },
    {
      "type": "Feature",
      "properties": {
        "@id": "node/12244079429",
        "amenity": "place_of_worship",
        "building": "muslim",
        "name": "Korogocho mosque",
        "operational_status": "operational",
        "operator:type": "religious",
        "religion": "muslim",
        "source": "survey",
        "wheelchair": "yes"
      },
      "geometry": {
        "type": "Point",
        "coordinates": [
          36.8900558,
          -1.2509136
        ]
      },
      "id": "node/12244079429"
    },
    {
      "type": "Feature",
      "properties": {
        "@id": "node/12244079430",
        "amenity": "place_of_worship",
        "building": "muslim",
        "name": "Al-falah",
        "operational_status": "operational",
        "operator:type": "community",
        "religion": "muslim",
        "source": "survey",
        "wheelchair": "yes"
      },
      "geometry": {
        "type": "Point",
        "coordinates": [
          36.8871658,
          -1.2505006
        ]
      },
      "id": "node/12244079430"
    },
    {
      "type": "Feature",
      "properties": {
        "@id": "node/12244079431",
        "amenity": "place_of_worship",
        "name": "Masjid Aqsa",
        "operational_status": "operational",
        "operator:type": "community",
        "religion": "muslim",
        "source": "survey",
        "wheelchair": "yes"
      },
      "geometry": {
        "type": "Point",
        "coordinates": [
          36.8905016,
          -1.2489692
        ]
      },
      "id": "node/12244079431"
    },
    {
      "type": "Feature",
      "properties": {
        "@id": "node/12250091457",
        "amenity": "community_centre",
        "name": "vicco community kitchen",
        "operational_status": "operational",
        "operator:type": "ngos",
        "payment:cash": "no",
        "source": "survey",
        "wheelchair": "yes"
      },
      "geometry": {
        "type": "Point",
        "coordinates": [
          36.8815653,
          -1.3097098
        ]
      },
      "id": "node/12250091457"
    },
    {
      "type": "Feature",
      "properties": {
        "@id": "node/12250091458",
        "amenity": "community_centre",
        "name": "vicco social",
        "operational_status": "operational",
        "operator:type": "ngos",
        "payment:cash": "no",
        "source": "survey",
        "wheelchair": "yes"
      },
      "geometry": {
        "type": "Point",
        "coordinates": [
          36.8804627,
          -1.3095205
        ]
      },
      "id": "node/12250091458"
    },
    {
      "type": "Feature",
      "properties": {
        "@id": "node/12250091459",
        "amenity": "community_centre",
        "name": "Wajukuu artists collective",
        "operational_status": "operational",
        "operator:type": "ngo",
        "payment:cash": "no",
        "source": "survey",
        "wheelchair": "yes"
      },
      "geometry": {
        "type": "Point",
        "coordinates": [
          36.8721222,
          -1.3123524
        ]
      },
      "id": "node/12250091459"
    },
    {
      "type": "Feature",
      "properties": {
        "@id": "node/12250091461",
        "amenity": "community_centre",
        "name": "sinai unified organisations.",
        "operational_status": "operational",
        "operator:type": "private",
        "payment:cash": "no",
        "source": "survey",
        "wheelchair": "yes"
      },
      "geometry": {
        "type": "Point",
        "coordinates": [
          36.8795117,
          -1.3091713
        ]
      },
      "id": "node/12250091461"
    },
    {
      "type": "Feature",
      "properties": {
        "@id": "node/12250091462",
        "amenity": "community_centre",
        "name": "viwandani luhya unity self help group",
        "operational_status": "operational",
        "operator:type": "private",
        "payment:cash": "no",
        "source": "survey",
        "wheelchair": "no"
      },
      "geometry": {
        "type": "Point",
        "coordinates": [
          36.8634576,
          -1.3121336
        ]
      },
      "id": "node/12250091462"
    },
    {
      "type": "Feature",
      "properties": {
        "@id": "node/12250091463",
        "amenity": "community_centre",
        "name": "mamwiki social hall",
        "operational_status": "operational",
        "operator:type": "private",
        "payment:cash": "no",
        "source": "survey",
        "wheelchair": "no"
      },
      "geometry": {
        "type": "Point",
        "coordinates": [
          36.8819121,
          -1.3088454
        ]
      },
      "id": "node/12250091463"
    },
    {
      "type": "Feature",
      "properties": {
        "@id": "node/12250460473",
        "amenity": "place_of_worship",
        "name": "ADCM",
        "operational_status": "operational",
        "operator:type": "religious",
        "religion": "christian",
        "source": "survey",
        "wheelchair": "yes"
      },
      "geometry": {
        "type": "Point",
        "coordinates": [
          36.8879875,
          -1.2541371
        ]
      },
      "id": "node/12250460473"
    },
    {
      "type": "Feature",
      "properties": {
        "@id": "node/12250460474",
        "amenity": "place_of_worship",
        "name": "Highridge Tumaini Church",
        "operational_status": "operational",
        "operator:type": "religious",
        "religion": "christian",
        "source": "survey",
        "wheelchair": "yes"
      },
      "geometry": {
        "type": "Point",
        "coordinates": [
          36.8917849,
          -1.2512468
        ]
      },
      "id": "node/12250460474"
    },
    {
      "type": "Feature",
      "properties": {
        "@id": "node/12250460475",
        "amenity": "place_of_worship",
        "name": "Israel church",
        "operational_status": "operational",
        "operator:type": "religious",
        "religion": "christian",
        "source": "survey",
        "wheelchair": "yes"
      },
      "geometry": {
        "type": "Point",
        "coordinates": [
          36.8894244,
          -1.253717
        ]
      },
      "id": "node/12250460475"
    },
    {
      "type": "Feature",
      "properties": {
        "@id": "node/12250460476",
        "amenity": "place_of_worship",
        "name": "Rehema Church",
        "operational_status": "operational",
        "operator:type": "religious",
        "religion": "christian",
        "source": "survey",
        "wheelchair": "yes"
      },
      "geometry": {
        "type": "Point",
        "coordinates": [
          36.8888064,
          -1.2517511
        ]
      },
      "id": "node/12250460476"
    },
    {
      "type": "Feature",
      "properties": {
        "@id": "node/12250460477",
        "amenity": "place_of_worship",
        "name": "Seraphine church of God",
        "operational_status": "operational",
        "operator:type": "private",
        "religion": "christian",
        "source": "survey",
        "wheelchair": "yes"
      },
      "geometry": {
        "type": "Point",
        "coordinates": [
          36.8870445,
          -1.2539284
        ]
      },
      "id": "node/12250460477"
    },
    {
      "type": "Feature",
      "properties": {
        "@id": "node/12250460478",
        "amenity": "place_of_worship",
        "name": "Christian Roho Fweny Church",
        "operational_status": "operational",
        "operator:type": "private",
        "religion": "christian",
        "source": "survey",
        "wheelchair": "no"
      },
      "geometry": {
        "type": "Point",
        "coordinates": [
          36.8870892,
          -1.2555574
        ]
      },
      "id": "node/12250460478"
    },
    {
      "type": "Feature",
      "properties": {
        "@id": "node/12250460479",
        "amenity": "place_of_worship",
        "name": "Mercy seat of God Fellowship International Church",
        "operational_status": "operational",
        "operator:type": "private",
        "religion": "christian",
        "source": "survey",
        "wheelchair": "no"
      },
      "geometry": {
        "type": "Point",
        "coordinates": [
          36.8857836,
          -1.2556037
        ]
      },
      "id": "node/12250460479"
    },
    {
      "type": "Feature",
      "properties": {
        "@id": "node/12250460480",
        "amenity": "place_of_worship",
        "name": "Church of Israel",
        "operational_status": "operational",
        "operator:type": "private",
        "religion": "christian",
        "source": "survey",
        "wheelchair": "no"
      },
      "geometry": {
        "type": "Point",
        "coordinates": [
          36.8870707,
          -1.2541682
        ]
      },
      "id": "node/12250460480"
    },
    {
      "type": "Feature",
      "properties": {
        "@id": "node/12250460481",
        "amenity": "place_of_worship",
        "name": "Divine church",
        "operational_status": "operational",
        "operator:type": "private",
        "religion": "christian",
        "source": "survey",
        "wheelchair": "yes"
      },
      "geometry": {
        "type": "Point",
        "coordinates": [
          36.8892218,
          -1.2531619
        ]
      },
      "id": "node/12250460481"
    },
    {
      "type": "Feature",
      "properties": {
        "@id": "node/12250460482",
        "amenity": "place_of_worship",
        "name": "B.R.M Neema Believers Revival Mission",
        "operational_status": "operational",
        "operator:type": "private",
        "religion": "christian",
        "source": "survey",
        "wheelchair": "yes"
      },
      "geometry": {
        "type": "Point",
        "coordinates": [
          36.8896392,
          -1.2529385
        ]
      },
      "id": "node/12250460482"
    },
    {
      "type": "Feature",
      "properties": {
        "@id": "node/12250460483",
        "amenity": "place_of_worship",
        "name": "Jordan place of conversion ministries",
        "operational_status": "operational",
        "operator:type": "private",
        "religion": "christian",
        "source": "survey",
        "wheelchair": "yes"
      },
      "geometry": {
        "type": "Point",
        "coordinates": [
          36.889627,
          -1.25212
        ]
      },
      "id": "node/12250460483"
    },
    {
      "type": "Feature",
      "properties": {
        "@id": "node/12250460484",
        "amenity": "place_of_worship",
        "name": "Neshama Elohim church",
        "operational_status": "operational",
        "operator:type": "private",
        "religion": "christian",
        "source": "survey",
        "wheelchair": "yes"
      },
      "geometry": {
        "type": "Point",
        "coordinates": [
          36.8880305,
          -1.2529924
        ]
      },
      "id": "node/12250460484"
    },
    {
      "type": "Feature",
      "properties": {
        "@id": "node/12250460485",
        "amenity": "place_of_worship",
        "name": "Church of God",
        "operational_status": "operational",
        "operator:type": "private",
        "religion": "christian",
        "source": "survey",
        "wheelchair": "yes"
      },
      "geometry": {
        "type": "Point",
        "coordinates": [
          36.8881263,
          -1.2524859
        ]
      },
      "id": "node/12250460485"
    },
    {
      "type": "Feature",
      "properties": {
        "@id": "node/12250460486",
        "amenity": "place_of_worship",
        "name": "Apostolic Divine Church",
        "operational_status": "operational",
        "operator:type": "private",
        "religion": "christian",
        "source": "survey",
        "wheelchair": "yes"
      },
      "geometry": {
        "type": "Point",
        "coordinates": [
          36.887392,
          -1.2512041
        ]
      },
      "id": "node/12250460486"
    },
    {
      "type": "Feature",
      "properties": {
        "@id": "node/12250460487",
        "amenity": "place_of_worship",
        "name": "Glory church",
        "operational_status": "operational",
        "operator:type": "private",
        "religion": "christian",
        "source": "survey",
        "wheelchair": "yes"
      },
      "geometry": {
        "type": "Point",
        "coordinates": [
          36.8912175,
          -1.2491984
        ]
      },
      "id": "node/12250460487"
    },
    {
      "type": "Feature",
      "properties": {
        "@id": "node/12250460488",
        "amenity": "place_of_worship",
        "name": "ACTK Kariobangi",
        "operational_status": "operational",
        "operator:type": "religious",
        "religion": "christian",
        "source": "survey",
        "wheelchair": "yes"
      },
      "geometry": {
        "type": "Point",
        "coordinates": [
          36.8871303,
          -1.2539393
        ]
      },
      "id": "node/12250460488"
    },
    {
      "type": "Feature",
      "properties": {
        "@id": "node/12250460489",
        "amenity": "place_of_worship",
        "name": "Peniel Revival church",
        "operational_status": "operational",
        "operator:type": "religious",
        "religion": "christian",
        "source": "survey",
        "wheelchair": "yes"
      },
      "geometry": {
        "type": "Point",
        "coordinates": [
          36.887382,
          -1.2538716
        ]
      },
      "id": "node/12250460489"
    },
    {
      "type": "Feature",
      "properties": {
        "@id": "node/12250460490",
        "amenity": "place_of_worship",
        "name": "Japolo",
        "operational_status": "operational",
        "operator:type": "private",
        "religion": "christian",
        "source": "survey",
        "wheelchair": "yes"
      },
      "geometry": {
        "type": "Point",
        "coordinates": [
          36.8880286,
          -1.251284
        ]
      },
      "id": "node/12250460490"
    },
    {
      "type": "Feature",
      "properties": {
        "@id": "node/12345687369",
        "amenity": "community_centre",
        "check_date": "2024-11-16",
        "community_centre": "community_hall",
        "name": "EBR 108"
      },
      "geometry": {
        "type": "Point",
        "coordinates": [
          36.9338665,
          -1.1796129
        ]
      },
      "id": "node/12345687369"
    },
    {
      "type": "Feature",
      "properties": {
        "@id": "node/12415675037",
        "amenity": "place_of_worship",
        "denomination": "seventh_day_adventist",
        "religion": "christian"
      },
      "geometry": {
        "type": "Point",
        "coordinates": [
          36.9224853,
          -1.23503
        ]
      },
      "id": "node/12415675037"
    },
    {
      "type": "Feature",
      "properties": {
        "@id": "node/12415675044",
        "amenity": "place_of_worship",
        "religion": "christian"
      },
      "geometry": {
        "type": "Point",
        "coordinates": [
          36.922218,
          -1.2351152
        ]
      },
      "id": "node/12415675044"
    },
    {
      "type": "Feature",
      "properties": {
        "@id": "node/12585384765",
        "amenity": "place_of_worship"
      },
      "geometry": {
        "type": "Point",
        "coordinates": [
          36.8153737,
          -1.2721743
        ]
      },
      "id": "node/12585384765"
    },
    {
      "type": "Feature",
      "properties": {
        "@id": "node/12592700001",
        "amenity": "place_of_worship",
        "name": "St. Veronica Catholic Church"
      },
      "geometry": {
        "type": "Point",
        "coordinates": [
          36.9387719,
          -1.362798
        ]
      },
      "id": "node/12592700001"
    },
    {
      "type": "Feature",
      "properties": {
        "@id": "node/12650487815",
        "amenity": "place_of_worship",
        "check_date": "2025-03-10"
      },
      "geometry": {
        "type": "Point",
        "coordinates": [
          36.9112274,
          -1.2172789
        ]
      },
      "id": "node/12650487815"
    },
    {
      "type": "Feature",
      "properties": {
        "@id": "node/12650537451",
        "amenity": "place_of_worship",
        "check_date": "2025-03-10",
        "name": "AIC",
        "religion": "christian"
      },
      "geometry": {
        "type": "Point",
        "coordinates": [
          36.9130332,
          -1.2209959
        ]
      },
      "id": "node/12650537451"
    },
    {
      "type": "Feature",
      "properties": {
        "@id": "node/12690342510",
        "amenity": "place_of_worship",
        "building": "church",
        "denomination": "seventh_day_adventist",
        "name": "Kilimani Springs SDA Church",
        "opening_hours": "Sa 08:00-19:00; PH open",
        "religion": "christian",
        "service_times": "Sa 07:30-18:30; PH open",
        "wheelchair": "limited"
      },
      "geometry": {
        "type": "Point",
        "coordinates": [
          36.7631422,
          -1.2671056
        ]
      },
      "id": "node/12690342510"
    },
    {
      "type": "Feature",
      "properties": {
        "@id": "node/12771580123",
        "amenity": "library",
        "name": "senior library"
      },
      "geometry": {
        "type": "Point",
        "coordinates": [
          36.6653855,
          -1.2613383
        ]
      },
      "id": "node/12771580123"
    },
    {
      "type": "Feature",
      "properties": {
        "@id": "node/12874773505",
        "amenity": "place_of_worship",
        "denomination": "nondenominational",
        "name": "Kenyatta National Hospital Farewell Chapel",
        "religion": "christian"
      },
      "geometry": {
        "type": "Point",
        "coordinates": [
          36.805657,
          -1.2984803
        ]
      },
      "id": "node/12874773505"
    },
    {
      "type": "Feature",
      "properties": {
        "@id": "node/13003848008",
        "addr:city": "nairobi",
        "addr:postcode": "101432-00101",
        "addr:street": "kibra dr",
        "amenity": "social_facility",
        "check_date": "2025-07-16",
        "currency:XBT": "yes",
        "description": "Community-Based Organization (CBO) – Waste Management Services\n⚠️ Copyright Notice\nAdded by AfriBit to BTC Map.",
        "email": "goldenheart@gmail.com",
        "name": "Golden Heart Youth Group",
        "opening_hours": "6am - 10pm",
        "operator": "Golden Heart Youth Group",
        "payment:cash": "yes",
        "payment:contactless": "yes",
        "payment:lightning": "yes",
        "payment:onchain": "yes",
        "phone": "+254792486809",
        "social_facility": "community_centre",
        "survey:date": "2025-07-16"
      },
      "geometry": {
        "type": "Point",
        "coordinates": [
          36.7758957,
          -1.316155
        ]
      },
      "id": "node/13003848008"
    },
    {
      "type": "Feature",
      "properties": {
        "@id": "node/13150320479",
        "amenity": "place_of_worship",
        "check_date": "2025-09-17",
        "religion": "christian"
      },
      "geometry": {
        "type": "Point",
        "coordinates": [
          36.9355667,
          -1.1873454
        ]
      },
      "id": "node/13150320479"
    },
    {
      "type": "Feature",
      "properties": {
        "@id": "node/13329884552",
        "amenity": "place_of_worship",
        "name": "Temple of Dawn",
        "name:en": "Temple of Dawn, name:en=Wat Arun Ratchawararam",
        "wikipedia": "en:En:Wat Arun"
      },
      "geometry": {
        "type": "Point",
        "coordinates": [
          36.9302663,
          -1.1973411
        ]
      },
      "id": "node/13329884552"
    },
    {
      "type": "Feature",
      "properties": {
        "@id": "node/13354961796",
        "amenity": "place_of_worship",
        "name": "CHILDREN OF GOD REGENERATION CHURCH",
        "religion": "christian"
      },
      "geometry": {
        "type": "Point",
        "coordinates": [
          36.8729366,
          -1.2529252
        ]
      },
      "id": "node/13354961796"
    },
    {
      "type": "Feature",
      "properties": {
        "@id": "node/13355035559",
        "amenity": "place_of_worship",
        "name": "ST LUCIA KANYAKALA ROHO MALEK CHURCH MATHARE",
        "religion": "christian"
      },
      "geometry": {
        "type": "Point",
        "coordinates": [
          36.8732454,
          -1.2526001
        ]
      },
      "id": "node/13355035559"
    },
    {
      "type": "Feature",
      "properties": {
        "@id": "node/13355051109",
        "amenity": "place_of_worship",
        "name": "Eternal Word of Christ Gospel Church HQS",
        "religion": "christian"
      },
      "geometry": {
        "type": "Point",
        "coordinates": [
          36.8734723,
          -1.2524893
        ]
      },
      "id": "node/13355051109"
    },
    {
      "type": "Feature",
      "properties": {
        "@id": "node/13355081432",
        "amenity": "place_of_worship",
        "name": "The Living Word Church",
        "religion": "christian"
      },
      "geometry": {
        "type": "Point",
        "coordinates": [
          36.8744348,
          -1.2516981
        ]
      },
      "id": "node/13355081432"
    },
    {
      "type": "Feature",
      "properties": {
        "@id": "node/13415556481",
        "amenity": "place_of_worship",
        "denomination": "catholic",
        "name": "St. Arnold Janssen Parish",
        "religion": "christian"
      },
      "geometry": {
        "type": "Point",
        "coordinates": [
          36.9062216,
          -1.2664793
        ]
      },
      "id": "node/13415556481"
    },
    {
      "type": "Feature",
      "properties": {
        "@id": "node/13460735855",
        "amenity": "place_of_worship",
        "name": "Heavenly Glory Revelation Ministry church kabiria",
        "religion": "christian"
      },
      "geometry": {
        "type": "Point",
        "coordinates": [
          36.7236527,
          -1.2944135
        ]
      },
      "id": "node/13460735855"
    },
    {
      "type": "Feature",
      "properties": {
        "@id": "node/13460740736",
        "amenity": "place_of_worship",
        "name": "K.A.G",
        "religion": "christian"
      },
      "geometry": {
        "type": "Point",
        "coordinates": [
          36.7274398,
          -1.2942182
        ]
      },
      "id": "node/13460740736"
    },
    {
      "type": "Feature",
      "properties": {
        "@id": "node/13460740737",
        "amenity": "place_of_worship",
        "name": "St Jude Catholic Church",
        "religion": "christian"
      },
      "geometry": {
        "type": "Point",
        "coordinates": [
          36.7278064,
          -1.2938951
        ]
      },
      "id": "node/13460740737"
    },
    {
      "type": "Feature",
      "properties": {
        "@id": "node/13460740742",
        "amenity": "place_of_worship",
        "name": "Heavenly glory church kabiria",
        "religion": "christian"
      },
      "geometry": {
        "type": "Point",
        "coordinates": [
          36.7181141,
          -1.2925719
        ]
      },
      "id": "node/13460740742"
    },
    {
      "type": "Feature",
      "properties": {
        "@id": "node/13460764890",
        "amenity": "place_of_worship",
        "name": "Israel Church Riruta",
        "religion": "christian"
      },
      "geometry": {
        "type": "Point",
        "coordinates": [
          36.7376335,
          -1.2932001
        ]
      },
      "id": "node/13460764890"
    },
    {
      "type": "Feature",
      "properties": {
        "@id": "node/13460764891",
        "amenity": "place_of_worship",
        "name": "Kingdom Hall of Jeovah's Witnesses",
        "religion": "christian"
      },
      "geometry": {
        "type": "Point",
        "coordinates": [
          36.7372393,
          -1.2931254
        ]
      },
      "id": "node/13460764891"
    },
    {
      "type": "Feature",
      "properties": {
        "@id": "node/13460788379",
        "amenity": "place_of_worship",
        "name": "The Body of Christ Church Kenya (Mother Church)",
        "religion": "christian"
      },
      "geometry": {
        "type": "Point",
        "coordinates": [
          36.7054951,
          -1.2819431
        ]
      },
      "id": "node/13460788379"
    },
    {
      "type": "Feature",
      "properties": {
        "@id": "node/13460788381",
        "amenity": "place_of_worship",
        "name": "Rivers Edge Church Nirobi"
      },
      "geometry": {
        "type": "Point",
        "coordinates": [
          36.7082202,
          -1.2812387
        ]
      },
      "id": "node/13460788381"
    },
    {
      "type": "Feature",
      "properties": {
        "@id": "node/13460788382",
        "amenity": "place_of_worship",
        "name": "Waithaka Deliverance Church"
      },
      "geometry": {
        "type": "Point",
        "coordinates": [
          36.7098035,
          -1.2805341
        ]
      },
      "id": "node/13460788382"
    },
    {
      "type": "Feature",
      "properties": {
        "@id": "node/13460802608",
        "amenity": "place_of_worship",
        "name": "DAGORETI PAG",
        "religion": "christian"
      },
      "geometry": {
        "type": "Point",
        "coordinates": [
          36.7189303,
          -1.29446
        ]
      },
      "id": "node/13460802608"
    },
    {
      "type": "Feature",
      "properties": {
        "@id": "node/13460802616",
        "amenity": "place_of_worship",
        "name": "AIC Amani Lenana",
        "religion": "christian"
      },
      "geometry": {
        "type": "Point",
        "coordinates": [
          36.7144856,
          -1.2939871
        ]
      },
      "id": "node/13460802616"
    },
    {
      "type": "Feature",
      "properties": {
        "@id": "node/13460802617",
        "amenity": "place_of_worship",
        "name": "Solid Rock Church of Jesus Christ",
        "religion": "christian"
      },
      "geometry": {
        "type": "Point",
        "coordinates": [
          36.713722,
          -1.2935287
        ]
      },
      "id": "node/13460802617"
    },
    {
      "type": "Feature",
      "properties": {
        "@id": "node/13460830062",
        "amenity": "place_of_worship",
        "name": "DELIVERANCE CHURCH - UPPER LENANA",
        "religion": "christian"
      },
      "geometry": {
        "type": "Point",
        "coordinates": [
          36.7236583,
          -1.2988885
        ]
      },
      "id": "node/13460830062"
    },
    {
      "type": "Feature",
      "properties": {
        "@id": "node/13460830063",
        "amenity": "place_of_worship",
        "name": "Apostolic Faith Church Lenana",
        "religion": "christian"
      },
      "geometry": {
        "type": "Point",
        "coordinates": [
          36.7233407,
          -1.2995642
        ]
      },
      "id": "node/13460830063"
    },
    {
      "type": "Feature",
      "properties": {
        "@id": "node/13460830066",
        "amenity": "place_of_worship",
        "name": "Lenana Friends Church - Quarkers",
        "religion": "christian"
      },
      "geometry": {
        "type": "Point",
        "coordinates": [
          36.7241046,
          -1.3002957
        ]
      },
      "id": "node/13460830066"
    },
    {
      "type": "Feature",
      "properties": {
        "@id": "node/13460857127",
        "amenity": "place_of_worship",
        "name": "St. Parthenios Orthodox Church"
      },
      "geometry": {
        "type": "Point",
        "coordinates": [
          36.7077901,
          -1.2871896
        ]
      },
      "id": "node/13460857127"
    },
    {
      "type": "Feature",
      "properties": {
        "@id": "node/13460884288",
        "amenity": "place_of_worship",
        "name": "Redeemed Gospel Church"
      },
      "geometry": {
        "type": "Point",
        "coordinates": [
          36.7177207,
          -1.2801619
        ]
      },
      "id": "node/13460884288"
    },
    {
      "type": "Feature",
      "properties": {
        "@id": "node/13460884294",
        "amenity": "place_of_worship",
        "name": "Jesus Living Fountain Ministries International."
      },
      "geometry": {
        "type": "Point",
        "coordinates": [
          36.7222264,
          -1.2822383
        ]
      },
      "id": "node/13460884294"
    },
    {
      "type": "Feature",
      "properties": {
        "@id": "node/13594580466",
        "amenity": "place_of_worship",
        "denomination": "presbyterian",
        "email": "info@pceakariobangisouth.org",
        "mobile": "0710657770",
        "name": "P.C.E.A Kariobangi South Church",
        "religion": "christian",
        "website": "https://pcea.or.ke/"
      },
      "geometry": {
        "type": "Point",
        "coordinates": [
          36.8835449,
          -1.2661671
        ]
      },
      "id": "node/13594580466"
    },
    {
      "type": "Feature",
      "properties": {
        "@id": "node/13672236743",
        "addr:city": "Riruta ward",
        "addr:housenumber": "444",
        "addr:street": "Ngina Road/Mandevu",
        "amenity": "place_of_worship",
        "denomination": "anglican",
        "internet_access": "wlan",
        "name": "Mandevu",
        "religion": "spiritualist",
        "service_times": "mandevu",
        "website": "https://dg1010-rg.github.io/Rustic-garden-1s36e-Kavutiri-Embu.github.io/"
      },
      "geometry": {
        "type": "Point",
        "coordinates": [
          36.7341673,
          -1.2853597
        ]
      },
      "id": "node/13672236743"
    },
    {
      "type": "Feature",
      "properties": {
        "@id": "node/13730837397",
        "amenity": "community_centre",
        "community_centre": "community_hall",
        "name": "Ghetto Foundation"
      },
      "geometry": {
        "type": "Point",
        "coordinates": [
          36.8569916,
          -1.2650142
        ]
      },
      "id": "node/13730837397"
    },
    {
      "type": "Feature",
      "properties": {
        "@id": "node/13733581303",
        "amenity": "place_of_worship",
        "religion": "christian"
      },
      "geometry": {
        "type": "Point",
        "coordinates": [
          36.9589537,
          -1.1624229
        ]
      },
      "id": "node/13733581303"
    }
  ]
}