{
  "type": "FeatureCollection",
  "generator": "overpass-turbo",
  "copyright": "The data included in this document is from www.openstreetmap.org. The data is made available under ODbL.",
  "timestamp": "2026-04-22T07:08:45Z",
  "features": [
    {
      "type": "Feature",
      "properties": {
        "@id": "node/30092040",
        "addr:housenumber": "Ngong Rd, Nairobi",
        "name": "Carrefour",
        "operator": "Carrefour",
        "shop": "supermarket"
      },
      "geometry": {
        "type": "Point",
        "coordinates": [
          36.7633237,
          -1.2984066
        ]
      },
      "id": "node/30092040"
    },
    {
      "type": "Feature",
      "properties": {
        "@id": "node/30324343",
        "addr:city": "Nairobi",
        "addr:housenumber": "Sarit Centre,",
        "addr:street": "Karuna road",
        "brand": "Carrefour",
        "brand:wikidata": "Q217599",
        "brand:wikipedia": "fr:Carrefour (enseigne)",
        "name": "Carrefour",
        "opening_hours": "08:00-21:00",
        "operator": "Groupe Carrefour",
        "operator:wikidata": "Q3117359",
        "operator:wikipedia": "fr:Groupe Carrefour",
        "payment:coins": "yes",
        "payment:credit_cards": "yes",
        "payment:mastercard": "yes",
        "payment:notes": "yes",
        "payment:visa": "yes",
        "shop": "supermarket"
      },
      "geometry": {
        "type": "Point",
        "coordinates": [
          36.8018312,
          -1.2609034
        ]
      },
      "id": "node/30324343"
    },
    {
      "type": "Feature",
      "properties": {
        "@id": "node/30695833",
        "addr:city": "Nairobi",
        "addr:street": "Mombasa Road",
        "brand": "Naivas",
        "brand:wikidata": "Q18379067",
        "name": "Naivas Supermarket",
        "shop": "supermarket"
      },
      "geometry": {
        "type": "Point",
        "coordinates": [
          36.8348783,
          -1.3164518
        ]
      },
      "id": "node/30695833"
    },
    {
      "type": "Feature",
      "properties": {
        "@id": "way/39886090",
        "addr:city": "Nairobi",
        "addr:street": "Mtongwe Road",
        "amenity": "marketplace",
        "landuse": "retail",
        "name": "Kenyatta Market",
        "@geometry": "center"
      },
      "geometry": {
        "type": "Point",
        "coordinates": [
          36.8015479,
          -1.3067515
        ]
      },
      "id": "way/39886090"
    },
    {
      "type": "Feature",
      "properties": {
        "@id": "way/45529647",
        "addr:housenumber": "United Nations Ave, Nairobi City",
        "building": "yes",
        "disused": "yes",
        "name": "United Nations Commissary",
        "shop": "supermarket",
        "@geometry": "center"
      },
      "geometry": {
        "type": "Point",
        "coordinates": [
          36.8137132,
          -1.2307206
        ]
      },
      "id": "way/45529647"
    },
    {
      "type": "Feature",
      "properties": {
        "@id": "way/48161348",
        "amenity": "marketplace",
        "check_date": "2023-05-02",
        "name": "Laini Saba Market",
        "@geometry": "center"
      },
      "geometry": {
        "type": "Point",
        "coordinates": [
          36.7970978,
          -1.3110561
        ]
      },
      "id": "way/48161348"
    },
    {
      "type": "Feature",
      "properties": {
        "@id": "way/80754219",
        "addr:city": "Nairobi",
        "addr:street": "Market Street",
        "amenity": "marketplace",
        "check_date": "2024-09-05",
        "name": "City Market",
        "wikidata": "Q125446506",
        "@geometry": "center"
      },
      "geometry": {
        "type": "Point",
        "coordinates": [
          36.8195058,
          -1.2835901
        ]
      },
      "id": "way/80754219"
    },
    {
      "type": "Feature",
      "properties": {
        "@id": "way/94890100",
        "amenity": "marketplace",
        "name": "Goat Market",
        "@geometry": "center"
      },
      "geometry": {
        "type": "Point",
        "coordinates": [
          36.8738758,
          -1.2539804
        ]
      },
      "id": "way/94890100"
    },
    {
      "type": "Feature",
      "properties": {
        "@id": "way/94987849",
        "building": "yes",
        "check_date": "2023-05-29",
        "name": "Market Ways Supermarket",
        "opening_hours": "09:00-18:00",
        "shop": "supermarket",
        "@geometry": "center"
      },
      "geometry": {
        "type": "Point",
        "coordinates": [
          36.7705219,
          -1.290592
        ]
      },
      "id": "way/94987849"
    },
    {
      "type": "Feature",
      "properties": {
        "@id": "way/96924491",
        "amenity": "marketplace",
        "landuse": "retail",
        "@geometry": "center"
      },
      "geometry": {
        "type": "Point",
        "coordinates": [
          36.8729534,
          -1.2547148
        ]
      },
      "id": "way/96924491"
    },
    {
      "type": "Feature",
      "properties": {
        "@id": "way/96924492",
        "amenity": "marketplace",
        "landuse": "retail",
        "@geometry": "center"
      },
      "geometry": {
        "type": "Point",
        "coordinates": [
          36.873097,
          -1.2546655
        ]
      },
      "id": "way/96924492"
    },
    {
      "type": "Feature",
      "properties": {
        "@id": "way/97065927",
        "amenity": "marketplace",
        "landuse": "retail",
        "@geometry": "center"
      },
      "geometry": {
        "type": "Point",
        "coordinates": [
          36.8652274,
          -1.2603706
        ]
      },
      "id": "way/97065927"
    },
    {
      "type": "Feature",
      "properties": {
        "@id": "way/101987513",
        "addr:city": "Nairobi",
        "addr:street": "Kenyatta Avenue",
        "building": "yes",
        "check_date": "2023-05-11",
        "description": "Fashion House",
        "name": "Tuskys Supermarket",
        "shop": "supermarket",
        "@geometry": "center"
      },
      "geometry": {
        "type": "Point",
        "coordinates": [
          36.8197817,
          -1.2848546
        ]
      },
      "id": "way/101987513"
    },
    {
      "type": "Feature",
      "properties": {
        "@id": "way/103156419",
        "addr:housenumber": "Langata Rd, Nairobi",
        "building": "yes",
        "name": "Uchumi Langata Hyper",
        "shop": "supermarket",
        "@geometry": "center"
      },
      "geometry": {
        "type": "Point",
        "coordinates": [
          36.8030424,
          -1.3239726
        ]
      },
      "id": "way/103156419"
    },
    {
      "type": "Feature",
      "properties": {
        "@id": "way/109073746",
        "amenity": "marketplace",
        "barrier": "wall",
        "check_date": "2023-05-02",
        "name": "Makina Market",
        "note": "Also known as City Council Market Makina.",
        "operator": "NCC",
        "@geometry": "center"
      },
      "geometry": {
        "type": "Point",
        "coordinates": [
          36.7818832,
          -1.30901
        ]
      },
      "id": "way/109073746"
    },
    {
      "type": "Feature",
      "properties": {
        "@id": "way/123256650",
        "addr:city": "Nairobi",
        "addr:street": "Racecourse Road",
        "building": "yes",
        "check_date": "2023-04-03",
        "name": "Tusky's OTC",
        "shop": "supermarket",
        "@geometry": "center"
      },
      "geometry": {
        "type": "Point",
        "coordinates": [
          36.8315474,
          -1.2847096
        ]
      },
      "id": "way/123256650"
    },
    {
      "type": "Feature",
      "properties": {
        "@id": "way/123316939",
        "addr:city": "Nairobi",
        "addr:street": "Tom Mboya Street",
        "building": "yes",
        "name": "Tusky's Supermaket",
        "name:it": "Tusky's",
        "shop": "supermarket",
        "smoking": "no",
        "@geometry": "center"
      },
      "geometry": {
        "type": "Point",
        "coordinates": [
          36.8260166,
          -1.2840661
        ]
      },
      "id": "way/123316939"
    },
    {
      "type": "Feature",
      "properties": {
        "@id": "way/123451919",
        "addr:city": "Nairobi",
        "addr:street": "River Road",
        "building": "yes",
        "name": "Eastmatt",
        "shop": "supermarket",
        "@geometry": "center"
      },
      "geometry": {
        "type": "Point",
        "coordinates": [
          36.8249753,
          -1.2811647
        ]
      },
      "id": "way/123451919"
    },
    {
      "type": "Feature",
      "properties": {
        "@id": "way/125105880",
        "addr:city": "Nairobi",
        "addr:street": "Accra Road",
        "building": "yes",
        "name": "Nairobi Matt Supermarket",
        "name:it": "Nairobi Matt",
        "shop": "supermarket",
        "@geometry": "center"
      },
      "geometry": {
        "type": "Point",
        "coordinates": [
          36.8268441,
          -1.2826606
        ]
      },
      "id": "way/125105880"
    },
    {
      "type": "Feature",
      "properties": {
        "@id": "way/125300906",
        "alt_name": "Marikiti",
        "amenity": "marketplace",
        "check_date": "2023-04-03",
        "description": "Opened in 1967 (https://www.standardmedia.co.ke/the-standard-insider/article/2001378392/smell-of-money-the-millionaire-chamas-of-marikiti-market).",
        "name": "Wakulima Market",
        "@geometry": "center"
      },
      "geometry": {
        "type": "Point",
        "coordinates": [
          36.8323602,
          -1.2876109
        ]
      },
      "id": "way/125300906"
    },
    {
      "type": "Feature",
      "properties": {
        "@id": "way/125305110",
        "addr:city": "Nairobi",
        "addr:street": "Landhies Road",
        "building": "yes",
        "name": "Tuskys Supermarket Jogoo Road",
        "shop": "supermarket",
        "@geometry": "center"
      },
      "geometry": {
        "type": "Point",
        "coordinates": [
          36.8404921,
          -1.2921592
        ]
      },
      "id": "way/125305110"
    },
    {
      "type": "Feature",
      "properties": {
        "@id": "way/126945505",
        "addr:city": "Nairobi",
        "addr:street": "Ahero Street",
        "amenity": "marketplace",
        "name": "Jua Kali Market",
        "@geometry": "center"
      },
      "geometry": {
        "type": "Point",
        "coordinates": [
          36.841791,
          -1.2911534
        ]
      },
      "id": "way/126945505"
    },
    {
      "type": "Feature",
      "properties": {
        "@id": "way/129290575",
        "addr:city": "Nairobi",
        "addr:street": "Kienjeku Road",
        "amenity": "marketplace",
        "check_date": "2023-05-11",
        "name": "Fig Tree Fresh Food Market - Ngara",
        "@geometry": "center"
      },
      "geometry": {
        "type": "Point",
        "coordinates": [
          36.8216037,
          -1.2744837
        ]
      },
      "id": "way/129290575"
    },
    {
      "type": "Feature",
      "properties": {
        "@id": "way/129410417",
        "addr:city": "Nairobi",
        "addr:street": "Murang'a Road",
        "amenity": "marketplace",
        "building": "yes",
        "check_date": "2023-05-11",
        "name": "Pangani Auction Centre",
        "@geometry": "center"
      },
      "geometry": {
        "type": "Point",
        "coordinates": [
          36.8307813,
          -1.2698325
        ]
      },
      "id": "way/129410417"
    },
    {
      "type": "Feature",
      "properties": {
        "@id": "way/130035712",
        "addr:city": "Nairobi",
        "addr:street": "Jogoo Road",
        "building": "yes",
        "name": "Uchumi Supermarket",
        "shop": "supermarket",
        "@geometry": "center"
      },
      "geometry": {
        "type": "Point",
        "coordinates": [
          36.8606387,
          -1.2957497
        ]
      },
      "id": "way/130035712"
    },
    {
      "type": "Feature",
      "properties": {
        "@id": "way/130230069",
        "addr:city": "Nairobi",
        "addr:street": "Limuru Road",
        "amenity": "marketplace",
        "check_date": "2023-05-11",
        "name": "Fig Tree Shopping Centre",
        "@geometry": "center"
      },
      "geometry": {
        "type": "Point",
        "coordinates": [
          36.8230298,
          -1.2752179
        ]
      },
      "id": "way/130230069"
    },
    {
      "type": "Feature",
      "properties": {
        "@id": "way/130231619",
        "addr:city": "Nairobi",
        "addr:street": "Ngara Road",
        "building": "yes",
        "name": "Homechoice Supermarket",
        "shop": "supermarket",
        "@geometry": "center"
      },
      "geometry": {
        "type": "Point",
        "coordinates": [
          36.8220879,
          -1.2755498
        ]
      },
      "id": "way/130231619"
    },
    {
      "type": "Feature",
      "properties": {
        "@id": "way/132953462",
        "addr:city": "Nairobi",
        "addr:street": "Workshop Road",
        "amenity": "marketplace",
        "name": "City Council Stalls",
        "@geometry": "center"
      },
      "geometry": {
        "type": "Point",
        "coordinates": [
          36.8273199,
          -1.2942405
        ]
      },
      "id": "way/132953462"
    },
    {
      "type": "Feature",
      "properties": {
        "@id": "way/144112315",
        "addr:city": "Nairobi",
        "addr:street": "Langata Road",
        "amenity": "marketplace",
        "name": "Kogo Village Market",
        "@geometry": "center"
      },
      "geometry": {
        "type": "Point",
        "coordinates": [
          36.8188139,
          -1.3080617
        ]
      },
      "id": "way/144112315"
    },
    {
      "type": "Feature",
      "properties": {
        "@id": "way/164581793",
        "addr:city": "Nairobi",
        "addr:street": "Doonholm Road",
        "building": "commercial",
        "name": "Kamindi Selfridges Supermarket",
        "opening_hours": "Mo-Su 08:00-22:00",
        "shop": "supermarket",
        "@geometry": "center"
      },
      "geometry": {
        "type": "Point",
        "coordinates": [
          36.8945436,
          -1.2972974
        ]
      },
      "id": "way/164581793"
    },
    {
      "type": "Feature",
      "properties": {
        "@id": "way/164583038",
        "addr:city": "Embakasi",
        "addr:street": "Savannah Road",
        "name": "Greenspan Shopping Mall",
        "shop": "supermarket",
        "@geometry": "center"
      },
      "geometry": {
        "type": "Point",
        "coordinates": [
          36.9012345,
          -1.2892558
        ]
      },
      "id": "way/164583038"
    },
    {
      "type": "Feature",
      "properties": {
        "@id": "way/168408900",
        "amenity": "marketplace",
        "name": "Ayany market area",
        "@geometry": "center"
      },
      "geometry": {
        "type": "Point",
        "coordinates": [
          36.7764442,
          -1.3112813
        ]
      },
      "id": "way/168408900"
    },
    {
      "type": "Feature",
      "properties": {
        "@id": "way/168408907",
        "amenity": "marketplace",
        "check_date": "2023-04-12",
        "name": "kibera 42 market",
        "@geometry": "center"
      },
      "geometry": {
        "type": "Point",
        "coordinates": [
          36.7726254,
          -1.3076459
        ]
      },
      "id": "way/168408907"
    },
    {
      "type": "Feature",
      "properties": {
        "@id": "way/169313449",
        "amenity": "marketplace",
        "check_date": "2023-04-12",
        "name": "Karanja market",
        "@geometry": "center"
      },
      "geometry": {
        "type": "Point",
        "coordinates": [
          36.7801356,
          -1.3099382
        ]
      },
      "id": "way/169313449"
    },
    {
      "type": "Feature",
      "properties": {
        "@id": "way/171869595",
        "amenity": "marketplace",
        "man_made": "slaughterhouse",
        "name": "Nyayo Market",
        "@geometry": "center"
      },
      "geometry": {
        "type": "Point",
        "coordinates": [
          36.8845421,
          -1.2595779
        ]
      },
      "id": "way/171869595"
    },
    {
      "type": "Feature",
      "properties": {
        "@id": "way/177644752",
        "addr:city": "Nairobi",
        "addr:street": "Rabai Road",
        "amenity": "marketplace",
        "name": "Jericho Market",
        "source": "Bing",
        "@geometry": "center"
      },
      "geometry": {
        "type": "Point",
        "coordinates": [
          36.8737097,
          -1.2877694
        ]
      },
      "id": "way/177644752"
    },
    {
      "type": "Feature",
      "properties": {
        "@id": "way/225678574",
        "addr:city": "Nairobi",
        "addr:street": "Limuru Road",
        "building": "yes",
        "building:levels": "1",
        "name": "Gigiri Supermarket",
        "opening_hours": "Mo-Su 00:00-00:00",
        "shop": "supermarket",
        "@geometry": "center"
      },
      "geometry": {
        "type": "Point",
        "coordinates": [
          36.8103236,
          -1.2379419
        ]
      },
      "id": "way/225678574"
    },
    {
      "type": "Feature",
      "properties": {
        "@id": "way/239168027",
        "amenity": "marketplace",
        "name": "Dagoretti Market",
        "@geometry": "center"
      },
      "geometry": {
        "type": "Point",
        "coordinates": [
          36.6860975,
          -1.2861852
        ]
      },
      "id": "way/239168027"
    },
    {
      "type": "Feature",
      "properties": {
        "@id": "way/244391070",
        "addr:city": "Nairobi",
        "addr:street": "Limuru Road",
        "amenity": "marketplace",
        "building": "yes",
        "name": "City Park Market",
        "@geometry": "center"
      },
      "geometry": {
        "type": "Point",
        "coordinates": [
          36.8264436,
          -1.2614284
        ]
      },
      "id": "way/244391070"
    },
    {
      "type": "Feature",
      "properties": {
        "@id": "way/245718945",
        "addr:city": "Nairobi",
        "addr:street": "Jogoo Road",
        "building": "yes",
        "name": "Rikana Supermarket",
        "shop": "supermarket",
        "@geometry": "center"
      },
      "geometry": {
        "type": "Point",
        "coordinates": [
          36.8512719,
          -1.2937856
        ]
      },
      "id": "way/245718945"
    },
    {
      "type": "Feature",
      "properties": {
        "@id": "way/257122405",
        "addr:city": "Ongata Rongai",
        "addr:street": "Magadi Road",
        "building": "yes",
        "name": "Tuskys Ongata Rongai",
        "shop": "supermarket",
        "@geometry": "center"
      },
      "geometry": {
        "type": "Point",
        "coordinates": [
          36.753567,
          -1.3960743
        ]
      },
      "id": "way/257122405"
    },
    {
      "type": "Feature",
      "properties": {
        "@id": "way/258730270",
        "addr:city": "Ruaka",
        "addr:street": "Limuru Road",
        "building": "yes",
        "name": "Quickmart Ruaka",
        "shop": "supermarket",
        "@geometry": "center"
      },
      "geometry": {
        "type": "Point",
        "coordinates": [
          36.7833578,
          -1.2069615
        ]
      },
      "id": "way/258730270"
    },
    {
      "type": "Feature",
      "properties": {
        "@id": "way/348530561",
        "addr:city": "Ngong",
        "addr:street": "Ngong Road",
        "amenity": "marketplace",
        "building": "yes",
        "name": "Ngong market",
        "@geometry": "center"
      },
      "geometry": {
        "type": "Point",
        "coordinates": [
          36.6567353,
          -1.3597442
        ]
      },
      "id": "way/348530561"
    },
    {
      "type": "Feature",
      "properties": {
        "@id": "way/352695279",
        "amenity": "marketplace",
        "building": "yes",
        "name": "Kahawa Farmers City Council Market",
        "@geometry": "center"
      },
      "geometry": {
        "type": "Point",
        "coordinates": [
          36.9025937,
          -1.1845969
        ]
      },
      "id": "way/352695279"
    },
    {
      "type": "Feature",
      "properties": {
        "@id": "way/368464138",
        "amenity": "marketplace",
        "name": "Soko Mjinga Open Air Market",
        "operator": "City Council",
        "@geometry": "center"
      },
      "geometry": {
        "type": "Point",
        "coordinates": [
          36.885536,
          -1.2581597
        ]
      },
      "id": "way/368464138"
    },
    {
      "type": "Feature",
      "properties": {
        "@id": "way/381185746",
        "amenity": "marketplace",
        "name": "Hazina Market Village",
        "place": "informal",
        "@geometry": "center"
      },
      "geometry": {
        "type": "Point",
        "coordinates": [
          36.8461002,
          -1.313282
        ]
      },
      "id": "way/381185746"
    },
    {
      "type": "Feature",
      "properties": {
        "@id": "way/434715546",
        "amenity": "marketplace",
        "name": "Kikuyu Open Market",
        "@geometry": "center"
      },
      "geometry": {
        "type": "Point",
        "coordinates": [
          36.6644439,
          -1.2463426
        ]
      },
      "id": "way/434715546"
    },
    {
      "type": "Feature",
      "properties": {
        "@id": "node/489246761",
        "addr:city": "Nairobi",
        "addr:street": "Airport North Road",
        "name": "Nakumatt Embakasi Supermarket",
        "shop": "supermarket"
      },
      "geometry": {
        "type": "Point",
        "coordinates": [
          36.8891623,
          -1.3295149
        ]
      },
      "id": "node/489246761"
    },
    {
      "type": "Feature",
      "properties": {
        "@id": "node/489294917",
        "amenity": "marketplace",
        "check_date": "2023-05-11",
        "name": "Adam's Arcade Market"
      },
      "geometry": {
        "type": "Point",
        "coordinates": [
          36.7798001,
          -1.3026254
        ]
      },
      "id": "node/489294917"
    },
    {
      "type": "Feature",
      "properties": {
        "@id": "node/494772725",
        "addr:city": "Nairobi",
        "addr:street": "Pramukh Swami Avenue",
        "name": "Chandarana Food Plus Supermarket Ltd.",
        "shop": "supermarket"
      },
      "geometry": {
        "type": "Point",
        "coordinates": [
          36.8178663,
          -1.2593846
        ]
      },
      "id": "node/494772725"
    },
    {
      "type": "Feature",
      "properties": {
        "@id": "way/496143803",
        "addr:city": "Nairobi",
        "addr:street": "Lower Kabete Road",
        "building": "yes",
        "name": "Spring Valley Supermarket (1979)",
        "shop": "supermarket",
        "@geometry": "center"
      },
      "geometry": {
        "type": "Point",
        "coordinates": [
          36.7920109,
          -1.2540428
        ]
      },
      "id": "way/496143803"
    },
    {
      "type": "Feature",
      "properties": {
        "@id": "node/521103444",
        "name": "Fairlane",
        "shop": "supermarket"
      },
      "geometry": {
        "type": "Point",
        "coordinates": [
          36.8020059,
          -1.3068216
        ]
      },
      "id": "node/521103444"
    },
    {
      "type": "Feature",
      "properties": {
        "@id": "way/524758068",
        "amenity": "marketplace",
        "landuse": "commercial",
        "name": "Muthaiga Shopping Centre",
        "@geometry": "center"
      },
      "geometry": {
        "type": "Point",
        "coordinates": [
          36.820581,
          -1.2498395
        ]
      },
      "id": "way/524758068"
    },
    {
      "type": "Feature",
      "properties": {
        "@id": "way/551695651",
        "addr:city": "Kiambu",
        "addr:street": "Biashara Street Kiambu",
        "amenity": "marketplace",
        "building": "yes",
        "name": "Kangangi Market",
        "@geometry": "center"
      },
      "geometry": {
        "type": "Point",
        "coordinates": [
          36.8279792,
          -1.1702379
        ]
      },
      "id": "way/551695651"
    },
    {
      "type": "Feature",
      "properties": {
        "@id": "way/551695678",
        "amenity": "marketplace",
        "building": "yes",
        "name": "Kangangi Market",
        "@geometry": "center"
      },
      "geometry": {
        "type": "Point",
        "coordinates": [
          36.8277194,
          -1.169712
        ]
      },
      "id": "way/551695678"
    },
    {
      "type": "Feature",
      "properties": {
        "@id": "way/551696296",
        "amenity": "marketplace",
        "name": "Kiambu Market",
        "@geometry": "center"
      },
      "geometry": {
        "type": "Point",
        "coordinates": [
          36.8273773,
          -1.1692593
        ]
      },
      "id": "way/551696296"
    },
    {
      "type": "Feature",
      "properties": {
        "@id": "way/551771368",
        "addr:city": "Nairobi",
        "addr:street": "Ring Road Parklands",
        "amenity": "marketplace",
        "name": "Westlands Commercial Centre",
        "parking": "surface",
        "@geometry": "center"
      },
      "geometry": {
        "type": "Point",
        "coordinates": [
          36.8036209,
          -1.260328
        ]
      },
      "id": "way/551771368"
    },
    {
      "type": "Feature",
      "properties": {
        "@id": "way/551945348",
        "addr:city": "Kiambu",
        "addr:street": "Ruiru-Kamiti Road",
        "amenity": "marketplace",
        "building": "yes",
        "name": "Ruii Centre",
        "@geometry": "center"
      },
      "geometry": {
        "type": "Point",
        "coordinates": [
          36.8378192,
          -1.1783371
        ]
      },
      "id": "way/551945348"
    },
    {
      "type": "Feature",
      "properties": {
        "@id": "way/551947539",
        "addr:city": "Kiambu",
        "addr:street": "Githunguri-Riabai Road",
        "amenity": "marketplace",
        "name": "Riabai Shopping Centre",
        "@geometry": "center"
      },
      "geometry": {
        "type": "Point",
        "coordinates": [
          36.8399218,
          -1.1588293
        ]
      },
      "id": "way/551947539"
    },
    {
      "type": "Feature",
      "properties": {
        "@id": "way/553296856",
        "addr:city": "Nairobi",
        "addr:street": "Ngara Road",
        "building": "yes",
        "name": "Chandarana Supermarket",
        "shop": "supermarket",
        "@geometry": "center"
      },
      "geometry": {
        "type": "Point",
        "coordinates": [
          36.8190735,
          -1.2741977
        ]
      },
      "id": "way/553296856"
    },
    {
      "type": "Feature",
      "properties": {
        "@id": "way/553599211",
        "addr:city": "KIAMBU",
        "addr:street": "Kiambu Road",
        "branch": "Thindigua",
        "brand": "QuickMart",
        "brand:wikidata": "Q113012659",
        "building": "yes",
        "name": "QuickMart Thindigua",
        "payment:cash": "yes",
        "payment:coins": "yes",
        "payment:credit_cards": "yes",
        "payment:debit_cards": "yes",
        "payment:discover_card": "yes",
        "payment:mastercard": "yes",
        "payment:visa": "yes",
        "shop": "supermarket",
        "@geometry": "center"
      },
      "geometry": {
        "type": "Point",
        "coordinates": [
          36.8331272,
          -1.2023189
        ]
      },
      "id": "way/553599211"
    },
    {
      "type": "Feature",
      "properties": {
        "@id": "way/553792867",
        "addr:city": "Nairobi",
        "addr:street": "Ngara Road",
        "amenity": "marketplace",
        "check_date": "2023-05-11",
        "name": "Ngara Stalls",
        "@geometry": "center"
      },
      "geometry": {
        "type": "Point",
        "coordinates": [
          36.8227143,
          -1.2755736
        ]
      },
      "id": "way/553792867"
    },
    {
      "type": "Feature",
      "properties": {
        "@id": "way/554220742",
        "addr:city": "Nairobi",
        "addr:street": "Kiambu Road",
        "brand": "Naivas",
        "brand:wikidata": "Q18379067",
        "building": "yes",
        "name": "Naivas Food Market",
        "operator": "Naivas",
        "shop": "supermarket",
        "@geometry": "center"
      },
      "geometry": {
        "type": "Point",
        "coordinates": [
          36.838391,
          -1.2256778
        ]
      },
      "id": "way/554220742"
    },
    {
      "type": "Feature",
      "properties": {
        "@id": "way/565332026",
        "addr:city": "Nairobi",
        "addr:street": "Woodvale Grove",
        "amenity": "marketplace",
        "building": "yes",
        "name": "Westlands Market",
        "@geometry": "center"
      },
      "geometry": {
        "type": "Point",
        "coordinates": [
          36.803446,
          -1.2635401
        ]
      },
      "id": "way/565332026"
    },
    {
      "type": "Feature",
      "properties": {
        "@id": "way/572091760",
        "addr:city": "Nairobi",
        "addr:street": "Landhies Road",
        "amenity": "marketplace",
        "name": "Muthurwa Market",
        "@geometry": "center"
      },
      "geometry": {
        "type": "Point",
        "coordinates": [
          36.83287,
          -1.2868086
        ]
      },
      "id": "way/572091760"
    },
    {
      "type": "Feature",
      "properties": {
        "@id": "way/578179381",
        "addr:city": "Wangige",
        "addr:street": "Gitaru Road",
        "amenity": "marketplace",
        "name": "Wangige Market",
        "@geometry": "center"
      },
      "geometry": {
        "type": "Point",
        "coordinates": [
          36.7137373,
          -1.2197394
        ]
      },
      "id": "way/578179381"
    },
    {
      "type": "Feature",
      "properties": {
        "@id": "way/582336509",
        "addr:city": "Nairobi",
        "addr:street": "Muindi Mbingu Street",
        "brand": "Naivas",
        "brand:wikidata": "Q18379067",
        "building": "yes",
        "check_date": "2024-09-06",
        "name": "Naivas",
        "shop": "supermarket",
        "@geometry": "center"
      },
      "geometry": {
        "type": "Point",
        "coordinates": [
          36.8199365,
          -1.2831778
        ]
      },
      "id": "way/582336509"
    },
    {
      "type": "Feature",
      "properties": {
        "@id": "node/597647390",
        "addr:city": "Nairobi",
        "addr:street": "Limuru Road",
        "name": "Onn The Way Supermarket Muthaiga",
        "phone": "+254 787 689 689",
        "shop": "supermarket",
        "website": "https://onntheway.com/"
      },
      "geometry": {
        "type": "Point",
        "coordinates": [
          36.8202489,
          -1.2499888
        ]
      },
      "id": "node/597647390"
    },
    {
      "type": "Feature",
      "properties": {
        "@id": "node/612007089",
        "name": "LainiI Saba Market",
        "note": "open air market",
        "opening_hours": "24/7",
        "shop": "supermarket"
      },
      "geometry": {
        "type": "Point",
        "coordinates": [
          36.7958157,
          -1.3103868
        ]
      },
      "id": "node/612007089"
    },
    {
      "type": "Feature",
      "properties": {
        "@id": "node/612007666",
        "check_date": "2023-04-22",
        "name": "Getangura Shop",
        "shop": "convenience"
      },
      "geometry": {
        "type": "Point",
        "coordinates": [
          36.7938614,
          -1.3116313
        ]
      },
      "id": "node/612007666"
    },
    {
      "type": "Feature",
      "properties": {
        "@id": "node/612007705",
        "name": "Kaloki Super Market",
        "opening_hours": "Mo-Fr 08:30-20:00",
        "shop": "supermarket"
      },
      "geometry": {
        "type": "Point",
        "coordinates": [
          36.797677,
          -1.3122214
        ]
      },
      "id": "node/612007705"
    },
    {
      "type": "Feature",
      "properties": {
        "@id": "node/612007857",
        "check_date": "2023-05-02",
        "name": "Soweto Corner Posho Mill",
        "notes": "Posho Mill",
        "opening_hours": "Mo-Fr 08:30-20:00",
        "shop": "convenience"
      },
      "geometry": {
        "type": "Point",
        "coordinates": [
          36.7751908,
          -1.3151354
        ]
      },
      "id": "node/612007857"
    },
    {
      "type": "Feature",
      "properties": {
        "@id": "node/612007863",
        "check_date": "2023-05-02",
        "name": "Rafiki stores",
        "notes": "Store",
        "opening_hours": "06:30-21:00",
        "shop": "convenience"
      },
      "geometry": {
        "type": "Point",
        "coordinates": [
          36.776108,
          -1.3143528
        ]
      },
      "id": "node/612007863"
    },
    {
      "type": "Feature",
      "properties": {
        "@id": "node/612008382",
        "check_date": "2023-04-15",
        "name": "Jeliza Shop",
        "shop": "convenience"
      },
      "geometry": {
        "type": "Point",
        "coordinates": [
          36.7925402,
          -1.3152252
        ]
      },
      "id": "node/612008382"
    },
    {
      "type": "Feature",
      "properties": {
        "@id": "node/612008387",
        "brand": "Shop & Go",
        "check_date": "2023-04-15",
        "name": "Munyote shop",
        "shop": "convenience"
      },
      "geometry": {
        "type": "Point",
        "coordinates": [
          36.7943636,
          -1.3174212
        ]
      },
      "id": "node/612008387"
    },
    {
      "type": "Feature",
      "properties": {
        "@id": "node/612008391",
        "check_date": "2023-03-27",
        "name": "Uchumi Ndogo Retail Shop",
        "shop": "convenience"
      },
      "geometry": {
        "type": "Point",
        "coordinates": [
          36.7941386,
          -1.3159641
        ]
      },
      "id": "node/612008391"
    },
    {
      "type": "Feature",
      "properties": {
        "@id": "node/612008394",
        "check_date": "2023-05-08",
        "name": "Uchumi Ndogo Annex",
        "shop": "convenience"
      },
      "geometry": {
        "type": "Point",
        "coordinates": [
          36.79329,
          -1.3154741
        ]
      },
      "id": "node/612008394"
    },
    {
      "type": "Feature",
      "properties": {
        "@id": "node/612008395",
        "name": "Japolo Tailoring Shop",
        "shop": "convenience"
      },
      "geometry": {
        "type": "Point",
        "coordinates": [
          36.7933467,
          -1.3156011
        ]
      },
      "id": "node/612008395"
    },
    {
      "type": "Feature",
      "properties": {
        "@id": "node/612008449",
        "name": "cereals",
        "opening_hours": "08:00-21:00",
        "organic": "only",
        "shop": "supermarket"
      },
      "geometry": {
        "type": "Point",
        "coordinates": [
          36.7797164,
          -1.315167
        ]
      },
      "id": "node/612008449"
    },
    {
      "type": "Feature",
      "properties": {
        "@id": "node/612008494",
        "check_date": "2023-05-02",
        "name": "Grocery",
        "organic": "only",
        "shop": "supermarket"
      },
      "geometry": {
        "type": "Point",
        "coordinates": [
          36.7760353,
          -1.3102203
        ]
      },
      "id": "node/612008494"
    },
    {
      "type": "Feature",
      "properties": {
        "@id": "node/612008603",
        "check_date": "2023-05-02",
        "name": "Nyaki Consultant Shop",
        "opening_hours": "06:00-21:00",
        "shop": "convenience"
      },
      "geometry": {
        "type": "Point",
        "coordinates": [
          36.7752537,
          -1.3155274
        ]
      },
      "id": "node/612008603"
    },
    {
      "type": "Feature",
      "properties": {
        "@id": "node/612008721",
        "check_date": "2023-03-27",
        "name": "Wholesale",
        "shop": "convenience"
      },
      "geometry": {
        "type": "Point",
        "coordinates": [
          36.7949688,
          -1.3132082
        ]
      },
      "id": "node/612008721"
    },
    {
      "type": "Feature",
      "properties": {
        "@id": "node/612008729",
        "check_date": "2023-04-22",
        "name": "Chabumba Store",
        "shop": "convenience"
      },
      "geometry": {
        "type": "Point",
        "coordinates": [
          36.7937372,
          -1.3116127
        ]
      },
      "id": "node/612008729"
    },
    {
      "type": "Feature",
      "properties": {
        "@id": "node/612008734",
        "check_date": "2023-04-22",
        "name": "Jasho Mini Store",
        "shop": "convenience"
      },
      "geometry": {
        "type": "Point",
        "coordinates": [
          36.7943004,
          -1.3113798
        ]
      },
      "id": "node/612008734"
    },
    {
      "type": "Feature",
      "properties": {
        "@id": "node/612008743",
        "name": "Jakamiyawa Tailoring Shop",
        "shop": "convenience"
      },
      "geometry": {
        "type": "Point",
        "coordinates": [
          36.7947507,
          -1.3111764
        ]
      },
      "id": "node/612008743"
    },
    {
      "type": "Feature",
      "properties": {
        "@id": "node/612008752",
        "name": "City Point store",
        "shop": "convenience"
      },
      "geometry": {
        "type": "Point",
        "coordinates": [
          36.7948919,
          -1.3111228
        ]
      },
      "id": "node/612008752"
    },
    {
      "type": "Feature",
      "properties": {
        "@id": "node/612008807",
        "name": "Battery Charging",
        "opening_hours": "08:00-22:00",
        "shop": "convenience"
      },
      "geometry": {
        "type": "Point",
        "coordinates": [
          36.7835099,
          -1.3146322
        ]
      },
      "id": "node/612008807"
    },
    {
      "type": "Feature",
      "properties": {
        "@id": "node/612008848",
        "name": "Tailr shop",
        "opening_hours": "Mo-Fr 08:30-20:00",
        "shop": "convenience"
      },
      "geometry": {
        "type": "Point",
        "coordinates": [
          36.7856842,
          -1.3149721
        ]
      },
      "id": "node/612008848"
    },
    {
      "type": "Feature",
      "properties": {
        "@id": "node/612008856",
        "check_date": "2023-04-17",
        "name": "mama Khukhu Charcoal shop",
        "opening_hours": "08:00-21:00",
        "shop": "convenience"
      },
      "geometry": {
        "type": "Point",
        "coordinates": [
          36.7870898,
          -1.3150412
        ]
      },
      "id": "node/612008856"
    },
    {
      "type": "Feature",
      "properties": {
        "@id": "node/612008948",
        "check_date": "2023-04-26",
        "name": "Wholesale",
        "shop": "supermarket"
      },
      "geometry": {
        "type": "Point",
        "coordinates": [
          36.7967341,
          -1.3133438
        ]
      },
      "id": "node/612008948"
    },
    {
      "type": "Feature",
      "properties": {
        "@id": "node/612008949",
        "name": "Wholesale",
        "shop": "supermarket"
      },
      "geometry": {
        "type": "Point",
        "coordinates": [
          36.7969956,
          -1.3132941
        ]
      },
      "id": "node/612008949"
    },
    {
      "type": "Feature",
      "properties": {
        "@id": "node/612008979",
        "check_date": "2023-03-27",
        "name": "Uwanjani Shop",
        "shop": "convenience"
      },
      "geometry": {
        "type": "Point",
        "coordinates": [
          36.7961311,
          -1.3119296
        ]
      },
      "id": "node/612008979"
    },
    {
      "type": "Feature",
      "properties": {
        "@id": "node/612008980",
        "name": "Kaka Tailoring Shop",
        "shop": "convenience"
      },
      "geometry": {
        "type": "Point",
        "coordinates": [
          36.7972942,
          -1.3126756
        ]
      },
      "id": "node/612008980"
    },
    {
      "type": "Feature",
      "properties": {
        "@id": "node/612008983",
        "name": "Manchester United shop",
        "shop": "convenience"
      },
      "geometry": {
        "type": "Point",
        "coordinates": [
          36.797547,
          -1.3123708
        ]
      },
      "id": "node/612008983"
    },
    {
      "type": "Feature",
      "properties": {
        "@id": "node/612008987",
        "name": "Wholesale and Kerosene pump",
        "shop": "convenience"
      },
      "geometry": {
        "type": "Point",
        "coordinates": [
          36.7975662,
          -1.3121691
        ]
      },
      "id": "node/612008987"
    },
    {
      "type": "Feature",
      "properties": {
        "@id": "node/612008998",
        "check_date": "2023-04-17",
        "name": "welding",
        "opening_hours": "09:00-20:00",
        "shop": "convenience"
      },
      "geometry": {
        "type": "Point",
        "coordinates": [
          36.79196,
          -1.3120847
        ]
      },
      "id": "node/612008998"
    },
    {
      "type": "Feature",
      "properties": {
        "@id": "node/612009000",
        "check_date": "2023-04-17",
        "name": "kazuri posho mill",
        "opening_hours": "10:00-22:00",
        "shop": "convenience"
      },
      "geometry": {
        "type": "Point",
        "coordinates": [
          36.7921747,
          -1.3120376
        ]
      },
      "id": "node/612009000"
    },
    {
      "type": "Feature",
      "properties": {
        "@id": "node/612009082",
        "name": "Tornado Battery Charging",
        "opening_hours": "07:00-21:00",
        "shop": "convenience"
      },
      "geometry": {
        "type": "Point",
        "coordinates": [
          36.7784811,
          -1.3162106
        ]
      },
      "id": "node/612009082"
    },
    {
      "type": "Feature",
      "properties": {
        "@id": "node/612009089",
        "check_date": "2023-05-23",
        "name": "mali mali",
        "opening_hours": "06:00-22:00",
        "shop": "convenience"
      },
      "geometry": {
        "type": "Point",
        "coordinates": [
          36.7788066,
          -1.315436
        ]
      },
      "id": "node/612009089"
    },
    {
      "type": "Feature",
      "properties": {
        "@id": "node/612009157",
        "name": "Getangura junior shop",
        "shop": "convenience"
      },
      "geometry": {
        "type": "Point",
        "coordinates": [
          36.7951226,
          -1.3112294
        ]
      },
      "id": "node/612009157"
    },
    {
      "type": "Feature",
      "properties": {
        "@id": "node/612009165",
        "check_date": "2023-04-03",
        "name": "Vision tailoring shop",
        "shop": "convenience"
      },
      "geometry": {
        "type": "Point",
        "coordinates": [
          36.7960344,
          -1.3107662
        ]
      },
      "id": "node/612009165"
    },
    {
      "type": "Feature",
      "properties": {
        "@id": "node/612009174",
        "check_date": "2023-04-01",
        "name": "Mimias Shop",
        "shop": "convenience"
      },
      "geometry": {
        "type": "Point",
        "coordinates": [
          36.7931649,
          -1.3161852
        ]
      },
      "id": "node/612009174"
    },
    {
      "type": "Feature",
      "properties": {
        "@id": "node/612009211",
        "name": "m.cliff mini mart",
        "shop": "supermarket"
      },
      "geometry": {
        "type": "Point",
        "coordinates": [
          36.7731126,
          -1.3088987
        ]
      },
      "id": "node/612009211"
    },
    {
      "type": "Feature",
      "properties": {
        "@id": "node/612009248",
        "check_date": "2023-04-17",
        "name": "Obama Computer Services",
        "shop": "convenience"
      },
      "geometry": {
        "type": "Point",
        "coordinates": [
          36.7905353,
          -1.3093005
        ]
      },
      "id": "node/612009248"
    },
    {
      "type": "Feature",
      "properties": {
        "@id": "node/612009261",
        "check_date": "2023-04-18",
        "name": "riz cyber cafe",
        "shop": "convenience"
      },
      "geometry": {
        "type": "Point",
        "coordinates": [
          36.7826041,
          -1.3073521
        ]
      },
      "id": "node/612009261"
    },
    {
      "type": "Feature",
      "properties": {
        "@id": "node/612010922",
        "check_date": "2023-05-02",
        "name": "Car Wash",
        "shop": "convenience"
      },
      "geometry": {
        "type": "Point",
        "coordinates": [
          36.7804143,
          -1.309193
        ]
      },
      "id": "node/612010922"
    },
    {
      "type": "Feature",
      "properties": {
        "@id": "node/612011213",
        "name": "Chali General Store",
        "shop": "convenience"
      },
      "geometry": {
        "type": "Point",
        "coordinates": [
          36.7943026,
          -1.3136699
        ]
      },
      "id": "node/612011213"
    },
    {
      "type": "Feature",
      "properties": {
        "@id": "node/612011239",
        "check_date": "2023-04-15",
        "name": "J M Muli Shop",
        "shop": "convenience"
      },
      "geometry": {
        "type": "Point",
        "coordinates": [
          36.791732,
          -1.3144193
        ]
      },
      "id": "node/612011239"
    },
    {
      "type": "Feature",
      "properties": {
        "@id": "node/612011333",
        "check_date": "2023-05-08",
        "name": "Posho Mill",
        "shop": "convenience"
      },
      "geometry": {
        "type": "Point",
        "coordinates": [
          36.7936999,
          -1.3116174
        ]
      },
      "id": "node/612011333"
    },
    {
      "type": "Feature",
      "properties": {
        "@id": "node/612011334",
        "check_date": "2023-04-22",
        "name": "Posho Mill",
        "shop": "convenience"
      },
      "geometry": {
        "type": "Point",
        "coordinates": [
          36.7938459,
          -1.3115523
        ]
      },
      "id": "node/612011334"
    },
    {
      "type": "Feature",
      "properties": {
        "@id": "node/612011366",
        "name": "Kerosene and charcoal point",
        "shop": "convenience"
      },
      "geometry": {
        "type": "Point",
        "coordinates": [
          36.7953735,
          -1.31129
        ]
      },
      "id": "node/612011366"
    },
    {
      "type": "Feature",
      "properties": {
        "@id": "node/650226622",
        "addr:city": "Nairobi",
        "addr:street": "Outer Ring Road",
        "name": "Naivas Eastgate",
        "shop": "supermarket"
      },
      "geometry": {
        "type": "Point",
        "coordinates": [
          36.8873124,
          -1.2958319
        ]
      },
      "id": "node/650226622"
    },
    {
      "type": "Feature",
      "properties": {
        "@id": "way/686808212",
        "amenity": "marketplace",
        "name": "Toi Market",
        "@geometry": "center"
      },
      "geometry": {
        "type": "Point",
        "coordinates": [
          36.7807427,
          -1.3080453
        ]
      },
      "id": "way/686808212"
    },
    {
      "type": "Feature",
      "properties": {
        "@id": "way/688404842",
        "building": "yes",
        "name": "Cleanshelf Supermarket",
        "shop": "supermarket",
        "@geometry": "center"
      },
      "geometry": {
        "type": "Point",
        "coordinates": [
          36.8403713,
          -1.2963894
        ]
      },
      "id": "way/688404842"
    },
    {
      "type": "Feature",
      "properties": {
        "@id": "node/695644718",
        "name": "Double Inn Restaurant",
        "shop": "convenience"
      },
      "geometry": {
        "type": "Point",
        "coordinates": [
          36.7174137,
          -1.32868
        ]
      },
      "id": "node/695644718"
    },
    {
      "type": "Feature",
      "properties": {
        "@id": "node/714721600",
        "name": "Hardy Provision Stores",
        "shop": "convenience"
      },
      "geometry": {
        "type": "Point",
        "coordinates": [
          36.7428089,
          -1.3651721
        ]
      },
      "id": "node/714721600"
    },
    {
      "type": "Feature",
      "properties": {
        "@id": "way/727722341",
        "addr:city": "Nairobi",
        "addr:street": "Ahero Street",
        "amenity": "marketplace",
        "name": "Burma Market",
        "@geometry": "center"
      },
      "geometry": {
        "type": "Point",
        "coordinates": [
          36.844249,
          -1.2917272
        ]
      },
      "id": "way/727722341"
    },
    {
      "type": "Feature",
      "properties": {
        "@id": "node/744432249",
        "name": "Nakumatt Prestige",
        "shop": "supermarket"
      },
      "geometry": {
        "type": "Point",
        "coordinates": [
          36.7873227,
          -1.3007033
        ]
      },
      "id": "node/744432249"
    },
    {
      "type": "Feature",
      "properties": {
        "@id": "node/762025979",
        "brand": "Carrefour",
        "brand:wikidata": "Q217599",
        "check_date": "2024-09-08",
        "name": "Carrefour",
        "opening_hours": "07:00-21:30",
        "shop": "supermarket"
      },
      "geometry": {
        "type": "Point",
        "coordinates": [
          36.8169366,
          -1.2816587
        ]
      },
      "id": "node/762025979"
    },
    {
      "type": "Feature",
      "properties": {
        "@id": "node/809797261",
        "shop": "greengrocer"
      },
      "geometry": {
        "type": "Point",
        "coordinates": [
          36.8101446,
          -1.237447
        ]
      },
      "id": "node/809797261"
    },
    {
      "type": "Feature",
      "properties": {
        "@id": "way/882868408",
        "addr:city": "Nairobi",
        "addr:street": "Kamiti Road",
        "brand": "Quickmart",
        "building": "yes",
        "name": "Quickmart Shopping Centre",
        "operator": "Quickmart",
        "shop": "supermarket",
        "@geometry": "center"
      },
      "geometry": {
        "type": "Point",
        "coordinates": [
          36.8921413,
          -1.2148186
        ]
      },
      "id": "way/882868408"
    },
    {
      "type": "Feature",
      "properties": {
        "@id": "way/882868409",
        "addr:city": "Zimmerman",
        "addr:street": "Kamiti Road",
        "building": "yes",
        "name": "Khetia's Supermarket Mirema",
        "operator": "Tuskys",
        "shop": "supermarket",
        "@geometry": "center"
      },
      "geometry": {
        "type": "Point",
        "coordinates": [
          36.8932631,
          -1.2132564
        ]
      },
      "id": "way/882868409"
    },
    {
      "type": "Feature",
      "properties": {
        "@id": "node/929941887",
        "name": "Tuck shop",
        "shop": "convenience"
      },
      "geometry": {
        "type": "Point",
        "coordinates": [
          36.8113459,
          -1.278327
        ]
      },
      "id": "node/929941887"
    },
    {
      "type": "Feature",
      "properties": {
        "@id": "node/929941945",
        "name": "Tuck shop",
        "shop": "convenience"
      },
      "geometry": {
        "type": "Point",
        "coordinates": [
          36.8114998,
          -1.2786638
        ]
      },
      "id": "node/929941945"
    },
    {
      "type": "Feature",
      "properties": {
        "@id": "node/929943767",
        "name": "Tuck shop",
        "shop": "convenience"
      },
      "geometry": {
        "type": "Point",
        "coordinates": [
          36.810273,
          -1.2807617
        ]
      },
      "id": "node/929943767"
    },
    {
      "type": "Feature",
      "properties": {
        "@id": "node/940066424",
        "name": "Unes Mart",
        "shop": "convenience"
      },
      "geometry": {
        "type": "Point",
        "coordinates": [
          36.8046619,
          -1.2737656
        ]
      },
      "id": "node/940066424"
    },
    {
      "type": "Feature",
      "properties": {
        "@id": "way/970898131",
        "amenity": "marketplace",
        "name": "Kangemi Market",
        "@geometry": "center"
      },
      "geometry": {
        "type": "Point",
        "coordinates": [
          36.7486765,
          -1.2649642
        ]
      },
      "id": "way/970898131"
    },
    {
      "type": "Feature",
      "properties": {
        "@id": "way/970914733",
        "amenity": "marketplace",
        "name": "Kinoo Market",
        "@geometry": "center"
      },
      "geometry": {
        "type": "Point",
        "coordinates": [
          36.6938182,
          -1.2546068
        ]
      },
      "id": "way/970914733"
    },
    {
      "type": "Feature",
      "properties": {
        "@id": "way/970989989",
        "amenity": "marketplace",
        "name": "Githurai Market",
        "@geometry": "center"
      },
      "geometry": {
        "type": "Point",
        "coordinates": [
          36.9136836,
          -1.2031855
        ]
      },
      "id": "way/970989989"
    },
    {
      "type": "Feature",
      "properties": {
        "@id": "way/971149939",
        "amenity": "marketplace",
        "name": "Umoja One Market",
        "@geometry": "center"
      },
      "geometry": {
        "type": "Point",
        "coordinates": [
          36.8873412,
          -1.2831041
        ]
      },
      "id": "way/971149939"
    },
    {
      "type": "Feature",
      "properties": {
        "@id": "way/971149940",
        "amenity": "marketplace",
        "name": "Korogocho Open Air Market",
        "note": "Korogocho market, the largest market serving Embakasi West",
        "@geometry": "center"
      },
      "geometry": {
        "type": "Point",
        "coordinates": [
          36.8838632,
          -1.2591797
        ]
      },
      "id": "way/971149940"
    },
    {
      "type": "Feature",
      "properties": {
        "@id": "way/971882391",
        "amenity": "marketplace",
        "name": "Kikuyu Market",
        "@geometry": "center"
      },
      "geometry": {
        "type": "Point",
        "coordinates": [
          36.6645064,
          -1.2440236
        ]
      },
      "id": "way/971882391"
    },
    {
      "type": "Feature",
      "properties": {
        "@id": "way/972886598",
        "amenity": "marketplace",
        "check_date": "2023-05-02",
        "name": "Kensup Market Stalls",
        "@geometry": "center"
      },
      "geometry": {
        "type": "Point",
        "coordinates": [
          36.8038842,
          -1.3154677
        ]
      },
      "id": "way/972886598"
    },
    {
      "type": "Feature",
      "properties": {
        "@id": "way/972959942",
        "amenity": "marketplace",
        "name": "Nairobi Stadium Open Air Market",
        "@geometry": "center"
      },
      "geometry": {
        "type": "Point",
        "coordinates": [
          36.8422141,
          -1.292674
        ]
      },
      "id": "way/972959942"
    },
    {
      "type": "Feature",
      "properties": {
        "@id": "node/1038103784",
        "amenity": "marketplace",
        "fixme": "Unclear whether this is actually a market. If yes, delete this tag and provide name."
      },
      "geometry": {
        "type": "Point",
        "coordinates": [
          36.860315,
          -1.262032
        ]
      },
      "id": "node/1038103784"
    },
    {
      "type": "Feature",
      "properties": {
        "@id": "node/1038193545",
        "name": "Urban Supermarket",
        "name:it": "Urban",
        "shop": "supermarket"
      },
      "geometry": {
        "type": "Point",
        "coordinates": [
          36.8556579,
          -1.2657625
        ]
      },
      "id": "node/1038193545"
    },
    {
      "type": "Feature",
      "properties": {
        "@id": "node/1038202695",
        "name": "Sokomoko wholesales",
        "shop": "supermarket"
      },
      "geometry": {
        "type": "Point",
        "coordinates": [
          36.8626972,
          -1.2581726
        ]
      },
      "id": "node/1038202695"
    },
    {
      "type": "Feature",
      "properties": {
        "@id": "node/1038219170",
        "name": "Lucky Star supe market",
        "shop": "supermarket"
      },
      "geometry": {
        "type": "Point",
        "coordinates": [
          36.8740233,
          -1.2507017
        ]
      },
      "id": "node/1038219170"
    },
    {
      "type": "Feature",
      "properties": {
        "@id": "node/1045132041",
        "addr:city": "Nairobi",
        "addr:street": "Thika Road",
        "brand": "Shell",
        "brand:wikidata": "Q154950",
        "brand:wikipedia": "en:Royal Dutch Shell",
        "car_wash": "yes",
        "name": "Shell",
        "shop": "convenience"
      },
      "geometry": {
        "type": "Point",
        "coordinates": [
          36.9319508,
          -1.1888086
        ]
      },
      "id": "node/1045132041"
    },
    {
      "type": "Feature",
      "properties": {
        "@id": "way/1057818831",
        "building": "yes",
        "name": "Obamart",
        "shop": "convenience",
        "@geometry": "center"
      },
      "geometry": {
        "type": "Point",
        "coordinates": [
          36.9260636,
          -1.2509007
        ]
      },
      "id": "way/1057818831"
    },
    {
      "type": "Feature",
      "properties": {
        "@id": "way/1059550934",
        "brand": "Naivas",
        "brand:wikidata": "Q18379067",
        "building": "yes",
        "name": "Naivas",
        "shop": "supermarket",
        "@geometry": "center"
      },
      "geometry": {
        "type": "Point",
        "coordinates": [
          36.9166735,
          -1.2583329
        ]
      },
      "id": "way/1059550934"
    },
    {
      "type": "Feature",
      "properties": {
        "@id": "way/1063935033",
        "building": "yes",
        "name": "Magunas Supermarket",
        "shop": "supermarket",
        "@geometry": "center"
      },
      "geometry": {
        "type": "Point",
        "coordinates": [
          36.9244247,
          -1.2572416
        ]
      },
      "id": "way/1063935033"
    },
    {
      "type": "Feature",
      "properties": {
        "@id": "node/1103092329",
        "name": "Sayun supermarket",
        "name:it": "Sayun",
        "shop": "supermarket"
      },
      "geometry": {
        "type": "Point",
        "coordinates": [
          36.8643135,
          -1.2591188
        ]
      },
      "id": "node/1103092329"
    },
    {
      "type": "Feature",
      "properties": {
        "@id": "node/1103092469",
        "name": "Ngololo Supermarket",
        "shop": "supermarket"
      },
      "geometry": {
        "type": "Point",
        "coordinates": [
          36.8634499,
          -1.2608175
        ]
      },
      "id": "node/1103092469"
    },
    {
      "type": "Feature",
      "properties": {
        "@id": "way/1107378450",
        "brand": "Naivas",
        "brand:wikidata": "Q18379067",
        "building": "yes",
        "building:levels": "2",
        "name": "Naivas Embakassi",
        "opening_hours": "Mo-Su 08:00-22:00",
        "payment:app": "yes",
        "payment:cash": "yes",
        "payment:credit_cards": "yes",
        "payment:debit_cards": "yes",
        "shop": "supermarket",
        "@geometry": "center"
      },
      "geometry": {
        "type": "Point",
        "coordinates": [
          36.917683,
          -1.3169291
        ]
      },
      "id": "way/1107378450"
    },
    {
      "type": "Feature",
      "properties": {
        "@id": "node/1110239847",
        "name": "Wa Caro",
        "shop": "supermarket"
      },
      "geometry": {
        "type": "Point",
        "coordinates": [
          36.8455975,
          -1.2656463
        ]
      },
      "id": "node/1110239847"
    },
    {
      "type": "Feature",
      "properties": {
        "@id": "node/1111451075",
        "name": "MultyShoppers Supermarket",
        "shop": "supermarket"
      },
      "geometry": {
        "type": "Point",
        "coordinates": [
          36.8737266,
          -1.2565217
        ]
      },
      "id": "node/1111451075"
    },
    {
      "type": "Feature",
      "properties": {
        "@id": "node/1111451119",
        "name": "Mini price supermarket",
        "name:it": "Mini Price",
        "shop": "supermarket"
      },
      "geometry": {
        "type": "Point",
        "coordinates": [
          36.8688305,
          -1.2594324
        ]
      },
      "id": "node/1111451119"
    },
    {
      "type": "Feature",
      "properties": {
        "@id": "node/1111566329",
        "name": "Cereals Store",
        "shop": "convenience"
      },
      "geometry": {
        "type": "Point",
        "coordinates": [
          36.8738326,
          -1.2563061
        ]
      },
      "id": "node/1111566329"
    },
    {
      "type": "Feature",
      "properties": {
        "@id": "node/1111566404",
        "name": "Ngei 1 Super market",
        "name:it": "Ngei 1",
        "shop": "supermarket"
      },
      "geometry": {
        "type": "Point",
        "coordinates": [
          36.8730578,
          -1.2563541
        ]
      },
      "id": "node/1111566404"
    },
    {
      "type": "Feature",
      "properties": {
        "@id": "node/1111566437",
        "name": "Kambu Store",
        "name:it": "Kambu",
        "shop": "convenience"
      },
      "geometry": {
        "type": "Point",
        "coordinates": [
          36.8746663,
          -1.2572979
        ]
      },
      "id": "node/1111566437"
    },
    {
      "type": "Feature",
      "properties": {
        "@id": "node/1111587206",
        "name": "Smart Choice",
        "shop": "supermarket"
      },
      "geometry": {
        "type": "Point",
        "coordinates": [
          36.8763456,
          -1.2505325
        ]
      },
      "id": "node/1111587206"
    },
    {
      "type": "Feature",
      "properties": {
        "@id": "node/1112884985",
        "name": "kiwanza store",
        "shop": "supermarket"
      },
      "geometry": {
        "type": "Point",
        "coordinates": [
          36.8625912,
          -1.2596832
        ]
      },
      "id": "node/1112884985"
    },
    {
      "type": "Feature",
      "properties": {
        "@id": "node/1123193374",
        "name": "Sayuni Supermarket Equity Agent",
        "shop": "supermarket"
      },
      "geometry": {
        "type": "Point",
        "coordinates": [
          36.8670314,
          -1.2608127
        ]
      },
      "id": "node/1123193374"
    },
    {
      "type": "Feature",
      "properties": {
        "@id": "node/1123193376",
        "name": "Economy Supermarket",
        "shop": "supermarket"
      },
      "geometry": {
        "type": "Point",
        "coordinates": [
          36.8673392,
          -1.2578671
        ]
      },
      "id": "node/1123193376"
    },
    {
      "type": "Feature",
      "properties": {
        "@id": "node/1123193415",
        "name": "Osaka Supšermarket Store",
        "name:it": "Osaka",
        "shop": "supermarket"
      },
      "geometry": {
        "type": "Point",
        "coordinates": [
          36.8668912,
          -1.258944
        ]
      },
      "id": "node/1123193415"
    },
    {
      "type": "Feature",
      "properties": {
        "@id": "node/1123201095",
        "name": "Smart choice supermarket",
        "name:it": "Smart Choice",
        "shop": "supermarket"
      },
      "geometry": {
        "type": "Point",
        "coordinates": [
          36.8688164,
          -1.2588608
        ]
      },
      "id": "node/1123201095"
    },
    {
      "type": "Feature",
      "properties": {
        "@id": "node/1123201146",
        "name": "Elishiba wholesalers",
        "name:it": "Elishiba",
        "shop": "convenience"
      },
      "geometry": {
        "type": "Point",
        "coordinates": [
          36.872764,
          -1.2574448
        ]
      },
      "id": "node/1123201146"
    },
    {
      "type": "Feature",
      "properties": {
        "@id": "node/1124602198",
        "name": "Fair deal Traders",
        "shop": "convenience"
      },
      "geometry": {
        "type": "Point",
        "coordinates": [
          36.8646086,
          -1.259152
        ]
      },
      "id": "node/1124602198"
    },
    {
      "type": "Feature",
      "properties": {
        "@id": "node/1124602200",
        "name": "Gladys supermarket",
        "shop": "supermarket"
      },
      "geometry": {
        "type": "Point",
        "coordinates": [
          36.8650035,
          -1.2600652
        ]
      },
      "id": "node/1124602200"
    },
    {
      "type": "Feature",
      "properties": {
        "@id": "node/1124602225",
        "name": "Centaline Supermarket",
        "shop": "supermarket"
      },
      "geometry": {
        "type": "Point",
        "coordinates": [
          36.8649163,
          -1.2598867
        ]
      },
      "id": "node/1124602225"
    },
    {
      "type": "Feature",
      "properties": {
        "@id": "way/1211530002",
        "addr:city": "Nairobi",
        "addr:street": "Voi Lane",
        "amenity": "marketplace",
        "building": "yes",
        "name": "Bahati Shopping Center",
        "source": "microsoft/BuildingFootprints",
        "@geometry": "center"
      },
      "geometry": {
        "type": "Point",
        "coordinates": [
          36.8542998,
          -1.2919277
        ]
      },
      "id": "way/1211530002"
    },
    {
      "type": "Feature",
      "properties": {
        "@id": "way/1229657310",
        "addr:city": "Athi River",
        "addr:street": "Mombasa Road",
        "building": "yes",
        "name": "Cleanshelf Supermarket",
        "operator": "Cleanshelf",
        "shop": "supermarket",
        "@geometry": "center"
      },
      "geometry": {
        "type": "Point",
        "coordinates": [
          37.0117324,
          -1.4617832
        ]
      },
      "id": "way/1229657310"
    },
    {
      "type": "Feature",
      "properties": {
        "@id": "way/1256011949",
        "brand": "QuickMart",
        "brand:wikidata": "Q113012659",
        "building": "commercial",
        "building:levels": "2",
        "name": "QuickMart",
        "shop": "supermarket",
        "@geometry": "center"
      },
      "geometry": {
        "type": "Point",
        "coordinates": [
          36.8835712,
          -1.2778927
        ]
      },
      "id": "way/1256011949"
    },
    {
      "type": "Feature",
      "properties": {
        "@id": "node/1278189342",
        "amenity": "marketplace",
        "name": "Kiserian Market"
      },
      "geometry": {
        "type": "Point",
        "coordinates": [
          36.6860077,
          -1.4285387
        ]
      },
      "id": "node/1278189342"
    },
    {
      "type": "Feature",
      "properties": {
        "@id": "node/1295903338",
        "addr:city": "Nairobi",
        "addr:postcode": "00100",
        "addr:street": "Taifa Road",
        "amenity": "marketplace",
        "name": "Maasai market",
        "shop": "gift"
      },
      "geometry": {
        "type": "Point",
        "coordinates": [
          36.8239656,
          -1.287025
        ]
      },
      "id": "node/1295903338"
    },
    {
      "type": "Feature",
      "properties": {
        "@id": "node/1316984503",
        "amenity": "marketplace",
        "name": "Buru Buru Shopping Center"
      },
      "geometry": {
        "type": "Point",
        "coordinates": [
          36.8801317,
          -1.2841203
        ]
      },
      "id": "node/1316984503"
    },
    {
      "type": "Feature",
      "properties": {
        "@id": "node/1334386299",
        "amenity": "fuel",
        "brand": "Kobil",
        "check_date": "2023-05-02",
        "name": "Kobil Petrol Station",
        "shop": "convenience"
      },
      "geometry": {
        "type": "Point",
        "coordinates": [
          36.7708565,
          -1.2901941
        ]
      },
      "id": "node/1334386299"
    },
    {
      "type": "Feature",
      "properties": {
        "@id": "way/1350645457",
        "addr:street": "Lower Kabete Road",
        "building": "yes",
        "name": "K Mart",
        "shop": "convenience",
        "@geometry": "center"
      },
      "geometry": {
        "type": "Point",
        "coordinates": [
          36.7100419,
          -1.2297844
        ]
      },
      "id": "way/1350645457"
    },
    {
      "type": "Feature",
      "properties": {
        "@id": "way/1381046946",
        "building": "yes",
        "name": "MY DUKA",
        "operator": "QWETU",
        "shop": "convenience",
        "@geometry": "center"
      },
      "geometry": {
        "type": "Point",
        "coordinates": [
          36.804262,
          -1.2731269
        ]
      },
      "id": "way/1381046946"
    },
    {
      "type": "Feature",
      "properties": {
        "@id": "way/1381046949",
        "addr:city": "NAIROBI",
        "addr:street": "Riverside Drive",
        "building": "yes",
        "name": "TUCK SHOP",
        "operator": "MIKE",
        "shop": "convenience",
        "@geometry": "center"
      },
      "geometry": {
        "type": "Point",
        "coordinates": [
          36.8038668,
          -1.2716153
        ]
      },
      "id": "way/1381046949"
    },
    {
      "type": "Feature",
      "properties": {
        "@id": "way/1392971723",
        "addr:street": "Mwimuto Road",
        "building": "yes",
        "currency:KES": "yes",
        "name": "Self Ridges Supermarket",
        "opening_hours": "Mo-Su 09:00-21:00",
        "payment:app": "yes",
        "payment:cards": "yes",
        "payment:cash": "yes",
        "shop": "supermarket",
        "@geometry": "center"
      },
      "geometry": {
        "type": "Point",
        "coordinates": [
          36.7145628,
          -1.2194781
        ]
      },
      "id": "way/1392971723"
    },
    {
      "type": "Feature",
      "properties": {
        "@id": "node/1412968529",
        "amenity": "marketplace",
        "landuse:urban_green": "yes",
        "name": "Gorge Opondo",
        "operator:description": "Gorge Opondo",
        "operator:type": "private",
        "urban_green:cultivation": "yes",
        "urban_green:cultivation_amount": "15 people per month",
        "urban_green:cultivation_consumer": "owner",
        "urban_green:cultivation_consumer_description": "and other people",
        "urban_green:cultivation_sale": "yes",
        "urban_green:cultivation_sale_location": "local people",
        "urban_green:cultivation_supplies_purchase": "to agrovet",
        "urban_green:cultivation_type": "Kales",
        "urban_green:fence": "yes",
        "urban_green:number_of_caretakers": "1 person",
        "urban_green:owner_distance": "50 meters",
        "urban_green:owner_hours_week": "7 hours per week",
        "watsan:urban_agriculture": "yes",
        "watsan:water_availability": "piped"
      },
      "geometry": {
        "type": "Point",
        "coordinates": [
          36.8603073,
          -1.2634924
        ]
      },
      "id": "node/1412968529"
    },
    {
      "type": "Feature",
      "properties": {
        "@id": "node/1412968565",
        "amenity": "marketplace",
        "landuse:urban_green": "yes",
        "name": "Manygro Urban Agriculture",
        "operator:type": "ngo_cbo",
        "urban_green:cultivation": "yes",
        "urban_green:cultivation_amount": "60 people per month",
        "urban_green:cultivation_consumer": "owner",
        "urban_green:cultivation_consumer_description": "other people",
        "urban_green:cultivation_sale": "yes",
        "urban_green:cultivation_sale_location": "to local people",
        "urban_green:cultivation_supplies_purchase": "Given",
        "urban_green:cultivation_type": "Kales, onoions,pumpkins",
        "urban_green:dimension_sqm": "50 mq",
        "urban_green:fence": "yes",
        "urban_green:number_of_caretakers": "10 people",
        "urban_green:owner_distance": "50 meters",
        "urban_green:owner_hours_week": "10 hours per week",
        "watsan:urban_agriculture": "yes",
        "watsan:water_availability": "piped",
        "watsan:water_availability_description": "water paid monthly"
      },
      "geometry": {
        "type": "Point",
        "coordinates": [
          36.8604733,
          -1.2638183
        ]
      },
      "id": "node/1412968565"
    },
    {
      "type": "Feature",
      "properties": {
        "@id": "node/1412968572",
        "amenity": "marketplace",
        "landuse:urban_green": "yes",
        "name": "flora okumba",
        "operator:type": "ngo_cbo",
        "urban_green:cultivation": "yes",
        "urban_green:cultivation_consumer": "owner and others",
        "urban_green:cultivation_sale": "yes",
        "urban_green:cultivation_supplies_purchase": "solidarity international",
        "urban_green:cultivation_type": "sukuma wiki",
        "urban_green:fence": "yes",
        "urban_green:number_of_caretakers": "6to8 people",
        "urban_green:owner_distance": "100 meters",
        "urban_green:owner_hours_week": "8 hrs per week",
        "watsan:urban_agriculture": "yes",
        "watsan:water_availability": "piped"
      },
      "geometry": {
        "type": "Point",
        "coordinates": [
          36.8606863,
          -1.2633691
        ]
      },
      "id": "node/1412968572"
    },
    {
      "type": "Feature",
      "properties": {
        "@id": "node/1419004979",
        "name": "Furahamatt Supermarket",
        "shop": "supermarket"
      },
      "geometry": {
        "type": "Point",
        "coordinates": [
          36.8872411,
          -1.3180617
        ]
      },
      "id": "node/1419004979"
    },
    {
      "type": "Feature",
      "properties": {
        "@id": "node/1419004989",
        "name": "Karama Supermarket",
        "shop": "supermarket"
      },
      "geometry": {
        "type": "Point",
        "coordinates": [
          36.885588,
          -1.3148778
        ]
      },
      "id": "node/1419004989"
    },
    {
      "type": "Feature",
      "properties": {
        "@id": "node/1419101738",
        "name": "Muindi Mweusi supermarket Kwa Njenga",
        "shop": "supermarket"
      },
      "geometry": {
        "type": "Point",
        "coordinates": [
          36.8878526,
          -1.3195609
        ]
      },
      "id": "node/1419101738"
    },
    {
      "type": "Feature",
      "properties": {
        "@id": "node/1419101774",
        "amenity": "marketplace",
        "name": "Wapewape market"
      },
      "geometry": {
        "type": "Point",
        "coordinates": [
          36.8879811,
          -1.3192649
        ]
      },
      "id": "node/1419101774"
    },
    {
      "type": "Feature",
      "properties": {
        "@id": "node/1419101778",
        "name": "A A maize millers",
        "shop": "convenience"
      },
      "geometry": {
        "type": "Point",
        "coordinates": [
          36.889903,
          -1.3237514
        ]
      },
      "id": "node/1419101778"
    },
    {
      "type": "Feature",
      "properties": {
        "@id": "node/1419821932",
        "name": "Nakumatt Lifestyle",
        "opening_hours": "24/7",
        "shop": "supermarket",
        "website": "http://www.nakumatt.co.ke/"
      },
      "geometry": {
        "type": "Point",
        "coordinates": [
          36.8183031,
          -1.2817574
        ]
      },
      "id": "node/1419821932"
    },
    {
      "type": "Feature",
      "properties": {
        "@id": "node/1432507895",
        "name": "David fair price grocery",
        "shop": "greengrocer"
      },
      "geometry": {
        "type": "Point",
        "coordinates": [
          36.8754618,
          -1.3165777
        ]
      },
      "id": "node/1432507895"
    },
    {
      "type": "Feature",
      "properties": {
        "@id": "node/1446059185",
        "name": "Cocacola depot",
        "shop": "convenience"
      },
      "geometry": {
        "type": "Point",
        "coordinates": [
          36.8740527,
          -1.3103345
        ]
      },
      "id": "node/1446059185"
    },
    {
      "type": "Feature",
      "properties": {
        "@id": "node/1453972964",
        "name": "supermarket",
        "shop": "supermarket"
      },
      "geometry": {
        "type": "Point",
        "coordinates": [
          36.8486953,
          -1.3138087
        ]
      },
      "id": "node/1453972964"
    },
    {
      "type": "Feature",
      "properties": {
        "@id": "way/1479638086",
        "amenity": "marketplace",
        "landuse": "retail",
        "name": "Lavington shopping center",
        "@geometry": "center"
      },
      "geometry": {
        "type": "Point",
        "coordinates": [
          36.7697519,
          -1.2802982
        ]
      },
      "id": "way/1479638086"
    },
    {
      "type": "Feature",
      "properties": {
        "@id": "way/1499396990",
        "amenity": "marketplace",
        "landuse": "retail",
        "name": "Karen shopping center",
        "@geometry": "center"
      },
      "geometry": {
        "type": "Point",
        "coordinates": [
          36.7055558,
          -1.3213852
        ]
      },
      "id": "way/1499396990"
    },
    {
      "type": "Feature",
      "properties": {
        "@id": "way/1499665154",
        "amenity": "marketplace",
        "landuse": "retail",
        "name": "Gigiri shopping center",
        "@geometry": "center"
      },
      "geometry": {
        "type": "Point",
        "coordinates": [
          36.8105865,
          -1.2370158
        ]
      },
      "id": "way/1499665154"
    },
    {
      "type": "Feature",
      "properties": {
        "@id": "way/1500058297",
        "amenity": "marketplace",
        "@geometry": "center"
      },
      "geometry": {
        "type": "Point",
        "coordinates": [
          36.9567542,
          -1.1637123
        ]
      },
      "id": "way/1500058297"
    },
    {
      "type": "Feature",
      "properties": {
        "@id": "node/1573489301",
        "name": "Mugoya Vegetable Shop",
        "shop": "greengrocer"
      },
      "geometry": {
        "type": "Point",
        "coordinates": [
          36.8277556,
          -1.3204276
        ]
      },
      "id": "node/1573489301"
    },
    {
      "type": "Feature",
      "properties": {
        "@id": "node/1577711338",
        "name": "Gebewa Grocers",
        "shop": "convenience"
      },
      "geometry": {
        "type": "Point",
        "coordinates": [
          36.8188704,
          -1.3072328
        ]
      },
      "id": "node/1577711338"
    },
    {
      "type": "Feature",
      "properties": {
        "@id": "node/1578600648",
        "name": "Homecare Enterprises",
        "shop": "supermarket"
      },
      "geometry": {
        "type": "Point",
        "coordinates": [
          36.8372359,
          -1.311796
        ]
      },
      "id": "node/1578600648"
    },
    {
      "type": "Feature",
      "properties": {
        "@id": "node/1580151696",
        "addr:city": "Nairobi",
        "addr:street": "Mombasa Road",
        "name": "Inspiration Africa Ltd",
        "shop": "convenience"
      },
      "geometry": {
        "type": "Point",
        "coordinates": [
          36.834871,
          -1.3162561
        ]
      },
      "id": "node/1580151696"
    },
    {
      "type": "Feature",
      "properties": {
        "@id": "node/1628483755",
        "addr:city": "Nairobi",
        "addr:street": "General Mathenge Road",
        "cuisine": "international",
        "name": "Zucchini GreenGrocers",
        "shop": "greengrocer"
      },
      "geometry": {
        "type": "Point",
        "coordinates": [
          36.8060073,
          -1.2559855
        ]
      },
      "id": "node/1628483755"
    },
    {
      "type": "Feature",
      "properties": {
        "@id": "node/1635576780",
        "brand": "Bonjour",
        "brand:wikidata": "Q110278299",
        "name": "Bonjour",
        "shop": "convenience"
      },
      "geometry": {
        "type": "Point",
        "coordinates": [
          36.7888136,
          -1.2999961
        ]
      },
      "id": "node/1635576780"
    },
    {
      "type": "Feature",
      "properties": {
        "@id": "node/1635588090",
        "name": "Corner Shop",
        "shop": "convenience"
      },
      "geometry": {
        "type": "Point",
        "coordinates": [
          36.7877085,
          -1.2931645
        ]
      },
      "id": "node/1635588090"
    },
    {
      "type": "Feature",
      "properties": {
        "@id": "node/1635588108",
        "addr:city": "Nairobi",
        "addr:housenumber": "Ground Floor, Yaya Centre,",
        "addr:street": "Argwings Kodhek Road",
        "check_date": "2023-05-11",
        "name": "Chandarana Supermarket",
        "shop": "supermarket"
      },
      "geometry": {
        "type": "Point",
        "coordinates": [
          36.7876075,
          -1.2932895
        ]
      },
      "id": "node/1635588108"
    },
    {
      "type": "Feature",
      "properties": {
        "@id": "node/1720711114",
        "addr:city": "Nairobi",
        "addr:street": "Moi Avenue",
        "check_date": "2023-05-11",
        "name": "Ebrahims Supermarket",
        "name:it": "Ebrahims",
        "shop": "supermarket"
      },
      "geometry": {
        "type": "Point",
        "coordinates": [
          36.8231612,
          -1.2832546
        ]
      },
      "id": "node/1720711114"
    },
    {
      "type": "Feature",
      "properties": {
        "@id": "node/1720982953",
        "addr:city": "Nairobi",
        "addr:postcode": "00100",
        "addr:street": "Tom Mboya Street",
        "alt_name": "QuickMart Tom Mboya",
        "branch": "Tom Mboya",
        "brand": "QuickMart",
        "brand:wikidata": "Q113012659",
        "name": "QuickMart",
        "operator": "Quickmart",
        "phone": "+254 700 444455",
        "shop": "supermarket",
        "website": "https://www.quickmart.co.ke/"
      },
      "geometry": {
        "type": "Point",
        "coordinates": [
          36.8253214,
          -1.2836855
        ]
      },
      "id": "node/1720982953"
    },
    {
      "type": "Feature",
      "properties": {
        "@id": "node/1720982958",
        "name": "Tuskys",
        "shop": "supermarket"
      },
      "geometry": {
        "type": "Point",
        "coordinates": [
          36.8283646,
          -1.2833536
        ]
      },
      "id": "node/1720982958"
    },
    {
      "type": "Feature",
      "properties": {
        "@id": "node/1746645845",
        "check_date": "2023-05-02",
        "name": "Golf Course Shopping Center",
        "shop": "supermarket"
      },
      "geometry": {
        "type": "Point",
        "coordinates": [
          36.8025226,
          -1.3073187
        ]
      },
      "id": "node/1746645845"
    },
    {
      "type": "Feature",
      "properties": {
        "@id": "node/1762037898",
        "name": "Rikana Supermarket",
        "shop": "supermarket"
      },
      "geometry": {
        "type": "Point",
        "coordinates": [
          36.8941634,
          -1.2970642
        ]
      },
      "id": "node/1762037898"
    },
    {
      "type": "Feature",
      "properties": {
        "@id": "node/1762068586",
        "addr:city": "Nairobi West ward",
        "addr:housenumber": "Muhoho Ave, Nairobi",
        "addr:postcode": "0200",
        "brand": "Naivas",
        "brand:wikidata": "Q18379067",
        "name": "Naivas supermarket",
        "name:it": "Uchumi",
        "opening_hours": "Mo-Su 09:00-21:00",
        "operator": "Naivas",
        "payment:cash": "yes",
        "shop": "supermarket"
      },
      "geometry": {
        "type": "Point",
        "coordinates": [
          36.8227864,
          -1.3083468
        ]
      },
      "id": "node/1762068586"
    },
    {
      "type": "Feature",
      "properties": {
        "@id": "node/1775825790",
        "check_date": "2023-04-12",
        "name": "Kabuga mini shop",
        "opening_hours": "06:00-21:00",
        "shop": "convenience"
      },
      "geometry": {
        "type": "Point",
        "coordinates": [
          36.7833402,
          -1.3079244
        ]
      },
      "id": "node/1775825790"
    },
    {
      "type": "Feature",
      "properties": {
        "@id": "node/1849672153",
        "name": "Tuskys",
        "shop": "supermarket",
        "source": "GPS"
      },
      "geometry": {
        "type": "Point",
        "coordinates": [
          36.9722564,
          -1.4472692
        ]
      },
      "id": "node/1849672153"
    },
    {
      "type": "Feature",
      "properties": {
        "@id": "node/1874195120",
        "addr:city": "Nairobi",
        "addr:housenumber": "Uchumi Adams,",
        "addr:street": "Suna Road",
        "name": "Uchumi",
        "shop": "supermarket"
      },
      "geometry": {
        "type": "Point",
        "coordinates": [
          36.7801309,
          -1.3014386
        ]
      },
      "id": "node/1874195120"
    },
    {
      "type": "Feature",
      "properties": {
        "@id": "node/1960065181",
        "name": "Midas Supermarket",
        "shop": "supermarket"
      },
      "geometry": {
        "type": "Point",
        "coordinates": [
          36.8355545,
          -1.3109198
        ]
      },
      "id": "node/1960065181"
    },
    {
      "type": "Feature",
      "properties": {
        "@id": "node/2091525542",
        "amenity": "marketplace",
        "name": "N/Kabete/Posta Market"
      },
      "geometry": {
        "type": "Point",
        "coordinates": [
          36.7298391,
          -1.2641064
        ]
      },
      "id": "node/2091525542"
    },
    {
      "type": "Feature",
      "properties": {
        "@id": "node/2091525550",
        "shop": "supermarket"
      },
      "geometry": {
        "type": "Point",
        "coordinates": [
          36.7283049,
          -1.2639295
        ]
      },
      "id": "node/2091525550"
    },
    {
      "type": "Feature",
      "properties": {
        "@id": "node/2122225568",
        "addr:city": "Kiambu",
        "addr:street": "Limuru Road",
        "brand": "Total",
        "brand:wikidata": "Q154037",
        "brand:wikipedia": "fr:Total (entreprise)",
        "name": "Total",
        "shop": "convenience"
      },
      "geometry": {
        "type": "Point",
        "coordinates": [
          36.777474,
          -1.1930279
        ]
      },
      "id": "node/2122225568"
    },
    {
      "type": "Feature",
      "properties": {
        "@id": "node/2136997971",
        "amenity": "marketplace",
        "boundary_type:Constituency_boundary": "yes",
        "boundary_type:Ward_boundary": "yes",
        "name": "Mugumoini Open Air market",
        "operational_status:electricity": "often",
        "polling_station:accessibility": "big_cars",
        "polling_station:election_year": "2013",
        "polling_station:nearest_health_centre": "langata heath cenre,st maris",
        "polling_station:nearest_police_station": "langata police station",
        "polling_station:registered_voters": "3,342",
        "polling_station:type": "social_ground",
        "polling_station:type_description": "Its a market",
        "source": "map_kibera_trust"
      },
      "geometry": {
        "type": "Point",
        "coordinates": [
          36.7852855,
          -1.325034
        ]
      },
      "id": "node/2136997971"
    },
    {
      "type": "Feature",
      "properties": {
        "@id": "node/2137955367",
        "addr:city": "Nairobi",
        "addr:housenumber": "Ground Floor, Green House Mall, Adams Arcade,",
        "addr:postcode": "00100",
        "addr:street": "Ngong Road",
        "brand": "Naivas",
        "brand:wikidata": "Q18379067",
        "name": "Naivas Supermarket Greenhouse",
        "name:it": "Naivas",
        "shop": "supermarket",
        "wheelchair": "limited"
      },
      "geometry": {
        "type": "Point",
        "coordinates": [
          36.781746,
          -1.3004022
        ]
      },
      "id": "node/2137955367"
    },
    {
      "type": "Feature",
      "properties": {
        "@id": "node/2179954251",
        "name": "HomeDirect Supermarket",
        "shop": "supermarket"
      },
      "geometry": {
        "type": "Point",
        "coordinates": [
          36.8362456,
          -1.310942
        ]
      },
      "id": "node/2179954251"
    },
    {
      "type": "Feature",
      "properties": {
        "@id": "node/2188815325",
        "name": "Rongai Business Hub",
        "shop": "convenience"
      },
      "geometry": {
        "type": "Point",
        "coordinates": [
          36.7545859,
          -1.3956817
        ]
      },
      "id": "node/2188815325"
    },
    {
      "type": "Feature",
      "properties": {
        "@id": "node/2279270346",
        "amenity": "marketplace",
        "name": "adapt a light",
        "opening_hours": "06:00-19:00",
        "operational_status": "operational",
        "security:black_spot": "yes",
        "security:hatari_spot": "yes",
        "security:light": "yes",
        "security:light_type": "Adopt A light"
      },
      "geometry": {
        "type": "Point",
        "coordinates": [
          36.8604569,
          -1.2634154
        ]
      },
      "id": "node/2279270346"
    },
    {
      "type": "Feature",
      "properties": {
        "@id": "node/2285465037",
        "amenity": "marketplace",
        "name": "Adopt a light",
        "opening_hours": "06:00-19:00",
        "operational_status": "operational",
        "security:black_spot": "yes",
        "security:hatari_spot": "yes",
        "security:light": "yes",
        "security:light_type": "Adopt A light"
      },
      "geometry": {
        "type": "Point",
        "coordinates": [
          36.860985,
          -1.2622153
        ]
      },
      "id": "node/2285465037"
    },
    {
      "type": "Feature",
      "properties": {
        "@id": "node/2285465038",
        "amenity": "marketplace",
        "name": "Adopt a light",
        "opening_hours": "06:00-19:00",
        "operational_status": "operational",
        "security:black_spot": "yes",
        "security:hatari_spot": "yes",
        "security:light": "yes",
        "security:light_type": "Adopt A light"
      },
      "geometry": {
        "type": "Point",
        "coordinates": [
          36.861659,
          -1.263516
        ]
      },
      "id": "node/2285465038"
    },
    {
      "type": "Feature",
      "properties": {
        "@id": "node/2285465043",
        "amenity": "marketplace",
        "name": "Hot zone at gumba market",
        "opening_hours": "24/7",
        "security:black_spot": "yes",
        "security:hatari_spot": "yes"
      },
      "geometry": {
        "type": "Point",
        "coordinates": [
          36.8611235,
          -1.2615269
        ]
      },
      "id": "node/2285465043"
    },
    {
      "type": "Feature",
      "properties": {
        "@id": "node/2285465047",
        "amenity": "marketplace",
        "name": "Security light",
        "opening_hours": "06:00-19:00"
      },
      "geometry": {
        "type": "Point",
        "coordinates": [
          36.8615303,
          -1.2628735
        ]
      },
      "id": "node/2285465047"
    },
    {
      "type": "Feature",
      "properties": {
        "@id": "node/2295732225",
        "amenity": "marketplace",
        "name": "Adopt alight",
        "opening_hours": "18:00-07:00",
        "operational_status": "operational",
        "security:black_spot": "yes",
        "security:hatari_spot": "yes",
        "security:light": "yes",
        "security:light_type": "Adopt A light"
      },
      "geometry": {
        "type": "Point",
        "coordinates": [
          36.8613467,
          -1.2627229
        ]
      },
      "id": "node/2295732225"
    },
    {
      "type": "Feature",
      "properties": {
        "@id": "node/2295732230",
        "amenity": "marketplace",
        "name": "Adopt alight",
        "opening_hours": "18:00-07:00",
        "operational_status": "operational",
        "security:black_spot": "yes",
        "security:hatari_spot": "yes",
        "security:light": "yes",
        "security:light_type": "Adopt A light"
      },
      "geometry": {
        "type": "Point",
        "coordinates": [
          36.8615355,
          -1.2628571
        ]
      },
      "id": "node/2295732230"
    },
    {
      "type": "Feature",
      "properties": {
        "@id": "node/2304867955",
        "amenity": "marketplace",
        "name": "Adopt alight",
        "opening_hours": "06:00-19:00",
        "operational_status": "operational",
        "security:black_spot": "yes",
        "security:hatari_spot": "yes",
        "security:light": "yes",
        "security:light_type": "Adopt A light"
      },
      "geometry": {
        "type": "Point",
        "coordinates": [
          36.8615071,
          -1.2618066
        ]
      },
      "id": "node/2304867955"
    },
    {
      "type": "Feature",
      "properties": {
        "@id": "node/2304867979",
        "amenity": "marketplace",
        "name": "Adopt alight",
        "opening_hours": "06:00-19:00",
        "operational_status": "operational",
        "security:black_spot": "yes",
        "security:hatari_spot": "yes",
        "security:light": "yes",
        "security:light_type": "Adopt A light"
      },
      "geometry": {
        "type": "Point",
        "coordinates": [
          36.8609223,
          -1.2621161
        ]
      },
      "id": "node/2304867979"
    },
    {
      "type": "Feature",
      "properties": {
        "@id": "node/2344361865",
        "addr:city": "Nairobi",
        "addr:street": "Thika Road",
        "name": "Naivas Supermarket",
        "shop": "supermarket"
      },
      "geometry": {
        "type": "Point",
        "coordinates": [
          36.8734785,
          -1.2326846
        ]
      },
      "id": "node/2344361865"
    },
    {
      "type": "Feature",
      "properties": {
        "@id": "node/2405829021",
        "name": "Bunyix supermarket",
        "shop": "supermarket"
      },
      "geometry": {
        "type": "Point",
        "coordinates": [
          36.8842388,
          -1.240955
        ]
      },
      "id": "node/2405829021"
    },
    {
      "type": "Feature",
      "properties": {
        "@id": "node/2405829029",
        "name": "Mini price supermarket",
        "shop": "supermarket"
      },
      "geometry": {
        "type": "Point",
        "coordinates": [
          36.8885053,
          -1.244272
        ]
      },
      "id": "node/2405829029"
    },
    {
      "type": "Feature",
      "properties": {
        "@id": "node/2405829030",
        "name": "Neema 2 cereals",
        "shop": "greengrocer"
      },
      "geometry": {
        "type": "Point",
        "coordinates": [
          36.8838274,
          -1.2414933
        ]
      },
      "id": "node/2405829030"
    },
    {
      "type": "Feature",
      "properties": {
        "@id": "node/2405829038",
        "name": "Top view supermarket",
        "shop": "supermarket"
      },
      "geometry": {
        "type": "Point",
        "coordinates": [
          36.8836055,
          -1.2409649
        ]
      },
      "id": "node/2405829038"
    },
    {
      "type": "Feature",
      "properties": {
        "@id": "node/2405854925",
        "name": "Riverside supermarket",
        "shop": "supermarket"
      },
      "geometry": {
        "type": "Point",
        "coordinates": [
          36.8789364,
          -1.246407
        ]
      },
      "id": "node/2405854925"
    },
    {
      "type": "Feature",
      "properties": {
        "@id": "node/2405883337",
        "name": "Happy view",
        "name:it": "Happy View",
        "shop": "supermarket"
      },
      "geometry": {
        "type": "Point",
        "coordinates": [
          36.8980003,
          -1.2397586
        ]
      },
      "id": "node/2405883337"
    },
    {
      "type": "Feature",
      "properties": {
        "@id": "node/2405883344",
        "name": "Nyar jimo shop",
        "shop": "supermarket"
      },
      "geometry": {
        "type": "Point",
        "coordinates": [
          36.8916039,
          -1.2438304
        ]
      },
      "id": "node/2405883344"
    },
    {
      "type": "Feature",
      "properties": {
        "@id": "node/2405885982",
        "name": "Jasiaya Shop",
        "shop": "convenience"
      },
      "geometry": {
        "type": "Point",
        "coordinates": [
          36.8830022,
          -1.24756
        ]
      },
      "id": "node/2405885982"
    },
    {
      "type": "Feature",
      "properties": {
        "@id": "node/2405885984",
        "name": "Jovena Mini Market",
        "shop": "supermarket"
      },
      "geometry": {
        "type": "Point",
        "coordinates": [
          36.8843279,
          -1.2474314
        ]
      },
      "id": "node/2405885984"
    },
    {
      "type": "Feature",
      "properties": {
        "@id": "node/2405885999",
        "amenity": "marketplace",
        "name": "Roadside"
      },
      "geometry": {
        "type": "Point",
        "coordinates": [
          36.8833131,
          -1.2481664
        ]
      },
      "id": "node/2405885999"
    },
    {
      "type": "Feature",
      "properties": {
        "@id": "node/2433372287",
        "name": "Chandarana Supermarket",
        "shop": "supermarket"
      },
      "geometry": {
        "type": "Point",
        "coordinates": [
          36.8392325,
          -1.2611134
        ]
      },
      "id": "node/2433372287"
    },
    {
      "type": "Feature",
      "properties": {
        "@id": "node/2454254047",
        "addr:street": "Ngong Road",
        "name": "kalimoni Greens",
        "organic": "yes",
        "shop": "greengrocer"
      },
      "geometry": {
        "type": "Point",
        "coordinates": [
          36.715675,
          -1.3191481
        ]
      },
      "id": "node/2454254047"
    },
    {
      "type": "Feature",
      "properties": {
        "@id": "node/2511478541",
        "name": "Zucchini",
        "shop": "supermarket"
      },
      "geometry": {
        "type": "Point",
        "coordinates": [
          36.7633609,
          -1.2981386
        ]
      },
      "id": "node/2511478541"
    },
    {
      "type": "Feature",
      "properties": {
        "@id": "node/2627546559",
        "addr:city": "Nairobi",
        "addr:housenumber": "Langata Rd, Nairobi",
        "addr:street": "Langata Road",
        "name": "Panda Mart",
        "shop": "supermarket",
        "wheelchair": "yes"
      },
      "geometry": {
        "type": "Point",
        "coordinates": [
          36.7649647,
          -1.3434274
        ]
      },
      "id": "node/2627546559"
    },
    {
      "type": "Feature",
      "properties": {
        "@id": "node/2682435033",
        "shop": "supermarket"
      },
      "geometry": {
        "type": "Point",
        "coordinates": [
          36.8164249,
          -1.2595581
        ]
      },
      "id": "node/2682435033"
    },
    {
      "type": "Feature",
      "properties": {
        "@id": "node/2705291183",
        "name": "Double Touch",
        "shop": "supermarket"
      },
      "geometry": {
        "type": "Point",
        "coordinates": [
          36.7973605,
          -1.2485671
        ]
      },
      "id": "node/2705291183"
    },
    {
      "type": "Feature",
      "properties": {
        "@id": "node/3010249231",
        "addr:city": "Nairobi",
        "addr:street": "Thika Road",
        "name": "Magunas Supermarket Kahawa Wendani",
        "shop": "supermarket"
      },
      "geometry": {
        "type": "Point",
        "coordinates": [
          36.9241982,
          -1.1964094
        ]
      },
      "id": "node/3010249231"
    },
    {
      "type": "Feature",
      "properties": {
        "@id": "node/3032456378",
        "addr:city": "Nairobi",
        "addr:street": "Moi Drive",
        "name": "Satellite Supermarket",
        "shop": "supermarket"
      },
      "geometry": {
        "type": "Point",
        "coordinates": [
          36.8907031,
          -1.2862317
        ]
      },
      "id": "node/3032456378"
    },
    {
      "type": "Feature",
      "properties": {
        "@id": "node/3032456381",
        "addr:city": "Umoja Estate",
        "addr:street": "Moi Drive",
        "name": "Nabuto Supermarket",
        "shop": "supermarket"
      },
      "geometry": {
        "type": "Point",
        "coordinates": [
          36.8941738,
          -1.2852411
        ]
      },
      "id": "node/3032456381"
    },
    {
      "type": "Feature",
      "properties": {
        "@id": "node/3032456387",
        "addr:city": "Umoja Estate",
        "addr:street": "Moi Drive",
        "name": "Jeska Supermarket",
        "shop": "supermarket"
      },
      "geometry": {
        "type": "Point",
        "coordinates": [
          36.8914782,
          -1.2878047
        ]
      },
      "id": "node/3032456387"
    },
    {
      "type": "Feature",
      "properties": {
        "@id": "node/3032456388",
        "addr:city": "Umoja Estate",
        "addr:street": "Outer Ring Road",
        "name": "Dimples Supermarket",
        "shop": "supermarket"
      },
      "geometry": {
        "type": "Point",
        "coordinates": [
          36.8842314,
          -1.2847299
        ]
      },
      "id": "node/3032456388"
    },
    {
      "type": "Feature",
      "properties": {
        "@id": "node/3032456395",
        "addr:city": "Buruburu",
        "addr:street": "Mumias South Road",
        "name": "Mesora Supermarket",
        "shop": "supermarket",
        "toilets:wheelchair": "no",
        "wheelchair": "yes"
      },
      "geometry": {
        "type": "Point",
        "coordinates": [
          36.8776177,
          -1.279382
        ]
      },
      "id": "node/3032456395"
    },
    {
      "type": "Feature",
      "properties": {
        "@id": "node/3143181155",
        "amenity": "marketplace",
        "name": "26"
      },
      "geometry": {
        "type": "Point",
        "coordinates": [
          37.034067,
          -1.2778882
        ]
      },
      "id": "node/3143181155"
    },
    {
      "type": "Feature",
      "properties": {
        "@id": "node/3183497018",
        "addr:city": "Kikuyu",
        "addr:street": "Waiyaki Way",
        "name": "Tuskys Supermarket",
        "name:en": "Shell",
        "shop": "supermarket"
      },
      "geometry": {
        "type": "Point",
        "coordinates": [
          36.7098081,
          -1.2605605
        ]
      },
      "id": "node/3183497018"
    },
    {
      "type": "Feature",
      "properties": {
        "@id": "node/3336751389",
        "addr:city": "Nairobi",
        "addr:street": "Thika Road",
        "alt_name": "Quickmart Roasters",
        "branch": "Jipange",
        "brand": "QuickMart",
        "brand:wikidata": "Q113012659",
        "name": "QuickMart Jipange",
        "shop": "supermarket"
      },
      "geometry": {
        "type": "Point",
        "coordinates": [
          36.8727567,
          -1.233328
        ]
      },
      "id": "node/3336751389"
    },
    {
      "type": "Feature",
      "properties": {
        "@id": "node/3519375335",
        "name": "Ngong Provision Supermarket",
        "shop": "supermarket"
      },
      "geometry": {
        "type": "Point",
        "coordinates": [
          36.6539962,
          -1.3618393
        ]
      },
      "id": "node/3519375335"
    },
    {
      "type": "Feature",
      "properties": {
        "@id": "node/3519474148",
        "name": "Imokia Green Grocer",
        "shop": "greengrocer"
      },
      "geometry": {
        "type": "Point",
        "coordinates": [
          36.6548387,
          -1.3621473
        ]
      },
      "id": "node/3519474148"
    },
    {
      "type": "Feature",
      "properties": {
        "@id": "node/3519591065",
        "addr:city": "Ngong",
        "addr:street": "Ngong Road",
        "name": "Naivas Supermarket",
        "shop": "supermarket"
      },
      "geometry": {
        "type": "Point",
        "coordinates": [
          36.666215,
          -1.3424217
        ]
      },
      "id": "node/3519591065"
    },
    {
      "type": "Feature",
      "properties": {
        "@id": "node/3519591083",
        "addr:city": "Nairobi",
        "addr:street": "Langata Road",
        "name": "Karen Provisions Store (KPS)",
        "shop": "supermarket"
      },
      "geometry": {
        "type": "Point",
        "coordinates": [
          36.7070292,
          -1.3233844
        ]
      },
      "id": "node/3519591083"
    },
    {
      "type": "Feature",
      "properties": {
        "@id": "node/3585213906",
        "name": "P & G Supa Duka",
        "shop": "convenience"
      },
      "geometry": {
        "type": "Point",
        "coordinates": [
          36.65575,
          -1.3581888
        ]
      },
      "id": "node/3585213906"
    },
    {
      "type": "Feature",
      "properties": {
        "@id": "node/4075659130",
        "addr:city": "Nairobi",
        "addr:street": "Ring Road Kilimani",
        "check_date": "2023-04-15",
        "level": "0",
        "name": "Foodplus Chandarana Adlife",
        "shop": "supermarket"
      },
      "geometry": {
        "type": "Point",
        "coordinates": [
          36.7872314,
          -1.2944514
        ]
      },
      "id": "node/4075659130"
    },
    {
      "type": "Feature",
      "properties": {
        "@id": "node/4313843990",
        "addr:street": "Kitengela Road",
        "name": "Nyaboke's",
        "opening_hours": "Mo-Sa 06:00-20:00",
        "shop": "greengrocer"
      },
      "geometry": {
        "type": "Point",
        "coordinates": [
          36.7898325,
          -1.3265528
        ]
      },
      "id": "node/4313843990"
    },
    {
      "type": "Feature",
      "properties": {
        "@id": "node/4324873069",
        "addr:city": "Kikuyu",
        "addr:street": "Southern Bypass",
        "name": "Sweetworld supermarket",
        "shop": "supermarket"
      },
      "geometry": {
        "type": "Point",
        "coordinates": [
          36.6642037,
          -1.2455231
        ]
      },
      "id": "node/4324873069"
    },
    {
      "type": "Feature",
      "properties": {
        "@id": "node/4324873131",
        "name": "Kikuyu Selfridges Supermarket",
        "shop": "supermarket"
      },
      "geometry": {
        "type": "Point",
        "coordinates": [
          36.6623886,
          -1.2453053
        ]
      },
      "id": "node/4324873131"
    },
    {
      "type": "Feature",
      "properties": {
        "@id": "node/4324873818",
        "name": "Antraca Supermarket",
        "shop": "supermarket"
      },
      "geometry": {
        "type": "Point",
        "coordinates": [
          36.665433,
          -1.2447814
        ]
      },
      "id": "node/4324873818"
    },
    {
      "type": "Feature",
      "properties": {
        "@id": "node/4324883800",
        "addr:city": "Kikuyu",
        "addr:street": "Post Office Road",
        "name": "Fairmat supermarket",
        "shop": "supermarket"
      },
      "geometry": {
        "type": "Point",
        "coordinates": [
          36.6635924,
          -1.2446385
        ]
      },
      "id": "node/4324883800"
    },
    {
      "type": "Feature",
      "properties": {
        "@id": "node/4324895094",
        "addr:city": "Kikuyu",
        "addr:street": "Kikuyu Road",
        "name": "Kikuyu Selfridges Pioneer branch",
        "shop": "supermarket"
      },
      "geometry": {
        "type": "Point",
        "coordinates": [
          36.6653765,
          -1.2456208
        ]
      },
      "id": "node/4324895094"
    },
    {
      "type": "Feature",
      "properties": {
        "@id": "node/4348537821",
        "addr:housenumber": "Carrefour The Hub Karen",
        "brand": "Carrefour",
        "brand:wikidata": "Q217599",
        "brand:wikipedia": "fr:Carrefour (enseigne)",
        "name": "Carrefour",
        "shop": "supermarket"
      },
      "geometry": {
        "type": "Point",
        "coordinates": [
          36.7043116,
          -1.3209012
        ]
      },
      "id": "node/4348537821"
    },
    {
      "type": "Feature",
      "properties": {
        "@id": "node/4353511956",
        "addr:city": "Nairobi",
        "addr:housenumber": "Nairobi City",
        "addr:street": "Sasuma Crescent",
        "check_date": "2023-05-12",
        "name": "Neibas Supermarket, Lang'ata",
        "shop": "supermarket"
      },
      "geometry": {
        "type": "Point",
        "coordinates": [
          36.773682,
          -1.3221852
        ]
      },
      "id": "node/4353511956"
    },
    {
      "type": "Feature",
      "properties": {
        "@id": "node/4355628531",
        "name": "Penny Supermarket",
        "shop": "supermarket"
      },
      "geometry": {
        "type": "Point",
        "coordinates": [
          36.7917343,
          -1.3258264
        ]
      },
      "id": "node/4355628531"
    },
    {
      "type": "Feature",
      "properties": {
        "@id": "node/4421833595",
        "name": "Naivas South C",
        "opening_hours": "Mo-Su 08:30-20:30",
        "shop": "supermarket"
      },
      "geometry": {
        "type": "Point",
        "coordinates": [
          36.8271459,
          -1.3219424
        ]
      },
      "id": "node/4421833595"
    },
    {
      "type": "Feature",
      "properties": {
        "@id": "node/4439703890",
        "name": "Fruit stalls",
        "name:en": "Fruit stalls",
        "shop": "greengrocer"
      },
      "geometry": {
        "type": "Point",
        "coordinates": [
          36.7922916,
          -1.2743275
        ]
      },
      "id": "node/4439703890"
    },
    {
      "type": "Feature",
      "properties": {
        "@id": "node/4739716934",
        "addr:city": "Nairobi",
        "addr:street": "Kangaru Rd",
        "name": "Cleanshelf Supermarket",
        "shop": "supermarket",
        "wheelchair": "yes"
      },
      "geometry": {
        "type": "Point",
        "coordinates": [
          36.9052027,
          -1.2673913
        ]
      },
      "id": "node/4739716934"
    },
    {
      "type": "Feature",
      "properties": {
        "@id": "node/4793984121",
        "name": "Ngara Flour Mills",
        "name:en": "Ngara Flour Mills",
        "shop": "greengrocer"
      },
      "geometry": {
        "type": "Point",
        "coordinates": [
          36.8254711,
          -1.2595908
        ]
      },
      "id": "node/4793984121"
    },
    {
      "type": "Feature",
      "properties": {
        "@id": "node/4793984122",
        "name": "Parklands Ration Store",
        "name:en": "Parklands Ration Store",
        "shop": "greengrocer"
      },
      "geometry": {
        "type": "Point",
        "coordinates": [
          36.8256259,
          -1.2597618
        ]
      },
      "id": "node/4793984122"
    },
    {
      "type": "Feature",
      "properties": {
        "@id": "node/4793984123",
        "name": "One Stop Ration Store",
        "name:en": "One Stop Ration Store",
        "shop": "greengrocer"
      },
      "geometry": {
        "type": "Point",
        "coordinates": [
          36.8142607,
          -1.2580883
        ]
      },
      "id": "node/4793984123"
    },
    {
      "type": "Feature",
      "properties": {
        "@id": "node/4793984321",
        "addr:city": "Nairobi",
        "addr:street": "Outer Ring Road",
        "brand": "Naivas",
        "brand:wikidata": "Q18379067",
        "name": "Naivas Ruaraka",
        "name:en": "Naivas",
        "phone": "+254 202102842",
        "shop": "supermarket",
        "website": "https://naivas.info/locations/naivas-ruaraka/"
      },
      "geometry": {
        "type": "Point",
        "coordinates": [
          36.8726223,
          -1.2476349
        ]
      },
      "id": "node/4793984321"
    },
    {
      "type": "Feature",
      "properties": {
        "@id": "node/4793984522",
        "name": "Nakar Distributors",
        "name:en": "Nakar Distributors",
        "shop": "greengrocer"
      },
      "geometry": {
        "type": "Point",
        "coordinates": [
          36.8072492,
          -1.2623558
        ]
      },
      "id": "node/4793984522"
    },
    {
      "type": "Feature",
      "properties": {
        "@id": "node/4823025126",
        "name": "Kotecha wholesalers ltd",
        "name:en": "Kotecha wholesalers ltd",
        "shop": "greengrocer"
      },
      "geometry": {
        "type": "Point",
        "coordinates": [
          36.8799826,
          -1.2422669
        ]
      },
      "id": "node/4823025126"
    },
    {
      "type": "Feature",
      "properties": {
        "@id": "node/4823712522",
        "addr:city": "Nairobi",
        "addr:street": "Thika Road",
        "name": "Game Stores Kenya",
        "opening_hours": "Mo-Sa 09:30-20:00; Su 10:00-16:00",
        "shop": "supermarket",
        "website": "http://www.gamestores.co.ke"
      },
      "geometry": {
        "type": "Point",
        "coordinates": [
          36.8782614,
          -1.2320445
        ]
      },
      "id": "node/4823712522"
    },
    {
      "type": "Feature",
      "properties": {
        "@id": "node/4838514230",
        "addr:city": "Nairobi",
        "addr:street": "Mombasa Road",
        "name": "Bonjour",
        "name:en": "Bonjour",
        "shop": "supermarket"
      },
      "geometry": {
        "type": "Point",
        "coordinates": [
          36.8827871,
          -1.3281089
        ]
      },
      "id": "node/4838514230"
    },
    {
      "type": "Feature",
      "properties": {
        "@id": "node/4967760826",
        "amenity": "marketplace",
        "name": "Othaya Market",
        "security:black_spot": "yes"
      },
      "geometry": {
        "type": "Point",
        "coordinates": [
          36.7807651,
          -1.3035161
        ]
      },
      "id": "node/4967760826"
    },
    {
      "type": "Feature",
      "properties": {
        "@id": "node/4992175630",
        "addr:city": "Ongata Rongai",
        "addr:street": "Magadi Road",
        "name": "Cleanshelf",
        "shop": "supermarket"
      },
      "geometry": {
        "type": "Point",
        "coordinates": [
          36.7530217,
          -1.3967854
        ]
      },
      "id": "node/4992175630"
    },
    {
      "type": "Feature",
      "properties": {
        "@id": "node/5217408322",
        "addr:city": "Nairobi",
        "addr:postcode": "00100",
        "addr:street": "Jodongo Road",
        "amenity": "marketplace",
        "name": "Ngara Nyayo Market"
      },
      "geometry": {
        "type": "Point",
        "coordinates": [
          36.8299499,
          -1.2795722
        ]
      },
      "id": "node/5217408322"
    },
    {
      "type": "Feature",
      "properties": {
        "@id": "node/5221207082",
        "addr:city": "Nairobi",
        "addr:street": "Eastern Bypass",
        "name": "Quickmart Utawala",
        "opening_hours": "PH,Mo-Su 00:00-24:00+",
        "operator": "Private",
        "shop": "supermarket"
      },
      "geometry": {
        "type": "Point",
        "coordinates": [
          36.9596243,
          -1.28279
        ]
      },
      "id": "node/5221207082"
    },
    {
      "type": "Feature",
      "properties": {
        "@id": "node/5269521621",
        "addr:housenumber": "1QuickmartPlaza",
        "addr:street": "Kikuyu Rd.",
        "name": "Quickmart Kikuyu",
        "shop": "supermarket"
      },
      "geometry": {
        "type": "Point",
        "coordinates": [
          36.712348,
          -1.279699
        ]
      },
      "id": "node/5269521621"
    },
    {
      "type": "Feature",
      "properties": {
        "@id": "node/5300683821",
        "addr:street": "Road C",
        "name": "Eagle Plains Estate",
        "shop": "convenience"
      },
      "geometry": {
        "type": "Point",
        "coordinates": [
          36.8550084,
          -1.3265027
        ]
      },
      "id": "node/5300683821"
    },
    {
      "type": "Feature",
      "properties": {
        "@id": "node/5327750076",
        "addr:city": "Kiambu",
        "addr:street": "Biashara Street Kiambu",
        "name": "Kamindi Self Ridges Supermarkets",
        "opening_hours": "Mo-Su 09:00-21:00",
        "operator": "Kamindi Supermarkets",
        "shop": "supermarket"
      },
      "geometry": {
        "type": "Point",
        "coordinates": [
          36.8277829,
          -1.1708927
        ]
      },
      "id": "node/5327750076"
    },
    {
      "type": "Feature",
      "properties": {
        "@id": "node/5327764144",
        "name": "Cleanshelf Supermarkets",
        "operator": "Cleanshelf Supermarkets",
        "shop": "supermarket"
      },
      "geometry": {
        "type": "Point",
        "coordinates": [
          36.8273277,
          -1.1701365
        ]
      },
      "id": "node/5327764144"
    },
    {
      "type": "Feature",
      "properties": {
        "@id": "node/5327773631",
        "addr:city": "Kiambu",
        "addr:street": "Biashara Street Kiambu",
        "name": "SmartHome Supermarkets",
        "shop": "supermarket"
      },
      "geometry": {
        "type": "Point",
        "coordinates": [
          36.8268415,
          -1.1695615
        ]
      },
      "id": "node/5327773631"
    },
    {
      "type": "Feature",
      "properties": {
        "@id": "node/5327798081",
        "name": "Rubir's Mini Market",
        "operator": "WaNgugi",
        "shop": "supermarket"
      },
      "geometry": {
        "type": "Point",
        "coordinates": [
          36.8409541,
          -1.1716795
        ]
      },
      "id": "node/5327798081"
    },
    {
      "type": "Feature",
      "properties": {
        "@id": "node/5328489329",
        "brand": "Naivas",
        "brand:wikidata": "Q18379067",
        "check_date": "2024-09-05",
        "name": "Naivas",
        "name:it": "Naivas",
        "opening_hours": "24/7",
        "operator": "Naivas",
        "shop": "supermarket"
      },
      "geometry": {
        "type": "Point",
        "coordinates": [
          36.802732,
          -1.2647994
        ]
      },
      "id": "node/5328489329"
    },
    {
      "type": "Feature",
      "properties": {
        "@id": "node/5329693152",
        "amenity": "marketplace",
        "name": "Ndumberi Dairies Riabai"
      },
      "geometry": {
        "type": "Point",
        "coordinates": [
          36.8404132,
          -1.1647035
        ]
      },
      "id": "node/5329693152"
    },
    {
      "type": "Feature",
      "properties": {
        "@id": "node/5329700027",
        "amenity": "marketplace",
        "name": "Kika Stalls"
      },
      "geometry": {
        "type": "Point",
        "coordinates": [
          36.8270133,
          -1.16978
        ]
      },
      "id": "node/5329700027"
    },
    {
      "type": "Feature",
      "properties": {
        "@id": "node/5329733691",
        "addr:city": "Kimabu",
        "addr:street": "Kamiti Road",
        "amenity": "marketplace",
        "name": "Gitamaiyu Shopping Centre"
      },
      "geometry": {
        "type": "Point",
        "coordinates": [
          36.8673122,
          -1.1679717
        ]
      },
      "id": "node/5329733691"
    },
    {
      "type": "Feature",
      "properties": {
        "@id": "node/5330949488",
        "addr:city": "Nairobi",
        "addr:street": "James Gichuru Road",
        "check_date": "2023-05-02",
        "name": "Chandarana Foodplus Supermarket (Lavington Branch)",
        "shop": "supermarket"
      },
      "geometry": {
        "type": "Point",
        "coordinates": [
          36.7704244,
          -1.2802139
        ]
      },
      "id": "node/5330949488"
    },
    {
      "type": "Feature",
      "properties": {
        "@id": "node/5331594364",
        "addr:city": "Ruaka",
        "addr:street": "Limuru Road",
        "name": "Cleanshelf Supermarket",
        "shop": "supermarket"
      },
      "geometry": {
        "type": "Point",
        "coordinates": [
          36.7858025,
          -1.2073328
        ]
      },
      "id": "node/5331594364"
    },
    {
      "type": "Feature",
      "properties": {
        "@id": "node/5331679458",
        "addr:city": "Nairobi",
        "addr:street": "Getathuru Road",
        "brand": "Total",
        "brand:wikidata": "Q154037",
        "brand:wikipedia": "fr:Total (entreprise)",
        "fuel:diesel": "yes",
        "fuel:gasoline": "yes",
        "fuel:lpg": "yes",
        "fuel:petrol": "yes",
        "name": "Total",
        "operator": "Total",
        "shop": "convenience"
      },
      "geometry": {
        "type": "Point",
        "coordinates": [
          36.7490294,
          -1.2351942
        ]
      },
      "id": "node/5331679458"
    },
    {
      "type": "Feature",
      "properties": {
        "@id": "node/5333304037",
        "check_date": "2023-05-02",
        "name": "Village Supermarket",
        "shop": "supermarket"
      },
      "geometry": {
        "type": "Point",
        "coordinates": [
          36.7587244,
          -1.2836202
        ]
      },
      "id": "node/5333304037"
    },
    {
      "type": "Feature",
      "properties": {
        "@id": "node/5334825305",
        "addr:city": "Nairobi",
        "addr:street": "Waiyaki Way",
        "name": "HassConsult Ltd;Chandarana Food Plus Supermarkets Ltd.",
        "office": "estate_agent",
        "shop": "supermarket"
      },
      "geometry": {
        "type": "Point",
        "coordinates": [
          36.7772994,
          -1.2598277
        ]
      },
      "id": "node/5334825305"
    },
    {
      "type": "Feature",
      "properties": {
        "@id": "node/5334826919",
        "name": "Zucchini Greengrocers Limited - ABC Place",
        "shop": "supermarket"
      },
      "geometry": {
        "type": "Point",
        "coordinates": [
          36.7775298,
          -1.2597944
        ]
      },
      "id": "node/5334826919"
    },
    {
      "type": "Feature",
      "properties": {
        "@id": "node/5334971802",
        "name": "Joyway Supermarket Githembe",
        "name:it": "Joyland",
        "shop": "supermarket"
      },
      "geometry": {
        "type": "Point",
        "coordinates": [
          36.7475484,
          -1.2948764
        ]
      },
      "id": "node/5334971802"
    },
    {
      "type": "Feature",
      "properties": {
        "@id": "node/5336231186",
        "addr:city": "Kirigiti",
        "addr:street": "Kamiti Road",
        "name": "Kirigiti Supermarket",
        "shop": "supermarket"
      },
      "geometry": {
        "type": "Point",
        "coordinates": [
          36.8420849,
          -1.1716999
        ]
      },
      "id": "node/5336231186"
    },
    {
      "type": "Feature",
      "properties": {
        "@id": "node/5339423498",
        "addr:city": "Nairobi",
        "addr:housenumber": "72",
        "addr:street": "Muthithi Road",
        "name": "Fruity Fruits",
        "shop": "supermarket"
      },
      "geometry": {
        "type": "Point",
        "coordinates": [
          36.8117014,
          -1.2704697
        ]
      },
      "id": "node/5339423498"
    },
    {
      "type": "Feature",
      "properties": {
        "@id": "node/5340939007",
        "name": "Highridge Superduka",
        "shop": "supermarket"
      },
      "geometry": {
        "type": "Point",
        "coordinates": [
          36.8214404,
          -1.2610898
        ]
      },
      "id": "node/5340939007"
    },
    {
      "type": "Feature",
      "properties": {
        "@id": "node/5340979321",
        "name": "Tuskys Agakhan",
        "shop": "supermarket"
      },
      "geometry": {
        "type": "Point",
        "coordinates": [
          36.824075,
          -1.2627049
        ]
      },
      "id": "node/5340979321"
    },
    {
      "type": "Feature",
      "properties": {
        "@id": "node/5343446504",
        "name": "Home Choice Supermarket",
        "shop": "supermarket"
      },
      "geometry": {
        "type": "Point",
        "coordinates": [
          36.8356185,
          -1.1998961
        ]
      },
      "id": "node/5343446504"
    },
    {
      "type": "Feature",
      "properties": {
        "@id": "node/5343809421",
        "name": "Broadline Supermarket",
        "opening_hours": "Mo-Su 09:00-18:00",
        "shop": "supermarket"
      },
      "geometry": {
        "type": "Point",
        "coordinates": [
          36.8189504,
          -1.2729908
        ]
      },
      "id": "node/5343809421"
    },
    {
      "type": "Feature",
      "properties": {
        "@id": "node/5349001060",
        "name": "Muthaiga Mini Market",
        "shop": "supermarket"
      },
      "geometry": {
        "type": "Point",
        "coordinates": [
          36.8203818,
          -1.2499124
        ]
      },
      "id": "node/5349001060"
    },
    {
      "type": "Feature",
      "properties": {
        "@id": "node/5352466007",
        "addr:city": "Nairobi",
        "addr:street": "Ring Road Parklands",
        "branch": "Westlands",
        "brand": "QuickMart",
        "brand:wikidata": "Q113012659",
        "check_date": "2024-09-05",
        "name": "QuickMart",
        "name:it": "Tuskys",
        "opening_hours": "24/7",
        "operator": "Tuskys",
        "shop": "supermarket"
      },
      "geometry": {
        "type": "Point",
        "coordinates": [
          36.802103,
          -1.2640185
        ]
      },
      "id": "node/5352466007"
    },
    {
      "type": "Feature",
      "properties": {
        "@id": "node/5352499095",
        "addr:city": "Nairobi",
        "addr:street": "United Nations Avenue",
        "name": "Essentials MART",
        "shop": "supermarket"
      },
      "geometry": {
        "type": "Point",
        "coordinates": [
          36.8104691,
          -1.2379507
        ]
      },
      "id": "node/5352499095"
    },
    {
      "type": "Feature",
      "properties": {
        "@id": "node/5352499333",
        "addr:city": "Nairobi",
        "addr:street": "Limuru Road",
        "name": "Beyond Fruits",
        "shop": "greengrocer"
      },
      "geometry": {
        "type": "Point",
        "coordinates": [
          36.8100211,
          -1.2377121
        ]
      },
      "id": "node/5352499333"
    },
    {
      "type": "Feature",
      "properties": {
        "@id": "node/5352782744",
        "addr:city": "Nairobi",
        "addr:street": "Limuru Road",
        "name": "Chandarana FoodPlus Roslyn Riviera",
        "shop": "supermarket"
      },
      "geometry": {
        "type": "Point",
        "coordinates": [
          36.7996164,
          -1.215895
        ]
      },
      "id": "node/5352782744"
    },
    {
      "type": "Feature",
      "properties": {
        "@id": "node/5353848943",
        "addr:city": "Nairobi",
        "addr:housenumber": "Two Rivers Mall Limuru Road",
        "addr:street": "Two Rivers Road",
        "brand": "Carrefour",
        "brand:wikidata": "Q217599",
        "brand:wikipedia": "fr:Carrefour (enseigne)",
        "check_date": "2023-04-08",
        "name": "Carrefour",
        "operator": "Carrefour",
        "shop": "supermarket"
      },
      "geometry": {
        "type": "Point",
        "coordinates": [
          36.7948636,
          -1.2111952
        ]
      },
      "id": "node/5353848943"
    },
    {
      "type": "Feature",
      "properties": {
        "@id": "node/5356768906",
        "addr:housenumber": "Amiani Rd, Nairobi",
        "name": "Cementry",
        "shop": "greengrocer"
      },
      "geometry": {
        "type": "Point",
        "coordinates": [
          36.7259143,
          -1.3275642
        ]
      },
      "id": "node/5356768906"
    },
    {
      "type": "Feature",
      "properties": {
        "@id": "node/5360807820",
        "name": "Chandarana Food Plus Supermarkets Ltd.",
        "shop": "supermarket"
      },
      "geometry": {
        "type": "Point",
        "coordinates": [
          36.7068445,
          -1.323348
        ]
      },
      "id": "node/5360807820"
    },
    {
      "type": "Feature",
      "properties": {
        "@id": "node/5383793280",
        "addr:city": "Nairobi",
        "addr:street": "Argwings Kodhek Road",
        "check_date": "2023-05-11",
        "name": "Nairobi Fruits & Flowers",
        "shop": "greengrocer"
      },
      "geometry": {
        "type": "Point",
        "coordinates": [
          36.805882,
          -1.2949962
        ]
      },
      "id": "node/5383793280"
    },
    {
      "type": "Feature",
      "properties": {
        "@id": "node/5411903689",
        "addr:city": "Nairobi",
        "addr:housenumber": "Piedmont Plaza, 2000,",
        "addr:street": "Ngong Road",
        "name": "JD's Supermarket",
        "shop": "supermarket"
      },
      "geometry": {
        "type": "Point",
        "coordinates": [
          36.7654797,
          -1.2992193
        ]
      },
      "id": "node/5411903689"
    },
    {
      "type": "Feature",
      "properties": {
        "@id": "node/5414008453",
        "addr:city": "Nairobi",
        "addr:street": "Ngong Road",
        "amenity": "marketplace",
        "name": "Open Air Market"
      },
      "geometry": {
        "type": "Point",
        "coordinates": [
          36.7883292,
          -1.2998642
        ]
      },
      "id": "node/5414008453"
    },
    {
      "type": "Feature",
      "properties": {
        "@id": "node/5414335721",
        "addr:city": "Nairobi",
        "addr:street": "Argwings Kodhek Road",
        "check_date": "2023-05-11",
        "name": "Safeway Hypermarkets",
        "shop": "supermarket"
      },
      "geometry": {
        "type": "Point",
        "coordinates": [
          36.7983291,
          -1.2945013
        ]
      },
      "id": "node/5414335721"
    },
    {
      "type": "Feature",
      "properties": {
        "@id": "node/5414335734",
        "addr:city": "Nairobi",
        "addr:street": "Argwings Kodhek Road",
        "check_date": "2023-05-11",
        "name": "Hurlingham Grocer",
        "shop": "greengrocer"
      },
      "geometry": {
        "type": "Point",
        "coordinates": [
          36.7990935,
          -1.2946343
        ]
      },
      "id": "node/5414335734"
    },
    {
      "type": "Feature",
      "properties": {
        "@id": "node/5440688270",
        "addr:city": "Nairobi",
        "addr:street": "James Gichuru Road",
        "name": "Zucchini Greengrocers Limited - ABC Place",
        "shop": "greengrocer"
      },
      "geometry": {
        "type": "Point",
        "coordinates": [
          36.7767125,
          -1.2598983
        ]
      },
      "id": "node/5440688270"
    },
    {
      "type": "Feature",
      "properties": {
        "@id": "node/5448456554",
        "name": "Lillies Supermarket",
        "shop": "supermarket"
      },
      "geometry": {
        "type": "Point",
        "coordinates": [
          36.9068202,
          -1.1867943
        ]
      },
      "id": "node/5448456554"
    },
    {
      "type": "Feature",
      "properties": {
        "@id": "node/5448459889",
        "addr:city": "Nairobi",
        "addr:postcode": "00100",
        "addr:street": "Kahawa Station Road",
        "name": "Cleanshelf Kahawa West",
        "phone": "+254758193502",
        "shop": "supermarket",
        "website": "https://cleanshelf.co.ke/"
      },
      "geometry": {
        "type": "Point",
        "coordinates": [
          36.9014305,
          -1.1838746
        ]
      },
      "id": "node/5448459889"
    },
    {
      "type": "Feature",
      "properties": {
        "@id": "node/5470451922",
        "addr:city": "Nairobi",
        "addr:housenumber": "Garden City Mall,",
        "addr:street": "Thika Road",
        "name": "Game Supermarket",
        "name:it": "Game",
        "shop": "supermarket"
      },
      "geometry": {
        "type": "Point",
        "coordinates": [
          36.8785461,
          -1.2323248
        ]
      },
      "id": "node/5470451922"
    },
    {
      "type": "Feature",
      "properties": {
        "@id": "node/5496066044",
        "addr:city": "Nairobi",
        "addr:street": "First Avenue Eastleigh",
        "name": "Sacha Supermarket",
        "shop": "supermarket"
      },
      "geometry": {
        "type": "Point",
        "coordinates": [
          36.8523838,
          -1.2870384
        ]
      },
      "id": "node/5496066044"
    },
    {
      "type": "Feature",
      "properties": {
        "@id": "node/5496079224",
        "addr:city": "Nairobi",
        "addr:street": "Jogoo Road",
        "amenity": "marketplace",
        "name": "Maziwa Market"
      },
      "geometry": {
        "type": "Point",
        "coordinates": [
          36.8480444,
          -1.2931169
        ]
      },
      "id": "node/5496079224"
    },
    {
      "type": "Feature",
      "properties": {
        "@id": "node/5496079283",
        "addr:city": "Nairobi",
        "addr:street": "Rabai Road",
        "name": "Naivas Supermarket Buruburu",
        "shop": "supermarket"
      },
      "geometry": {
        "type": "Point",
        "coordinates": [
          36.8759599,
          -1.2946861
        ]
      },
      "id": "node/5496079283"
    },
    {
      "type": "Feature",
      "properties": {
        "@id": "node/5539620101",
        "addr:city": "Nairobi",
        "addr:street": "Ngara Road",
        "name": "Nilkanth General Supermarket",
        "shop": "supermarket"
      },
      "geometry": {
        "type": "Point",
        "coordinates": [
          36.8175947,
          -1.2733518
        ]
      },
      "id": "node/5539620101"
    },
    {
      "type": "Feature",
      "properties": {
        "@id": "node/5540763587",
        "addr:city": "Wangige",
        "addr:street": "Gitaru Road",
        "name": "Smart Home Supermarket",
        "shop": "supermarket"
      },
      "geometry": {
        "type": "Point",
        "coordinates": [
          36.7130682,
          -1.2204482
        ]
      },
      "id": "node/5540763587"
    },
    {
      "type": "Feature",
      "properties": {
        "@id": "node/5541744495",
        "addr:city": "Nairobi",
        "addr:street": "Northern Bypass",
        "name": "Blue Sky",
        "shop": "convenience"
      },
      "geometry": {
        "type": "Point",
        "coordinates": [
          36.7997072,
          -1.2086587
        ]
      },
      "id": "node/5541744495"
    },
    {
      "type": "Feature",
      "properties": {
        "@id": "node/5555074037",
        "addr:city": "Nairobi",
        "addr:street": "Aga Khan Walk",
        "name": "Uchumi Supermarket",
        "shop": "supermarket"
      },
      "geometry": {
        "type": "Point",
        "coordinates": [
          36.8252547,
          -1.2870826
        ]
      },
      "id": "node/5555074037"
    },
    {
      "type": "Feature",
      "properties": {
        "@id": "node/5555074071",
        "addr:city": "Nairobi",
        "addr:street": "Moi Avenue",
        "name": "Karrymart Downtown Supermarket",
        "shop": "supermarket"
      },
      "geometry": {
        "type": "Point",
        "coordinates": [
          36.8269277,
          -1.2872919
        ]
      },
      "id": "node/5555074071"
    },
    {
      "type": "Feature",
      "properties": {
        "@id": "node/5555074075",
        "addr:city": "Nairobi",
        "addr:street": "Moi Avenue",
        "brand": "Naivas",
        "brand:wikidata": "Q18379067",
        "name": "Naivas Development House Moi Avenue",
        "shop": "supermarket"
      },
      "geometry": {
        "type": "Point",
        "coordinates": [
          36.8273494,
          -1.2882631
        ]
      },
      "id": "node/5555074075"
    },
    {
      "type": "Feature",
      "properties": {
        "@id": "node/5569591304",
        "addr:city": "Nairobi",
        "addr:housenumber": "Oilibya,",
        "addr:street": "Lusaka Road",
        "name": "My Shop",
        "shop": "convenience"
      },
      "geometry": {
        "type": "Point",
        "coordinates": [
          36.8369282,
          -1.2987552
        ]
      },
      "id": "node/5569591304"
    },
    {
      "type": "Feature",
      "properties": {
        "@id": "node/5580938676",
        "addr:city": "Nairobi",
        "addr:street": "Muratha Road",
        "name": "Bottom Line Supermarket",
        "shop": "supermarket"
      },
      "geometry": {
        "type": "Point",
        "coordinates": [
          36.7537694,
          -1.2682273
        ]
      },
      "id": "node/5580938676"
    },
    {
      "type": "Feature",
      "properties": {
        "@id": "node/5588931918",
        "name": "Saltes Supermarket",
        "operator": "Saltes",
        "payment:cash": "yes",
        "payment:telephone_cards": "yes",
        "shop": "supermarket"
      },
      "geometry": {
        "type": "Point",
        "coordinates": [
          36.6871569,
          -1.4290899
        ]
      },
      "id": "node/5588931918"
    },
    {
      "type": "Feature",
      "properties": {
        "@id": "node/5726182620",
        "addr:city": "Nairobi",
        "addr:street": "Kiambu Road",
        "name": "Beyond Fruits",
        "shop": "supermarket"
      },
      "geometry": {
        "type": "Point",
        "coordinates": [
          36.8404917,
          -1.2295648
        ]
      },
      "id": "node/5726182620"
    },
    {
      "type": "Feature",
      "properties": {
        "@id": "node/5743459430",
        "addr:city": "Githurai",
        "addr:street": "Kamiti Road",
        "name": "Powerstar Express Supermarket",
        "shop": "supermarket"
      },
      "geometry": {
        "type": "Point",
        "coordinates": [
          36.8942985,
          -1.2063204
        ]
      },
      "id": "node/5743459430"
    },
    {
      "type": "Feature",
      "properties": {
        "@id": "node/5743474194",
        "addr:city": "Nairobi",
        "addr:street": "Kamiti Road",
        "name": "Powerstar supermarket",
        "shop": "supermarket"
      },
      "geometry": {
        "type": "Point",
        "coordinates": [
          36.8941051,
          -1.2093522
        ]
      },
      "id": "node/5743474194"
    },
    {
      "type": "Feature",
      "properties": {
        "@id": "node/5871155377",
        "addr:city": "Nairobi",
        "addr:postcode": "00300",
        "addr:street": "Ronald Ngala Street",
        "name": "vspace.ke",
        "opening_hours": "24/7",
        "operator": "VSpace",
        "payment:cash": "yes",
        "payment:credit_cards": "yes",
        "payment:mobile_money": "yes",
        "shop": "supermarket"
      },
      "geometry": {
        "type": "Point",
        "coordinates": [
          36.8303338,
          -1.2847155
        ]
      },
      "id": "node/5871155377"
    },
    {
      "type": "Feature",
      "properties": {
        "@id": "node/5886553697",
        "addr:city": "Nairobi",
        "addr:street": "Kangundo Road",
        "name": "Quickmart",
        "shop": "supermarket"
      },
      "geometry": {
        "type": "Point",
        "coordinates": [
          36.9968775,
          -1.2708939
        ]
      },
      "id": "node/5886553697"
    },
    {
      "type": "Feature",
      "properties": {
        "@id": "node/5903983375",
        "addr:city": "Nairobi",
        "addr:street": "Ring Road Parklands",
        "amenity": "marketplace",
        "name": "Westlands Curio Market"
      },
      "geometry": {
        "type": "Point",
        "coordinates": [
          36.8037474,
          -1.2605575
        ]
      },
      "id": "node/5903983375"
    },
    {
      "type": "Feature",
      "properties": {
        "@id": "node/5940570587",
        "brand": "Shell Select",
        "brand:wikidata": "Q124359752",
        "brand:wikipedia": "en:Royal Dutch Shell",
        "name": "Shell Select",
        "shop": "convenience"
      },
      "geometry": {
        "type": "Point",
        "coordinates": [
          36.8172823,
          -1.2690908
        ]
      },
      "id": "node/5940570587"
    },
    {
      "type": "Feature",
      "properties": {
        "@id": "node/6064156807",
        "addr:city": "Kiambu",
        "addr:street": "Biashara Street Kiambu",
        "name": "Kamindi Supermarket",
        "shop": "supermarket"
      },
      "geometry": {
        "type": "Point",
        "coordinates": [
          36.8289734,
          -1.1718603
        ]
      },
      "id": "node/6064156807"
    },
    {
      "type": "Feature",
      "properties": {
        "@id": "node/6084050127",
        "name": "Tuskys;Turskys",
        "shop": "supermarket"
      },
      "geometry": {
        "type": "Point",
        "coordinates": [
          36.779892,
          -1.3006632
        ]
      },
      "id": "node/6084050127"
    },
    {
      "type": "Feature",
      "properties": {
        "@id": "node/6103385713",
        "addr:city": "Umoja Estate",
        "addr:street": "Moi Drive",
        "name": "Skymart Supermarket",
        "operator": "Private",
        "shop": "supermarket"
      },
      "geometry": {
        "type": "Point",
        "coordinates": [
          36.8931932,
          -1.2876151
        ]
      },
      "id": "node/6103385713"
    },
    {
      "type": "Feature",
      "properties": {
        "@id": "node/6105059956",
        "addr:city": "Nairobi",
        "addr:street": "Thika Road",
        "name": "Tuskys",
        "shop": "supermarket"
      },
      "geometry": {
        "type": "Point",
        "coordinates": [
          36.8613539,
          -1.2496322
        ]
      },
      "id": "node/6105059956"
    },
    {
      "type": "Feature",
      "properties": {
        "@id": "node/6116636152",
        "addr:city": "Raini",
        "addr:street": "Boma Road",
        "name": "(Nn) Mwalimu Supermarket & Wholesale",
        "shop": "supermarket"
      },
      "geometry": {
        "type": "Point",
        "coordinates": [
          36.7442109,
          -1.1592002
        ]
      },
      "id": "node/6116636152"
    },
    {
      "type": "Feature",
      "properties": {
        "@id": "node/6126721035",
        "addr:city": "Nairobi",
        "addr:street": "Haile Selassie Avenue",
        "name": "Tuskys Supermarket",
        "shop": "supermarket"
      },
      "geometry": {
        "type": "Point",
        "coordinates": [
          36.8218813,
          -1.2926791
        ]
      },
      "id": "node/6126721035"
    },
    {
      "type": "Feature",
      "properties": {
        "@id": "node/6140597685",
        "addr:city": "Nairobi",
        "addr:street": "Kayole Spine Road",
        "name": "Cleanshelf",
        "shop": "supermarket"
      },
      "geometry": {
        "type": "Point",
        "coordinates": [
          36.9058727,
          -1.2810206
        ]
      },
      "id": "node/6140597685"
    },
    {
      "type": "Feature",
      "properties": {
        "@id": "node/6142096652",
        "addr:city": "Nairobi",
        "addr:street": "Dagoretti Road",
        "name": "Zucchini The Hub Karen",
        "shop": "greengrocer"
      },
      "geometry": {
        "type": "Point",
        "coordinates": [
          36.704117,
          -1.320223
        ]
      },
      "id": "node/6142096652"
    },
    {
      "type": "Feature",
      "properties": {
        "@id": "node/6142220164",
        "addr:city": "Nairobi",
        "addr:street": "Langata Road",
        "amenity": "marketplace",
        "name": "Karen Retail Market Nairobi"
      },
      "geometry": {
        "type": "Point",
        "coordinates": [
          36.7103103,
          -1.3246536
        ]
      },
      "id": "node/6142220164"
    },
    {
      "type": "Feature",
      "properties": {
        "@id": "node/6171147716",
        "addr:city": "Nairobi",
        "addr:housenumber": "72",
        "addr:street": "Muthithi Road",
        "name": "Chiknik Distributors",
        "shop": "supermarket"
      },
      "geometry": {
        "type": "Point",
        "coordinates": [
          36.8118184,
          -1.2705182
        ]
      },
      "id": "node/6171147716"
    },
    {
      "type": "Feature",
      "properties": {
        "@id": "node/6173489654",
        "addr:city": "Nairobi",
        "addr:street": "Kangundo Road",
        "name": "Neema Supermarket",
        "shop": "supermarket"
      },
      "geometry": {
        "type": "Point",
        "coordinates": [
          36.9226773,
          -1.2570221
        ]
      },
      "id": "node/6173489654"
    },
    {
      "type": "Feature",
      "properties": {
        "@id": "node/6173489655",
        "addr:city": "Nairobi",
        "addr:street": "Kangundo Road",
        "name": "Hill Mart Supermarket",
        "shop": "supermarket"
      },
      "geometry": {
        "type": "Point",
        "coordinates": [
          36.9225076,
          -1.2569895
        ]
      },
      "id": "node/6173489655"
    },
    {
      "type": "Feature",
      "properties": {
        "@id": "node/6207546828",
        "addr:city": "Nairobi",
        "addr:street": "Mombasa Road",
        "name": "Souk Bazaar",
        "shop": "supermarket"
      },
      "geometry": {
        "type": "Point",
        "coordinates": [
          36.8430676,
          -1.3237125
        ]
      },
      "id": "node/6207546828"
    },
    {
      "type": "Feature",
      "properties": {
        "@id": "node/6207692007",
        "addr:city": "Nairobi",
        "addr:street": "Mombasa Road",
        "name": "Tuskys Supermarket (Chap Chap Libra)",
        "shop": "supermarket"
      },
      "geometry": {
        "type": "Point",
        "coordinates": [
          36.8666226,
          -1.3316099
        ]
      },
      "id": "node/6207692007"
    },
    {
      "type": "Feature",
      "properties": {
        "@id": "node/6210101814",
        "addr:city": "Mlolongo",
        "addr:street": "Bejing Road",
        "name": "Utake Coffee Limited",
        "shop": "convenience"
      },
      "geometry": {
        "type": "Point",
        "coordinates": [
          36.9393067,
          -1.3799541
        ]
      },
      "id": "node/6210101814"
    },
    {
      "type": "Feature",
      "properties": {
        "@id": "node/6210202321",
        "addr:city": "Mlolongo",
        "addr:street": "Mombasa Road",
        "name": "Walk N Shop Supermarket",
        "shop": "supermarket"
      },
      "geometry": {
        "type": "Point",
        "coordinates": [
          36.9396628,
          -1.3950322
        ]
      },
      "id": "node/6210202321"
    },
    {
      "type": "Feature",
      "properties": {
        "@id": "node/6210202609",
        "addr:city": "Mlolongo",
        "addr:street": "Mombasa Road",
        "name": "Mulley's Supermarket",
        "shop": "supermarket"
      },
      "geometry": {
        "type": "Point",
        "coordinates": [
          36.9424804,
          -1.3973987
        ]
      },
      "id": "node/6210202609"
    },
    {
      "type": "Feature",
      "properties": {
        "@id": "node/6210202640",
        "addr:city": "Mlolongo",
        "addr:street": "Mombasa Road",
        "name": "Petmak Supermarket",
        "shop": "supermarket"
      },
      "geometry": {
        "type": "Point",
        "coordinates": [
          36.9408956,
          -1.3949856
        ]
      },
      "id": "node/6210202640"
    },
    {
      "type": "Feature",
      "properties": {
        "@id": "node/6210243617",
        "addr:city": "Athi River",
        "addr:street": "Mombasa Road",
        "name": "Beyond Fruits",
        "shop": "supermarket"
      },
      "geometry": {
        "type": "Point",
        "coordinates": [
          36.953624,
          -1.417872
        ]
      },
      "id": "node/6210243617"
    },
    {
      "type": "Feature",
      "properties": {
        "@id": "node/6216321652",
        "addr:city": "Embulbul",
        "addr:street": "Ngong Road",
        "name": "Daveg Stores",
        "shop": "supermarket"
      },
      "geometry": {
        "type": "Point",
        "coordinates": [
          36.6754291,
          -1.3333292
        ]
      },
      "id": "node/6216321652"
    },
    {
      "type": "Feature",
      "properties": {
        "@id": "node/6216321654",
        "addr:city": "Ngong",
        "addr:street": "Ngong Road",
        "name": "Sweet World Supermarket Ltd",
        "shop": "supermarket"
      },
      "geometry": {
        "type": "Point",
        "coordinates": [
          36.6740295,
          -1.3339865
        ]
      },
      "id": "node/6216321654"
    },
    {
      "type": "Feature",
      "properties": {
        "@id": "node/6216322009",
        "addr:city": "Ngong",
        "addr:street": "Ngong Road",
        "name": "Tuskys Milele Mall",
        "shop": "supermarket"
      },
      "geometry": {
        "type": "Point",
        "coordinates": [
          36.6574009,
          -1.3583435
        ]
      },
      "id": "node/6216322009"
    },
    {
      "type": "Feature",
      "properties": {
        "@id": "node/6216376869",
        "addr:city": "Ngong",
        "addr:street": "Kahara Road",
        "name": "Naivas Supermarket",
        "shop": "supermarket"
      },
      "geometry": {
        "type": "Point",
        "coordinates": [
          36.6551417,
          -1.3619582
        ]
      },
      "id": "node/6216376869"
    },
    {
      "type": "Feature",
      "properties": {
        "@id": "node/6216376870",
        "addr:city": "Ngong",
        "addr:street": "Kahara Road",
        "name": "Sweet World Supermarket",
        "shop": "supermarket"
      },
      "geometry": {
        "type": "Point",
        "coordinates": [
          36.6549678,
          -1.3622431
        ]
      },
      "id": "node/6216376870"
    },
    {
      "type": "Feature",
      "properties": {
        "@id": "node/6218081303",
        "addr:city": "Nairobi",
        "addr:street": "Kasarani Mwiki Road",
        "name": "Powerstar Supermarket Kasarani",
        "shop": "supermarket"
      },
      "geometry": {
        "type": "Point",
        "coordinates": [
          36.8968326,
          -1.2175238
        ]
      },
      "id": "node/6218081303"
    },
    {
      "type": "Feature",
      "properties": {
        "@id": "node/6218304908",
        "addr:city": "Matasia",
        "addr:street": "Forest Line Road",
        "name": "Tuskys Supermarket (Chap Chap Matasia)",
        "shop": "supermarket"
      },
      "geometry": {
        "type": "Point",
        "coordinates": [
          36.67659,
          -1.383046
        ]
      },
      "id": "node/6218304908"
    },
    {
      "type": "Feature",
      "properties": {
        "@id": "node/6218304915",
        "addr:city": "Matasia",
        "addr:street": "Forest Line Road",
        "amenity": "marketplace",
        "name": "Eno Matasia Shops."
      },
      "geometry": {
        "type": "Point",
        "coordinates": [
          36.6820207,
          -1.3905133
        ]
      },
      "id": "node/6218304915"
    },
    {
      "type": "Feature",
      "properties": {
        "@id": "node/6218487563",
        "addr:city": "Kiserian",
        "addr:street": "Magadi Road",
        "brand": "Shell",
        "brand:wikidata": "Q154950",
        "brand:wikipedia": "en:Royal Dutch Shell",
        "name": "Shell",
        "shop": "convenience"
      },
      "geometry": {
        "type": "Point",
        "coordinates": [
          36.68726,
          -1.4308244
        ]
      },
      "id": "node/6218487563"
    },
    {
      "type": "Feature",
      "properties": {
        "@id": "node/6218490086",
        "addr:city": "Nkoroi",
        "addr:street": "Oloika Road",
        "name": "Highland Self-service Store Kamura",
        "shop": "supermarket"
      },
      "geometry": {
        "type": "Point",
        "coordinates": [
          36.7080668,
          -1.4070389
        ]
      },
      "id": "node/6218490086"
    },
    {
      "type": "Feature",
      "properties": {
        "@id": "node/6218599563",
        "addr:city": "Rongai",
        "addr:street": "Magadi Road",
        "name": "Tuskys Supermarket (Chap Chap Ongata)",
        "shop": "supermarket"
      },
      "geometry": {
        "type": "Point",
        "coordinates": [
          36.741004,
          -1.3963218
        ]
      },
      "id": "node/6218599563"
    },
    {
      "type": "Feature",
      "properties": {
        "@id": "node/6218698876",
        "addr:city": "Ongata Rongai",
        "addr:street": "Nyotu Road",
        "amenity": "marketplace",
        "name": "Nyotu 4th Avenue Market"
      },
      "geometry": {
        "type": "Point",
        "coordinates": [
          36.7571174,
          -1.3976394
        ]
      },
      "id": "node/6218698876"
    },
    {
      "type": "Feature",
      "properties": {
        "@id": "node/6218727832",
        "addr:city": "Rongai",
        "addr:street": "Magadi Road",
        "amenity": "marketplace",
        "name": "Ongata Rongai Open Air Market",
        "opening_hours": "PH,Mo-Su 06:00-20:00"
      },
      "geometry": {
        "type": "Point",
        "coordinates": [
          36.7652021,
          -1.3954348
        ]
      },
      "id": "node/6218727832"
    },
    {
      "type": "Feature",
      "properties": {
        "@id": "node/6224913778",
        "addr:city": "Nairobi",
        "addr:street": "Thika Road",
        "name": "Grit Supermarket",
        "shop": "supermarket"
      },
      "geometry": {
        "type": "Point",
        "coordinates": [
          36.8564277,
          -1.2527193
        ]
      },
      "id": "node/6224913778"
    },
    {
      "type": "Feature",
      "properties": {
        "@id": "node/6224915281",
        "addr:city": "Nairobi",
        "addr:street": "Garden Estate Road",
        "name": "Mulika Mini Market",
        "shop": "supermarket"
      },
      "geometry": {
        "type": "Point",
        "coordinates": [
          36.8707384,
          -1.2341506
        ]
      },
      "id": "node/6224915281"
    },
    {
      "type": "Feature",
      "properties": {
        "@id": "node/6224915422",
        "addr:city": "Nairobi",
        "addr:street": "TRM Drive",
        "brand": "Carrefour",
        "brand:wikidata": "Q217599",
        "brand:wikipedia": "fr:Carrefour (enseigne)",
        "name": "Carrefour",
        "operator": "Groupe Carrefour",
        "operator:wikidata": "Q3117359",
        "operator:wikipedia": "fr:Groupe Carrefour",
        "shop": "supermarket"
      },
      "geometry": {
        "type": "Point",
        "coordinates": [
          36.8890684,
          -1.2200512
        ]
      },
      "id": "node/6224915422"
    },
    {
      "type": "Feature",
      "properties": {
        "@id": "node/6249063079",
        "addr:city": "Nairobi",
        "addr:street": "Kasarani Mwiki Road",
        "name": "Dorte Everfresh Grocery & Cereals",
        "shop": "supermarket"
      },
      "geometry": {
        "type": "Point",
        "coordinates": [
          36.8993359,
          -1.21874
        ]
      },
      "id": "node/6249063079"
    },
    {
      "type": "Feature",
      "properties": {
        "@id": "node/6249063080",
        "addr:city": "Nairobi",
        "addr:street": "Kasarani Mwiki Road",
        "name": "Kassmatt Supermarket",
        "shop": "supermarket"
      },
      "geometry": {
        "type": "Point",
        "coordinates": [
          36.8994027,
          -1.2181843
        ]
      },
      "id": "node/6249063080"
    },
    {
      "type": "Feature",
      "properties": {
        "@id": "node/6249063499",
        "addr:city": "Nairobi",
        "addr:street": "Kasarani Mwiki Road",
        "name": "Wabuti Supermarket",
        "shop": "supermarket"
      },
      "geometry": {
        "type": "Point",
        "coordinates": [
          36.8950718,
          -1.2194778
        ]
      },
      "id": "node/6249063499"
    },
    {
      "type": "Feature",
      "properties": {
        "@id": "node/6249063511",
        "addr:city": "Nairobi",
        "addr:street": "Judah Avenue",
        "name": "Famcon Supermarket",
        "shop": "supermarket"
      },
      "geometry": {
        "type": "Point",
        "coordinates": [
          36.9002303,
          -1.2171368
        ]
      },
      "id": "node/6249063511"
    },
    {
      "type": "Feature",
      "properties": {
        "@id": "node/6249063519",
        "addr:city": "Nairobi",
        "addr:street": "Kasarani Mwiki Road",
        "name": "Jikuze Supermarket",
        "payment:cash": "yes",
        "payment:mpesa": "yes",
        "shop": "supermarket"
      },
      "geometry": {
        "type": "Point",
        "coordinates": [
          36.9025886,
          -1.2185973
        ]
      },
      "id": "node/6249063519"
    },
    {
      "type": "Feature",
      "properties": {
        "@id": "node/6249063520",
        "addr:city": "Nairobi",
        "addr:street": "Kasarani Mwiki Road",
        "name": "LeasherMatt Supermarket,Kasarani",
        "shop": "supermarket"
      },
      "geometry": {
        "type": "Point",
        "coordinates": [
          36.9027861,
          -1.2186504
        ]
      },
      "id": "node/6249063520"
    },
    {
      "type": "Feature",
      "properties": {
        "@id": "node/6249063530",
        "addr:city": "Nairobi",
        "addr:street": "Seasons Road",
        "name": "Kasamat Supermarket",
        "shop": "supermarket"
      },
      "geometry": {
        "type": "Point",
        "coordinates": [
          36.9032325,
          -1.2169864
        ]
      },
      "id": "node/6249063530"
    },
    {
      "type": "Feature",
      "properties": {
        "@id": "node/6249063535",
        "addr:city": "Nairobi",
        "addr:street": "Seasons Road",
        "name": "Slymac Mini Mart",
        "shop": "supermarket"
      },
      "geometry": {
        "type": "Point",
        "coordinates": [
          36.9042012,
          -1.2145401
        ]
      },
      "id": "node/6249063535"
    },
    {
      "type": "Feature",
      "properties": {
        "@id": "node/6249168568",
        "addr:city": "Nairobi",
        "addr:street": "Kasarani Mwiki Road",
        "name": "Thikamatt",
        "shop": "supermarket"
      },
      "geometry": {
        "type": "Point",
        "coordinates": [
          36.927337,
          -1.2298871
        ]
      },
      "id": "node/6249168568"
    },
    {
      "type": "Feature",
      "properties": {
        "@id": "node/6249168600",
        "addr:city": "Nairobi",
        "addr:street": "Kasarani Mwiki Road",
        "name": "Rongai supermarket",
        "shop": "supermarket"
      },
      "geometry": {
        "type": "Point",
        "coordinates": [
          36.9331983,
          -1.2353151
        ]
      },
      "id": "node/6249168600"
    },
    {
      "type": "Feature",
      "properties": {
        "@id": "node/6249434332",
        "addr:city": "Nairobi",
        "addr:street": "Kasarani Mwiki Road",
        "name": "Kassmatt Supermarket",
        "shop": "supermarket"
      },
      "geometry": {
        "type": "Point",
        "coordinates": [
          36.9339528,
          -1.2356239
        ]
      },
      "id": "node/6249434332"
    },
    {
      "type": "Feature",
      "properties": {
        "@id": "node/6249531815",
        "addr:city": "Nairobi",
        "addr:street": "Thika Road",
        "name": "Gesta Supermarket",
        "shop": "supermarket"
      },
      "geometry": {
        "type": "Point",
        "coordinates": [
          36.8954672,
          -1.2154377
        ]
      },
      "id": "node/6249531815"
    },
    {
      "type": "Feature",
      "properties": {
        "@id": "node/6249531854",
        "addr:city": "Nairobi",
        "addr:street": "Thika Road",
        "name": "Kassmat Supermarket",
        "shop": "supermarket"
      },
      "geometry": {
        "type": "Point",
        "coordinates": [
          36.9159467,
          -1.2041822
        ]
      },
      "id": "node/6249531854"
    },
    {
      "type": "Feature",
      "properties": {
        "@id": "node/6249531858",
        "addr:city": "Nairobi",
        "addr:street": "Mwihoko Road",
        "name": "Kassmat Jumbo Supermarket",
        "shop": "supermarket"
      },
      "geometry": {
        "type": "Point",
        "coordinates": [
          36.9174192,
          -1.2050284
        ]
      },
      "id": "node/6249531858"
    },
    {
      "type": "Feature",
      "properties": {
        "@id": "node/6249531859",
        "addr:city": "Nairobi",
        "addr:street": "Mwihoko Road",
        "name": "Naivas Supermarket, Githurai Branch.",
        "shop": "supermarket"
      },
      "geometry": {
        "type": "Point",
        "coordinates": [
          36.9177108,
          -1.2054179
        ]
      },
      "id": "node/6249531859"
    },
    {
      "type": "Feature",
      "properties": {
        "@id": "node/6249531862",
        "addr:city": "Nairobi",
        "addr:street": "Mwihoko Road",
        "amenity": "marketplace",
        "name": "Githurai Open Market"
      },
      "geometry": {
        "type": "Point",
        "coordinates": [
          36.918017,
          -1.2048054
        ]
      },
      "id": "node/6249531862"
    },
    {
      "type": "Feature",
      "properties": {
        "@id": "node/6249723234",
        "addr:city": "Nairobi",
        "addr:street": "Kahawa Sukari Avenue",
        "branch": "Kahawa Sukari",
        "brand": "QuickMart",
        "brand:wikidata": "Q113012659",
        "name": "QuickMart Kahawa Sukari",
        "shop": "supermarket"
      },
      "geometry": {
        "type": "Point",
        "coordinates": [
          36.9322952,
          -1.1893601
        ]
      },
      "id": "node/6249723234"
    },
    {
      "type": "Feature",
      "properties": {
        "@id": "node/6249723385",
        "addr:city": "Nairobi",
        "addr:street": "Kahawa Sukari Avenue",
        "name": "Nyandis Supermarket",
        "shop": "supermarket"
      },
      "geometry": {
        "type": "Point",
        "coordinates": [
          36.9463869,
          -1.1952105
        ]
      },
      "id": "node/6249723385"
    },
    {
      "type": "Feature",
      "properties": {
        "@id": "node/6251534674",
        "addr:city": "Ruiru",
        "addr:street": "Thika Road",
        "name": "Leestar Supermarket",
        "shop": "supermarket"
      },
      "geometry": {
        "type": "Point",
        "coordinates": [
          36.958185,
          -1.1597977
        ]
      },
      "id": "node/6251534674"
    },
    {
      "type": "Feature",
      "properties": {
        "@id": "node/6251534675",
        "addr:city": "Ruiru",
        "addr:street": "Thika Road",
        "name": "Leestar Supermarket",
        "shop": "supermarket"
      },
      "geometry": {
        "type": "Point",
        "coordinates": [
          36.9583474,
          -1.1594233
        ]
      },
      "id": "node/6251534675"
    },
    {
      "type": "Feature",
      "properties": {
        "@id": "node/6251561025",
        "addr:city": "Limuru",
        "addr:street": "Kabuku-Tigoni Road",
        "amenity": "marketplace",
        "name": "Kabuku Junction Kiosks"
      },
      "geometry": {
        "type": "Point",
        "coordinates": [
          36.6685684,
          -1.1506903
        ]
      },
      "id": "node/6251561025"
    },
    {
      "type": "Feature",
      "properties": {
        "@id": "node/6251561080",
        "addr:city": "Gitaru",
        "addr:street": "Kanyariri-Gitaru Road",
        "amenity": "marketplace",
        "name": "Gitaru Market",
        "opening_hours": "Mo-Su 06:00-21:00; PH open",
        "wheelchair": "yes"
      },
      "geometry": {
        "type": "Point",
        "coordinates": [
          36.676615,
          -1.2351547
        ]
      },
      "id": "node/6251561080"
    },
    {
      "type": "Feature",
      "properties": {
        "@id": "node/6257561364",
        "addr:city": "Nairobi",
        "addr:street": "Limuru Road",
        "branch": "Village Market",
        "brand": "Carrefour",
        "brand:wikidata": "Q217599",
        "name": "Carrefour",
        "shop": "supermarket"
      },
      "geometry": {
        "type": "Point",
        "coordinates": [
          36.8055626,
          -1.2278982
        ]
      },
      "id": "node/6257561364"
    },
    {
      "type": "Feature",
      "properties": {
        "@id": "node/6257722319",
        "addr:city": "Kiambu",
        "addr:street": "Kiambu Road",
        "name": "Choppies Supermarket Kiambu",
        "shop": "supermarket"
      },
      "geometry": {
        "type": "Point",
        "coordinates": [
          36.8243212,
          -1.1649984
        ]
      },
      "id": "node/6257722319"
    },
    {
      "type": "Feature",
      "properties": {
        "@id": "node/6259798912",
        "addr:city": "Nairobi",
        "addr:street": "Solidarity Street",
        "name": "Jacknice Supermarket",
        "shop": "supermarket"
      },
      "geometry": {
        "type": "Point",
        "coordinates": [
          36.8989506,
          -1.3120376
        ]
      },
      "id": "node/6259798912"
    },
    {
      "type": "Feature",
      "properties": {
        "@id": "node/6259798914",
        "addr:city": "Nairobi",
        "addr:street": "Amani Court",
        "name": "Harakisha Mini-Market",
        "shop": "supermarket"
      },
      "geometry": {
        "type": "Point",
        "coordinates": [
          36.8956399,
          -1.3120147
        ]
      },
      "id": "node/6259798914"
    },
    {
      "type": "Feature",
      "properties": {
        "@id": "node/6259798931",
        "addr:city": "Nairobi",
        "addr:street": "Outer Ring Road",
        "name": "Tumaini Supermarket",
        "shop": "supermarket"
      },
      "geometry": {
        "type": "Point",
        "coordinates": [
          36.8960005,
          -1.3168308
        ]
      },
      "id": "node/6259798931"
    },
    {
      "type": "Feature",
      "properties": {
        "@id": "node/6259798935",
        "addr:city": "Nairobi",
        "addr:street": "Fedha Road",
        "brand": "QuickMart",
        "brand:wikidata": "Q113012659",
        "name": "QuickMart",
        "shop": "supermarket"
      },
      "geometry": {
        "type": "Point",
        "coordinates": [
          36.8949022,
          -1.3137528
        ]
      },
      "id": "node/6259798935"
    },
    {
      "type": "Feature",
      "properties": {
        "@id": "node/6259798949",
        "addr:city": "Nairobi",
        "addr:street": "Doonholm Road",
        "amenity": "marketplace",
        "name": "KISUMU NDOGO OPEN AIR MARKET"
      },
      "geometry": {
        "type": "Point",
        "coordinates": [
          36.8893383,
          -1.2997352
        ]
      },
      "id": "node/6259798949"
    },
    {
      "type": "Feature",
      "properties": {
        "@id": "node/6259860368",
        "addr:city": "Nairobi",
        "addr:street": "Off Outer Ring Road",
        "name": "Super Deals Supermarket Real",
        "shop": "supermarket"
      },
      "geometry": {
        "type": "Point",
        "coordinates": [
          36.8876825,
          -1.2893383
        ]
      },
      "id": "node/6259860368"
    },
    {
      "type": "Feature",
      "properties": {
        "@id": "node/6324976684",
        "shop": "supermarket"
      },
      "geometry": {
        "type": "Point",
        "coordinates": [
          36.9211529,
          -1.1890825
        ]
      },
      "id": "node/6324976684"
    },
    {
      "type": "Feature",
      "properties": {
        "@id": "node/6395368822",
        "branch": "Supermarket Lavington",
        "brand": "QuickMart",
        "brand:wikidata": "Q113012659",
        "check_date": "2023-04-26",
        "name": "QuickMart",
        "shop": "supermarket"
      },
      "geometry": {
        "type": "Point",
        "coordinates": [
          36.773464,
          -1.2899363
        ]
      },
      "id": "node/6395368822"
    },
    {
      "type": "Feature",
      "properties": {
        "@id": "node/6397775451",
        "addr:city": "Ruaka",
        "addr:street": "Limuru Road",
        "name": "Joy Land Supermarket",
        "shop": "supermarket"
      },
      "geometry": {
        "type": "Point",
        "coordinates": [
          36.7768286,
          -1.2046459
        ]
      },
      "id": "node/6397775451"
    },
    {
      "type": "Feature",
      "properties": {
        "@id": "node/6397800321",
        "addr:city": "Nairobi",
        "addr:street": "Thika Road",
        "brand": "ShopRite",
        "brand:wikidata": "Q7501097",
        "brand:wikipedia": "en:ShopRite (United States)",
        "name": "ShopRite",
        "shop": "supermarket"
      },
      "geometry": {
        "type": "Point",
        "coordinates": [
          36.8787963,
          -1.2331317
        ]
      },
      "id": "node/6397800321"
    },
    {
      "type": "Feature",
      "properties": {
        "@id": "node/6514014785",
        "amenity": "marketplace",
        "name": "Kariokor Market",
        "tourism": "attraction"
      },
      "geometry": {
        "type": "Point",
        "coordinates": [
          36.8342679,
          -1.2778704
        ]
      },
      "id": "node/6514014785"
    },
    {
      "type": "Feature",
      "properties": {
        "@id": "node/6819930254",
        "addr:city": "Komarock",
        "addr:street": "Mwangaza Road",
        "name": "Maryland",
        "shop": "supermarket"
      },
      "geometry": {
        "type": "Point",
        "coordinates": [
          36.9092695,
          -1.2648803
        ]
      },
      "id": "node/6819930254"
    },
    {
      "type": "Feature",
      "properties": {
        "@id": "node/6819930274",
        "addr:city": "Njiru",
        "addr:street": "Kangundo Road",
        "name": "Chokmatt",
        "shop": "supermarket"
      },
      "geometry": {
        "type": "Point",
        "coordinates": [
          36.9529649,
          -1.250212
        ]
      },
      "id": "node/6819930274"
    },
    {
      "type": "Feature",
      "properties": {
        "@id": "node/6827309041",
        "addr:city": "Nairobi",
        "addr:street": "Lumumba 1st Avenue",
        "name": "Admart",
        "shop": "supermarket"
      },
      "geometry": {
        "type": "Point",
        "coordinates": [
          36.8886373,
          -1.2154465
        ]
      },
      "id": "node/6827309041"
    },
    {
      "type": "Feature",
      "properties": {
        "@id": "node/6827309042",
        "addr:city": "Nairobi",
        "addr:street": "Lumumba Drive",
        "name": "Roymatt Supermarket",
        "phone": "+254 725 202860",
        "shop": "supermarket"
      },
      "geometry": {
        "type": "Point",
        "coordinates": [
          36.8880723,
          -1.215875
        ]
      },
      "id": "node/6827309042"
    },
    {
      "type": "Feature",
      "properties": {
        "@id": "node/6827320495",
        "addr:city": "Nairobi",
        "addr:street": "Off Kamiti Road",
        "name": "Budget",
        "shop": "supermarket"
      },
      "geometry": {
        "type": "Point",
        "coordinates": [
          36.8945208,
          -1.213331
        ]
      },
      "id": "node/6827320495"
    },
    {
      "type": "Feature",
      "properties": {
        "@id": "node/6869934673",
        "name": "Zucchini",
        "shop": "greengrocer"
      },
      "geometry": {
        "type": "Point",
        "coordinates": [
          36.770278,
          -1.2909053
        ]
      },
      "id": "node/6869934673"
    },
    {
      "type": "Feature",
      "properties": {
        "@id": "node/7005142185",
        "amenity": "marketplace",
        "name": "Gikomba Market"
      },
      "geometry": {
        "type": "Point",
        "coordinates": [
          36.8414734,
          -1.2863428
        ]
      },
      "id": "node/7005142185"
    },
    {
      "type": "Feature",
      "properties": {
        "@id": "node/7157111462",
        "amenity": "marketplace",
        "name": "Kariobangi North County Market"
      },
      "geometry": {
        "type": "Point",
        "coordinates": [
          36.8792421,
          -1.2544547
        ]
      },
      "id": "node/7157111462"
    },
    {
      "type": "Feature",
      "properties": {
        "@id": "node/7169519863",
        "addr:city": "Nairobi",
        "addr:street": "Dagoretti Road",
        "brand": "Carrefour",
        "brand:wikidata": "Q217599",
        "brand:wikipedia": "fr:Carrefour (enseigne)",
        "name": "Carrefour",
        "shop": "supermarket"
      },
      "geometry": {
        "type": "Point",
        "coordinates": [
          36.703824,
          -1.3205663
        ]
      },
      "id": "node/7169519863"
    },
    {
      "type": "Feature",
      "properties": {
        "@id": "node/7175160078",
        "addr:city": "Nairobi",
        "addr:postcode": "00100",
        "addr:street": "Magadi Road",
        "name": "Quickmart Rongai Main",
        "opening_hours": "PH,Mo-Su 08:00-21:00",
        "phone": "+254 \t 799212121",
        "shop": "supermarket"
      },
      "geometry": {
        "type": "Point",
        "coordinates": [
          36.7658269,
          -1.3922607
        ]
      },
      "id": "node/7175160078"
    },
    {
      "type": "Feature",
      "properties": {
        "@id": "node/7185165514",
        "name": "Mburu Shop",
        "shop": "general"
      },
      "geometry": {
        "type": "Point",
        "coordinates": [
          36.7016262,
          -1.2627334
        ]
      },
      "id": "node/7185165514"
    },
    {
      "type": "Feature",
      "properties": {
        "@id": "node/7187200359",
        "shop": "greengrocer"
      },
      "geometry": {
        "type": "Point",
        "coordinates": [
          36.7423149,
          -1.3645381
        ]
      },
      "id": "node/7187200359"
    },
    {
      "type": "Feature",
      "properties": {
        "@id": "node/7187200360",
        "name": "Kings Garden",
        "phone": "0719116966",
        "shop": "greengrocer"
      },
      "geometry": {
        "type": "Point",
        "coordinates": [
          36.7421403,
          -1.3646574
        ]
      },
      "id": "node/7187200360"
    },
    {
      "type": "Feature",
      "properties": {
        "@id": "node/7291845166",
        "addr:city": "Nairobi",
        "addr:postcode": "00100",
        "addr:street": "Langata Road",
        "brand": "Naivas",
        "brand:wikidata": "Q18379067",
        "name": "Naivas Freedom Heights Mall",
        "shop": "supermarket",
        "website": "https://naivas.info/locations/"
      },
      "geometry": {
        "type": "Point",
        "coordinates": [
          36.8021359,
          -1.3220082
        ]
      },
      "id": "node/7291845166"
    },
    {
      "type": "Feature",
      "properties": {
        "@id": "node/7340161792",
        "check_date": "2023-04-18",
        "name": "Jamuhuri Shopping Centre",
        "shop": "convenience"
      },
      "geometry": {
        "type": "Point",
        "coordinates": [
          36.7712894,
          -1.3042465
        ]
      },
      "id": "node/7340161792"
    },
    {
      "type": "Feature",
      "properties": {
        "@id": "node/7341263969",
        "name": "Chandarana Food Plus Supermarket Ltd.",
        "shop": "supermarket"
      },
      "geometry": {
        "type": "Point",
        "coordinates": [
          36.8184573,
          -1.2583562
        ]
      },
      "id": "node/7341263969"
    },
    {
      "type": "Feature",
      "properties": {
        "@id": "node/7679232307",
        "shop": "supermarket"
      },
      "geometry": {
        "type": "Point",
        "coordinates": [
          36.828251,
          -1.2957736
        ]
      },
      "id": "node/7679232307"
    },
    {
      "type": "Feature",
      "properties": {
        "@id": "node/7846414730",
        "addr:city": "Nairobi",
        "addr:street": "Mombasa Road",
        "name": "Naivas Food Market",
        "shop": "supermarket"
      },
      "geometry": {
        "type": "Point",
        "coordinates": [
          36.908198,
          -1.3579769
        ]
      },
      "id": "node/7846414730"
    },
    {
      "type": "Feature",
      "properties": {
        "@id": "node/8009479365",
        "amenity": "marketplace",
        "condition": "fair",
        "image": "https://kc.humanitarianresponse.info/attachment/original?media_file=mapkibera/attachments/1590415140827.jpg",
        "marketplace:type": "formal",
        "name": "Kiamutisya",
        "operational_status": "operational",
        "operator:description": "Muungano wa wana vijiji wa kiamutisya",
        "operator:type": "private"
      },
      "geometry": {
        "type": "Point",
        "coordinates": [
          36.8443183,
          -1.2638817
        ]
      },
      "id": "node/8009479365"
    },
    {
      "type": "Feature",
      "properties": {
        "@id": "node/8009504835",
        "amenity": "marketplace",
        "condition": "good",
        "image": "https://kc.humanitarianresponse.info/attachment/original?media_file=mapkibera/attachments/1590483513948.jpg",
        "marketplace:type": "street_vendor",
        "name": "Mlango kubwa market",
        "operational_status": "operational",
        "operator:type": "private"
      },
      "geometry": {
        "type": "Point",
        "coordinates": [
          36.8441255,
          -1.2654679
        ]
      },
      "id": "node/8009504835"
    },
    {
      "type": "Feature",
      "properties": {
        "@id": "node/8009512600",
        "amenity": "marketplace",
        "condition": "good",
        "image": "https://kc.humanitarianresponse.info/attachment/original?media_file=mapkibera/attachments/1590483372092.jpg",
        "marketplace:type": "street_vendor",
        "name": "Open air market",
        "operational_status": "operational",
        "operator:type": "private"
      },
      "geometry": {
        "type": "Point",
        "coordinates": [
          36.8439033,
          -1.2655183
        ]
      },
      "id": "node/8009512600"
    },
    {
      "type": "Feature",
      "properties": {
        "@id": "node/8009542343",
        "amenity": "marketplace",
        "condition": "fair",
        "image": "https://kc.humanitarianresponse.info/attachment/original?media_file=mapkibera/attachments/1590482216118.jpg",
        "marketplace:type": "street_vendor",
        "name": "Mau Mau road",
        "operational_status": "operational",
        "operator:type": "private"
      },
      "geometry": {
        "type": "Point",
        "coordinates": [
          36.8435266,
          -1.2663323
        ]
      },
      "id": "node/8009542343"
    },
    {
      "type": "Feature",
      "properties": {
        "@id": "node/8009544482",
        "amenity": "marketplace",
        "condition": "fair",
        "image": "https://kc.humanitarianresponse.info/attachment/original?media_file=mapkibera/attachments/1590481839239.jpg",
        "marketplace:type": "street_vendor",
        "name": "Whitehouse",
        "operational_status": "operational",
        "operator:type": "private"
      },
      "geometry": {
        "type": "Point",
        "coordinates": [
          36.8438633,
          -1.2661167
        ]
      },
      "id": "node/8009544482"
    },
    {
      "type": "Feature",
      "properties": {
        "@id": "node/8009564683",
        "amenity": "marketplace",
        "condition": "good",
        "image": "https://kc.humanitarianresponse.info/attachment/original?media_file=mapkibera/attachments/1590416956104.jpg",
        "marketplace:type": "street_vendor",
        "name": "Mlango Kubwa Market",
        "operational_status": "operational",
        "operator:type": "private"
      },
      "geometry": {
        "type": "Point",
        "coordinates": [
          36.843499,
          -1.2670254
        ]
      },
      "id": "node/8009564683"
    },
    {
      "type": "Feature",
      "properties": {
        "@id": "node/8009572051",
        "amenity": "marketplace",
        "condition": "dilapidated",
        "image": "https://kc.humanitarianresponse.info/attachment/original?media_file=mapkibera/attachments/1590396609793.jpg",
        "marketplace:type": "street_vendor",
        "name": "Mlango kubwa stage market",
        "operational_status": "operational"
      },
      "geometry": {
        "type": "Point",
        "coordinates": [
          36.8436467,
          -1.2667383
        ]
      },
      "id": "node/8009572051"
    },
    {
      "type": "Feature",
      "properties": {
        "@id": "node/8009619209",
        "amenity": "marketplace",
        "condition": "fair",
        "image": "https://kc.humanitarianresponse.info/attachment/original?media_file=mapkibera/attachments/1590482404311.jpg",
        "marketplace:type": "street_vendor",
        "name": "Mlango kubwa market",
        "operational_status": "operational",
        "operator:type": "private"
      },
      "geometry": {
        "type": "Point",
        "coordinates": [
          36.8437417,
          -1.267175
        ]
      },
      "id": "node/8009619209"
    },
    {
      "type": "Feature",
      "properties": {
        "@id": "node/8012972207",
        "amenity": "marketplace",
        "condition": "good",
        "image": "https://kc.humanitarianresponse.info/attachment/original?media_file=mapkibera/attachments/1590488118147.jpg",
        "marketplace:type": "street_vendor",
        "name": "Karambee market",
        "operational_status": "operational",
        "operator:type": "private"
      },
      "geometry": {
        "type": "Point",
        "coordinates": [
          36.8463283,
          -1.2661733
        ]
      },
      "id": "node/8012972207"
    },
    {
      "type": "Feature",
      "properties": {
        "@id": "node/8012981159",
        "amenity": "marketplace",
        "condition": "fair",
        "image": "https://kc.humanitarianresponse.info/attachment/original?media_file=mapkibera/attachments/1590482857864.jpg",
        "marketplace:type": "street_vendor",
        "name": "Snack market",
        "operational_status": "operational",
        "operator:type": "private"
      },
      "geometry": {
        "type": "Point",
        "coordinates": [
          36.8441655,
          -1.2671567
        ]
      },
      "id": "node/8012981159"
    },
    {
      "type": "Feature",
      "properties": {
        "@id": "node/8012988192",
        "amenity": "marketplace",
        "condition": "good",
        "image": "https://kc.humanitarianresponse.info/attachment/original?media_file=mapkibera/attachments/1590483891458.jpg",
        "marketplace:type": "street_vendor",
        "name": "Snack market around mlango kubwa",
        "operational_status": "operational",
        "operator:type": "private"
      },
      "geometry": {
        "type": "Point",
        "coordinates": [
          36.8442317,
          -1.2669817
        ]
      },
      "id": "node/8012988192"
    },
    {
      "type": "Feature",
      "properties": {
        "@id": "node/8049872687",
        "amenity": "marketplace",
        "condition": "fair",
        "image": "https://kc.humanitarianresponse.info/attachment/original?media_file=mapkibera/attachments/1590498192166.jpg",
        "marketplace:type": "street_vendor",
        "name": "Open air market",
        "operational_status": "operational",
        "operator:type": "private"
      },
      "geometry": {
        "type": "Point",
        "coordinates": [
          36.8454378,
          -1.2655678
        ]
      },
      "id": "node/8049872687"
    },
    {
      "type": "Feature",
      "properties": {
        "@id": "node/8064754748",
        "amenity": "marketplace",
        "condition": "fair",
        "image": "https://kc.humanitarianresponse.info/attachment/original?media_file=mapkibera/attachments/1590397017779.jpg",
        "marketplace:type": "street_vendor",
        "name": "Niko's market",
        "operational_status": "operational",
        "operator:type": "private"
      },
      "geometry": {
        "type": "Point",
        "coordinates": [
          36.8529433,
          -1.2643067
        ]
      },
      "id": "node/8064754748"
    },
    {
      "type": "Feature",
      "properties": {
        "@id": "node/8064761269",
        "condition": "fair",
        "image": "https://kc.humanitarianresponse.info/attachment/original?media_file=mapkibera/attachments/1590399151801.jpg",
        "marketplace:type": "informal",
        "name": "Mama mboga",
        "operational_status": "operational",
        "operator:type": "private",
        "shop": "greengrocer"
      },
      "geometry": {
        "type": "Point",
        "coordinates": [
          36.8543504,
          -1.2643187
        ]
      },
      "id": "node/8064761269"
    },
    {
      "type": "Feature",
      "properties": {
        "@id": "node/8064766180",
        "amenity": "marketplace",
        "condition": "good",
        "image": "https://kc.humanitarianresponse.info/attachment/original?media_file=mapkibera/attachments/1590411288456.jpg",
        "marketplace:type": "street_vendor",
        "name": "Area2",
        "operational_status": "operational",
        "operator:type": "private"
      },
      "geometry": {
        "type": "Point",
        "coordinates": [
          36.8530091,
          -1.2644512
        ]
      },
      "id": "node/8064766180"
    },
    {
      "type": "Feature",
      "properties": {
        "@id": "node/8064766181",
        "amenity": "marketplace",
        "condition": "good",
        "image": "https://kc.humanitarianresponse.info/attachment/original?media_file=mapkibera/attachments/1590398589907.jpg",
        "marketplace:type": "street_vendor",
        "name": "Kampala",
        "operational_status": "operational",
        "operator:type": "private"
      },
      "geometry": {
        "type": "Point",
        "coordinates": [
          36.8491067,
          -1.2646633
        ]
      },
      "id": "node/8064766181"
    },
    {
      "type": "Feature",
      "properties": {
        "@id": "node/8064775113",
        "amenity": "marketplace",
        "condition": "fair",
        "image": "https://kc.humanitarianresponse.info/attachment/original?media_file=mapkibera/attachments/1590398505811.jpg",
        "marketplace:type": "street_vendor",
        "operational_status": "operational",
        "operator:type": "private"
      },
      "geometry": {
        "type": "Point",
        "coordinates": [
          36.8536233,
          -1.2641583
        ]
      },
      "id": "node/8064775113"
    },
    {
      "type": "Feature",
      "properties": {
        "@id": "node/8064777947",
        "amenity": "marketplace",
        "condition": "good",
        "image": "https://kc.humanitarianresponse.info/attachment/original?media_file=mapkibera/attachments/1592661407047.jpg",
        "marketplace:type": "street_vendor",
        "name": "T Area",
        "operational_status": "operational",
        "operator:type": "private"
      },
      "geometry": {
        "type": "Point",
        "coordinates": [
          36.8545583,
          -1.26365
        ]
      },
      "id": "node/8064777947"
    },
    {
      "type": "Feature",
      "properties": {
        "@id": "node/8064784425",
        "amenity": "marketplace",
        "condition": "good",
        "image": "https://kc.humanitarianresponse.info/attachment/original?media_file=mapkibera/attachments/1592659795114.jpg",
        "marketplace:type": "street_vendor",
        "name": "Gateway",
        "operational_status": "operational",
        "operator:type": "private"
      },
      "geometry": {
        "type": "Point",
        "coordinates": [
          36.8546917,
          -1.2637883
        ]
      },
      "id": "node/8064784425"
    },
    {
      "type": "Feature",
      "properties": {
        "@id": "node/8064790807",
        "amenity": "marketplace",
        "condition": "dilapidated",
        "image": "https://kc.humanitarianresponse.info/attachment/original?media_file=mapkibera/attachments/1590482879205.jpg",
        "marketplace:type": "street_vendor",
        "name": "Mureithi market",
        "operational_status": "operational",
        "operator:type": "private"
      },
      "geometry": {
        "type": "Point",
        "coordinates": [
          36.8550017,
          -1.2641583
        ]
      },
      "id": "node/8064790807"
    },
    {
      "type": "Feature",
      "properties": {
        "@id": "node/8064810945",
        "amenity": "marketplace",
        "condition": "fair",
        "image": "https://kc.humanitarianresponse.info/attachment/original?media_file=mapkibera/attachments/1590478838663.jpg",
        "marketplace:type": "street_vendor",
        "name": "Kadogo Soko",
        "operational_status": "operational",
        "operator:type": "private"
      },
      "geometry": {
        "type": "Point",
        "coordinates": [
          36.8550282,
          -1.2652322
        ]
      },
      "id": "node/8064810945"
    },
    {
      "type": "Feature",
      "properties": {
        "@id": "node/8064811815",
        "amenity": "marketplace",
        "condition": "fair",
        "image": "https://kc.humanitarianresponse.info/attachment/original?media_file=mapkibera/attachments/1590400186248.jpg",
        "marketplace:type": "Street/ roadside market",
        "name": "Mum njoru market",
        "operational_status": "operational",
        "operator:type": "private"
      },
      "geometry": {
        "type": "Point",
        "coordinates": [
          36.8550133,
          -1.2650183
        ]
      },
      "id": "node/8064811815"
    },
    {
      "type": "Feature",
      "properties": {
        "@id": "node/8064817833",
        "amenity": "marketplace",
        "condition": "fair",
        "image": "https://kc.humanitarianresponse.info/attachment/original?media_file=mapkibera/attachments/1590412412926.jpg",
        "marketplace:type": "informal",
        "name": "Gumba market",
        "operational_status": "operational",
        "operator:type": "private"
      },
      "geometry": {
        "type": "Point",
        "coordinates": [
          36.8605534,
          -1.2618781
        ]
      },
      "id": "node/8064817833"
    },
    {
      "type": "Feature",
      "properties": {
        "@id": "node/8064825381",
        "amenity": "marketplace",
        "condition": "fair",
        "image": "https://kc.humanitarianresponse.info/attachment/original?media_file=mapkibera/attachments/1590410579014.jpg",
        "marketplace:type": "informal",
        "name": "Gumba",
        "operational_status": "operational",
        "operator:type": "private"
      },
      "geometry": {
        "type": "Point",
        "coordinates": [
          36.8607967,
          -1.2617233
        ]
      },
      "id": "node/8064825381"
    },
    {
      "type": "Feature",
      "properties": {
        "@id": "node/8120334793",
        "addr:city": "Nairobi",
        "name": "Dil Mart Supermarket",
        "operator": "Unknown",
        "payment:cash": "yes",
        "payment:telephone_cards": "yes",
        "phone": "--",
        "shop": "supermarket"
      },
      "geometry": {
        "type": "Point",
        "coordinates": [
          36.9019018,
          -1.3049584
        ]
      },
      "id": "node/8120334793"
    },
    {
      "type": "Feature",
      "properties": {
        "@id": "node/8120475934",
        "addr:city": "Nairobi",
        "name": "Baraka Estate Shopping Mall",
        "operator": "Unknown",
        "payment:cash": "yes",
        "payment:telephone_cards": "yes",
        "phone": "--",
        "shop": "supermarket"
      },
      "geometry": {
        "type": "Point",
        "coordinates": [
          36.9122799,
          -1.2982231
        ]
      },
      "id": "node/8120475934"
    },
    {
      "type": "Feature",
      "properties": {
        "@id": "node/8164646791",
        "addr:city": "Nairobi",
        "addr:street": "Uhuru Highway",
        "brand": "Naivas",
        "brand:wikidata": "Q18379067",
        "name": "Naivas",
        "shop": "supermarket"
      },
      "geometry": {
        "type": "Point",
        "coordinates": [
          36.8159837,
          -1.2824691
        ]
      },
      "id": "node/8164646791"
    },
    {
      "type": "Feature",
      "properties": {
        "@id": "node/8168762000",
        "brand": "Naivas",
        "brand:wikidata": "Q18379067",
        "name": "Naivas Supermarket Fedha",
        "shop": "supermarket"
      },
      "geometry": {
        "type": "Point",
        "coordinates": [
          36.9024681,
          -1.3086332
        ]
      },
      "id": "node/8168762000"
    },
    {
      "type": "Feature",
      "properties": {
        "@id": "node/8202067663",
        "addr:city": "Nairobi",
        "addr:street": "Kangundo Road",
        "name": "Otomatt Supermarket Ruai",
        "shop": "supermarket"
      },
      "geometry": {
        "type": "Point",
        "coordinates": [
          37.0304824,
          -1.2786595
        ]
      },
      "id": "node/8202067663"
    },
    {
      "type": "Feature",
      "properties": {
        "@id": "node/8202067665",
        "name": "Waecon",
        "shop": "supermarket"
      },
      "geometry": {
        "type": "Point",
        "coordinates": [
          37.0795725,
          -1.2815842
        ]
      },
      "id": "node/8202067665"
    },
    {
      "type": "Feature",
      "properties": {
        "@id": "node/8210168933",
        "name": "Cleanshelf Supermarket",
        "operator": "Cleanshelf",
        "shop": "supermarket"
      },
      "geometry": {
        "type": "Point",
        "coordinates": [
          36.7828298,
          -1.3241498
        ]
      },
      "id": "node/8210168933"
    },
    {
      "type": "Feature",
      "properties": {
        "@id": "node/8213846284",
        "addr:city": "Nairobi",
        "addr:street": "Landhies Road",
        "amenity": "marketplace",
        "name": "Muthurwa Market"
      },
      "geometry": {
        "type": "Point",
        "coordinates": [
          36.8329951,
          -1.2855879
        ]
      },
      "id": "node/8213846284"
    },
    {
      "type": "Feature",
      "properties": {
        "@id": "node/8213846285",
        "addr:city": "Nairobi",
        "addr:street": "Landhies Road",
        "brand": "QuickMart",
        "brand:wikidata": "Q113012659",
        "check_date": "2023-04-03",
        "name": "QuickMart",
        "shop": "supermarket"
      },
      "geometry": {
        "type": "Point",
        "coordinates": [
          36.8313768,
          -1.2849108
        ]
      },
      "id": "node/8213846285"
    },
    {
      "type": "Feature",
      "properties": {
        "@id": "node/8231195976",
        "name": "Magunas Utawala",
        "opening_hours": "Mo-Su 08:00-22:00",
        "opening_hours:covid19": "Mo-Su 08:00-20:00",
        "operator": "Magunas Supermarket",
        "payment:cash": "yes",
        "payment:credit_cards": "yes",
        "payment:mpesa": "yes",
        "payment:visa": "yes",
        "shop": "supermarket"
      },
      "geometry": {
        "type": "Point",
        "coordinates": [
          36.965925,
          -1.279245
        ]
      },
      "id": "node/8231195976"
    },
    {
      "type": "Feature",
      "properties": {
        "@id": "node/8237558559",
        "addr:city": "Nairobi",
        "addr:street": "Waiyaki Way",
        "brand": "QuickMart",
        "brand:wikidata": "Q113012659",
        "name": "QuickMart",
        "shop": "supermarket"
      },
      "geometry": {
        "type": "Point",
        "coordinates": [
          36.7634333,
          -1.2636307
        ]
      },
      "id": "node/8237558559"
    },
    {
      "type": "Feature",
      "properties": {
        "@id": "node/8247882581",
        "addr:city": "Ruiru",
        "addr:street": "Eastern Bypass",
        "name": "Quick Mart Eastern Bypass",
        "shop": "supermarket"
      },
      "geometry": {
        "type": "Point",
        "coordinates": [
          36.9637655,
          -1.1673336
        ]
      },
      "id": "node/8247882581"
    },
    {
      "type": "Feature",
      "properties": {
        "@id": "node/8296786366",
        "addr:city": "Nairobi",
        "addr:street": "Rd to Utawala Academy",
        "brand": "QuickMart",
        "brand:wikidata": "Q113012659",
        "name": "QuickMart",
        "shop": "supermarket"
      },
      "geometry": {
        "type": "Point",
        "coordinates": [
          36.9150496,
          -1.3136754
        ]
      },
      "id": "node/8296786366"
    },
    {
      "type": "Feature",
      "properties": {
        "@id": "node/8300023514",
        "addr:city": "Nairobi",
        "addr:postcode": "00100",
        "addr:street": "Kahawa Station Road",
        "alt_name": "QuickMart Kahawa West",
        "brand": "QuickMart",
        "brand:wikidata": "Q113012659",
        "name": "QuickMart",
        "shop": "supermarket"
      },
      "geometry": {
        "type": "Point",
        "coordinates": [
          36.9015966,
          -1.1835102
        ]
      },
      "id": "node/8300023514"
    },
    {
      "type": "Feature",
      "properties": {
        "@id": "node/8315056656",
        "addr:city": "Nairobi",
        "addr:street": "Kihara-Gachie-Karura Road",
        "amenity": "marketplace",
        "name": "kihara Modern Market",
        "old_name": "Gachie Market"
      },
      "geometry": {
        "type": "Point",
        "coordinates": [
          36.7664156,
          -1.2187157
        ]
      },
      "id": "node/8315056656"
    },
    {
      "type": "Feature",
      "properties": {
        "@id": "node/8318718275",
        "addr:city": "Kikuyu",
        "addr:street": "Post Office Road",
        "name": "Powerstar",
        "shop": "supermarket"
      },
      "geometry": {
        "type": "Point",
        "coordinates": [
          36.6648469,
          -1.2427669
        ]
      },
      "id": "node/8318718275"
    },
    {
      "type": "Feature",
      "properties": {
        "@id": "node/8342029551",
        "addr:city": "Nairobi",
        "addr:street": "Sagam Road",
        "name": "Naivas",
        "shop": "supermarket"
      },
      "geometry": {
        "type": "Point",
        "coordinates": [
          36.8815784,
          -1.2923406
        ]
      },
      "id": "node/8342029551"
    },
    {
      "type": "Feature",
      "properties": {
        "@id": "node/8364193204",
        "amenity": "marketplace",
        "description": "Shopping Center",
        "name": "Felma Shopping Center"
      },
      "geometry": {
        "type": "Point",
        "coordinates": [
          36.9460235,
          -1.1951468
        ]
      },
      "id": "node/8364193204"
    },
    {
      "type": "Feature",
      "properties": {
        "@id": "node/8370986578",
        "name": "Ojil Mart",
        "shop": "supermarket"
      },
      "geometry": {
        "type": "Point",
        "coordinates": [
          36.9084685,
          -1.300412
        ]
      },
      "id": "node/8370986578"
    },
    {
      "type": "Feature",
      "properties": {
        "@id": "node/8371880123",
        "addr:city": "Rongai",
        "addr:street": "Masai Lodge Road",
        "name": "Gravity",
        "opening_hours": "PH,Mo-Su 06:00-20:00",
        "shop": "supermarket"
      },
      "geometry": {
        "type": "Point",
        "coordinates": [
          36.770519,
          -1.3909908
        ]
      },
      "id": "node/8371880123"
    },
    {
      "type": "Feature",
      "properties": {
        "@id": "node/8371880126",
        "addr:city": "Nairobi",
        "addr:postcode": "00100",
        "addr:street": "Magadi Road",
        "name": "Quickmart Rongai Express",
        "opening_hours": "24/7",
        "phone": "+254 701227777",
        "shop": "supermarket"
      },
      "geometry": {
        "type": "Point",
        "coordinates": [
          36.7639746,
          -1.3950882
        ]
      },
      "id": "node/8371880126"
    },
    {
      "type": "Feature",
      "properties": {
        "@id": "node/8371880127",
        "addr:city": "Ongata Rongai",
        "addr:street": "Magadi Road",
        "name": "naivas",
        "shop": "supermarket"
      },
      "geometry": {
        "type": "Point",
        "coordinates": [
          36.7595853,
          -1.397471
        ]
      },
      "id": "node/8371880127"
    },
    {
      "type": "Feature",
      "properties": {
        "@id": "node/8371880142",
        "addr:city": "Mlolongo",
        "addr:street": "Mkorofi",
        "name": "Quick Mart Supermarket",
        "shop": "supermarket"
      },
      "geometry": {
        "type": "Point",
        "coordinates": [
          36.9430549,
          -1.3985938
        ]
      },
      "id": "node/8371880142"
    },
    {
      "type": "Feature",
      "properties": {
        "@id": "node/8371978933",
        "addr:city": "Nairobi",
        "addr:street": "Kangundo Road",
        "name": "sweetworld",
        "shop": "supermarket"
      },
      "geometry": {
        "type": "Point",
        "coordinates": [
          36.9902348,
          -1.2664166
        ]
      },
      "id": "node/8371978933"
    },
    {
      "type": "Feature",
      "properties": {
        "@id": "node/8407446617",
        "amenity": "marketplace",
        "name": "Wood market",
        "tourism": "attraction"
      },
      "geometry": {
        "type": "Point",
        "coordinates": [
          36.8449443,
          -1.2864129
        ]
      },
      "id": "node/8407446617"
    },
    {
      "type": "Feature",
      "properties": {
        "@id": "node/8709146456",
        "addr:city": "Ruiru",
        "addr:street": "Eastern Bypass",
        "email": "hardwarerwadhini@gmail.com",
        "name": "Rwadhini Hardwares",
        "opening_hours": "Mo-Fr 08:00-17:00",
        "payment:cash": "yes",
        "phone": "+254746874061",
        "shop": "supermarket"
      },
      "geometry": {
        "type": "Point",
        "coordinates": [
          36.9829975,
          -1.1775571
        ]
      },
      "id": "node/8709146456"
    },
    {
      "type": "Feature",
      "properties": {
        "@id": "node/8718475614",
        "name": "Cleanshelf Supermarket",
        "shop": "supermarket"
      },
      "geometry": {
        "type": "Point",
        "coordinates": [
          36.9270551,
          -1.1975231
        ]
      },
      "id": "node/8718475614"
    },
    {
      "type": "Feature",
      "properties": {
        "@id": "node/8764023888",
        "check_date": "2023-05-02",
        "condition": "good",
        "fee": "yes",
        "image": "https://kc.humanitarianresponse.info/attachment/original?media_file=mapkibera/attachments/1591164984279.jpg",
        "name": "Walmart Supermarket",
        "operational_status": "operational",
        "operator:funding": "private",
        "operator:type": "private",
        "shop": "supermarket"
      },
      "geometry": {
        "type": "Point",
        "coordinates": [
          36.7452767,
          -1.2871983
        ]
      },
      "id": "node/8764023888"
    },
    {
      "type": "Feature",
      "properties": {
        "@id": "node/8811321517",
        "amenity": "marketplace",
        "check_date": "2023-05-02",
        "condition": "fair",
        "image": "https://kc.humanitarianresponse.info/attachment/original?media_file=mapkibera/attachments/1591166398522.jpg",
        "marketplace:type": "informal",
        "name": "Kawangware Market",
        "operational_status": "operational",
        "operator:type": "county_government"
      },
      "geometry": {
        "type": "Point",
        "coordinates": [
          36.7443034,
          -1.2873833
        ]
      },
      "id": "node/8811321517"
    },
    {
      "type": "Feature",
      "properties": {
        "@id": "node/8811365317",
        "check_date": "2023-05-02",
        "condition": "good",
        "image": "https://kc.humanitarianresponse.info/attachment/original?media_file=mapkibera/attachments/1591164817343.jpg",
        "marketplace:type": "informal",
        "name": "Cereal shop",
        "operational_status": "operational",
        "operator:type": "private",
        "shop": "greengrocer"
      },
      "geometry": {
        "type": "Point",
        "coordinates": [
          36.7453617,
          -1.2868883
        ]
      },
      "id": "node/8811365317"
    },
    {
      "type": "Feature",
      "properties": {
        "@id": "node/8811374317",
        "amenity": "marketplace",
        "condition": "good",
        "image": "https://kc.humanitarianresponse.info/attachment/original?media_file=mapkibera/attachments/1591164679753.jpg",
        "marketplace:type": "informal",
        "name": "Kawangware Market",
        "operational_status": "operational"
      },
      "geometry": {
        "type": "Point",
        "coordinates": [
          36.7456667,
          -1.2865383
        ]
      },
      "id": "node/8811374317"
    },
    {
      "type": "Feature",
      "properties": {
        "@id": "node/8811458817",
        "condition": "good",
        "image": "https://kc.humanitarianresponse.info/attachment/original?media_file=mapkibera/attachments/1591175745396.jpg",
        "marketplace:type": "informal",
        "name": "46 KBS",
        "operational_status": "operational",
        "operator:type": "private",
        "shop": "convenience"
      },
      "geometry": {
        "type": "Point",
        "coordinates": [
          36.74203,
          -1.284585
        ]
      },
      "id": "node/8811458817"
    },
    {
      "type": "Feature",
      "properties": {
        "@id": "node/8811472317",
        "condition": "good",
        "image": "https://kc.humanitarianresponse.info/attachment/original?media_file=mapkibera/attachments/1591175038593.jpg",
        "marketplace:type": "formal",
        "name": "46 business Park",
        "operational_status": "operational",
        "operator:description": "46 business Park",
        "operator:type": "company",
        "shop": "general"
      },
      "geometry": {
        "type": "Point",
        "coordinates": [
          36.74272,
          -1.2841667
        ]
      },
      "id": "node/8811472317"
    },
    {
      "type": "Feature",
      "properties": {
        "@id": "node/8883032991",
        "addr:city": "Kiambu",
        "addr:street": "Kiambu Road",
        "amenity": "marketplace",
        "name": "The Nairobi Farmers"
      },
      "geometry": {
        "type": "Point",
        "coordinates": [
          36.8323597,
          -1.2083908
        ]
      },
      "id": "node/8883032991"
    },
    {
      "type": "Feature",
      "properties": {
        "@id": "node/8883032995",
        "addr:city": "Nairobi",
        "addr:street": "Monrovia Street",
        "brand": "Naivas",
        "brand:wikidata": "Q18379067",
        "name": "Naivas Lifestyle",
        "shop": "supermarket"
      },
      "geometry": {
        "type": "Point",
        "coordinates": [
          36.8181534,
          -1.2814534
        ]
      },
      "id": "node/8883032995"
    },
    {
      "type": "Feature",
      "properties": {
        "@id": "node/8883032996",
        "addr:city": "Nairobi",
        "addr:street": "Ronald Ngala Street",
        "brand": "Naivas",
        "brand:wikidata": "Q18379067",
        "name": "Naivas Ronald Ngala",
        "shop": "supermarket"
      },
      "geometry": {
        "type": "Point",
        "coordinates": [
          36.8278976,
          -1.2855691
        ]
      },
      "id": "node/8883032996"
    },
    {
      "type": "Feature",
      "properties": {
        "@id": "node/8883032997",
        "addr:city": "Nairobi",
        "addr:street": "Ronald Ngala Street",
        "name": "Tusky'S Magic Express",
        "shop": "supermarket"
      },
      "geometry": {
        "type": "Point",
        "coordinates": [
          36.82772,
          -1.2855912
        ]
      },
      "id": "node/8883032997"
    },
    {
      "type": "Feature",
      "properties": {
        "@id": "node/8883032998",
        "addr:city": "Nairobi",
        "addr:street": "Tom Mboya Street",
        "name": "Eastmatt",
        "shop": "supermarket"
      },
      "geometry": {
        "type": "Point",
        "coordinates": [
          36.8237391,
          -1.2822401
        ]
      },
      "id": "node/8883032998"
    },
    {
      "type": "Feature",
      "properties": {
        "@id": "node/8901162637",
        "addr:city": "Nairobi",
        "addr:street": "Kilimani Road",
        "alt_name": "QuickMart Kilimani",
        "branch": "KILIMANI",
        "brand": "QuickMart",
        "brand:wikidata": "Q113012659",
        "check_date": "2023-05-11",
        "name": "QuickMart",
        "shop": "supermarket"
      },
      "geometry": {
        "type": "Point",
        "coordinates": [
          36.7831953,
          -1.2981566
        ]
      },
      "id": "node/8901162637"
    },
    {
      "type": "Feature",
      "properties": {
        "@id": "node/8916714747",
        "addr:city": "Nairobi",
        "addr:street": "Uhuru Highway",
        "alt_name": "Carrefour Mega",
        "brand": "Carrefour",
        "brand:wikidata": "Q217599",
        "name": "Carrefour",
        "phone": "+254800221322",
        "shop": "supermarket"
      },
      "geometry": {
        "type": "Point",
        "coordinates": [
          36.8256227,
          -1.3021368
        ]
      },
      "id": "node/8916714747"
    },
    {
      "type": "Feature",
      "properties": {
        "@id": "node/8916714749",
        "addr:city": "Nairobi",
        "addr:street": "Langata Road",
        "brand": "QuickMart",
        "brand:wikidata": "Q113012659",
        "name": "QuickMart",
        "shop": "supermarket"
      },
      "geometry": {
        "type": "Point",
        "coordinates": [
          36.8169343,
          -1.3122508
        ]
      },
      "id": "node/8916714749"
    },
    {
      "type": "Feature",
      "properties": {
        "@id": "node/8980738275",
        "addr:city": "Ongata Rongai",
        "name": "Naivas Supermarket",
        "opening_hours": "PH,Mo-Su 07:00-21:00",
        "shop": "supermarket"
      },
      "geometry": {
        "type": "Point",
        "coordinates": [
          36.7615895,
          -1.3964609
        ]
      },
      "id": "node/8980738275"
    },
    {
      "type": "Feature",
      "properties": {
        "@id": "node/8985725667",
        "addr:street": "Kangundo Road",
        "amenity": "marketplace",
        "name": "Wakulima Market"
      },
      "geometry": {
        "type": "Point",
        "coordinates": [
          36.887729,
          -1.2737526
        ]
      },
      "id": "node/8985725667"
    },
    {
      "type": "Feature",
      "properties": {
        "@id": "node/8985903102",
        "amenity": "marketplace",
        "name": "Nderi Shops"
      },
      "geometry": {
        "type": "Point",
        "coordinates": [
          36.6517034,
          -1.2182625
        ]
      },
      "id": "node/8985903102"
    },
    {
      "type": "Feature",
      "properties": {
        "@id": "node/8985903103",
        "amenity": "marketplace",
        "name": "New Uthiru Market"
      },
      "geometry": {
        "type": "Point",
        "coordinates": [
          36.7217305,
          -1.2592142
        ]
      },
      "id": "node/8985903103"
    },
    {
      "type": "Feature",
      "properties": {
        "@id": "node/8986419579",
        "amenity": "marketplace",
        "note": "Name unknown"
      },
      "geometry": {
        "type": "Point",
        "coordinates": [
          36.9185629,
          -1.2026028
        ]
      },
      "id": "node/8986419579"
    },
    {
      "type": "Feature",
      "properties": {
        "@id": "node/9001035217",
        "building:structure": "fully_protected",
        "check_date": "2023-04-21",
        "image:1": "https://kc.humanitarianresponse.info/attachment/original?media_file=mapkibera/attachments/1559813219993.jpg",
        "image:2": "https://kc.humanitarianresponse.info/attachment/original?media_file=mapkibera/attachments/1559813242852.jpg",
        "image:3": "https://kc.humanitarianresponse.info/attachment/original?media_file=mapkibera/attachments/1559813261922.jpg",
        "shop": "greengrocer"
      },
      "geometry": {
        "type": "Point",
        "coordinates": [
          36.7737032,
          -1.3101352
        ]
      },
      "id": "node/9001035217"
    },
    {
      "type": "Feature",
      "properties": {
        "@id": "node/9001305931",
        "building:structure": "fully_protected",
        "name": "Oisebes Mini Mart",
        "shop": "convenience"
      },
      "geometry": {
        "type": "Point",
        "coordinates": [
          36.7736186,
          -1.3101328
        ]
      },
      "id": "node/9001305931"
    },
    {
      "type": "Feature",
      "properties": {
        "@id": "node/9013496433",
        "building:structure": "fully_protected",
        "name": "Step3 Shop",
        "shop": "greengrocer"
      },
      "geometry": {
        "type": "Point",
        "coordinates": [
          36.7756857,
          -1.3141964
        ]
      },
      "id": "node/9013496433"
    },
    {
      "type": "Feature",
      "properties": {
        "@id": "node/9014259340",
        "addr:city": "Nairobi",
        "addr:street": "Kamiti Road",
        "name": "Leestar Supermarket Githurai",
        "shop": "supermarket"
      },
      "geometry": {
        "type": "Point",
        "coordinates": [
          36.899999,
          -1.2004343
        ]
      },
      "id": "node/9014259340"
    },
    {
      "type": "Feature",
      "properties": {
        "@id": "node/9016747041",
        "building:structure": "fully_protected",
        "name": "Determination Cereals/ Shop",
        "shop": "greengrocer"
      },
      "geometry": {
        "type": "Point",
        "coordinates": [
          36.7776726,
          -1.3130806
        ]
      },
      "id": "node/9016747041"
    },
    {
      "type": "Feature",
      "properties": {
        "@id": "node/9019515457",
        "addr:city": "Ongata Rongai",
        "addr:street": "Magadi Road",
        "name": "Unique Supermarket",
        "opening_hours": "PH,Mo-Su 08:00-20:00",
        "operator": "Unique Supermarket",
        "shop": "supermarket"
      },
      "geometry": {
        "type": "Point",
        "coordinates": [
          36.7639614,
          -1.394389
        ]
      },
      "id": "node/9019515457"
    },
    {
      "type": "Feature",
      "properties": {
        "@id": "node/9020201617",
        "addr:city": "Githurai",
        "addr:street": "Thika Road",
        "name": "Naivas",
        "shop": "supermarket"
      },
      "geometry": {
        "type": "Point",
        "coordinates": [
          36.9139594,
          -1.2062073
        ]
      },
      "id": "node/9020201617"
    },
    {
      "type": "Feature",
      "properties": {
        "@id": "node/9028867153",
        "addr:city": "Nairobi",
        "addr:street": "Kangundo Road",
        "name": "Otomatt Supermarket",
        "shop": "supermarket"
      },
      "geometry": {
        "type": "Point",
        "coordinates": [
          37.1143242,
          -1.2779746
        ]
      },
      "id": "node/9028867153"
    },
    {
      "type": "Feature",
      "properties": {
        "@id": "node/9193193556",
        "name": "Saltes Supermarket",
        "shop": "supermarket"
      },
      "geometry": {
        "type": "Point",
        "coordinates": [
          36.7414489,
          -1.2891191
        ]
      },
      "id": "node/9193193556"
    },
    {
      "type": "Feature",
      "properties": {
        "@id": "node/9193207602",
        "name": "Waiyaki Supermarket",
        "shop": "supermarket"
      },
      "geometry": {
        "type": "Point",
        "coordinates": [
          36.7538944,
          -1.2893068
        ]
      },
      "id": "node/9193207602"
    },
    {
      "type": "Feature",
      "properties": {
        "@id": "node/9396399119",
        "building:structure": "fully_protected",
        "check_date": "2023-05-02",
        "image:1": "https://kc.humanitarianresponse.info/attachment/original?media_file=mapkibera/attachments/1560159537498.jpg",
        "image:2": "https://kc.humanitarianresponse.info/attachment/original?media_file=mapkibera/attachments/1560159567096.jpg",
        "image:3": "https://kc.humanitarianresponse.info/attachment/original?media_file=mapkibera/attachments/1560159584328.jpg",
        "shop": "greengrocer"
      },
      "geometry": {
        "type": "Point",
        "coordinates": [
          36.775299,
          -1.3149659
        ]
      },
      "id": "node/9396399119"
    },
    {
      "type": "Feature",
      "properties": {
        "@id": "node/9399150817",
        "building:structure": "fully_protected",
        "image:1": "https://kc.humanitarianresponse.info/attachment/original?media_file=mapkibera/attachments/1560330160517.jpg",
        "image:2": "https://kc.humanitarianresponse.info/attachment/original?media_file=mapkibera/attachments/1560330172902.jpg",
        "image:3": "https://kc.humanitarianresponse.info/attachment/original?media_file=mapkibera/attachments/1560330191797.jpg",
        "shop": "greengrocer"
      },
      "geometry": {
        "type": "Point",
        "coordinates": [
          36.7801676,
          -1.3149058
        ]
      },
      "id": "node/9399150817"
    },
    {
      "type": "Feature",
      "properties": {
        "@id": "node/9399192718",
        "building:structure": "fully_protected",
        "shop": "greengrocer"
      },
      "geometry": {
        "type": "Point",
        "coordinates": [
          36.7820361,
          -1.3141321
        ]
      },
      "id": "node/9399192718"
    },
    {
      "type": "Feature",
      "properties": {
        "@id": "node/9399274519",
        "building:structure": "fully_protected",
        "name": "Mashimo Posho",
        "shop": "greengrocer"
      },
      "geometry": {
        "type": "Point",
        "coordinates": [
          36.7843872,
          -1.3146352
        ]
      },
      "id": "node/9399274519"
    },
    {
      "type": "Feature",
      "properties": {
        "@id": "node/9399312418",
        "building:structure": "fully_protected",
        "shop": "greengrocer"
      },
      "geometry": {
        "type": "Point",
        "coordinates": [
          36.7862941,
          -1.3146026
        ]
      },
      "id": "node/9399312418"
    },
    {
      "type": "Feature",
      "properties": {
        "@id": "node/9418619697",
        "name": "Kabsmatt Supermarket",
        "shop": "supermarket"
      },
      "geometry": {
        "type": "Point",
        "coordinates": [
          36.8849565,
          -1.2336717
        ]
      },
      "id": "node/9418619697"
    },
    {
      "type": "Feature",
      "properties": {
        "@id": "node/9447164686",
        "name": "Smarthome Supermarket",
        "shop": "supermarket"
      },
      "geometry": {
        "type": "Point",
        "coordinates": [
          36.7798154,
          -1.2215636
        ]
      },
      "id": "node/9447164686"
    },
    {
      "type": "Feature",
      "properties": {
        "@id": "node/9447164701",
        "shop": "supermarket"
      },
      "geometry": {
        "type": "Point",
        "coordinates": [
          36.7761735,
          -1.2195133
        ]
      },
      "id": "node/9447164701"
    },
    {
      "type": "Feature",
      "properties": {
        "@id": "node/9447164703",
        "name": "Smartprice Supermarket",
        "shop": "supermarket"
      },
      "geometry": {
        "type": "Point",
        "coordinates": [
          36.7785014,
          -1.2210885
        ]
      },
      "id": "node/9447164703"
    },
    {
      "type": "Feature",
      "properties": {
        "@id": "node/9447165123",
        "shop": "supermarket"
      },
      "geometry": {
        "type": "Point",
        "coordinates": [
          36.7665812,
          -1.2198614
        ]
      },
      "id": "node/9447165123"
    },
    {
      "type": "Feature",
      "properties": {
        "@id": "node/9458175819",
        "addr:street": "Kamukunji Road",
        "name": "STAGE MARKET",
        "shop": "convenience"
      },
      "geometry": {
        "type": "Point",
        "coordinates": [
          36.8370494,
          -1.2866339
        ]
      },
      "id": "node/9458175819"
    },
    {
      "type": "Feature",
      "properties": {
        "@id": "node/9458222917",
        "addr:street": "A104",
        "name": "Jakmil Supermarket",
        "shop": "convenience"
      },
      "geometry": {
        "type": "Point",
        "coordinates": [
          36.6948916,
          -1.2558961
        ]
      },
      "id": "node/9458222917"
    },
    {
      "type": "Feature",
      "properties": {
        "@id": "node/9587521823",
        "branch": "Chaka Rd",
        "brand": "QuickMart",
        "brand:wikidata": "Q113012659",
        "name": "QuickMart",
        "shop": "supermarket"
      },
      "geometry": {
        "type": "Point",
        "coordinates": [
          36.7928528,
          -1.2930205
        ]
      },
      "id": "node/9587521823"
    },
    {
      "type": "Feature",
      "properties": {
        "@id": "node/9597299463",
        "name": "NAIVAS Greenspan",
        "shop": "supermarket"
      },
      "geometry": {
        "type": "Point",
        "coordinates": [
          36.9011525,
          -1.2886818
        ]
      },
      "id": "node/9597299463"
    },
    {
      "type": "Feature",
      "properties": {
        "@id": "node/9722395717",
        "check_date": "2023-04-18",
        "name": "Galana RD Kiosk",
        "shop": "convenience"
      },
      "geometry": {
        "type": "Point",
        "coordinates": [
          36.783002,
          -1.2903675
        ]
      },
      "id": "node/9722395717"
    },
    {
      "type": "Feature",
      "properties": {
        "@id": "node/9732344063",
        "name": "Quickmart Utawala Express",
        "shop": "supermarket"
      },
      "geometry": {
        "type": "Point",
        "coordinates": [
          36.9670309,
          -1.2789659
        ]
      },
      "id": "node/9732344063"
    },
    {
      "type": "Feature",
      "properties": {
        "@id": "node/9800973665",
        "name": "RSL",
        "shop": "supermarket"
      },
      "geometry": {
        "type": "Point",
        "coordinates": [
          36.9721582,
          -1.2882851
        ]
      },
      "id": "node/9800973665"
    },
    {
      "type": "Feature",
      "properties": {
        "@id": "node/9863673498",
        "brand": "Shop & Go",
        "cash_withdrawal": "M-Pesa;KCB Mtaani",
        "name": "Hophy Enterprises",
        "opening_hours": "Mo-Fr,Su 06:00-22:00; PH open",
        "shop": "convenience",
        "wheelchair": "limited"
      },
      "geometry": {
        "type": "Point",
        "coordinates": [
          36.9264731,
          -1.1976068
        ]
      },
      "id": "node/9863673498"
    },
    {
      "type": "Feature",
      "properties": {
        "@id": "node/9922051866",
        "changing_table": "no",
        "changing_table:fee": "no",
        "level": "2",
        "name": "Supreme Supermarket",
        "opening_hours": "Mo-Su 08:00-20:30; PH open",
        "organic": "yes",
        "shop": "supermarket",
        "toilets": "no",
        "toilets:access": "private",
        "toilets:wheelchair": "no",
        "wheelchair": "limited"
      },
      "geometry": {
        "type": "Point",
        "coordinates": [
          36.702705,
          -1.2571886
        ]
      },
      "id": "node/9922051866"
    },
    {
      "type": "Feature",
      "properties": {
        "@id": "node/9988215622",
        "name": "Self Ridges Supermarket",
        "shop": "supermarket"
      },
      "geometry": {
        "type": "Point",
        "coordinates": [
          36.7144772,
          -1.2196516
        ]
      },
      "id": "node/9988215622"
    },
    {
      "type": "Feature",
      "properties": {
        "@id": "node/10006124580",
        "name": "Quickmart BuruBuru",
        "shop": "supermarket"
      },
      "geometry": {
        "type": "Point",
        "coordinates": [
          36.8810641,
          -1.2880813
        ]
      },
      "id": "node/10006124580"
    },
    {
      "type": "Feature",
      "properties": {
        "@id": "node/10135416441",
        "name": "Karen Family Mart",
        "shop": "convenience"
      },
      "geometry": {
        "type": "Point",
        "coordinates": [
          36.6831149,
          -1.3292385
        ]
      },
      "id": "node/10135416441"
    },
    {
      "type": "Feature",
      "properties": {
        "@id": "node/10312720210",
        "name": "KSPCA Market",
        "shop": "supermarket"
      },
      "geometry": {
        "type": "Point",
        "coordinates": [
          36.7324113,
          -1.3373573
        ]
      },
      "id": "node/10312720210"
    },
    {
      "type": "Feature",
      "properties": {
        "@id": "node/10314763993",
        "brand": "Naivas",
        "brand:wikidata": "Q18379067",
        "name": "Naivas",
        "name:en": "Naivas",
        "shop": "supermarket"
      },
      "geometry": {
        "type": "Point",
        "coordinates": [
          36.7409082,
          -1.2655723
        ]
      },
      "id": "node/10314763993"
    },
    {
      "type": "Feature",
      "properties": {
        "@id": "node/10544027907",
        "check_date": "2024-09-08",
        "name": "Chapex Business Center",
        "shop": "convenience",
        "wheelchair": "yes"
      },
      "geometry": {
        "type": "Point",
        "coordinates": [
          36.9244433,
          -1.3293296
        ]
      },
      "id": "node/10544027907"
    },
    {
      "type": "Feature",
      "properties": {
        "@id": "node/10600729498",
        "shop": "supermarket",
        "wheelchair": "no"
      },
      "geometry": {
        "type": "Point",
        "coordinates": [
          36.9143388,
          -1.2209148
        ]
      },
      "id": "node/10600729498"
    },
    {
      "type": "Feature",
      "properties": {
        "@id": "node/10637141721",
        "addr:city": "Nairobi",
        "addr:postcode": "00100",
        "addr:street": "Moi Avenue",
        "alt_name": "Quickmart Pioneer",
        "brand": "QuickMart",
        "brand:wikidata": "Q113012659",
        "name": "QuickMart",
        "phone": "+254 719 225511",
        "shop": "supermarket"
      },
      "geometry": {
        "type": "Point",
        "coordinates": [
          36.8267881,
          -1.288442
        ]
      },
      "id": "node/10637141721"
    },
    {
      "type": "Feature",
      "properties": {
        "@id": "node/10648806292",
        "check_date": "2023-05-11",
        "name": "Western supermarket",
        "shop": "supermarket"
      },
      "geometry": {
        "type": "Point",
        "coordinates": [
          36.8293997,
          -1.2764323
        ]
      },
      "id": "node/10648806292"
    },
    {
      "type": "Feature",
      "properties": {
        "@id": "node/10742573449",
        "name": "Vision Corner Shop",
        "shop": "convenience"
      },
      "geometry": {
        "type": "Point",
        "coordinates": [
          36.9583871,
          -1.2765705
        ]
      },
      "id": "node/10742573449"
    },
    {
      "type": "Feature",
      "properties": {
        "@id": "node/10751514599",
        "name": "Sarova Veve Base",
        "shop": "convenience"
      },
      "geometry": {
        "type": "Point",
        "coordinates": [
          36.9581273,
          -1.2793773
        ]
      },
      "id": "node/10751514599"
    },
    {
      "type": "Feature",
      "properties": {
        "@id": "node/10770010444",
        "check_date": "2023-03-28",
        "description": "A nice place to chill",
        "internet_access": "wlan",
        "internet_access:fee": "no",
        "name": "Kendys supermarket",
        "payment:cash": "yes",
        "shop": "supermarket",
        "wheelchair": "yes"
      },
      "geometry": {
        "type": "Point",
        "coordinates": [
          36.9393137,
          -1.1780415
        ]
      },
      "id": "node/10770010444"
    },
    {
      "type": "Feature",
      "properties": {
        "@id": "node/10786945691",
        "brand": "Shop & Go",
        "check_date": "2023-04-05",
        "name": "kerosene shop",
        "shop": "convenience"
      },
      "geometry": {
        "type": "Point",
        "coordinates": [
          36.7874296,
          -1.3085197
        ]
      },
      "id": "node/10786945691"
    },
    {
      "type": "Feature",
      "properties": {
        "@id": "node/10786945692",
        "brand": "Shop & Go",
        "check_date": "2023-04-05",
        "name": "charcoal shop",
        "shop": "convenience"
      },
      "geometry": {
        "type": "Point",
        "coordinates": [
          36.7869495,
          -1.3094985
        ]
      },
      "id": "node/10786945692"
    },
    {
      "type": "Feature",
      "properties": {
        "@id": "node/10789830947",
        "brand": "Shop & Go",
        "check_date": "2023-04-06",
        "name": "muscat bar and restaurant",
        "shop": "convenience"
      },
      "geometry": {
        "type": "Point",
        "coordinates": [
          36.7865785,
          -1.3073675
        ]
      },
      "id": "node/10789830947"
    },
    {
      "type": "Feature",
      "properties": {
        "@id": "node/10789830949",
        "brand": "Shop & Go",
        "check_date": "2023-04-06",
        "name": "kerosene pump shop",
        "shop": "convenience"
      },
      "geometry": {
        "type": "Point",
        "coordinates": [
          36.7893626,
          -1.3129558
        ]
      },
      "id": "node/10789830949"
    },
    {
      "type": "Feature",
      "properties": {
        "@id": "node/10792571663",
        "brand": "Shop & Go",
        "check_date": "2023-04-07",
        "name": "uchumi ndogo shop",
        "shop": "convenience"
      },
      "geometry": {
        "type": "Point",
        "coordinates": [
          36.7932904,
          -1.3155337
        ]
      },
      "id": "node/10792571663"
    },
    {
      "type": "Feature",
      "properties": {
        "@id": "node/10792571664",
        "brand": "Shop & Go",
        "check_date": "2023-04-07",
        "name": "japolo tailaring shop",
        "shop": "convenience"
      },
      "geometry": {
        "type": "Point",
        "coordinates": [
          36.7933387,
          -1.3156973
        ]
      },
      "id": "node/10792571664"
    },
    {
      "type": "Feature",
      "properties": {
        "@id": "node/10797193042",
        "check_date": "2023-05-02",
        "name": "Beyond Fruits",
        "shop": "greengrocer"
      },
      "geometry": {
        "type": "Point",
        "coordinates": [
          36.7690842,
          -1.2796484
        ]
      },
      "id": "node/10797193042"
    },
    {
      "type": "Feature",
      "properties": {
        "@id": "node/10803671733",
        "brand": "Carrefour",
        "shop": "supermarket"
      },
      "geometry": {
        "type": "Point",
        "coordinates": [
          36.7698405,
          -1.2912181
        ]
      },
      "id": "node/10803671733"
    },
    {
      "type": "Feature",
      "properties": {
        "@id": "node/10925121156",
        "addr:city": "Nairobi",
        "addr:street": "Tigoni Road",
        "brand": "Naivas",
        "brand:wikidata": "Q18379067",
        "name": "Naivas",
        "opening_hours": "Mo-Su 08:00-21:00",
        "operator": "Naivas",
        "shop": "supermarket"
      },
      "geometry": {
        "type": "Point",
        "coordinates": [
          36.7882856,
          -1.2911055
        ]
      },
      "id": "node/10925121156"
    },
    {
      "type": "Feature",
      "properties": {
        "@id": "node/10944328405",
        "brand": "Naivas",
        "brand:wikidata": "Q18379067",
        "level": "0",
        "name": "Naivas Kahawa Sukari",
        "opening_hours": "Mo-Sa 07:45-21:30; Su 08:00-21:00; PH open",
        "organic": "yes",
        "shop": "supermarket",
        "wheelchair": "yes"
      },
      "geometry": {
        "type": "Point",
        "coordinates": [
          36.9320073,
          -1.1889959
        ]
      },
      "id": "node/10944328405"
    },
    {
      "type": "Feature",
      "properties": {
        "@id": "node/10965465607",
        "name": "Mlolongo Food Market",
        "shop": "grocery"
      },
      "geometry": {
        "type": "Point",
        "coordinates": [
          36.9416983,
          -1.3940106
        ]
      },
      "id": "node/10965465607"
    },
    {
      "type": "Feature",
      "properties": {
        "@id": "node/10965473005",
        "name": "Skymart Supermarket",
        "shop": "supermarket"
      },
      "geometry": {
        "type": "Point",
        "coordinates": [
          36.9405555,
          -1.3919397
        ]
      },
      "id": "node/10965473005"
    },
    {
      "type": "Feature",
      "properties": {
        "@id": "node/10971311231",
        "name": "Naivas",
        "shop": "supermarket"
      },
      "geometry": {
        "type": "Point",
        "coordinates": [
          36.7369888,
          -1.2831641
        ]
      },
      "id": "node/10971311231"
    },
    {
      "type": "Feature",
      "properties": {
        "@id": "node/10997396406",
        "name": "Fraliz Supermarket",
        "shop": "supermarket"
      },
      "geometry": {
        "type": "Point",
        "coordinates": [
          36.9713216,
          -1.2888004
        ]
      },
      "id": "node/10997396406"
    },
    {
      "type": "Feature",
      "properties": {
        "@id": "node/10997765011",
        "check_date": "2023-06-22",
        "internet_access": "no",
        "name": "Tumaini General Shop",
        "payment:cards": "no",
        "payment:cash": "yes",
        "payment:credit_cards": "no",
        "payment:debit_cards": "no",
        "shop": "convenience",
        "source": "local knowledge",
        "wheelchair": "no"
      },
      "geometry": {
        "type": "Point",
        "coordinates": [
          36.929439,
          -1.2246068
        ]
      },
      "id": "node/10997765011"
    },
    {
      "type": "Feature",
      "properties": {
        "@id": "node/11001534044",
        "check_date": "2023-06-23",
        "internet_access": "no",
        "name": "Lawmik Mini Shop",
        "payment:cards": "no",
        "payment:cash": "yes",
        "payment:credit_cards": "no",
        "payment:debit_cards": "no",
        "shop": "supermarket",
        "source": "local knowledge",
        "toilets": "no",
        "wheelchair": "no"
      },
      "geometry": {
        "type": "Point",
        "coordinates": [
          36.9131802,
          -1.2210507
        ]
      },
      "id": "node/11001534044"
    },
    {
      "type": "Feature",
      "properties": {
        "@id": "node/11005640706",
        "name": "Dana's Supermarket",
        "shop": "supermarket"
      },
      "geometry": {
        "type": "Point",
        "coordinates": [
          36.9719611,
          -1.2886603
        ]
      },
      "id": "node/11005640706"
    },
    {
      "type": "Feature",
      "properties": {
        "@id": "node/11294664392",
        "amenity": "fuel",
        "name": "Gas & Go",
        "opening_hours": "24/7",
        "shop": "convenience",
        "wheelchair": "yes"
      },
      "geometry": {
        "type": "Point",
        "coordinates": [
          36.9595662,
          -1.4265967
        ]
      },
      "id": "node/11294664392"
    },
    {
      "type": "Feature",
      "properties": {
        "@id": "node/11370972617",
        "brand": "Carrefour",
        "brand:wikidata": "Q217599",
        "name": "Carrefour",
        "payment:cash": "yes",
        "payment:credit_cards": "yes",
        "payment:debit_cards": "yes",
        "shop": "supermarket"
      },
      "geometry": {
        "type": "Point",
        "coordinates": [
          36.8031828,
          -1.2567718
        ]
      },
      "id": "node/11370972617"
    },
    {
      "type": "Feature",
      "properties": {
        "@id": "node/11383402150",
        "addr:city": "Nairobi",
        "addr:postcode": "00100",
        "addr:street": "Riverside Drive",
        "name": "Chandarana Foodplus Riverside Square",
        "phone": "+254 110299093",
        "shop": "supermarket",
        "website": "https://www.foodplus.co.ke/"
      },
      "geometry": {
        "type": "Point",
        "coordinates": [
          36.7893777,
          -1.2689322
        ]
      },
      "id": "node/11383402150"
    },
    {
      "type": "Feature",
      "properties": {
        "@id": "node/11449581647",
        "brand": "Naivas",
        "brand:wikidata": "Q18379067",
        "name": "Naivas",
        "shop": "supermarket",
        "website": "https://naivas.online/"
      },
      "geometry": {
        "type": "Point",
        "coordinates": [
          36.7146698,
          -1.3302508
        ]
      },
      "id": "node/11449581647"
    },
    {
      "type": "Feature",
      "properties": {
        "@id": "node/11576593278",
        "name": "glyster supermarket",
        "shop": "supermarket"
      },
      "geometry": {
        "type": "Point",
        "coordinates": [
          36.6673907,
          -1.150013
        ]
      },
      "id": "node/11576593278"
    },
    {
      "type": "Feature",
      "properties": {
        "@id": "node/11801781012",
        "altitude": "1600.900024",
        "amenity": "marketplace",
        "community_centre": "youth_centre",
        "name": "Motorbrix",
        "operator:type": "NGO",
        "precision": "4.866",
        "source": "KRCS2024"
      },
      "geometry": {
        "type": "Point",
        "coordinates": [
          36.8612963,
          -1.2627361
        ]
      },
      "id": "node/11801781012"
    },
    {
      "type": "Feature",
      "properties": {
        "@id": "node/11801837100",
        "amenity": "marketplace",
        "ele": "1657",
        "name": "NCC stalls mlango kubwa",
        "sells": "food",
        "source": "KRCS2024"
      },
      "geometry": {
        "type": "Point",
        "coordinates": [
          36.8449312,
          -1.2662504
        ]
      },
      "id": "node/11801837100"
    },
    {
      "type": "Feature",
      "properties": {
        "@id": "node/11801837101",
        "amenity": "marketplace",
        "ele": "1658",
        "name": "Muratina street",
        "sells": "Food Vegetables/Fruits Clothes Convenience Items Water",
        "source": "KRCS2024"
      },
      "geometry": {
        "type": "Point",
        "coordinates": [
          36.8435399,
          -1.2670449
        ]
      },
      "id": "node/11801837101"
    },
    {
      "type": "Feature",
      "properties": {
        "@id": "node/11801837102",
        "amenity": "marketplace",
        "ele": "1603",
        "name": "Gumba Market",
        "sells": "vegetable;fruit",
        "source": "KRCS2024"
      },
      "geometry": {
        "type": "Point",
        "coordinates": [
          36.8608083,
          -1.2618154
        ]
      },
      "id": "node/11801837102"
    },
    {
      "type": "Feature",
      "properties": {
        "@id": "node/12011976027",
        "name": "Chandarana Super Market",
        "shop": "supermarket"
      },
      "geometry": {
        "type": "Point",
        "coordinates": [
          36.9822076,
          -1.4400379
        ]
      },
      "id": "node/12011976027"
    },
    {
      "type": "Feature",
      "properties": {
        "@id": "node/12041151104",
        "shop": "convenience"
      },
      "geometry": {
        "type": "Point",
        "coordinates": [
          36.7721331,
          -1.2563268
        ]
      },
      "id": "node/12041151104"
    },
    {
      "type": "Feature",
      "properties": {
        "@id": "node/12075450046",
        "name": "PowerStar Supermarket",
        "shop": "supermarket"
      },
      "geometry": {
        "type": "Point",
        "coordinates": [
          36.6940662,
          -1.2549946
        ]
      },
      "id": "node/12075450046"
    },
    {
      "type": "Feature",
      "properties": {
        "@id": "node/12075450047",
        "name": "Fairmart Supermarket",
        "shop": "supermarket"
      },
      "geometry": {
        "type": "Point",
        "coordinates": [
          36.6937479,
          -1.2540473
        ]
      },
      "id": "node/12075450047"
    },
    {
      "type": "Feature",
      "properties": {
        "@id": "node/12099665959",
        "name": "Muhindi Mweusi Supermarket",
        "opening_hours": "24/7",
        "payment:cash": "yes",
        "payment:coins": "yes",
        "payment:credit_cards": "yes",
        "payment:debit_cards": "yes",
        "payment:mastercard": "yes",
        "payment:notes": "yes",
        "payment:visa": "yes",
        "payment:visa_debit": "yes",
        "shop": "supermarket"
      },
      "geometry": {
        "type": "Point",
        "coordinates": [
          36.9231054,
          -1.2569718
        ]
      },
      "id": "node/12099665959"
    },
    {
      "type": "Feature",
      "properties": {
        "@id": "node/12117204279",
        "shop": "convenience"
      },
      "geometry": {
        "type": "Point",
        "coordinates": [
          36.909178,
          -1.3080699
        ]
      },
      "id": "node/12117204279"
    },
    {
      "type": "Feature",
      "properties": {
        "@id": "node/12117204282",
        "shop": "convenience"
      },
      "geometry": {
        "type": "Point",
        "coordinates": [
          36.9077169,
          -1.3057539
        ]
      },
      "id": "node/12117204282"
    },
    {
      "type": "Feature",
      "properties": {
        "@id": "node/12118098070",
        "shop": "convenience"
      },
      "geometry": {
        "type": "Point",
        "coordinates": [
          36.9134971,
          -1.3114805
        ]
      },
      "id": "node/12118098070"
    },
    {
      "type": "Feature",
      "properties": {
        "@id": "node/12118098085",
        "shop": "convenience"
      },
      "geometry": {
        "type": "Point",
        "coordinates": [
          36.9128054,
          -1.3127592
        ]
      },
      "id": "node/12118098085"
    },
    {
      "type": "Feature",
      "properties": {
        "@id": "node/12160439044",
        "name": "Acres Minimart",
        "payment:app": "yes",
        "payment:cash": "yes",
        "shop": "convenience"
      },
      "geometry": {
        "type": "Point",
        "coordinates": [
          36.9582591,
          -1.2797568
        ]
      },
      "id": "node/12160439044"
    },
    {
      "type": "Feature",
      "properties": {
        "@id": "node/12163148141",
        "check_date": "2024-09-08",
        "name": "Shell Select",
        "shop": "convenience"
      },
      "geometry": {
        "type": "Point",
        "coordinates": [
          36.7996528,
          -1.2746881
        ]
      },
      "id": "node/12163148141"
    },
    {
      "type": "Feature",
      "properties": {
        "@id": "node/12167954126",
        "check_date": "2024-09-10",
        "name": "Ngong Hill Supermarket",
        "shop": "convenience",
        "wheelchair": "no"
      },
      "geometry": {
        "type": "Point",
        "coordinates": [
          36.6545258,
          -1.361956
        ]
      },
      "id": "node/12167954126"
    },
    {
      "type": "Feature",
      "properties": {
        "@id": "node/12167964189",
        "addr:floor": "1",
        "check_date": "2024-09-10",
        "contact:phone": "+254 798 404382",
        "name": "Nile General Trading Shop",
        "shop": "convenience",
        "wheelchair": "limited"
      },
      "geometry": {
        "type": "Point",
        "coordinates": [
          36.8216771,
          -1.274222
        ]
      },
      "id": "node/12167964189"
    },
    {
      "type": "Feature",
      "properties": {
        "@id": "node/12170144616",
        "amenity": "marketplace",
        "check_date": "2024-09-11",
        "description": "Art craft and traditionnal market"
      },
      "geometry": {
        "type": "Point",
        "coordinates": [
          36.8035123,
          -1.2611982
        ]
      },
      "id": "node/12170144616"
    },
    {
      "type": "Feature",
      "properties": {
        "@id": "node/12243707183",
        "name": "wa mwangis shop",
        "operational_status": "operational",
        "operator:type": "private",
        "shop": "general",
        "source": "survey",
        "wheelchair": "yes"
      },
      "geometry": {
        "type": "Point",
        "coordinates": [
          36.8721633,
          -1.3108469
        ]
      },
      "id": "node/12243707183"
    },
    {
      "type": "Feature",
      "properties": {
        "@id": "node/12243707184",
        "name": "wa eves shop",
        "operational_status": "operational",
        "operator:type": "private",
        "shop": "general",
        "source": "survey",
        "wheelchair": "yes"
      },
      "geometry": {
        "type": "Point",
        "coordinates": [
          36.8752649,
          -1.3100511
        ]
      },
      "id": "node/12243707184"
    },
    {
      "type": "Feature",
      "properties": {
        "@id": "node/12243707185",
        "name": "mama marks shop",
        "operational_status": "operational",
        "operator:type": "private",
        "shop": "general",
        "source": "survey",
        "wheelchair": "yes"
      },
      "geometry": {
        "type": "Point",
        "coordinates": [
          36.8721265,
          -1.3109301
        ]
      },
      "id": "node/12243707185"
    },
    {
      "type": "Feature",
      "properties": {
        "@id": "node/12243707186",
        "name": "chairladys shop",
        "operational_status": "operational",
        "operator:type": "private",
        "shop": "general",
        "source": "survey",
        "wheelchair": "yes"
      },
      "geometry": {
        "type": "Point",
        "coordinates": [
          36.8630032,
          -1.3122656
        ]
      },
      "id": "node/12243707186"
    },
    {
      "type": "Feature",
      "properties": {
        "@id": "node/12243707187",
        "name": "baba junior shop",
        "operational_status": "operational",
        "operator:type": "private",
        "shop": "general",
        "source": "survey",
        "wheelchair": "yes"
      },
      "geometry": {
        "type": "Point",
        "coordinates": [
          36.8706086,
          -1.3106681
        ]
      },
      "id": "node/12243707187"
    },
    {
      "type": "Feature",
      "properties": {
        "@id": "node/12243707188",
        "name": "tembos shop",
        "operational_status": "operational",
        "operator:type": "private",
        "shop": "general",
        "source": "survey",
        "wheelchair": "yes"
      },
      "geometry": {
        "type": "Point",
        "coordinates": [
          36.8735543,
          -1.3104551
        ]
      },
      "id": "node/12243707188"
    },
    {
      "type": "Feature",
      "properties": {
        "@id": "node/12243707191",
        "name": "mama ruben mini shop",
        "operational_status": "operational",
        "operator:type": "private",
        "shop": "general",
        "source": "survey",
        "wheelchair": "no"
      },
      "geometry": {
        "type": "Point",
        "coordinates": [
          36.8765023,
          -1.3097313
        ]
      },
      "id": "node/12243707191"
    },
    {
      "type": "Feature",
      "properties": {
        "@id": "node/12243707192",
        "name": "mwitis shop",
        "operational_status": "operational",
        "operator:type": "private",
        "shop": "general",
        "source": "survey",
        "wheelchair": "yes"
      },
      "geometry": {
        "type": "Point",
        "coordinates": [
          36.8813618,
          -1.3093242
        ]
      },
      "id": "node/12243707192"
    },
    {
      "type": "Feature",
      "properties": {
        "@id": "node/12243707197",
        "name": "kwa pati shop",
        "operational_status": "operational",
        "operator": "private/individual",
        "shop": "general",
        "source": "survey",
        "wheelchair": "yes"
      },
      "geometry": {
        "type": "Point",
        "coordinates": [
          36.8862738,
          -1.3024439
        ]
      },
      "id": "node/12243707197"
    },
    {
      "type": "Feature",
      "properties": {
        "@id": "node/12243707198",
        "name": "muzangila business center",
        "operational_status": "operational",
        "operator:type": "private",
        "shop": "general",
        "source": "survey",
        "wheelchair": "yes"
      },
      "geometry": {
        "type": "Point",
        "coordinates": [
          36.8817853,
          -1.3098603
        ]
      },
      "id": "node/12243707198"
    },
    {
      "type": "Feature",
      "properties": {
        "@id": "node/12244005197",
        "name": "Shop 2",
        "operational_status": "operational",
        "operator:type": "private",
        "shop": "general",
        "source": "survey",
        "wheelchair": "yes"
      },
      "geometry": {
        "type": "Point",
        "coordinates": [
          36.8882434,
          -1.2532475
        ]
      },
      "id": "node/12244005197"
    },
    {
      "type": "Feature",
      "properties": {
        "@id": "node/12244005200",
        "name": "Rehoboth Mini price shop",
        "operational_status": "operational",
        "operator:type": "private",
        "shop": "general",
        "source": "survey",
        "wheelchair": "no"
      },
      "geometry": {
        "type": "Point",
        "coordinates": [
          36.8860291,
          -1.2572689
        ]
      },
      "id": "node/12244005200"
    },
    {
      "type": "Feature",
      "properties": {
        "@id": "node/12244024004",
        "name": "Tudy's shop",
        "operational_status": "operational",
        "operator:type": "private",
        "shop": "general",
        "source": "survey",
        "wheelchair": "yes"
      },
      "geometry": {
        "type": "Point",
        "coordinates": [
          36.8880621,
          -1.2535461
        ]
      },
      "id": "node/12244024004"
    },
    {
      "type": "Feature",
      "properties": {
        "@id": "node/12244024006",
        "name": "Milk shop",
        "operational_status": "operational",
        "operator:type": "private",
        "shop": "general",
        "source": "survey",
        "wheelchair": "yes"
      },
      "geometry": {
        "type": "Point",
        "coordinates": [
          36.8880075,
          -1.2535889
        ]
      },
      "id": "node/12244024006"
    },
    {
      "type": "Feature",
      "properties": {
        "@id": "node/12244024009",
        "name": "Koko point (Blessed cereals)",
        "operational_status": "operational",
        "operator:type": "private",
        "shop": "general",
        "source": "survey",
        "wheelchair": "yes"
      },
      "geometry": {
        "type": "Point",
        "coordinates": [
          36.8883117,
          -1.2530614
        ]
      },
      "id": "node/12244024009"
    },
    {
      "type": "Feature",
      "properties": {
        "@id": "node/12244024010",
        "name": "Kwa Mwangi",
        "operational_status": "operational",
        "operator:type": "private",
        "shop": "general",
        "source": "survey",
        "wheelchair": "yes"
      },
      "geometry": {
        "type": "Point",
        "coordinates": [
          36.886416,
          -1.2524443
        ]
      },
      "id": "node/12244024010"
    },
    {
      "type": "Feature",
      "properties": {
        "@id": "node/12244024011",
        "name": "Shop one (kwa Wangecu)",
        "operational_status": "operational",
        "operator:type": "private",
        "shop": "general",
        "source": "survey",
        "wheelchair": "yes"
      },
      "geometry": {
        "type": "Point",
        "coordinates": [
          36.8880613,
          -1.2507041
        ]
      },
      "id": "node/12244024011"
    },
    {
      "type": "Feature",
      "properties": {
        "@id": "node/12244024012",
        "name": "Mama dady shop",
        "operational_status": "operational",
        "operator:type": "private",
        "shop": "general",
        "source": "survey",
        "wheelchair": "yes"
      },
      "geometry": {
        "type": "Point",
        "coordinates": [
          36.890207,
          -1.247484
        ]
      },
      "id": "node/12244024012"
    },
    {
      "type": "Feature",
      "properties": {
        "@id": "node/12244024013",
        "name": "Jirani mwema shop",
        "operational_status": "operational",
        "operator:type": "private",
        "shop": "general",
        "source": "survey",
        "wheelchair": "yes"
      },
      "geometry": {
        "type": "Point",
        "coordinates": [
          36.8889756,
          -1.2494673
        ]
      },
      "id": "node/12244024013"
    },
    {
      "type": "Feature",
      "properties": {
        "@id": "node/12244072815",
        "amenity": "marketplace",
        "name": "Korogocho Market",
        "operational_status": "operational",
        "operator:type": "community",
        "source": "survey",
        "wheelchair": "yes"
      },
      "geometry": {
        "type": "Point",
        "coordinates": [
          36.885658,
          -1.2571024
        ]
      },
      "id": "node/12244072815"
    },
    {
      "type": "Feature",
      "properties": {
        "@id": "node/12700702055",
        "check_date": "2025-03-26",
        "check_date:currency:XBT": "2025-03-30",
        "currency:KSH": "yes",
        "currency:USD": "yes",
        "currency:XBT": "yes",
        "name": "Mama Clinton Groceries",
        "opening_hours": "Mo-Su 07:00-21:00",
        "operator": "Mama Clinton",
        "organic": "yes",
        "payment:cash": "yes",
        "payment:lightning": "yes",
        "payment:lightning_contactless": "yes",
        "payment:mobile_money": "yes",
        "payment:mpesa": "yes",
        "payment:onchain": "yes",
        "shop": "greengrocer",
        "takeaway": "yes"
      },
      "geometry": {
        "type": "Point",
        "coordinates": [
          36.7768766,
          -1.3165886
        ]
      },
      "id": "node/12700702055"
    },
    {
      "type": "Feature",
      "properties": {
        "@id": "node/12700702058",
        "check_date": "2025-07-16",
        "currency:KSH": "yes",
        "currency:USD": "yes",
        "currency:XBT": "yes",
        "name": "Mama Maureen",
        "opening_hours": "Mo-Su 07:00-21:00",
        "operator": "Mama Maureen",
        "payment:cash": "yes",
        "payment:lightning": "yes",
        "payment:lightning_contactless": "yes",
        "payment:mobile_money": "yes",
        "payment:mpesa": "yes",
        "payment:onchain": "yes",
        "shop": "general"
      },
      "geometry": {
        "type": "Point",
        "coordinates": [
          36.7766156,
          -1.3165628
        ]
      },
      "id": "node/12700702058"
    },
    {
      "type": "Feature",
      "properties": {
        "@id": "node/12749690601",
        "name": "Fridah Shop",
        "shop": "convenience"
      },
      "geometry": {
        "type": "Point",
        "coordinates": [
          36.9460426,
          -1.3770939
        ]
      },
      "id": "node/12749690601"
    },
    {
      "type": "Feature",
      "properties": {
        "@id": "node/12842838078",
        "name": "Chandarana market",
        "shop": "supermarket"
      },
      "geometry": {
        "type": "Point",
        "coordinates": [
          36.7877097,
          -1.2644313
        ]
      },
      "id": "node/12842838078"
    },
    {
      "type": "Feature",
      "properties": {
        "@id": "node/12947131634",
        "check_date:currency:XBT": "2025-06-23",
        "currency:XBT": "yes",
        "name": "Haven food court",
        "opening_hours": "Mo-Sa 09:00-22:00",
        "payment:lightning": "yes",
        "payment:lightning_contactless": "no",
        "payment:onchain": "no",
        "phone": "0723747134",
        "shop": "convenience"
      },
      "geometry": {
        "type": "Point",
        "coordinates": [
          36.8910773,
          -1.2904997
        ]
      },
      "id": "node/12947131634"
    },
    {
      "type": "Feature",
      "properties": {
        "@id": "node/13049927665",
        "name": "Healthy",
        "shop": "convenience"
      },
      "geometry": {
        "type": "Point",
        "coordinates": [
          36.8044793,
          -1.230502
        ]
      },
      "id": "node/13049927665"
    },
    {
      "type": "Feature",
      "properties": {
        "@id": "node/13059881904",
        "name": "Jaza supermarket",
        "shop": "supermarket"
      },
      "geometry": {
        "type": "Point",
        "coordinates": [
          36.7947583,
          -1.2749836
        ]
      },
      "id": "node/13059881904"
    },
    {
      "type": "Feature",
      "properties": {
        "@id": "node/13076006596",
        "addr:city": "Nairobi",
        "addr:street": "Manyanja Road",
        "check_date:currency:XBT": "2025-08-17",
        "currency:XBT": "yes",
        "name": "Lydiah Richland Shop",
        "opening_hours": "Mo-Su 06:00-23:00",
        "payment:lightning": "yes",
        "payment:lightning_contactless": "no",
        "payment:onchain": "no",
        "phone": "+254 768 206821",
        "shop": "convenience"
      },
      "geometry": {
        "type": "Point",
        "coordinates": [
          36.8908667,
          -1.29069
        ]
      },
      "id": "node/13076006596"
    },
    {
      "type": "Feature",
      "properties": {
        "@id": "node/13328712926",
        "check_date": "2025-11-24",
        "check_date:currency:XBT": "2025-11-24",
        "currency:XBT": "yes",
        "name": "Manu Groceries",
        "payment:lightning": "yes",
        "payment:lightning_contactless": "no",
        "payment:onchain": "no",
        "phone": "071 059 1131",
        "shop": "grocery"
      },
      "geometry": {
        "type": "Point",
        "coordinates": [
          36.8895264,
          -1.2929677
        ]
      },
      "id": "node/13328712926"
    },
    {
      "type": "Feature",
      "properties": {
        "@id": "node/13354994691",
        "name": "J&C Posho Mill",
        "shop": "greengrocer"
      },
      "geometry": {
        "type": "Point",
        "coordinates": [
          36.8724164,
          -1.2534949
        ]
      },
      "id": "node/13354994691"
    },
    {
      "type": "Feature",
      "properties": {
        "@id": "node/13355046938",
        "name": "JOSTAR MILK DEPOT",
        "shop": "convenience"
      },
      "geometry": {
        "type": "Point",
        "coordinates": [
          36.8724424,
          -1.2525998
        ]
      },
      "id": "node/13355046938"
    },
    {
      "type": "Feature",
      "properties": {
        "@id": "node/13355051353",
        "name": "Multigrain miller",
        "shop": "greengrocer"
      },
      "geometry": {
        "type": "Point",
        "coordinates": [
          36.874133,
          -1.2517897
        ]
      },
      "id": "node/13355051353"
    },
    {
      "type": "Feature",
      "properties": {
        "@id": "node/13355054628",
        "name": "KANGAZONE SALAD KIOSKI",
        "shop": "convenience"
      },
      "geometry": {
        "type": "Point",
        "coordinates": [
          36.8722962,
          -1.2527483
        ]
      },
      "id": "node/13355054628"
    },
    {
      "type": "Feature",
      "properties": {
        "@id": "node/13355066331",
        "name": "BLUE BRIDGE LIQUOR STORE",
        "shop": "convenience"
      },
      "geometry": {
        "type": "Point",
        "coordinates": [
          36.8724399,
          -1.2525773
        ]
      },
      "id": "node/13355066331"
    },
    {
      "type": "Feature",
      "properties": {
        "@id": "node/13355079879",
        "name": "ELNEY WHOLESALE STORE",
        "shop": "convenience"
      },
      "geometry": {
        "type": "Point",
        "coordinates": [
          36.8723227,
          -1.2526004
        ]
      },
      "id": "node/13355079879"
    },
    {
      "type": "Feature",
      "properties": {
        "@id": "node/13355080862",
        "name": "Soup place",
        "shop": "convenience"
      },
      "geometry": {
        "type": "Point",
        "coordinates": [
          36.872349,
          -1.2526368
        ]
      },
      "id": "node/13355080862"
    },
    {
      "type": "Feature",
      "properties": {
        "@id": "node/13355081686",
        "name": "ELREY WHOLESALE",
        "shop": "supermarket"
      },
      "geometry": {
        "type": "Point",
        "coordinates": [
          36.8724809,
          -1.2521173
        ]
      },
      "id": "node/13355081686"
    },
    {
      "type": "Feature",
      "properties": {
        "@id": "node/13355086428",
        "name": "Sabina supermarket",
        "shop": "supermarket"
      },
      "geometry": {
        "type": "Point",
        "coordinates": [
          36.8723226,
          -1.2526041
        ]
      },
      "id": "node/13355086428"
    },
    {
      "type": "Feature",
      "properties": {
        "@id": "node/13359666202",
        "addr:city": "Nairobi",
        "addr:country": "KE",
        "addr:full": "Soweto",
        "addr:suburb": "Kibera",
        "afribit:directory": "kibera",
        "afribit:merchant_id": "f721f066-f3a4-4e0c-a9ba-e8c16ea018ef",
        "afribit:registration_date": "2025-12-07",
        "afribit:verified": "yes",
        "check_date": "2025-12-07",
        "check_date:currency:XBT": "2025-12-07",
        "contact:email": "edmundspira@gmail.com",
        "currency:XBT": "yes",
        "description": "Soweto Car Wash in Kibera accepts Bitcoin Lightning & on-chain. Verified by Afribit Africa.",
        "name": "Soweto Car Wash",
        "operator": "Big brother car wash",
        "operator:type": "private",
        "payment:lightning": "yes",
        "payment:lightning:id": "sowetocarwash@blink.sv",
        "payment:lightning_contactless": "no",
        "payment:onchain": "yes",
        "shop": "general",
        "source": "survey",
        "source:ref": "afribit:f721f066-f3a4-4e0c-a9ba-e8c16ea018ef",
        "survey:date": "2025-12-07"
      },
      "geometry": {
        "type": "Point",
        "coordinates": [
          36.7759934,
          -1.3162245
        ]
      },
      "id": "node/13359666202"
    },
    {
      "type": "Feature",
      "properties": {
        "@id": "node/13359666902",
        "addr:city": "Nairobi",
        "addr:country": "KE",
        "addr:full": "Soweto",
        "addr:suburb": "Kibera",
        "afribit:directory": "kibera",
        "afribit:merchant_id": "11df6cca-62b1-4829-b2bb-26c505718b13",
        "afribit:registration_date": "2025-12-07",
        "afribit:verified": "yes",
        "check_date": "2025-12-07",
        "check_date:currency:XBT": "2025-12-07",
        "contact:email": "edmundspira@gmail.com",
        "currency:XBT": "yes",
        "description": "3 West Hotel in Kibera accepts Bitcoin Lightning & on-chain. Verified by Afribit Africa.",
        "name": "3 West Hotel",
        "operator": "Three West Hotel",
        "operator:type": "private",
        "payment:lightning": "yes",
        "payment:lightning:id": "threewesthotel@blink.sv",
        "payment:lightning_contactless": "no",
        "payment:onchain": "yes",
        "shop": "general",
        "source": "survey",
        "source:ref": "afribit:11df6cca-62b1-4829-b2bb-26c505718b13",
        "survey:date": "2025-12-07"
      },
      "geometry": {
        "type": "Point",
        "coordinates": [
          36.7761588,
          -1.316364
        ]
      },
      "id": "node/13359666902"
    },
    {
      "type": "Feature",
      "properties": {
        "@id": "node/13359666903",
        "addr:city": "Nairobi",
        "addr:country": "KE",
        "addr:full": "Soweto",
        "addr:suburb": "Kibera",
        "afribit:directory": "kibera",
        "afribit:merchant_id": "e5ea4ee2-1e5d-4abe-86ac-8f21d3f14735",
        "afribit:registration_date": "2025-12-07",
        "afribit:verified": "yes",
        "check_date": "2025-12-07",
        "check_date:currency:XBT": "2025-12-07",
        "contact:email": "edmundspira@gmail.com",
        "currency:XBT": "yes",
        "description": "Bridgeway Shop in Kibera accepts Bitcoin Lightning & on-chain. Verified by Afribit Africa.",
        "name": "Bridgeway Shop",
        "operator": "Neema",
        "operator:type": "private",
        "payment:lightning": "yes",
        "payment:lightning:id": "bridgwayshop@blink.sv",
        "payment:lightning_contactless": "no",
        "payment:onchain": "yes",
        "shop": "general",
        "source": "survey",
        "source:ref": "afribit:e5ea4ee2-1e5d-4abe-86ac-8f21d3f14735",
        "survey:date": "2025-12-07"
      },
      "geometry": {
        "type": "Point",
        "coordinates": [
          36.7761829,
          -1.3164049
        ]
      },
      "id": "node/13359666903"
    },
    {
      "type": "Feature",
      "properties": {
        "@id": "node/13359666904",
        "addr:city": "Nairobi",
        "addr:country": "KE",
        "addr:full": "Soweto",
        "addr:suburb": "Kibera",
        "afribit:directory": "kibera",
        "afribit:merchant_id": "630ca3d5-b199-4734-937e-801e02f973b5",
        "afribit:registration_date": "2025-12-07",
        "afribit:verified": "yes",
        "check_date": "2025-12-07",
        "check_date:currency:XBT": "2025-12-07",
        "contact:email": "edmundspira@gmail.com",
        "currency:XBT": "yes",
        "description": "Candy’s Collection Hub in Kibera accepts Bitcoin Lightning & on-chain. Verified by Afribit Africa.",
        "name": "Candy’s Collection Hub",
        "operator": "Candies Collection",
        "operator:type": "private",
        "payment:lightning": "yes",
        "payment:lightning:id": "candiescollection@blink.sv",
        "payment:lightning_contactless": "no",
        "payment:onchain": "yes",
        "shop": "general",
        "source": "survey",
        "source:ref": "afribit:630ca3d5-b199-4734-937e-801e02f973b5",
        "survey:date": "2025-12-07"
      },
      "geometry": {
        "type": "Point",
        "coordinates": [
          36.7761725,
          -1.3163849
        ]
      },
      "id": "node/13359666904"
    },
    {
      "type": "Feature",
      "properties": {
        "@id": "node/13359666905",
        "addr:city": "Nairobi",
        "addr:country": "KE",
        "addr:full": "Soweto",
        "addr:suburb": "Kibera",
        "afribit:directory": "kibera",
        "afribit:merchant_id": "7d1bdd1b-7790-4384-9c74-21038d2e300d",
        "afribit:registration_date": "2025-12-07",
        "afribit:verified": "yes",
        "check_date": "2025-12-07",
        "check_date:currency:XBT": "2025-12-07",
        "contact:email": "edmundspira@gmail.com",
        "currency:XBT": "yes",
        "description": "Galaxxy Toilet in Kibera accepts Bitcoin Lightning & on-chain. Verified by Afribit Africa.",
        "name": "Galaxxy Toilet",
        "operator": "Galaxxy",
        "operator:type": "private",
        "payment:lightning": "yes",
        "payment:lightning:id": "galaxxytoilet@blink.sc",
        "payment:lightning_contactless": "no",
        "payment:onchain": "yes",
        "shop": "general",
        "source": "survey",
        "source:ref": "afribit:7d1bdd1b-7790-4384-9c74-21038d2e300d",
        "survey:date": "2025-12-07"
      },
      "geometry": {
        "type": "Point",
        "coordinates": [
          36.775972,
          -1.3166105
        ]
      },
      "id": "node/13359666905"
    },
    {
      "type": "Feature",
      "properties": {
        "@id": "node/13359666906",
        "addr:city": "Nairobi",
        "addr:country": "KE",
        "addr:full": "Soweto",
        "addr:suburb": "Kibera",
        "afribit:directory": "kibera",
        "afribit:merchant_id": "d69a52cc-c346-40e3-b258-245f5e7b7e08",
        "afribit:registration_date": "2025-12-07",
        "afribit:verified": "yes",
        "check_date": "2025-12-07",
        "check_date:currency:XBT": "2025-12-07",
        "contact:email": "edmundspira@gmail.com",
        "currency:XBT": "yes",
        "description": "Mama Clear in Kibera accepts Bitcoin Lightning & on-chain. Verified by Afribit Africa.",
        "name": "Mama Clear",
        "operator": "Mama Clear",
        "operator:type": "private",
        "payment:lightning": "yes",
        "payment:lightning:id": "mamacleargroserys@blink.sv",
        "payment:lightning_contactless": "no",
        "payment:onchain": "yes",
        "shop": "general",
        "source": "survey",
        "source:ref": "afribit:d69a52cc-c346-40e3-b258-245f5e7b7e08",
        "survey:date": "2025-12-07"
      },
      "geometry": {
        "type": "Point",
        "coordinates": [
          36.7768438,
          -1.3165833
        ]
      },
      "id": "node/13359666906"
    },
    {
      "type": "Feature",
      "properties": {
        "@id": "node/13359667002",
        "addr:city": "Nairobi",
        "addr:country": "KE",
        "addr:full": "Soweto",
        "addr:suburb": "Kibera",
        "afribit:directory": "kibera",
        "afribit:merchant_id": "0d1922ee-4859-4811-92f5-e48f995b4c15",
        "afribit:registration_date": "2025-12-07",
        "afribit:verified": "yes",
        "check_date": "2025-12-07",
        "check_date:currency:XBT": "2025-12-07",
        "contact:email": "edmundspira@gmail.com",
        "currency:XBT": "yes",
        "description": "3 West Butchery in Kibera accepts Bitcoin Lightning & on-chain. Verified by Afribit Africa.",
        "name": "3 West Butchery",
        "operator": "Three West Butchery",
        "operator:type": "private",
        "payment:lightning": "yes",
        "payment:lightning:id": "threewestbutchery@blink.sv",
        "payment:lightning_contactless": "no",
        "payment:onchain": "yes",
        "shop": "general",
        "source": "survey",
        "source:ref": "afribit:0d1922ee-4859-4811-92f5-e48f995b4c15",
        "survey:date": "2025-12-07"
      },
      "geometry": {
        "type": "Point",
        "coordinates": [
          36.7760962,
          -1.3163135
        ]
      },
      "id": "node/13359667002"
    },
    {
      "type": "Feature",
      "properties": {
        "@id": "node/13359667003",
        "addr:city": "Nairobi",
        "addr:country": "KE",
        "addr:full": "Soweto",
        "addr:suburb": "Kibera",
        "afribit:directory": "kibera",
        "afribit:merchant_id": "6b5b8db2-dde6-4aa7-9d38-1c5825ed0690",
        "afribit:registration_date": "2025-12-07",
        "afribit:verified": "yes",
        "check_date": "2025-12-07",
        "check_date:currency:XBT": "2025-12-07",
        "contact:email": "edmundspira@gmail.com",
        "currency:XBT": "yes",
        "description": "Abebo Vegez in Kibera accepts Bitcoin Lightning & on-chain. Verified by Afribit Africa.",
        "name": "Abebo Vegez",
        "operator": "Abebo Vegez",
        "operator:type": "private",
        "payment:lightning": "yes",
        "payment:lightning:id": "abebovegez@blink.sv",
        "payment:lightning_contactless": "no",
        "payment:onchain": "yes",
        "shop": "general",
        "source": "survey",
        "source:ref": "afribit:6b5b8db2-dde6-4aa7-9d38-1c5825ed0690",
        "survey:date": "2025-12-07"
      },
      "geometry": {
        "type": "Point",
        "coordinates": [
          36.7769412,
          -1.3166013
        ]
      },
      "id": "node/13359667003"
    },
    {
      "type": "Feature",
      "properties": {
        "@id": "node/13359667004",
        "addr:city": "Nairobi",
        "addr:country": "KE",
        "addr:full": "Soweto",
        "addr:suburb": "Kibera",
        "afribit:directory": "kibera",
        "afribit:merchant_id": "7ab08d95-31d3-4438-a9c4-0a64e2da9330",
        "afribit:registration_date": "2025-12-07",
        "afribit:verified": "yes",
        "check_date": "2025-12-07",
        "check_date:currency:XBT": "2025-12-07",
        "contact:email": "edmundspira@gmail.com",
        "currency:XBT": "yes",
        "description": "Black and White Fries Corner in Kibera accepts Bitcoin Lightning & on-chain. Verified by Afribit Africa.",
        "name": "Black and White Fries Corner",
        "operator": "Black And White",
        "operator:type": "private",
        "payment:lightning": "yes",
        "payment:lightning:id": "btckiberashop@blink.sv",
        "payment:lightning_contactless": "no",
        "payment:onchain": "yes",
        "shop": "general",
        "source": "survey",
        "source:ref": "afribit:7ab08d95-31d3-4438-a9c4-0a64e2da9330",
        "survey:date": "2025-12-07"
      },
      "geometry": {
        "type": "Point",
        "coordinates": [
          36.77768,
          -1.3168452
        ]
      },
      "id": "node/13359667004"
    },
    {
      "type": "Feature",
      "properties": {
        "@id": "node/13359667005",
        "addr:city": "Nairobi",
        "addr:country": "KE",
        "addr:full": "Soweto",
        "addr:suburb": "Kibera",
        "afribit:directory": "kibera",
        "afribit:merchant_id": "8eff6bff-97ac-4876-8fb1-0eb0d3f7feb5",
        "afribit:registration_date": "2025-12-07",
        "afribit:verified": "yes",
        "check_date": "2025-12-07",
        "check_date:currency:XBT": "2025-12-07",
        "contact:email": "edmundspira@gmail.com",
        "currency:XBT": "yes",
        "description": "Mama Eddy Salon in Kibera accepts Bitcoin Lightning & on-chain. Verified by Afribit Africa.",
        "name": "Mama Eddy Salon",
        "operator": "Mama Eddy",
        "operator:type": "private",
        "payment:lightning": "yes",
        "payment:lightning:id": "mamaeddysalon@blink.sv",
        "payment:lightning_contactless": "no",
        "payment:onchain": "yes",
        "shop": "general",
        "source": "survey",
        "source:ref": "afribit:8eff6bff-97ac-4876-8fb1-0eb0d3f7feb5",
        "survey:date": "2025-12-07"
      },
      "geometry": {
        "type": "Point",
        "coordinates": [
          36.7760518,
          -1.3164239
        ]
      },
      "id": "node/13359667005"
    },
    {
      "type": "Feature",
      "properties": {
        "@id": "node/13359669301",
        "addr:city": "Nairobi",
        "addr:country": "KE",
        "addr:full": "Soweto",
        "addr:suburb": "Kibera",
        "afribit:directory": "kibera",
        "afribit:merchant_id": "98f43051-1247-473e-9adc-1d12f0823511",
        "afribit:registration_date": "2025-12-07",
        "afribit:verified": "yes",
        "check_date": "2025-12-07",
        "check_date:currency:XBT": "2025-12-07",
        "contact:email": "edmundspira@gmail.com",
        "currency:XBT": "yes",
        "description": "3 West Collection in Kibera accepts Bitcoin Lightning & on-chain. Verified by Afribit Africa.",
        "name": "3 West Collection",
        "operator": "3 West Collection",
        "operator:type": "private",
        "payment:lightning": "yes",
        "payment:lightning:id": "threewestcollection@blink.sv",
        "payment:lightning_contactless": "no",
        "payment:onchain": "yes",
        "shop": "general",
        "source": "survey",
        "source:ref": "afribit:98f43051-1247-473e-9adc-1d12f0823511",
        "survey:date": "2025-12-07"
      },
      "geometry": {
        "type": "Point",
        "coordinates": [
          36.7760668,
          -1.3164405
        ]
      },
      "id": "node/13359669301"
    },
    {
      "type": "Feature",
      "properties": {
        "@id": "node/13359669302",
        "addr:city": "Nairobi",
        "addr:country": "KE",
        "addr:full": "Soweto",
        "addr:suburb": "Kibera",
        "afribit:directory": "kibera",
        "afribit:merchant_id": "76cf086b-3c58-497c-b81b-4699a5dc4f7a",
        "afribit:registration_date": "2025-12-07",
        "afribit:verified": "yes",
        "check_date": "2025-12-07",
        "check_date:currency:XBT": "2025-12-07",
        "contact:email": "edmundspira@gmail.com",
        "currency:XBT": "yes",
        "description": "Goreti Greens Shop in Kibera accepts Bitcoin Lightning & on-chain. Verified by Afribit Africa.",
        "name": "Goreti Greens Shop",
        "operator": "Goreti",
        "operator:type": "private",
        "payment:lightning": "yes",
        "payment:lightning_contactless": "no",
        "payment:onchain": "yes",
        "shop": "general",
        "source": "survey",
        "source:ref": "afribit:76cf086b-3c58-497c-b81b-4699a5dc4f7a",
        "survey:date": "2025-12-07"
      },
      "geometry": {
        "type": "Point",
        "coordinates": [
          36.7769107,
          -1.3165929
        ]
      },
      "id": "node/13359669302"
    },
    {
      "type": "Feature",
      "properties": {
        "@id": "node/13359669303",
        "addr:city": "Nairobi",
        "addr:country": "KE",
        "addr:full": "Soweto",
        "addr:suburb": "Kibera",
        "afribit:directory": "kibera",
        "afribit:merchant_id": "2c1c24ff-5ee8-400c-8dde-0102abfe4d57",
        "afribit:registration_date": "2025-12-07",
        "afribit:verified": "yes",
        "check_date": "2025-12-07",
        "check_date:currency:XBT": "2025-12-07",
        "contact:email": "edmundspira@gmail.com",
        "currency:XBT": "yes",
        "description": "Sokoni Mboga in Kibera accepts Bitcoin Lightning & on-chain. Verified by Afribit Africa.",
        "name": "Sokoni Mboga",
        "operator": "Sokoni Mboga",
        "operator:type": "private",
        "payment:lightning": "yes",
        "payment:lightning:id": "sokonimboga@blink.sv",
        "payment:lightning_contactless": "no",
        "payment:onchain": "yes",
        "shop": "general",
        "source": "survey",
        "source:ref": "afribit:2c1c24ff-5ee8-400c-8dde-0102abfe4d57",
        "survey:date": "2025-12-07"
      },
      "geometry": {
        "type": "Point",
        "coordinates": [
          36.7760389,
          -1.3164115
        ]
      },
      "id": "node/13359669303"
    },
    {
      "type": "Feature",
      "properties": {
        "@id": "node/13359669701",
        "addr:city": "Nairobi",
        "addr:country": "KE",
        "addr:full": "Soweto",
        "addr:suburb": "Kibera",
        "afribit:directory": "kibera",
        "afribit:merchant_id": "40072b3f-3907-43b4-bf0b-9c4200dff8e2",
        "afribit:registration_date": "2025-12-07",
        "afribit:verified": "yes",
        "check_date": "2025-12-07",
        "check_date:currency:XBT": "2025-12-07",
        "contact:email": "edmundspira@gmail.com",
        "currency:XBT": "yes",
        "description": "AC Gas Suppliers in Kibera accepts Bitcoin Lightning & on-chain. Verified by Afribit Africa.",
        "name": "AC Gas Suppliers",
        "operator": "AC Gas Supplier",
        "operator:type": "private",
        "payment:lightning": "yes",
        "payment:lightning:id": "acgassuppliers@blink.sv",
        "payment:lightning_contactless": "no",
        "payment:onchain": "yes",
        "shop": "general",
        "source": "survey",
        "source:ref": "afribit:40072b3f-3907-43b4-bf0b-9c4200dff8e2",
        "survey:date": "2025-12-07"
      },
      "geometry": {
        "type": "Point",
        "coordinates": [
          36.7763873,
          -1.3166365
        ]
      },
      "id": "node/13359669701"
    },
    {
      "type": "Feature",
      "properties": {
        "@id": "node/13359669702",
        "addr:city": "Nairobi",
        "addr:country": "KE",
        "addr:full": "Soweto",
        "addr:suburb": "Kibera",
        "afribit:directory": "kibera",
        "afribit:merchant_id": "74b0e0dd-0c26-44a8-8ff4-4693d099bcdf",
        "afribit:registration_date": "2025-12-07",
        "afribit:verified": "yes",
        "check_date": "2025-12-07",
        "check_date:currency:XBT": "2025-12-07",
        "contact:email": "edmundspira@gmail.com",
        "currency:XBT": "yes",
        "description": "Yummy Tummy in Kibera accepts Bitcoin Lightning & on-chain. Verified by Afribit Africa.",
        "name": "Yummy Tummy",
        "operator": "Yummy Tummy",
        "operator:type": "private",
        "payment:lightning": "yes",
        "payment:lightning:id": "livegreat@blink.sv",
        "payment:lightning_contactless": "no",
        "payment:onchain": "yes",
        "shop": "general",
        "source": "survey",
        "source:ref": "afribit:74b0e0dd-0c26-44a8-8ff4-4693d099bcdf",
        "survey:date": "2025-12-07"
      },
      "geometry": {
        "type": "Point",
        "coordinates": [
          36.7761318,
          -1.3163434
        ]
      },
      "id": "node/13359669702"
    },
    {
      "type": "Feature",
      "properties": {
        "@id": "node/13359670001",
        "addr:city": "Nairobi",
        "addr:country": "KE",
        "addr:full": "Soweto",
        "addr:suburb": "Kibera",
        "afribit:directory": "kibera",
        "afribit:merchant_id": "68cfb1b4-ebd3-4aed-894b-170b4746916a",
        "afribit:registration_date": "2025-12-07",
        "afribit:verified": "yes",
        "check_date": "2025-12-07",
        "check_date:currency:XBT": "2025-12-07",
        "contact:email": "edmundspira@gmail.com",
        "currency:XBT": "yes",
        "description": "Caronaliak in Kibera accepts Bitcoin Lightning & on-chain. Verified by Afribit Africa.",
        "name": "Caronaliak",
        "operator": "Caronaliak",
        "operator:type": "private",
        "payment:lightning": "yes",
        "payment:lightning:id": "caronaliak@blink.sv",
        "payment:lightning_contactless": "no",
        "payment:onchain": "yes",
        "shop": "general",
        "source": "survey",
        "source:ref": "afribit:68cfb1b4-ebd3-4aed-894b-170b4746916a",
        "survey:date": "2025-12-07"
      },
      "geometry": {
        "type": "Point",
        "coordinates": [
          36.7763217,
          -1.3163266
        ]
      },
      "id": "node/13359670001"
    },
    {
      "type": "Feature",
      "properties": {
        "@id": "node/13359670101",
        "addr:city": "Nairobi",
        "addr:country": "KE",
        "addr:full": "Soweto",
        "addr:suburb": "Kibera",
        "afribit:directory": "kibera",
        "afribit:merchant_id": "3796f036-b7d8-417a-ba5d-843f5a9e9348",
        "afribit:registration_date": "2025-12-07",
        "afribit:verified": "yes",
        "check_date": "2025-12-07",
        "check_date:currency:XBT": "2025-12-07",
        "contact:email": "edmundspira@gmail.com",
        "currency:XBT": "yes",
        "description": "Krezzy Kicks in Kibera accepts Bitcoin Lightning & on-chain. Verified by Afribit Africa.",
        "name": "Krezzy Kicks",
        "operator": "Krezzy",
        "operator:type": "private",
        "payment:lightning": "yes",
        "payment:lightning:id": "krezzykicks@blink.sv",
        "payment:lightning_contactless": "no",
        "payment:onchain": "yes",
        "shop": "general",
        "source": "survey",
        "source:ref": "afribit:3796f036-b7d8-417a-ba5d-843f5a9e9348",
        "survey:date": "2025-12-07"
      },
      "geometry": {
        "type": "Point",
        "coordinates": [
          36.7779495,
          -1.3169762
        ]
      },
      "id": "node/13359670101"
    },
    {
      "type": "Feature",
      "properties": {
        "@id": "node/13359670102",
        "addr:city": "Nairobi",
        "addr:country": "KE",
        "addr:full": "Soweto",
        "addr:suburb": "Kibera",
        "afribit:directory": "kibera",
        "afribit:merchant_id": "1bed6f3d-c9a3-4673-961c-c13f4c230e64",
        "afribit:registration_date": "2025-12-07",
        "afribit:verified": "yes",
        "check_date": "2025-12-07",
        "check_date:currency:XBT": "2025-12-07",
        "contact:email": "edmundspira@gmail.com",
        "currency:XBT": "yes",
        "description": "Shibe in Kibera accepts Bitcoin Lightning & on-chain. Verified by Afribit Africa.",
        "name": "Shibe",
        "operator": "Shibe Posho mill",
        "operator:type": "private",
        "payment:lightning": "yes",
        "payment:lightning:id": "shibe@blink.sv",
        "payment:lightning_contactless": "no",
        "payment:onchain": "yes",
        "shop": "general",
        "source": "survey",
        "source:ref": "afribit:1bed6f3d-c9a3-4673-961c-c13f4c230e64",
        "survey:date": "2025-12-07"
      },
      "geometry": {
        "type": "Point",
        "coordinates": [
          36.7757521,
          -1.3159852
        ]
      },
      "id": "node/13359670102"
    },
    {
      "type": "Feature",
      "properties": {
        "@id": "node/13359670201",
        "addr:city": "Nairobi",
        "addr:country": "KE",
        "addr:full": "Soweto",
        "addr:suburb": "Kibera",
        "afribit:directory": "kibera",
        "afribit:merchant_id": "fa4b8434-514f-42a1-8fc0-a15adb7be664",
        "afribit:registration_date": "2025-12-07",
        "afribit:verified": "yes",
        "check_date": "2025-12-07",
        "check_date:currency:XBT": "2025-12-07",
        "contact:email": "edmundspira@gmail.com",
        "currency:XBT": "yes",
        "description": "Mama Nonny Shop in Kibera accepts Bitcoin Lightning & on-chain. Verified by Afribit Africa.",
        "name": "Mama Nonny Shop",
        "operator": "Noony",
        "operator:type": "private",
        "payment:lightning": "yes",
        "payment:lightning:id": "noony@blink.sv",
        "payment:lightning_contactless": "no",
        "payment:onchain": "yes",
        "shop": "general",
        "source": "survey",
        "source:ref": "afribit:fa4b8434-514f-42a1-8fc0-a15adb7be664",
        "survey:date": "2025-12-07"
      },
      "geometry": {
        "type": "Point",
        "coordinates": [
          36.7760804,
          -1.3162984
        ]
      },
      "id": "node/13359670201"
    },
    {
      "type": "Feature",
      "properties": {
        "@id": "node/13359670301",
        "addr:city": "Nairobi",
        "addr:country": "KE",
        "addr:full": "Soweto",
        "addr:suburb": "Kibera",
        "afribit:directory": "kibera",
        "afribit:merchant_id": "c33d35b0-1caf-4119-88ab-ed7f04b2120e",
        "afribit:registration_date": "2025-12-07",
        "afribit:verified": "yes",
        "check_date": "2025-12-07",
        "check_date:currency:XBT": "2025-12-07",
        "contact:email": "edmundspira@gmail.com",
        "currency:XBT": "yes",
        "description": "Venlavery Retail Shop in Kibera accepts Bitcoin Lightning & on-chain. Verified by Afribit Africa.",
        "name": "Venlavery Retail Shop",
        "operator": "Venlavery",
        "operator:type": "private",
        "payment:lightning": "yes",
        "payment:lightning:id": "venlaveryretailshop@blink.sv",
        "payment:lightning_contactless": "no",
        "payment:onchain": "yes",
        "shop": "general",
        "source": "survey",
        "source:ref": "afribit:c33d35b0-1caf-4119-88ab-ed7f04b2120e",
        "survey:date": "2025-12-07"
      },
      "geometry": {
        "type": "Point",
        "coordinates": [
          36.7766351,
          -1.3164454
        ]
      },
      "id": "node/13359670301"
    },
    {
      "type": "Feature",
      "properties": {
        "@id": "node/13363001701",
        "addr:street": "Southern Bypass",
        "contact:email": "edmundspira@gmail.com",
        "currency:XBT": "yes",
        "name": "Ruth Shop",
        "payment:lightning": "yes",
        "payment:lightning:id": "ruthkwamboka@blink.sv",
        "payment:lightning_contactless": "no",
        "payment:onchain": "yes",
        "shop": "convenience"
      },
      "geometry": {
        "type": "Point",
        "coordinates": [
          36.779287,
          -1.318514
        ]
      },
      "id": "node/13363001701"
    },
    {
      "type": "Feature",
      "properties": {
        "@id": "node/13370664990",
        "addr:city": "Mwiki ward",
        "addr:street": "Mwihoko Road",
        "check_date": "2025-12-11",
        "check_date:currency:XBT": "2026-01-06",
        "currency:XBT": "yes",
        "name": "Mercy Groceries",
        "opening_hours": "Mo-Su 10:00-21:00",
        "payment:lightning": "yes",
        "payment:lightning_contactless": "no",
        "payment:onchain": "no",
        "phone": "072 634 2024",
        "shop": "grocery"
      },
      "geometry": {
        "type": "Point",
        "coordinates": [
          36.9223081,
          -1.2109845
        ]
      },
      "id": "node/13370664990"
    },
    {
      "type": "Feature",
      "properties": {
        "@id": "node/13370729438",
        "check_date": "2025-12-11",
        "currency:XBT": "yes",
        "name": "JackyFlo Groceries",
        "payment:lightning": "yes",
        "payment:lightning_contactless": "no",
        "payment:onchain": "no",
        "phone": "071 824 7506",
        "shop": "grocery"
      },
      "geometry": {
        "type": "Point",
        "coordinates": [
          36.9224339,
          -1.2109708
        ]
      },
      "id": "node/13370729438"
    },
    {
      "type": "Feature",
      "properties": {
        "@id": "node/13392069959",
        "brand": "Carrefour",
        "brand:wikidata": "Q217599",
        "name": "Carrefour",
        "shop": "supermarket"
      },
      "geometry": {
        "type": "Point",
        "coordinates": [
          36.809599,
          -1.2950403
        ]
      },
      "id": "node/13392069959"
    },
    {
      "type": "Feature",
      "properties": {
        "@id": "node/13435770739",
        "addr:city": "Mwiki ward",
        "addr:street": "Mwihoko Road",
        "check_date": "2026-01-06",
        "currency:XBT": "yes",
        "name": "Grace Store",
        "opening_hours": "Mo-Su 07:00-21:00",
        "payment:lightning": "yes",
        "payment:lightning_contactless": "no",
        "payment:onchain": "no",
        "phone": "+254 740 308822",
        "shop": "general"
      },
      "geometry": {
        "type": "Point",
        "coordinates": [
          36.9223677,
          -1.2111063
        ]
      },
      "id": "node/13435770739"
    },
    {
      "type": "Feature",
      "properties": {
        "@id": "node/13460735842",
        "name": "Kinuthia center",
        "shop": "general"
      },
      "geometry": {
        "type": "Point",
        "coordinates": [
          36.7203148,
          -1.2927135
        ]
      },
      "id": "node/13460735842"
    },
    {
      "type": "Feature",
      "properties": {
        "@id": "node/13460735847",
        "name": "karibu Shop",
        "shop": "general"
      },
      "geometry": {
        "type": "Point",
        "coordinates": [
          36.7214142,
          -1.2935116
        ]
      },
      "id": "node/13460735847"
    },
    {
      "type": "Feature",
      "properties": {
        "@id": "node/13460735854",
        "name": "Wanjau Mini Matt",
        "shop": "convenience"
      },
      "geometry": {
        "type": "Point",
        "coordinates": [
          36.7232161,
          -1.2940156
        ]
      },
      "id": "node/13460735854"
    },
    {
      "type": "Feature",
      "properties": {
        "@id": "node/13460740735",
        "name": "Taji general shop",
        "shop": "general"
      },
      "geometry": {
        "type": "Point",
        "coordinates": [
          36.7268078,
          -1.2940615
        ]
      },
      "id": "node/13460740735"
    },
    {
      "type": "Feature",
      "properties": {
        "@id": "node/13460740740",
        "name": "Q-mart",
        "shop": "convenience"
      },
      "geometry": {
        "type": "Point",
        "coordinates": [
          36.7186589,
          -1.2927672
        ]
      },
      "id": "node/13460740740"
    },
    {
      "type": "Feature",
      "properties": {
        "@id": "node/13460759524",
        "amenity": "marketplace",
        "name": "Rosemart Supermarket"
      },
      "geometry": {
        "type": "Point",
        "coordinates": [
          36.7201912,
          -1.2888609
        ]
      },
      "id": "node/13460759524"
    },
    {
      "type": "Feature",
      "properties": {
        "@id": "node/13460759525",
        "amenity": "marketplace",
        "name": "Tina Groceries"
      },
      "geometry": {
        "type": "Point",
        "coordinates": [
          36.7194908,
          -1.2887667
        ]
      },
      "id": "node/13460759525"
    },
    {
      "type": "Feature",
      "properties": {
        "@id": "node/13460764893",
        "name": "Peck Supermarket",
        "shop": "supermarket"
      },
      "geometry": {
        "type": "Point",
        "coordinates": [
          36.7345926,
          -1.2923054
        ]
      },
      "id": "node/13460764893"
    },
    {
      "type": "Feature",
      "properties": {
        "@id": "node/13460802613",
        "name": "Tombet Mini Mart",
        "shop": "convenience"
      },
      "geometry": {
        "type": "Point",
        "coordinates": [
          36.716109,
          -1.2954511
        ]
      },
      "id": "node/13460802613"
    },
    {
      "type": "Feature",
      "properties": {
        "@id": "node/13460852028",
        "name": "Friendly Five",
        "shop": "supermarket"
      },
      "geometry": {
        "type": "Point",
        "coordinates": [
          36.7537095,
          -1.2892919
        ]
      },
      "id": "node/13460852028"
    },
    {
      "type": "Feature",
      "properties": {
        "@id": "node/13483095801",
        "addr:full": "Kibera, Nairobi, Kenya",
        "check_date:currency:XBT": "2026-01-25",
        "currency:XBT": "yes",
        "name": "Malegah Shop",
        "payment:lightning": "yes",
        "payment:lightning:id": "melkymalegah@blink.sv",
        "payment:lightning_contactless": "no",
        "payment:onchain": "yes",
        "shop": "general",
        "source": "survey",
        "survey:date": "2026-01-25"
      },
      "geometry": {
        "type": "Point",
        "coordinates": [
          36.7770738,
          -1.3174149
        ]
      },
      "id": "node/13483095801"
    },
    {
      "type": "Feature",
      "properties": {
        "@id": "node/13594580456",
        "amenity": "marketplace"
      },
      "geometry": {
        "type": "Point",
        "coordinates": [
          36.879576,
          -1.2716295
        ]
      },
      "id": "node/13594580456"
    },
    {
      "type": "Feature",
      "properties": {
        "@id": "node/13602014849",
        "amenity": "marketplace"
      },
      "geometry": {
        "type": "Point",
        "coordinates": [
          36.8779328,
          -1.2768414
        ]
      },
      "id": "node/13602014849"
    },
    {
      "type": "Feature",
      "properties": {
        "@id": "node/13677356401",
        "name:en": "Carrefour",
        "shop": "convenience"
      },
      "geometry": {
        "type": "Point",
        "coordinates": [
          36.7957791,
          -1.2986391
        ]
      },
      "id": "node/13677356401"
    }
  ]
}